,01e43y44,01y33,01y40,01y43N,01y43S,01y44,01y46,02y33,02y34,02y35,02y39,02y40,02y43,02y44,02y46,02y47N,02y47S,02y48,02y532,03y32,03y33,03y37,03y38,03y39,03y43,03y44N,03y44S,03y45,03y46,03y47,03y48,03y49,03y51,04y32,04y36,04y37,04y44N,04y44S,04y48,05e48y49,05y32,05y33,05y34,05y35,05y36,05y37,05y38,05y39,05y41,05y42,05y43,05y44,05y46,05y47,05y48,05y49,05y50,05y51,05yD77,Cierre
0.0,0.0,0.0,0.0,0.0,0.0,0.0,0.0,0.0,0.0,0.0,0.0,0.0,0.0,0.0,0.0,0.0,0.0,0.0,0.0,0.0,0.0,0.0,0.0,0.0,0.0,0.0,0.0,0.0,0.0,0.0,0.0,0.0,0.0,0.0,0.0,0.0,0.0,0.0,0.0,0.0,0.0,0.0,0.0,0.0,0.0,0.0,0.0,0.0,0.0,0.0,0.0,0.0,0.0,0.0,0.0,0.0,0.0,0.0,0.0,0.0
60.00000000000001,0.0,0.0,0.0,0.0,0.0,0.0,0.0,0.0,0.0,0.0,0.0,0.0,0.0,0.0,0.0,0.0,0.0,0.0,0.0,0.0,0.0,0.0,0.0,0.0,0.0,0.0,0.0,0.0,0.0,0.0,0.0,0.0,0.0,0.0,0.0,0.0,0.0,0.0,0.0,0.0,0.0,0.0,0.0,0.0,0.0,0.0,0.0,0.0,0.0,0.0,0.0,0.0,0.0,0.0,0.0,0.0,0.0,0.0,0.0,0.0
120.00000000000001,0.0,0.0,0.0,0.0,0.0,0.0,0.0,0.0,0.0,0.0,0.0,0.0,0.0,0.0,0.0,0.0,0.0,0.0,0.0,0.0,0.0,0.0,0.0,0.0,0.0,0.0,0.0,0.0,0.0,0.0,0.0,0.0,0.0,0.0,0.0,0.0,0.0,0.0,0.0,0.0,0.0,0.0,0.0,0.0,0.0,0.0,0.0,0.0,0.0,0.0,0.0,0.0,0.0,0.0,0.0,0.0,0.0,0.0,0.0,0.0
180.0,0.0,0.0,0.0,0.0,0.0,0.0,0.0,0.0,0.0,0.0,0.0,0.0,0.0,0.0,0.0,0.0,0.0,0.0,0.0,0.0,0.0,0.0,0.0,0.0,0.0,0.0,0.0,0.0,0.0,0.0,0.0,0.0,0.0,0.0,0.0,0.0,0.0,0.0,0.0,0.0,0.0,0.0,0.0,0.0,0.0,0.0,0.0,0.0,0.0,0.0,0.0,0.0,0.0,0.0,0.0,0.0,0.0,0.0,0.0,0.0
240.00000000000003,0.0,0.0,0.0,0.0,0.0,0.0,0.0,0.0,0.0,0.0,0.0,0.0,0.0,0.0,0.0,0.0,0.0,0.0,0.0,0.0,0.0,0.0,0.0,0.0,0.0,0.0,0.0,0.0,0.0,0.0,0.0,0.0,0.0,0.0,0.0,0.0,0.0,0.0,0.0,0.0,0.0,0.0,0.0,0.0,0.0,0.0,0.0,0.0,0.0,0.0,0.0,0.0,0.0,0.0,0.0,0.0,0.0,0.0,0.0,0.0
300.0,0.0006066983914934099,0.0008196294074878097,0.0005298297037370503,0.00022189835726749152,0.0002614258846733719,0.00016853641136549413,0.000822145608253777,0.0008642893517389894,0.00022742897272109985,0.000580761581659317,0.0004505339893512428,0.00047863833606243134,0.0005014779744669795,0.00030522255110554397,0.00036738530616275966,0.0003634999447967857,0.00040737687959335744,0.00016407639486715198,0.0011969110928475857,0.0006480327574536204,0.00046941821346990764,0.0005962259601801634,0.00046441503218375146,0.00018025656754616648,0.0,0.0003936678112950176,0.0003789285838138312,0.00024244521046057343,0.00011457723303465173,0.00045249651884660125,0.0005711282719857991,0.0002940198464784771,0.00018551312678027898,0.0009076677379198372,0.00038103736005723476,0.0015296763740479946,0.0005349572165869176,0.0009952712571248412,0.00019515407620929182,0.0001558533258503303,0.0005214025150053203,0.0005735042504966259,0.00037228400469757617,0.0004610326432157308,0.0014826643746346235,0.0012106674257665873,0.0004907082766294479,0.0007169469608925283,0.0007452340214513242,0.0008906269795261323,0.0003294192429166287,0.0007384514319710433,0.00036811604513786733,0.0003362091665621847,0.00020752726413775235,0.00024147493240889162,0.000284659763565287,0.00030148724908940494,0.00015571284166071564,0.0
360.0,0.0012685511028394103,0.0017137705581262708,0.0011078256648033857,0.0004639693070203066,0.0005466177826747298,0.00035239430144429207,0.0017190317157655954,0.0018071505473926663,0.00047553330659866333,0.0012143196072429419,0.0009420256246812642,0.001000789226964116,0.0010485448874533176,0.000638192577753216,0.0007681692950427532,0.0007600453100167215,0.000851788034196943,0.000343068822985515,0.002502632327377796,0.001354977604933083,0.0009815108496695757,0.0012466541957110167,0.0009710495942272246,0.0003769001050386578,0.0,0.0008231236133724451,0.0007923052180558443,0.0005069308681413531,0.00023957058147061616,0.0009461290901526809,0.0011941773118451238,0.0006147687672637403,0.0003878910792991519,0.0018978506559506059,0.0007967144483700395,0.0031984143424779177,0.0011185468174517155,0.002081021899357438,0.0004080494400113821,0.00032587515306659043,0.0010902052745223045,0.0011991452192887664,0.0007784119807183743,0.0009639773634262383,0.003100116504356265,0.0025313955266028643,0.00102602643892169,0.0014990709023550153,0.0015582165215164423,0.001862220116890967,0.0006887856870889664,0.001544034807011485,0.0007696971879340708,0.0007029828266240656,0.0004339206498116255,0.000504902156535536,0.000595197721850127,0.0006303824484348297,0.0003255814081057906,0.0
420.0,0.0019304039888083935,0.0026079118251800537,0.001685821800492704,0.0007060402422212064,0.0008318096515722573,0.0005362522206269205,0.0026159179396927357,0.0027500116266310215,0.0007236376404762268,0.0018478777492418885,0.0014335172018036246,0.0015229401178658009,0.001595611684024334,0.0009711626335047185,0.0011689532548189163,0.0011565907625481486,0.0012961991596966982,0.000522061251103878,0.0038083535619080067,0.002061922335997224,0.0014936033403500915,0.0018970825476571918,0.001477684243582189,0.0005735435988754034,0.0,0.0012525793863460422,0.0012056819396093488,0.0007714165840297937,0.000364563922630623,0.0014397616032510996,0.0018172262934967875,0.000935517658945173,0.00059026904636994,0.0028880336321890354,0.0012123915366828442,0.004867152310907841,0.001702136592939496,0.003166772425174713,0.0006209447747096419,0.0004958969657309353,0.0016590079758316278,0.0018247861880809069,0.0011845399858430028,0.0014669219963252544,0.004717568401247263,0.0038521236274391413,0.001561344601213932,0.0022811947856098413,0.002371199196204543,0.0028338131960481405,0.0010481522185727954,0.002349618123844266,0.0011712784180417657,0.0010697564575821161,0.0006603140500374138,0.0007683293079026043,0.0009057356510311365,0.000959277618676424,0.0004954499891027808,0.0
480.00000000000006,0.002592256758362055,0.003502052975818515,0.0022638177033513784,0.0009481111774221063,0.0011170015204697847,0.0007201100816018879,0.003512804163619876,0.0036928728222846985,0.0009717419743537903,0.002481435891240835,0.001925008837133646,0.0020450910087674856,0.002142678713425994,0.001304132747463882,0.0015697372145950794,0.0015531361568719149,0.0017406103434041142,0.0007010537083260715,0.005114074796438217,0.0027688671834766865,0.002005696063861251,0.002547510899603367,0.001984318718314171,0.0007701871218159795,0.0,0.0016820351593196392,0.0016190585447475314,0.0010359021835029125,0.000489557278342545,0.0019333941163495183,0.002440275391563773,0.0012562666088342667,0.0007926469552330673,0.003878216724842787,0.0016280687414109707,0.00653589004650712,0.002285726135596633,0.0042525227181613445,0.0008338401676155627,0.0006659187492914498,0.002227810677140951,0.002450427273288369,0.0015906679909676313,0.0019698666874319315,0.0063350205309689045,0.005172851495444775,0.002096662763506174,0.0030633187852799892,0.0031841816380620003,0.0038054061587899923,0.0014075186336413026,0.0031552014406770468,0.0015728594735264778,0.0014365301467478275,0.0008867073920555413,0.0010317565174773335,0.001216273638419807,0.0012881727889180183,0.0006653185118921101,0.0
540.0,0.003254109527915716,0.004396194126456976,0.002841813722625375,0.001190182170830667,0.001402193447574973,0.0009039680007845163,0.004409690387547016,0.0046357340179383755,0.0012198463082313538,0.00311499391682446,0.0024165005888789892,0.0025672418996691704,0.0026897455099970102,0.0016371028032153845,0.0019705211743712425,0.001949681551195681,0.0021850215271115303,0.0008800461073406041,0.006419796030968428,0.003475812030956149,0.0025177886709570885,0.00319793913513422,0.0024909533094614744,0.0009668307029642165,0.0,0.002111491048708558,0.002032435266301036,0.0013003878993913531,0.0006145506049506366,0.002427026629447937,0.003063324373215437,0.0015770155005156994,0.0009950249223038554,0.004868399351835251,0.0020437457133084536,0.0082046277821064,0.0028693159110844135,0.005338273476809263,0.0010467354441061616,0.0008359405910596251,0.0027966133784502745,0.003076068125665188,0.001996795879676938,0.0024728113785386086,0.007952472195029259,0.006493579596281052,0.002631980925798416,0.003845442784950137,0.003997164312750101,0.004776999354362488,0.0017668850487098098,0.003960784990340471,0.0019744406454265118,0.001803303835913539,0.0011131007922813296,0.0012951837852597237,0.0015268115093931556,0.0016170680755749345,0.0008351870928891003,0.0
600.0,0.004437983967363834,0.006711871363222599,0.004314514342695475,0.0018027472542598844,0.0020842759404331446,0.0010741191217675805,0.006680857390165329,0.006908588111400604,0.0017907413421198726,0.004676065873354673,0.0036240131594240665,0.0038314920384436846,0.003921618219465017,0.0023504134733229876,0.0027870340272784233,0.0029051650781184435,0.0032406828831881285,0.0013250226620584726,0.008441917598247528,0.004937711637467146,0.0037688862066715956,0.004808566998690367,0.003688189433887601,0.0014640529407188296,0.0,0.003146850736811757,0.003092278493568301,0.0019810511730611324,0.0009173449943773448,0.0032091052271425724,0.0045237974263727665,0.0023389277048408985,0.0014504923019558191,0.007160832639783621,0.003011858556419611,0.01193512137979269,0.004174028988927603,0.007348123472183943,0.0015976147260516882,0.0012554831337183714,0.003977247979491949,0.004507093690335751,0.0029530811589211226,0.003760791150853038,0.010888581164181232,0.008732004091143608,0.003760626306757331,0.005744375288486481,0.005980778485536575,0.0072546470910310745,0.0025218429509550333,0.005862862337380648,0.0029787272214889526,0.002717979485169053,0.0015298203798010945,0.0018893018132075667,0.002304711611941457,0.0023755619768053293,0.0012100470485165715,0.0
660.0,0.005669314879924059,0.009156779386103153,0.005868551786988974,0.0024489935021847486,0.0028024394996464252,0.001243024249561131,0.009076959453523159,0.009302351623773575,0.002390981186181307,0.006321457214653492,0.0048966184258461,0.005163205787539482,0.005215745884925127,0.0030983006581664085,0.0036413404159247875,0.003911461215466261,0.004351912532001734,0.0017941795522347093,0.010529167018830776,0.006468243431299925,0.005087166093289852,0.00650648633018136,0.004948207642883062,0.0019886004738509655,0.0,0.00423729233443737,0.004210891667753458,0.0026995486114174128,0.0012363031273707747,0.004017406143248081,0.006060400046408176,0.0031409456860274076,0.0019289678893983364,0.009571651928126812,0.004030192736536264,0.015853047370910645,0.00554429879412055,0.00944198202341795,0.0021792196203023195,0.0016977093182504177,0.005213503260165453,0.006011336110532284,0.003959380555897951,0.005120137706398964,0.013944567181169987,0.01105385459959507,0.004943210631608963,0.007744836155325174,0.008070813491940498,0.009869209490716457,0.003312763525173068,0.00786462053656578,0.004037804901599884,0.003682464361190796,0.0019638421945273876,0.002513482701033354,0.0031250992324203253,0.003173110308125615,0.0016035425942391157,0.0
720.0,0.0069006457924842834,0.011601687408983707,0.007422589231282473,0.0030952400993555784,0.0035206028260290623,0.0014119292609393597,0.011473060585558414,0.01169611420482397,0.0029912209138274193,0.007966849021613598,0.0061692241579294205,0.006494919303804636,0.006509873550385237,0.0038461878430098295,0.004495646804571152,0.004917757585644722,0.005463142413645983,0.002263336442410946,0.012616416439414024,0.007998775690793991,0.006405446212738752,0.008204405196011066,0.00620822561904788,0.002513148123398423,0.0,0.005327734164893627,0.0053295050747692585,0.0034180462826043367,0.0015552612021565437,0.00482570705935359,0.007597002666443586,0.003942963667213917,0.0024074434768408537,0.01198247168213129,0.005048526916652918,0.019770974293351173,0.0069145685993134975,0.011535841040313244,0.0027608247473835945,0.002139935502782464,0.006449758540838957,0.007515578530728817,0.004965679720044136,0.006479484494775534,0.017000554129481316,0.013375706039369106,0.006125795189291239,0.009745297022163868,0.010160848498344421,0.012483770959079266,0.004103683866560459,0.009866379201412201,0.005096883047372103,0.004646949470043182,0.0023978641256690025,0.003137663472443819,0.00394548662006855,0.003970658406615257,0.0019970382563769817,0.0
780.0,0.008131977170705795,0.014046595431864262,0.008976627141237259,0.0037414864636957645,0.004238766618072987,0.0015808343887329102,0.013869162648916245,0.014089876785874367,0.0035914606414735317,0.009612240828573704,0.007441829424351454,0.00782663282006979,0.0078040012158453465,0.0045940750278532505,0.005349953193217516,0.005924053955823183,0.006574371829628944,0.0027324934490025043,0.014703665859997272,0.00952930748462677,0.007723725866526365,0.00990232452750206,0.007468243595212698,0.0030376955401152372,0.0,0.006418176461011171,0.006448118016123772,0.004136543720960617,0.0018742193933576345,0.005634007975459099,0.009133605286478996,0.004744981415569782,0.002885919064283371,0.014393291436135769,0.006066861096769571,0.023688899353146553,0.008284838870167732,0.013629700057208538,0.003342429641634226,0.002582161920145154,0.007686013821512461,0.00901982095092535,0.005971979349851608,0.007838831283152103,0.02005654014647007,0.015697557479143143,0.007308379281312227,0.011745757423341274,0.012250884436070919,0.015098333358764648,0.004894604440778494,0.011868137866258621,0.0061559611931443214,0.0056114341132342815,0.0028318860568106174,0.0037618442438542843,0.004765874240547419,0.004768206737935543,0.002390533685684204,0.0
840.0,0.009363307617604733,0.01649150252342224,0.010530664585530758,0.004387732595205307,0.004956929944455624,0.0017497394001111388,0.0162652637809515,0.016483640298247337,0.004191700369119644,0.011257631704211235,0.008714434690773487,0.009158346801996231,0.009098128415644169,0.005341961979866028,0.00620425958186388,0.006930349860340357,0.007685601711273193,0.003201650222763419,0.01679091528058052,0.011059839278459549,0.009042005985975266,0.011600242927670479,0.008728262037038803,0.003562243189662695,0.0,0.007508618291467428,0.007566730957478285,0.004855041392147541,0.0021931773517280817,0.006442308891564608,0.010670207440853119,0.005546999629586935,0.0033643946517258883,0.016804110258817673,0.007085195276886225,0.027606826275587082,0.00965510867536068,0.015723560005426407,0.003924034535884857,0.0030243881046772003,0.008922269567847252,0.010524063371121883,0.006978278513997793,0.009198177605867386,0.023112526163458824,0.018019407987594604,0.008490963838994503,0.01374621782451868,0.014340919442474842,0.017712894827127457,0.005685525480657816,0.013869896531105042,0.007215038873255253,0.006575919222086668,0.0032659079879522324,0.0043860250152647495,0.005586261861026287,0.005565755069255829,0.00278402934782207,0.0
900.0,0.01058957539498806,0.02039213292300701,0.012949582189321518,0.005383369978517294,0.005976423155516386,0.001860085059888661,0.019960641860961914,0.01991993375122547,0.004999435506761074,0.013695133849978447,0.01059176679700613,0.011082079261541367,0.01078974548727274,0.006258406210690737,0.0071883173659443855,0.008373993448913097,0.009248045273125172,0.0039057470858097076,0.01860329695045948,0.012854903936386108,0.010971047915518284,0.014133831486105919,0.010487102903425694,0.004369447007775307,0.0,0.009074218571186066,0.009324301034212112,0.005990392062813044,0.0026542693376541138,0.007158308289945126,0.012791174463927746,0.006674676202237606,0.003989391028881073,0.02007548324763775,0.008478356525301933,0.0326792448759079,0.011429312638938427,0.01788593828678131,0.004850690718740225,0.003680900437757373,0.010378818027675152,0.012531968764960766,0.008375952951610088,0.011330231092870235,0.02620326541364193,0.020209642127156258,0.009911399334669113,0.016647400334477425,0.017393533140420914,0.021787704899907112,0.006631297525018454,0.01666083186864853,0.008818414993584156,0.008030087687075138,0.003711414523422718,0.005203639157116413,0.0068313367664813995,0.006642277352511883,0.003284906968474388,0.0
960.0000000000001,0.011815383099019527,0.024425102397799492,0.015447125770151615,0.0064107696525752544,0.007023310288786888,0.001965107163414359,0.02377413399517536,0.023451002314686775,0.005826034117490053,0.016204645857214928,0.012524073012173176,0.01305963285267353,0.01251749787479639,0.0071901739574968815,0.008184170350432396,0.00985739566385746,0.010851508006453514,0.0046312022022902966,0.020390689373016357,0.014674017205834389,0.012955613434314728,0.016743389889597893,0.012291292659938335,0.005202346481382847,0.0,0.010683015920221806,0.01113995909690857,0.007163638714700937,0.003128282492980361,0.007865916937589645,0.014965265057981014,0.007831958122551441,0.004627707414329052,0.023425087332725525,0.00990559346973896,0.03785661607980728,0.013240237720310688,0.020054548978805542,0.005808715242892504,0.004356893245130777,0.011855393648147583,0.014585662633180618,0.009809207171201706,0.013532530516386032,0.02929716184735298,0.02238791063427925,0.01135345734655857,0.019630467519164085,0.02053365483880043,0.025995265692472458,0.007591147441416979,0.019523510709404945,0.01047127228230238,0.00952877290546894,0.004157965071499348,0.006038838066160679,0.008115018717944622,0.007744160946458578,0.003795546479523182,0.0
1020.0000000000001,0.013041190803050995,0.028458070009946823,0.017944669350981712,0.007438169792294502,0.008070197887718678,0.0020701291505247355,0.02758762612938881,0.02698207087814808,0.006652632728219032,0.01871415786445141,0.014456380158662796,0.01503718551248312,0.014245250262320042,0.008121941238641739,0.009180023334920406,0.011340797878801823,0.012454970739781857,0.005356656853109598,0.022178081795573235,0.01649313047528267,0.014940178953111172,0.019352948293089867,0.014095481485128403,0.006035246420651674,0.0,0.012291813269257545,0.012955616228282452,0.008336884900927544,0.0036022954154759645,0.008573525585234165,0.017139356583356857,0.008989240042865276,0.005266023799777031,0.026774689555168152,0.011332829482853413,0.043033991008996964,0.015051162801682949,0.022223157808184624,0.006766739301383495,0.005032885819673538,0.013331969268620014,0.016639355570077896,0.011242461390793324,0.015734829008579254,0.03239106014370918,0.024566179141402245,0.012795516289770603,0.022613532841205597,0.023673776537179947,0.030202824622392654,0.008550996892154217,0.02238618955016136,0.012124129571020603,0.011027457192540169,0.004604516085237265,0.006874036975204945,0.00939870160073042,0.008846044540405273,0.004306185990571976,0.0
1080.0,0.014266998507082462,0.032491039484739304,0.020442212000489235,0.008465569466352463,0.009117084555327892,0.0021751513704657555,0.031401120126247406,0.030513139441609383,0.007479230873286724,0.02122366987168789,0.01638868637382984,0.01701473817229271,0.015973001718521118,0.009053708985447884,0.010175876319408417,0.012824200093746185,0.014058434404432774,0.006082111969590187,0.02396547421813011,0.01831224374473095,0.016924744471907616,0.02196250669658184,0.015899669378995895,0.006868146359920502,0.0,0.013900610618293285,0.014771273359656334,0.009510131552815437,0.004076308570802212,0.00928113330155611,0.019313447177410126,0.010146521963179111,0.00590434018522501,0.030124293640255928,0.01276006642729044,0.04821136221289635,0.016862088814377785,0.024391766637563705,0.007724763825535774,0.005708878859877586,0.01480854395776987,0.018693050369620323,0.012675714679062366,0.017937129363417625,0.035484958440065384,0.026744447648525238,0.014237574301660061,0.025596600025892258,0.026813898235559464,0.03441038355231285,0.009510846808552742,0.025248870253562927,0.013776987791061401,0.012526142410933971,0.005051066633313894,0.00770923588424921,0.010682384483516216,0.009947928600013256,0.004816825967282057,0.0
1140.0,0.015492805279791355,0.036524008959531784,0.022939756512641907,0.009492969140410423,0.010163971222937107,0.002280173357576132,0.035214610397815704,0.03404420614242554,0.00830582994967699,0.02373318374156952,0.018320992588996887,0.018992291763424873,0.01770075410604477,0.009985476732254028,0.011171730235219002,0.014307602308690548,0.015661897137761116,0.006807567086070776,0.02575286664068699,0.02013135701417923,0.018909310922026634,0.024572065100073814,0.017703859135508537,0.007701045833528042,0.0,0.015509407967329025,0.01658693142235279,0.010683378204703331,0.004550321493297815,0.00998874194920063,0.021487537771463394,0.011303803883492947,0.006542656570672989,0.033473897725343704,0.014187302440404892,0.05338873341679573,0.018673013895750046,0.026560375466942787,0.008682788349688053,0.006384871434420347,0.016285119578242302,0.0207467433065176,0.014108968898653984,0.020139427855610847,0.038578856736421585,0.02892271801829338,0.015679633244872093,0.02857966534793377,0.02995401993393898,0.038617946207523346,0.010470696724951267,0.028111549094319344,0.015429845079779625,0.014024827629327774,0.005497617181390524,0.008544434793293476,0.011966066434979439,0.011049811728298664,0.005327465478330851,0.0
1200.0,0.016763202846050262,0.04246298968791962,0.026520462706685066,0.0109499990940094,0.011532648466527462,0.00240137055516243,0.040628716349601746,0.038709476590156555,0.009336022660136223,0.02715192921459675,0.020942414179444313,0.021620754152536392,0.019802551716566086,0.011064568534493446,0.012278850190341473,0.01626630313694477,0.017739687114953995,0.007808857597410679,0.02755417302250862,0.02217664010822773,0.021580269560217857,0.02815297618508339,0.02002628520131111,0.00888079684227705,0.0,0.01763528399169445,0.019216394051909447,0.012393024750053883,0.00518080173060298,0.01070296112447977,0.024257931858301163,0.012803426012396812,0.007318718824535608,0.037678614258766174,0.01599172130227089,0.05963858962059021,0.02085922285914421,0.028839338570833206,0.010091500356793404,0.007307740859687328,0.017950154840946198,0.023288724943995476,0.01594557613134384,0.02332277037203312,0.04180329665541649,0.031144576147198677,0.01732666604220867,0.032559674233198166,0.03417245298624039,0.044658441096544266,0.011563686653971672,0.03179256245493889,0.01773160696029663,0.016103100031614304,0.005965718068182468,0.00956218596547842,0.013758253306150436,0.012426682747900486,0.005935744382441044,0.0
1260.0,0.01803765445947647,0.04857524111866951,0.03019963949918747,0.01244608499109745,0.012930578552186489,0.0025240383110940456,0.04618833214044571,0.0434778556227684,0.010384725406765938,0.03065333142876625,0.023626483976840973,0.02430839091539383,0.021938353776931763,0.012157052755355835,0.013396086171269417,0.01826821267604828,0.01986059732735157,0.008835223503410816,0.02935674600303173,0.02424248494207859,0.024313628673553467,0.031822193413972855,0.022395825013518333,0.010092080570757389,0.0,0.019808167591691017,0.021919840946793556,0.014151434414088726,0.005825505591928959,0.011417781002819538,0.02708253264427185,0.014334170147776604,0.008107303641736507,0.04196106642484665,0.01783042773604393,0.06598594039678574,0.02307954989373684,0.031128333881497383,0.011541183106601238,0.00825305376201868,0.01963232085108757,0.025875095278024673,0.01781885139644146,0.02659529820084572,0.04503960534930229,0.03337039798498154,0.018992332741618156,0.03663031384348869,0.03848891332745552,0.05086556822061539,0.012668779119849205,0.03554797172546387,0.02009236067533493,0.01823406107723713,0.006435777992010117,0.010596532374620438,0.015596668235957623,0.013828552328050137,0.0065529001876711845,0.0
1320.0,0.01931210607290268,0.0546874962747097,0.033878814429044724,0.013942171819508076,0.014328508637845516,0.0026467060670256615,0.051747944205999374,0.04824623465538025,0.011433427222073078,0.0341547355055809,0.026310551911592484,0.026996027678251266,0.02407415583729744,0.013249536976218224,0.014513322152197361,0.020270122215151787,0.021981507539749146,0.009861590340733528,0.03115931712090969,0.02630832977592945,0.027046987786889076,0.03549140691757202,0.024765362963080406,0.011303363367915154,0.0,0.021981049329042435,0.024623287841677666,0.015909845009446144,0.006470209918916225,0.012132600881159306,0.029907135292887688,0.015864914283156395,0.00889588799327612,0.046243518590927124,0.01966913416981697,0.07233329862356186,0.02529987506568432,0.03341732919216156,0.012990866787731647,0.009198366664350033,0.021314488723874092,0.02846146561205387,0.019692126661539078,0.029867827892303467,0.048275914043188095,0.03559621796011925,0.02065799944102764,0.04070095345377922,0.04280537739396095,0.05707269534468651,0.013773872517049313,0.039303380995988846,0.02245311252772808,0.020365022122859955,0.006905837915837765,0.01163087971508503,0.01743508316576481,0.015230421908199787,0.007170055527240038,0.0
1380.0,0.020586557686328888,0.06079975143074989,0.037557993084192276,0.015438258647918701,0.015726439654827118,0.0027693738229572773,0.05730755999684334,0.0530146099627018,0.012482129037380219,0.037656139582395554,0.028994619846343994,0.029683664441108704,0.026209957897663116,0.014342021197080612,0.015630558133125305,0.022272031754255295,0.02410241775214672,0.010887956246733665,0.0329618901014328,0.028374172747135162,0.029780346900224686,0.03916062414646149,0.027134902775287628,0.012514647096395493,0.0,0.024153932929039,0.027326734736561775,0.017668254673480988,0.007114913780242205,0.012847420759499073,0.032731737941503525,0.017395656555891037,0.009684472344815731,0.0505259707570076,0.02150784246623516,0.07868064939975739,0.027520202100276947,0.035706326365470886,0.014440550468862057,0.010143679566681385,0.022996654734015465,0.031047837808728218,0.021565401926636696,0.03314035385847092,0.0515122227370739,0.037822041660547256,0.022323668003082275,0.04477158933877945,0.047121837735176086,0.06327982246875763,0.014878964982926846,0.043058790266513824,0.02481386624276638,0.02249598316848278,0.007375897839665413,0.012665226124227047,0.01927349716424942,0.016632292419672012,0.007787210866808891,0.0
1440.0,0.021861009299755096,0.06691200286149979,0.04123716801404953,0.0169343464076519,0.017124369740486145,0.002892041578888893,0.062867172062397,0.057782988995313644,0.013530831784009933,0.041157543659210205,0.031678687781095505,0.03237130120396614,0.028345759958028793,0.015434505417943,0.016747795045375824,0.024273941293358803,0.026223327964544296,0.011914323084056377,0.03476446121931076,0.030440017580986023,0.032513707876205444,0.042829837650060654,0.0295044407248497,0.013725929893553257,0.0,0.026326816529035568,0.030030179768800735,0.01942666433751583,0.007759618107229471,0.01356224063783884,0.03555634245276451,0.018926400691270828,0.010473057627677917,0.054808422923088074,0.0233465489000082,0.08502800017595291,0.029740529134869576,0.03799532353878021,0.01589023321866989,0.011088992469012737,0.024678822606801987,0.033634208142757416,0.023438679054379463,0.036412883549928665,0.0547485314309597,0.04004786163568497,0.02398933470249176,0.04884222894906998,0.05143829807639122,0.06948694586753845,0.015984058380126953,0.0468141995370388,0.02717461995780468,0.024626946076750755,0.007845957763493061,0.013699572533369064,0.02111191116273403,0.018034161999821663,0.008404366672039032,0.0
1500.0,0.023489058017730713,0.07599125802516937,0.04657343029975891,0.019084211438894272,0.019013775512576103,0.0030765864066779613,0.07086367160081863,0.06427356600761414,0.014908227138221264,0.046029992401599884,0.03540204465389252,0.03604484722018242,0.031117307022213936,0.01682589389383793,0.018158944323658943,0.0269977618008852,0.02907341904938221,0.01335702370852232,0.03716050088405609,0.03305327519774437,0.036283232271671295,0.04796417057514191,0.0326753705739975,0.015464747324585915,0.0,0.02928479015827179,0.03398595377802849,0.022013826295733452,0.008641256019473076,0.014505712315440178,0.03931305184960365,0.02098342403769493,0.011496101506054401,0.060455143451690674,0.02578078955411911,0.09323614835739136,0.03261185809969902,0.040900882333517075,0.01804070919752121,0.012406579218804836,0.026807794347405434,0.03701899200677872,0.025938531383872032,0.04119332507252693,0.05887053906917572,0.042928893119096756,0.026102980598807335,0.05442098155617714,0.05738312378525734,0.07850027084350586,0.01738540455698967,0.051836371421813965,0.03051658347249031,0.02763345092535019,0.008443179540336132,0.015042871236801147,0.023719757795333862,0.019878003746271133,0.009198040701448917,0.0
1560.0,0.02514924854040146,0.08534024655818939,0.052060339599847794,0.021293511614203453,0.020947860553860664,0.0032667566556483507,0.0790816992521286,0.07092071324586868,0.016315503045916557,0.0510270856320858,0.03921987861394882,0.03980801999568939,0.033946648240089417,0.018244454637169838,0.01959681324660778,0.029787208884954453,0.031989797949790955,0.01483757235109806,0.03961049020290375,0.03571629896759987,0.04014695808291435,0.05323169007897377,0.03591914847493172,0.017251523211598396,0.0,0.03231413662433624,0.038055576384067535,0.024676328524947166,0.009544434025883675,0.015469971112906933,0.04315449669957161,0.02308828942477703,0.01254046056419611,0.06622588634490967,0.028269169852137566,0.10161346197128296,0.03554236516356468,0.04386249557137489,0.020254891365766525,0.013758008368313313,0.02897738479077816,0.04047635942697525,0.028495343402028084,0.0461108461022377,0.063073068857193,0.04586948826909065,0.028257353231310844,0.0601368322968483,0.06347598135471344,0.08776869624853134,0.018813680857419968,0.05697370320558548,0.03394774720072746,0.03071955032646656,0.009051961824297905,0.016414256766438484,0.026397554203867912,0.021762024611234665,0.010007762350142002,0.0
1620.0,0.026809440925717354,0.09468922764062881,0.05754724517464638,0.023502811789512634,0.022881945595145226,0.0034569266717880964,0.08729972690343857,0.07756785303354263,0.017722779884934425,0.05602417513728142,0.043037716299295425,0.043571196496486664,0.03677598759531975,0.019663017243146896,0.021034682169556618,0.032576657831668854,0.03490617871284485,0.016318121924996376,0.0420604832470417,0.03837932273745537,0.04401068389415741,0.05849921330809593,0.039162930101156235,0.01903829723596573,0.0,0.035343483090400696,0.04212519899010658,0.02733883261680603,0.010447611100971699,0.016434229910373688,0.046995941549539566,0.02519315667450428,0.013584819622337818,0.07199663668870926,0.030757548287510872,0.10999077558517456,0.03847287595272064,0.04682410508394241,0.02246907539665699,0.015109437517821789,0.031146975234150887,0.04393372684717178,0.031052157282829285,0.05102837085723877,0.06727559119462967,0.04881008341908455,0.030411725863814354,0.06585268676280975,0.06956884264945984,0.09703712910413742,0.020241959020495415,0.062111034989356995,0.037378910928964615,0.03380564972758293,0.009660744108259678,0.01778564229607582,0.029075348749756813,0.023646045476198196,0.010817483067512512,0.0
1680.0,0.02846963331103325,0.10403820872306824,0.06303415447473526,0.025712113827466965,0.024816030636429787,0.003647096687927842,0.09551775455474854,0.08421500027179718,0.019130056723952293,0.061021268367767334,0.04685555025935173,0.04733436927199364,0.03960533067584038,0.021081577986478806,0.022472551092505455,0.035366106778383255,0.03782255947589874,0.01779867149889469,0.04451047629117966,0.04104234650731087,0.04787440598011017,0.0637667328119278,0.04240671172738075,0.02082507126033306,0.0,0.03837282955646515,0.04619482159614563,0.030001336708664894,0.011350789107382298,0.017398489639163017,0.05083739012479782,0.02729802206158638,0.014629178680479527,0.07776737958192825,0.03324592858552933,0.11836808919906616,0.0414033867418766,0.04978571832180023,0.024683259427547455,0.01646086573600769,0.03331656754016876,0.04739109426736832,0.033608973026275635,0.05594589561223984,0.07147811353206635,0.051750682294368744,0.032566096633672714,0.07156853377819061,0.07566170394420624,0.1063055545091629,0.021670237183570862,0.06724836677312851,0.04081007465720177,0.03689175099134445,0.01026952639222145,0.01915702596306801,0.03175314515829086,0.025530066341161728,0.011627204716205597,0.0
1740.0,0.030129825696349144,0.11338718980550766,0.06852106004953384,0.027921414002776146,0.026750115677714348,0.003837266704067588,0.1037357822060585,0.09086214005947113,0.02053733356297016,0.06601835787296295,0.050673387944698334,0.05109754204750061,0.04243467003107071,0.022500140592455864,0.023910420015454292,0.03815555199980736,0.04073894023895264,0.019279219210147858,0.04696046561002731,0.043705374002456665,0.051738131791353226,0.06903425604104996,0.04565048962831497,0.022611847147345543,0.0,0.0414021760225296,0.05026444420218468,0.03266384080052376,0.012253967113792896,0.018362747505307198,0.05467883497476578,0.02940288744866848,0.01567353680729866,0.08353812247514725,0.035734307020902634,0.12674540281295776,0.04433389753103256,0.05274732783436775,0.02689744159579277,0.017812294885516167,0.03548615798354149,0.05084846168756485,0.036165785044431686,0.060863420367240906,0.07568064332008362,0.05469127744436264,0.034720469266176224,0.07728438824415207,0.08175455778837204,0.11557398736476898,0.02309851348400116,0.07238569855690002,0.04424123838543892,0.03997785225510597,0.010878308676183224,0.020528411492705345,0.034430939704179764,0.02741408720612526,0.012436926364898682,0.0
1800.0,0.03268720954656601,0.1280987560749054,0.07700464129447937,0.03131574019789696,0.029624884948134422,0.004149056971073151,0.1163695752620697,0.10077095776796341,0.02261194959282875,0.07354796677827835,0.056416481733322144,0.05671754106879234,0.046600986272096634,0.02459697797894478,0.02605581283569336,0.04231301322579384,0.04506451264023781,0.021522734314203262,0.05084728077054024,0.04766623675823212,0.05753282457590103,0.07699562609195709,0.050454866141080856,0.025355137884616852,0.0,0.04591818526387215,0.05659637600183487,0.03682326152920723,0.013603094033896923,0.019886530935764313,0.060357868671417236,0.032524820417165756,0.017211392521858215,0.09205154329538345,0.03940863162279129,0.13908202946186066,0.04864943400025368,0.057271093130111694,0.03037804178893566,0.01985040307044983,0.03871069476008415,0.055942654609680176,0.03994937986135483,0.06850529462099075,0.08213116228580475,0.05927680805325508,0.03791305050253868,0.08583103120326996,0.09088641405105591,0.12991611659526825,0.025216439738869667,0.07999299466609955,0.04946260154247284,0.04466455429792404,0.011809518560767174,0.022547857835888863,0.03851098567247391,0.030192194506525993,0.01363002322614193,0.0
1860.0000000000002,0.03532615303993225,0.14329783618450165,0.08576064556837082,0.03481779247522354,0.03258517384529114,0.004471903666853905,0.12940479815006256,0.11097628623247147,0.02474723383784294,0.0813077986240387,0.06233460083603859,0.06250634044408798,0.050888847559690475,0.026755478233098984,0.02826552838087082,0.04659483954310417,0.04951819032430649,0.02383561059832573,0.05486471578478813,0.05174509063363075,0.06350305676460266,0.08520188927650452,0.05540110915899277,0.02818538248538971,0.0,0.05056934803724289,0.06313397735357285,0.041118767112493515,0.014992761425673962,0.021461179479956627,0.06620395183563232,0.03573921322822571,0.018794111907482147,0.10081429779529572,0.043190766125917435,0.15177860856056213,0.05309087783098221,0.0619368702173233,0.03397376835346222,0.021950935944914818,0.04203113541007042,0.06118565425276756,0.043844498693943024,0.07639483362436295,0.0887860506772995,0.06401187926530838,0.04120001569390297,0.0946350246667862,0.10029454529285431,0.14471948146820068,0.02739705890417099,0.08782482892274857,0.05484670773148537,0.049496766179800034,0.012770039960741997,0.024626219645142555,0.04271851107478142,0.03305158391594887,0.014857972040772438,0.0
1920.0000000000002,0.03796509653329849,0.1584969013929367,0.09451664984226227,0.038319848477840424,0.035545460879802704,0.004794750362634659,0.14244002103805542,0.12118161469697952,0.026882518082857132,0.08906763792037964,0.06825271993875504,0.06829514354467392,0.05517670512199402,0.02891397662460804,0.03047524206340313,0.050876665860414505,0.05397186800837517,0.026148485019803047,0.05888214707374573,0.05582394078373909,0.06947328895330429,0.09340815246105194,0.06034735590219498,0.031015628948807716,0.0,0.05522051453590393,0.06967157125473022,0.0454142726957798,0.016382429748773575,0.023035826161503792,0.07205004245042801,0.03895360976457596,0.02037682943046093,0.10957705229520798,0.04697290435433388,0.1644751876592636,0.05753232538700104,0.06660264730453491,0.037569496780633926,0.024051470682024956,0.045351579785346985,0.06642865389585495,0.04773961752653122,0.08428437262773514,0.09544093161821365,0.06874695420265198,0.04448697715997696,0.10343901067972183,0.10970267653465271,0.1595228612422943,0.029577679932117462,0.09565667062997818,0.060230813920497894,0.054328978061676025,0.01373056136071682,0.026704581454396248,0.04692603647708893,0.03591097146272659,0.016085920855402946,0.0
1980.0000000000002,0.04060404375195503,0.17369598150253296,0.10327266156673431,0.04182190075516701,0.03850574791431427,0.005117596592754126,0.15547524392604828,0.13138695061206818,0.029017802327871323,0.09682746976613998,0.07417083531618118,0.07408394664525986,0.05946456268429756,0.031072476878762245,0.03268495574593544,0.05515849217772484,0.05842554569244385,0.028461361303925514,0.06289958208799362,0.059902794659137726,0.07544352114200592,0.10161440819501877,0.06529360264539719,0.03384587541222572,0.0,0.05987167730927467,0.0762091651558876,0.049709778279066086,0.017772097140550613,0.024610474705696106,0.0778961256146431,0.04216800257563591,0.021959548816084862,0.11833980679512024,0.05075503885746002,0.1771717667579651,0.06197377294301987,0.07126842439174652,0.041165225207805634,0.026152003556489944,0.04867202043533325,0.07167164981365204,0.051634736359119415,0.09217391163110733,0.10209581255912781,0.07348202168941498,0.04777394235134125,0.11224299669265747,0.11911080032587051,0.17432622611522675,0.031758300960063934,0.1034885048866272,0.06561492383480072,0.059161193668842316,0.014691083692014217,0.02878294326364994,0.05113356187939644,0.03877035900950432,0.017313869670033455,0.0
2040.0000000000002,0.043242987245321274,0.18889504671096802,0.11202866584062576,0.04532395675778389,0.041466034948825836,0.00544044328853488,0.16851048171520233,0.14159227907657623,0.031153084710240364,0.10458730906248093,0.08008895069360733,0.0798727497458458,0.0637524202466011,0.0332309752702713,0.0348946675658226,0.05944031849503517,0.06287921965122223,0.03077423758804798,0.06691701710224152,0.06398164480924606,0.08141375333070755,0.10982067137956619,0.0702398493885994,0.03667612001299858,0.0,0.06452284008264542,0.08274676650762558,0.05400528386235237,0.019161764532327652,0.02618512324988842,0.08374221622943878,0.04538239538669586,0.023542268201708794,0.1271025538444519,0.054537177085876465,0.18986833095550537,0.0664152204990387,0.07593420147895813,0.04476095363497734,0.028252536430954933,0.05199246108531952,0.07691464573144913,0.05552985519170761,0.10006345808506012,0.10875070095062256,0.07821709662675858,0.051060907542705536,0.1210469901561737,0.12851892411708832,0.18912959098815918,0.03393891826272011,0.11132033914327621,0.07099902629852295,0.06399340182542801,0.015651606023311615,0.030861305072903633,0.05534108355641365,0.04162974655628204,0.018541818484663963,0.0
2100.0,0.04825883358716965,0.2165049910545349,0.12780530750751495,0.051619186997413635,0.046769559383392334,0.006062908563762903,0.191947340965271,0.15986184775829315,0.03500450402498245,0.11847390979528427,0.0906783863902092,0.09023280441761017,0.07152584940195084,0.03719399496912956,0.03900139778852463,0.06710591167211533,0.07086513936519623,0.03491648659110069,0.0746430978178978,0.07153607159852982,0.09209558367729187,0.1245114728808403,0.0791158378124237,0.041762545704841614,0.0,0.07284928113222122,0.09455759823322296,0.06178007274866104,0.021648744121193886,0.029209807515144348,0.09424736350774765,0.05114614591002464,0.02641194313764572,0.1428871601819992,0.061341796070337296,0.21292738616466522,0.07448147237300873,0.08476152271032333,0.05128924176096916,0.03201187029480934,0.058136794716119766,0.08638421446084976,0.06252370774745941,0.11430904269218445,0.12137582898139954,0.08726845681667328,0.05712020397186279,0.13680113852024078,0.14535194635391235,0.21581119298934937,0.03796231001615524,0.1253763884305954,0.08065032958984375,0.07265141606330872,0.017470337450504303,0.03462769091129303,0.06288564205169678,0.04678471386432648,0.020779309794306755,0.0
2160.0,0.05349075794219971,0.24524319171905518,0.14422018826007843,0.05816834419965744,0.05228610336780548,0.006712611299008131,0.21632981300354004,0.17886455357074738,0.039011936634778976,0.13291749358177185,0.10169248282909393,0.10100842267274857,0.07961615175008774,0.04132106155157089,0.04328057914972305,0.07507912814617157,0.07917217910289764,0.03922504186630249,0.08270632475614548,0.07940646260976791,0.10320573300123215,0.13979177176952362,0.08834908157587051,0.047054074704647064,0.0,0.08150983601808548,0.10684782266616821,0.06987116485834122,0.024235477671027184,0.0323663130402565,0.10517606139183044,0.057141657918691635,0.029398616403341293,0.15931013226509094,0.06842119246721268,0.23692847788333893,0.0828772559762001,0.09396716952323914,0.05808412656188011,0.03592200204730034,0.06453784555196762,0.09623802453279495,0.0697992593050003,0.1291324496269226,0.13454371690750122,0.09671220928430557,0.06343153119087219,0.1531871259212494,0.1628599613904953,0.2435726374387741,0.04215322434902191,0.13999827206134796,0.09068956226110458,0.08165723085403442,0.019367089495062828,0.03854753449559212,0.07073355466127396,0.05214836820960045,0.023108575493097305,0.0
2220.0,0.05872268229722977,0.27398139238357544,0.1606350839138031,0.06471750140190125,0.05780264735221863,0.007362314499914646,0.24071228504180908,0.1978672444820404,0.0430193692445755,0.14736108481884003,0.11270657926797867,0.11178404837846756,0.08770645409822464,0.045448124408721924,0.04755976423621178,0.08305233716964722,0.08747921139001846,0.04353359714150429,0.09076955169439316,0.08727684617042542,0.11431588977575302,0.15507207810878754,0.09758232533931732,0.052345603704452515,0.0,0.09017039090394974,0.11913803964853287,0.0779622495174408,0.02682221308350563,0.03552281856536865,0.11610475927591324,0.06313716620206833,0.032385289669036865,0.17573308944702148,0.07550058513879776,0.26092955470085144,0.09127303957939148,0.10317280888557434,0.06487901508808136,0.039832133799791336,0.07093889266252518,0.10609182715415955,0.0770748108625412,0.14395587146282196,0.1477115899324417,0.10615595430135727,0.06974285840988159,0.1695731282234192,0.18036796152591705,0.27133408188819885,0.04634413868188858,0.15462015569210052,0.10072879493236542,0.09066304564476013,0.021263841539621353,0.042467374354600906,0.07858147472143173,0.05751202628016472,0.025437843054533005,0.0
2280.0,0.06395460665225983,0.3027195930480957,0.17704996466636658,0.07126665860414505,0.06331919133663177,0.008012017235159874,0.2650947570800781,0.21686993539333344,0.047026801854372025,0.1618046760559082,0.1237206682562828,0.12255967408418655,0.09579674899578094,0.049575190991163254,0.0518389493227005,0.09102554619312286,0.09578624367713928,0.047842152416706085,0.09883278608322144,0.09514723718166351,0.1254260390996933,0.17035238444805145,0.10681556910276413,0.057637136429548264,0.0,0.098830945789814,0.13142825663089752,0.08605333417654037,0.029408946633338928,0.038679320365190506,0.12703345715999603,0.06913267821073532,0.03537195920944214,0.19215604662895203,0.08257997781038284,0.28493064641952515,0.09966882318258286,0.11237845569849014,0.07167389988899231,0.04374226555228233,0.07733993977308273,0.11594562977552414,0.08435036242008209,0.15877927839756012,0.1608794778585434,0.11559970676898956,0.07605418562889099,0.1859591156244278,0.1978759765625,0.2990955114364624,0.05053505301475525,0.1692420393228531,0.11076802760362625,0.09966886043548584,0.023160593584179878,0.046387217938899994,0.08642939478158951,0.06287568062543869,0.027767110615968704,0.0
2340.0,0.06918653100728989,0.33145779371261597,0.19346484541893005,0.07781581580638885,0.06883574277162552,0.008661719970405102,0.28947722911834717,0.23587262630462646,0.05103423446416855,0.17624825239181519,0.13473476469516754,0.13333529233932495,0.10388705134391785,0.053702257573604584,0.056118130683898926,0.09899875521659851,0.1040932759642601,0.05215070769190788,0.10689601302146912,0.10301762819290161,0.13653619587421417,0.18563269078731537,0.11604881286621094,0.06292866170406342,0.0,0.10749150067567825,0.14371848106384277,0.09414442628622055,0.031995683908462524,0.04183582589030266,0.13796214759349823,0.07512819021940231,0.03835863247513771,0.20857900381088257,0.08965937048196793,0.30893173813819885,0.10806460678577423,0.12158410251140594,0.07846878468990326,0.04765240103006363,0.08374099433422089,0.12579943239688873,0.09162591397762299,0.17360268533229828,0.1740473508834839,0.12504345178604126,0.08236551284790039,0.2023451030254364,0.21538397669792175,0.32685694098472595,0.05472596734762192,0.18386393785476685,0.12080726027488708,0.10867467522621155,0.025057345628738403,0.05030705779790878,0.09427731484174728,0.06823933869600296,0.030096378177404404,0.0
2400.0,0.08820738643407822,0.46223869919776917,0.26376426219940186,0.10535794496536255,0.09032744914293289,0.010923733003437519,0.3921906352043152,0.3103628158569336,0.0663212314248085,0.234177365899086,0.17874836921691895,0.17573854327201843,0.13450953364372253,0.06912582367658615,0.07195939123630524,0.13024194538593292,0.13630473613739014,0.06965213268995285,0.15855038166046143,0.15708096325397491,0.18064860999584198,0.24733535945415497,0.15173600614070892,0.0851404219865799,0.0,0.1414439082145691,0.19740548729896545,0.1299801915884018,0.04217957332730293,0.053163737058639526,0.18001072108745575,0.09837646037340164,0.049661558121442795,0.3294927775859833,0.11680912971496582,0.3995782434940338,0.1397741287946701,0.15519417822360992,0.10926386713981628,0.06336500495672226,0.1277785450220108,0.16329996287822723,0.1196877658367157,0.23809804022312164,0.22200563549995422,0.15916503965854645,0.1058756560087204,0.26699215173721313,0.28480175137519836,0.446044385433197,0.07032668590545654,0.24035023152828217,0.16199743747711182,0.14544466137886047,0.045510947704315186,0.06515141576528549,0.1265757977962494,0.08871883898973465,0.0388619564473629,0.0
2460.0,0.10848177224397659,0.6022961735725403,0.33896228671073914,0.13480854034423828,0.11327144503593445,0.01333231944590807,0.5020250082015991,0.38989731669425964,0.08263363689184189,0.2960596978664398,0.22576192021369934,0.2210170328617096,0.1671803891658783,0.08557634800672531,0.08885174989700317,0.16360057890415192,0.17068932950496674,0.08835291862487793,0.21416758000850677,0.21534363925457,0.22776123881340027,0.31325823068618774,0.18982809782028198,0.10889038443565369,0.0,0.17769558727741241,0.25485584139823914,0.16833820939064026,0.05305411294102669,0.06523449718952179,0.2248883694410324,0.12319315969944,0.061720509082078934,0.459905743598938,0.145783469080925,0.4962834119796753,0.1736031025648117,0.1910228580236435,0.14224077761173248,0.0801505595445633,0.17523758113384247,0.20331382751464844,0.149639293551445,0.307108998298645,0.2731266915798187,0.19553005695343018,0.13094931840896606,0.3360265791416168,0.3589385747909546,0.5735432505607605,0.08696465194225311,0.3006424009799957,0.20601952075958252,0.1847386509180069,0.06765154004096985,0.08098891377449036,0.16109706461429596,0.11057251691818237,0.048212651163339615,0.0
2520.0,0.12875616550445557,0.7423536777496338,0.4141603112220764,0.16425912082195282,0.1362154483795166,0.015740906819701195,0.6118594408035278,0.4694318175315857,0.09894604235887527,0.35794204473495483,0.27277547121047974,0.26629552245140076,0.19985124468803406,0.10202687233686447,0.10574411600828171,0.1969592273235321,0.20507390797138214,0.10705369710922241,0.2697847783565521,0.2736063301563263,0.27487385272979736,0.3791811168193817,0.22792018949985504,0.13264034688472748,0.0,0.21394726634025574,0.31230616569519043,0.20669622719287872,0.06392865628004074,0.07730526477098465,0.2697660028934479,0.14800986647605896,0.07377945631742477,0.5903186798095703,0.17475780844688416,0.5929886102676392,0.20743206143379211,0.22685152292251587,0.17521770298480988,0.09693611413240433,0.22269663214683533,0.24332769215106964,0.17959080636501312,0.376120001077652,0.32424771785736084,0.2318950891494751,0.15602299571037292,0.4050610065460205,0.4330753982067108,0.7010421752929688,0.10360262542963028,0.3609345555305481,0.2500416040420532,0.22403264045715332,0.08979212492704391,0.09682640433311462,0.19561833143234253,0.1324261873960495,0.05756334960460663,0.0
2580.0,0.14903055131435394,0.8824111819267273,0.4893583357334137,0.19370971620082855,0.15915943682193756,0.018149493262171745,0.7216938734054565,0.5489663481712341,0.11525845527648926,0.41982439160346985,0.3197890520095825,0.3115740120410919,0.232522115111351,0.11847739666700363,0.12263647466897964,0.2303178608417511,0.23945850133895874,0.1257544755935669,0.3254019618034363,0.3318690359592438,0.32198646664619446,0.4451040029525757,0.2660122811794281,0.15639029443264008,0.0,0.25019893050193787,0.3697565197944641,0.2450542449951172,0.0748031958937645,0.08937603235244751,0.31464365124702454,0.17282657325267792,0.08583840727806091,0.7207316160202026,0.20373214781284332,0.6896937489509583,0.24126102030277252,0.26268020272254944,0.20819461345672607,0.11372166872024536,0.270155668258667,0.28334155678749084,0.20954231917858124,0.44513097405433655,0.37536877393722534,0.26826009154319763,0.1810966581106186,0.4740954339504242,0.507212221622467,0.8285410404205322,0.12024059146642685,0.42122671008110046,0.2940636873245239,0.26332664489746094,0.11193271726369858,0.11266390234231949,0.2301395982503891,0.15427985787391663,0.06691404432058334,0.0
2640.0,0.16930493712425232,1.0224686861038208,0.564556360244751,0.2231602966785431,0.18210344016551971,0.020558079704642296,0.8315282464027405,0.6285008192062378,0.13157086074352264,0.4817067086696625,0.3668026030063629,0.3568525016307831,0.2651929557323456,0.1349279284477234,0.13952882587909698,0.2636764943599701,0.27384307980537415,0.14445525407791138,0.3810191750526428,0.39013171195983887,0.36909908056259155,0.5110268592834473,0.30410438776016235,0.18014025688171387,0.0,0.2864506244659424,0.4272068738937378,0.28341227769851685,0.08567773550748825,0.10144679248332977,0.3595212996006012,0.19764328002929688,0.09789735823869705,0.851144552230835,0.2327064871788025,0.7863989472389221,0.27508997917175293,0.298508882522583,0.24117153882980347,0.1305072158575058,0.31761473417282104,0.32335540652275085,0.23949384689331055,0.5141419172286987,0.42648980021476746,0.30462512373924255,0.20617032051086426,0.5431298613548279,0.5813490748405457,0.9560399651527405,0.13687856495380402,0.4815188944339752,0.33808577060699463,0.30262061953544617,0.13407330214977264,0.12850140035152435,0.26466086506843567,0.17613354325294495,0.07626474648714066,0.0
2700.0,0.16321469843387604,1.0282618999481201,0.5661575198173523,0.22349616885185242,0.1804625540971756,0.01953306794166565,0.8328932523727417,0.623679518699646,0.12961284816265106,0.4799259901046753,0.3652460277080536,0.35438987612724304,0.2604958415031433,0.1317910999059677,0.13565948605537415,0.2616334855556488,0.27106940746307373,0.14416824281215668,0.3615136444568634,0.37379878759384155,0.36714938282966614,0.5096228718757629,0.30077269673347473,0.18038377165794373,0.0,0.28425881266593933,0.42891430854797363,0.2847326993942261,0.08509428054094315,0.09729601442813873,0.35513395071029663,0.1956414133310318,0.09615688025951385,0.8213217854499817,0.22964338958263397,0.7717711329460144,0.2699752748012543,0.288311243057251,0.24250657856464386,0.13006098568439484,0.30437734723091125,0.3182803690433502,0.23673583567142487,0.5160877108573914,0.4114680886268616,0.2929244637489319,0.20106112957000732,0.5396475195884705,0.5781393647193909,0.9589046239852905,0.1334412395954132,0.4761795401573181,0.3378075063228607,0.30220526456832886,0.1267663985490799,0.12625084817409515,0.2645300626754761,0.17356707155704498,0.07473091036081314,0.0
2760.0,0.15472768247127533,1.021849274635315,0.5610681176185608,0.22118525207042694,0.17658668756484985,0.01819591224193573,0.8243973851203918,0.6111894845962524,0.12599387764930725,0.47235772013664246,0.3592739999294281,0.34758710861206055,0.25240159034729004,0.12687362730503082,0.1299026906490326,0.2563721537590027,0.2649177312850952,0.14215505123138428,0.33517879247665405,0.35068443417549133,0.36073943972587585,0.5020983219146729,0.29367518424987793,0.17849035561084747,0.0,0.27857211232185364,0.42555418610572815,0.2826860547065735,0.08346918970346451,0.09167055040597916,0.346267968416214,0.19120149314403534,0.09316191077232361,0.7769320607185364,0.22366781532764435,0.7470222115516663,0.26132023334503174,0.2739293873310089,0.2409650832414627,0.12804822623729706,0.28562211990356445,0.30910632014274597,0.2310042381286621,0.511936604976654,0.3904333710670471,0.27685418725013733,0.19320805370807648,0.5295726656913757,0.567898154258728,0.9504389762878418,0.1281788945198059,0.464873731136322,0.333501935005188,0.29817995429039,0.11678243428468704,0.12235593795776367,0.2612490653991699,0.16878058016300201,0.07220757007598877,0.0
2820.0,0.14624066650867462,1.0154366493225098,0.5559787154197693,0.21887433528900146,0.1727108210325241,0.01685875654220581,0.8159015774726868,0.5986994504928589,0.12237491458654404,0.4647894501686096,0.353302001953125,0.34078437089920044,0.24430735409259796,0.12195613980293274,0.12414591759443283,0.2511107921600342,0.2587660253047943,0.14014187455177307,0.3088439404964447,0.3275700807571411,0.35432949662208557,0.494573712348938,0.2865777015686035,0.17659692466259003,0.0,0.27288544178009033,0.42219409346580505,0.2806394398212433,0.08184409886598587,0.08604507893323898,0.33740198612213135,0.18676157295703888,0.09016693383455276,0.7325423359870911,0.21769222617149353,0.7222732901573181,0.2526652216911316,0.25954756140708923,0.23942358791828156,0.12603548169136047,0.26686686277389526,0.2999322712421417,0.22527264058589935,0.5077855587005615,0.36939865350723267,0.26078394055366516,0.18535496294498444,0.5194978713989258,0.5576569437980652,0.9419733285903931,0.12291654199361801,0.45356789231300354,0.32919636368751526,0.29415464401245117,0.10679847747087479,0.11846102774143219,0.25796806812286377,0.16399410367012024,0.069684237241745,0.0
2880.0,0.1377536505460739,1.0090240240097046,0.5508893132209778,0.216563418507576,0.16883495450019836,0.015521600842475891,0.8074057102203369,0.5862094163894653,0.11875595152378082,0.4572211802005768,0.3473299741744995,0.33398160338401794,0.23621313273906708,0.11703865230083466,0.11838913708925247,0.24584944546222687,0.2526143193244934,0.13812869787216187,0.28250908851623535,0.3044557571411133,0.3479195833206177,0.4870491027832031,0.2794801890850067,0.17470349371433258,0.0,0.26719874143600464,0.41883397102355957,0.2785928249359131,0.08021900802850723,0.0804196149110794,0.3285360038280487,0.18232165277004242,0.08717196434736252,0.6881526112556458,0.2117166370153427,0.69752436876297,0.24401018023490906,0.24516572058200836,0.2378820925951004,0.1240227147936821,0.24811162054538727,0.29075825214385986,0.2195410430431366,0.5036344528198242,0.3483639359474182,0.2447136640548706,0.1775018870830536,0.5094230771064758,0.5474157333374023,0.9335076212882996,0.11765419691801071,0.44226205348968506,0.32489079236984253,0.29012933373451233,0.09681452065706253,0.11456611752510071,0.2546870708465576,0.15920762717723846,0.06716090440750122,0.0
2940.0,0.129266619682312,1.0026113986968994,0.5457999110221863,0.21425248682498932,0.16495908796787262,0.014184445142745972,0.7989098429679871,0.5737194418907166,0.11513698101043701,0.44965288043022156,0.341357946395874,0.32717886567115784,0.228118896484375,0.11212117224931717,0.11263235658407211,0.24058809876441956,0.2464626431465149,0.13611550629138947,0.256174236536026,0.28134140372276306,0.3415096402168274,0.47952452301979065,0.2723827064037323,0.17281006276607513,0.0,0.26151207089424133,0.4154738783836365,0.2765461802482605,0.0785939171910286,0.07479415088891983,0.31967002153396606,0.17788173258304596,0.08417699486017227,0.6437629461288452,0.2057410627603531,0.672775387763977,0.23535513877868652,0.2307838797569275,0.23634059727191925,0.12200995534658432,0.22935639321804047,0.2815842032432556,0.21380944550037384,0.4994833767414093,0.32732921838760376,0.22864340245723724,0.16964879631996155,0.4993482530117035,0.5371744632720947,0.9250419735908508,0.11239184439182281,0.4309562146663666,0.3205852210521698,0.2861040234565735,0.08683056384325027,0.11067120730876923,0.25140610337257385,0.1544211357831955,0.06463756412267685,0.0
3000.0,0.1184006929397583,0.9602419137954712,0.5202502012252808,0.20383435487747192,0.15496903657913208,0.012840076349675655,0.7602065801620483,0.5397648215293884,0.10750394314527512,0.4249683618545532,0.3224101662635803,0.3080788850784302,0.21239759027957916,0.10384657233953476,0.10389765352010727,0.22633005678653717,0.23125863075256348,0.12890967726707458,0.22761555016040802,0.2525463104248047,0.32216423749923706,0.45371657609939575,0.255355566740036,0.1643723100423813,0.0,0.2460402101278305,0.39673492312431335,0.2643648386001587,0.07401333004236221,0.06822771579027176,0.2992957532405853,0.166908398270607,0.07837070524692535,0.5831046104431152,0.1924372911453247,0.6258713603019714,0.21894854307174683,0.21170459687709808,0.22629405558109283,0.11535010486841202,0.20592805743217468,0.2627018988132477,0.20032581686973572,0.4767935574054718,0.30000221729278564,0.2090001404285431,0.15690864622592926,0.4704560935497284,0.50660640001297,0.8819500207901001,0.10392037779092789,0.40395984053611755,0.30405718088150024,0.2711651921272278,0.07595180720090866,0.1030639111995697,0.23854506015777588,0.14422893524169922,0.06004423275589943,0.0
3060.0,0.10731849819421768,0.914603590965271,0.4928404986858368,0.19267919659614563,0.14442315697669983,0.01149505190551281,0.718757152557373,0.5038588643074036,0.09950598329305649,0.39872780442237854,0.30228275060653687,0.2878609895706177,0.1959829032421112,0.09526677429676056,0.0948922336101532,0.21125411987304688,0.21523167192935944,0.12123177945613861,0.1988546997308731,0.22323478758335114,0.30164286494255066,0.4262465536594391,0.23742574453353882,0.15533962845802307,0.0,0.22967880964279175,0.37659791111946106,0.2512621283531189,0.06916406005620956,0.06157573312520981,0.27787530422210693,0.15534111857414246,0.07230883836746216,0.5209673643112183,0.17846731841564178,0.5769532322883606,0.20183725655078888,0.1921982616186142,0.21547433733940125,0.10826779901981354,0.1820748895406723,0.24293699860572815,0.18613745272159576,0.45241841673851013,0.2721031606197357,0.18903207778930664,0.1437242031097412,0.4398532807826996,0.4741904139518738,0.8357102274894714,0.09515717625617981,0.37553703784942627,0.28641799092292786,0.2552342116832733,0.06499171257019043,0.09511911869049072,0.22481313347816467,0.13354530930519104,0.055262718349695206,0.0
3120.0,0.09623630344867706,0.8689652681350708,0.46543076634407043,0.18152405321598053,0.13387727737426758,0.010150027461349964,0.6773077249526978,0.4679529368877411,0.09150802344083786,0.37248721718788147,0.2821553647518158,0.2676430940628052,0.17956821620464325,0.08668698370456696,0.08588680624961853,0.19617819786071777,0.1992047280073166,0.11355388164520264,0.1700938493013382,0.19392326474189758,0.28112152218818665,0.39877650141716003,0.21949592232704163,0.14630696177482605,0.0,0.2133173942565918,0.35646092891693115,0.2381594479084015,0.06431479752063751,0.05492375046014786,0.25645482540130615,0.14377383887767792,0.06624697148799896,0.4588301181793213,0.16449734568595886,0.528035044670105,0.18472597002983093,0.1726919412612915,0.20465461909770966,0.10118548572063446,0.15822172164916992,0.223172128200531,0.171949103474617,0.4280432462692261,0.24420411884784698,0.169064000248909,0.13053977489471436,0.4092504382133484,0.4417744576931,0.7894704341888428,0.08639396727085114,0.347114235162735,0.26877880096435547,0.23930324614048004,0.0540316142141819,0.08717432618141174,0.21108119189739227,0.12286167591810226,0.05048120394349098,0.0
3180.0,0.08515410870313644,0.8233269453048706,0.43802106380462646,0.17036889493465424,0.12333139777183533,0.008805003017187119,0.6358582973480225,0.4320470094680786,0.08351007103919983,0.3462466597557068,0.2620279788970947,0.24742518365383148,0.1631535440683365,0.07810718566179276,0.07688138633966446,0.18110226094722748,0.18317776918411255,0.10587598383426666,0.14133299887180328,0.16461174190044403,0.26060014963150024,0.371306449174881,0.20156608521938324,0.13727428019046783,0.0,0.19695599377155304,0.33632391691207886,0.2250567525625229,0.05946553125977516,0.04827176779508591,0.23503437638282776,0.13220657408237457,0.060185108333826065,0.3966928720474243,0.15052738785743713,0.47911691665649414,0.16761469841003418,0.1531856209039688,0.19383490085601807,0.09410317242145538,0.13436855375766754,0.20340724289417267,0.15776073932647705,0.403668075799942,0.21630506217479706,0.14909592270851135,0.1173553392291069,0.3786476254463196,0.4093584716320038,0.7432306408882141,0.07763075828552246,0.3186914324760437,0.2511395812034607,0.22337226569652557,0.04307151958346367,0.07922953367233276,0.19734925031661987,0.11217804998159409,0.04569968953728676,0.0
3240.0,0.07407191395759583,0.7776886224746704,0.4106113612651825,0.15921373665332794,0.11278551816940308,0.00745997903868556,0.5944088697433472,0.39614108204841614,0.0755121111869812,0.3200061023235321,0.24190056324005127,0.22720728814601898,0.14673885703086853,0.06952739506959915,0.06787596642971039,0.16602632403373718,0.1671508252620697,0.09819808602333069,0.11257215589284897,0.13530021905899048,0.24007879197597504,0.34383639693260193,0.18363626301288605,0.12824159860610962,0.0,0.1805945783853531,0.31618690490722656,0.21195407211780548,0.05461626127362251,0.041619788855314255,0.21361391246318817,0.12063929438591003,0.05412324145436287,0.33455562591552734,0.1365574151277542,0.4301987886428833,0.15050341188907623,0.13367928564548492,0.18301518261432648,0.0870208591222763,0.11051539331674576,0.18364235758781433,0.1435723900794983,0.37929293513298035,0.18840602040290833,0.1291278451681137,0.10417090356349945,0.34804481267929077,0.3769424855709076,0.6969908475875854,0.06886755675077438,0.2902686297893524,0.2335004061460495,0.2074412852525711,0.03211142122745514,0.07128474116325378,0.18361730873584747,0.10149441659450531,0.040918175131082535,0.0
3300.0,0.06874586641788483,0.7503677606582642,0.39372965693473816,0.1523282676935196,0.10655346512794495,0.006890800315886736,0.5688258409500122,0.37474560737609863,0.07097230851650238,0.30403080582618713,0.22967864573001862,0.21510478854179382,0.1376151591539383,0.06495755165815353,0.06324691325426102,0.1570471227169037,0.1577480286359787,0.09349075704813004,0.10264205187559128,0.1243213638663292,0.22768326103687286,0.32704347372055054,0.17317484319210052,0.12266607582569122,0.0,0.17084406316280365,0.3038584589958191,0.20398147404193878,0.05171193554997444,0.038553930819034576,0.20122183859348297,0.11385292559862137,0.050755567848682404,0.30999210476875305,0.1285296082496643,0.40318912267684937,0.14105500280857086,0.12416404485702515,0.17651990056037903,0.08270371705293655,0.10156712681055069,0.17249004542827606,0.1353253275156021,0.3643476366996765,0.17491447925567627,0.11972569674253464,0.09723248332738876,0.3296741247177124,0.3573871850967407,0.6685274243354797,0.0642678439617157,0.27369973063468933,0.2226463109254837,0.1976538598537445,0.028824061155319214,0.0668623223900795,0.17516058683395386,0.09541651606559753,0.038308240473270416,0.0
3360.0,0.06394309550523758,0.7247121334075928,0.37780508399009705,0.14583095908164978,0.1007135733962059,0.006392152979969978,0.5446852445602417,0.3546692430973053,0.06674688309431076,0.28898870944976807,0.21817541122436523,0.20374004542827606,0.1291542798280716,0.060752253979444504,0.059015706181526184,0.14862217009067535,0.14894743263721466,0.08905348181724548,0.09442383050918579,0.1150091215968132,0.2160264402627945,0.3112212121486664,0.1633923500776291,0.11740484088659286,0.0,0.16169452667236328,0.29223984479904175,0.19647523760795593,0.04898442327976227,0.035814084112644196,0.1896505206823349,0.10750119388103485,0.04763282090425491,0.28884434700012207,0.12104201316833496,0.3781711459159851,0.13230323791503906,0.11555707454681396,0.17041772603988647,0.07863795012235641,0.09397385269403458,0.16212067008018494,0.12761838734149933,0.35025957226753235,0.16273270547389984,0.11128409206867218,0.09086189419031143,0.3124154210090637,0.33900099992752075,0.6416800022125244,0.060046639293432236,0.2582084834575653,0.21240904927253723,0.18842492997646332,0.026234220713377,0.06276010721921921,0.16718344390392303,0.08975730836391449,0.03589572012424469,0.0
3420.0,0.05914032831788063,0.6990565061569214,0.36188048124313354,0.13933365046977997,0.09487368911504745,0.005893505644053221,0.5205445885658264,0.33459287881851196,0.06252146512269974,0.2739466428756714,0.20667216181755066,0.1923753023147583,0.1206934005022049,0.056546952575445175,0.05478450283408165,0.14019720256328583,0.14014683663845062,0.08461619913578033,0.0862056165933609,0.10569687932729721,0.20436961948871613,0.2953989505767822,0.15360987186431885,0.1121436059474945,0.0,0.1525450050830841,0.2806212604045868,0.18896901607513428,0.046256911009550095,0.03307424113154411,0.17807921767234802,0.10114946216344833,0.04451007395982742,0.2676966190338135,0.11355440318584442,0.35315319895744324,0.12355146557092667,0.10695010423660278,0.16431556642055511,0.07457219064235687,0.08638057857751846,0.151751309633255,0.11991145461797714,0.33617153763771057,0.1505509316921234,0.10284248739480972,0.0844912976026535,0.2951567471027374,0.32061484456062317,0.6148325800895691,0.055825430899858475,0.24271725118160248,0.20217178761959076,0.17919598519802094,0.023644380271434784,0.058657899498939514,0.15920628607273102,0.08409810811281204,0.033483199775218964,0.0
3480.0,0.05433756485581398,0.67340087890625,0.34595587849617004,0.13283632695674896,0.08903379738330841,0.005394857842475176,0.4964039921760559,0.31451651453971863,0.05829603970050812,0.2589045464992523,0.19516892731189728,0.18101055920124054,0.1122325211763382,0.052341654896736145,0.050553299486637115,0.1317722499370575,0.13134624063968658,0.08017892390489578,0.07798740267753601,0.09638463705778122,0.19271278381347656,0.2795766592025757,0.1438273936510086,0.10688237845897675,0.0,0.14339546859264374,0.26900267601013184,0.18146279454231262,0.04352939501404762,0.030334394425153732,0.16650791466236115,0.09479772299528122,0.04138732701539993,0.2465488761663437,0.10606680065393448,0.328135222196579,0.11479969322681427,0.0983431339263916,0.15821339190006256,0.07050642371177673,0.07878730446100235,0.14138194918632507,0.11220452189445496,0.3220834732055664,0.13836915791034698,0.09440088272094727,0.07812070101499557,0.27789807319641113,0.3022286593914032,0.5879851579666138,0.051604222506284714,0.22722600400447845,0.1919345259666443,0.16996705532073975,0.02105453982949257,0.05455568805336952,0.1512291431427002,0.078438900411129,0.031070681288838387,0.0
3540.0,0.04953479766845703,0.6477453112602234,0.33003130555152893,0.12633901834487915,0.08319390565156937,0.004896210506558418,0.472263365983963,0.2944401800632477,0.0540706142783165,0.24386245012283325,0.1836656779050827,0.16964581608772278,0.1037716418504715,0.048136357218027115,0.04632209613919258,0.12334729731082916,0.12254564464092255,0.07574164122343063,0.06976918131113052,0.08707239478826523,0.1810559630393982,0.26375439763069153,0.13404491543769836,0.10162114351987839,0.0,0.13424593210220337,0.2573840916156769,0.17395657300949097,0.04080188274383545,0.0275945495814085,0.15493661165237427,0.0884459912776947,0.038264576345682144,0.2254011332988739,0.09857919812202454,0.3031172454357147,0.10604791343212128,0.08973616361618042,0.1521112322807312,0.0664406567811966,0.07119403034448624,0.13101258873939514,0.10449758172035217,0.30799543857574463,0.12618738412857056,0.08595927804708481,0.07175010442733765,0.26063939929008484,0.2838425040245056,0.5611377358436584,0.04738301783800125,0.21173475682735443,0.18169726431369781,0.16073812544345856,0.018464699387550354,0.05045347660779953,0.14325198531150818,0.07277970016002655,0.02865816093981266,0.0
3600.0,0.04674454405903816,0.6264978051185608,0.31750571727752686,0.12132558226585388,0.0791664719581604,0.00461966497823596,0.45360109210014343,0.2804279029369354,0.05129199102520943,0.23294910788536072,0.17536698281764984,0.16165725886821747,0.09832118451595306,0.045524198561906815,0.04376180097460747,0.11747123301029205,0.11653462052345276,0.07246207445859909,0.06572196632623672,0.08216608315706253,0.1727338284254074,0.25215816497802734,0.12740947306156158,0.09756994247436523,0.0,0.12785890698432922,0.2480725347995758,0.16786864399909973,0.038883011788129807,0.026034004986286163,0.1471673846244812,0.08410760015249252,0.036253850907087326,0.2136029303073883,0.09359000623226166,0.287099689245224,0.10044435411691666,0.08469511568546295,0.14707250893115997,0.06348223984241486,0.06718730926513672,0.12423490732908249,0.09929406642913818,0.2967454195022583,0.11908674240112305,0.08110488206148148,0.06782921403646469,0.24845179915428162,0.2707468271255493,0.5399687886238098,0.04479005187749863,0.20123863220214844,0.17402847111225128,0.15386910736560822,0.017362233251333237,0.04780718311667442,0.13725264370441437,0.06904949247837067,0.027129238471388817,0.0
3660.0000000000005,0.04413725063204765,0.6056510806083679,0.3052891194820404,0.11644703894853592,0.07530380040407181,0.004363310523331165,0.43543681502342224,0.26696693897247314,0.04864489287137985,0.2224111109972,0.1673596054315567,0.15397562086582184,0.09314440190792084,0.04305687174201012,0.041353411972522736,0.11182688921689987,0.11077719181776047,0.0692877545952797,0.06205393373966217,0.07766029983758926,0.16471482813358307,0.24094614386558533,0.12106013298034668,0.09362874180078506,0.0,0.1217230036854744,0.23897071182727814,0.16190966963768005,0.03703765198588371,0.02458067052066326,0.13974380493164062,0.07995223999023438,0.03434421867132187,0.2026546746492386,0.088827945291996,0.27190035581588745,0.09512698650360107,0.07997824251651764,0.14213046431541443,0.060624487698078156,0.06350664049386978,0.11778374761343002,0.09431813657283783,0.28575339913368225,0.11244800686836243,0.0765765979886055,0.06413102895021439,0.23672521114349365,0.25813210010528564,0.5193160772323608,0.04234510660171509,0.19119660556316376,0.16659317910671234,0.1472146362066269,0.01639498397707939,0.04529324173927307,0.13143308460712433,0.06549464911222458,0.02568064257502556,0.0
3720.0000000000005,0.041529957205057144,0.584804356098175,0.29307252168655396,0.11156849563121796,0.07144112884998322,0.004106956068426371,0.41727256774902344,0.2535059452056885,0.04599779099225998,0.2118731141090393,0.15935222804546356,0.1462939977645874,0.08796761929988861,0.04058954492211342,0.038945019245147705,0.10618254542350769,0.10501977056264877,0.0661134347319603,0.058385901153087616,0.0731545239686966,0.15669584274291992,0.22973410785198212,0.11471079289913177,0.0896875411272049,0.0,0.11558710783720016,0.22986888885498047,0.15595068037509918,0.03519229218363762,0.02312733419239521,0.13232022523880005,0.07579687237739563,0.03243458643555641,0.19170641899108887,0.08406588435173035,0.2567010223865509,0.08980962634086609,0.07526136934757233,0.13718843460083008,0.057766735553741455,0.059825971722602844,0.11133258789777756,0.08934219926595688,0.2747613787651062,0.1058092787861824,0.07204831391572952,0.060432836413383484,0.2249986082315445,0.24551737308502197,0.4986633360385895,0.03990016505122185,0.18115457892417908,0.1591578871011734,0.14056015014648438,0.015427732840180397,0.04277930036187172,0.12561354041099548,0.06193980202078819,0.0242320466786623,0.0
3780.0000000000005,0.03892266005277634,0.5639576315879822,0.2808559536933899,0.1066899523139,0.06757845729589462,0.0038506018463522196,0.39910829067230225,0.240044966340065,0.043350692838430405,0.2013351172208786,0.15134486556053162,0.13861235976219177,0.08279084414243698,0.03812221810221672,0.03653663024306297,0.10053820163011551,0.09926234185695648,0.0629391148686409,0.05471787229180336,0.06864874809980392,0.14867685735225677,0.2185220718383789,0.10836145281791687,0.08574634045362473,0.0,0.10945121198892593,0.2207670509815216,0.1499917060136795,0.033346932381391525,0.02167399972677231,0.12489664554595947,0.07164151221513748,0.030524956062436104,0.18075816333293915,0.0793038159608841,0.24150167405605316,0.0844922587275505,0.07054448872804642,0.13224638998508453,0.054908983409404755,0.05614529922604561,0.10488142818212509,0.08436626940965652,0.26376935839653015,0.09917054325342178,0.06752002239227295,0.05673464760184288,0.21327202022075653,0.2329026460647583,0.4780105948448181,0.03745521977543831,0.1711125522851944,0.15172259509563446,0.13390567898750305,0.014460482634603977,0.040265362709760666,0.11979398876428604,0.058384958654642105,0.022783450782299042,0.0
3840.0000000000005,0.03631536662578583,0.5431109070777893,0.26863935589790344,0.10181141644716263,0.06371579319238663,0.003594247391447425,0.38094401359558105,0.22658398747444153,0.04070359468460083,0.1907971203327179,0.14333748817443848,0.13093072175979614,0.07761406153440475,0.03565489128232002,0.03412823751568794,0.09489385783672333,0.09350491315126419,0.0597647950053215,0.051049839705228806,0.06414297223091125,0.14065785706043243,0.2073100507259369,0.10201210528612137,0.08180513978004456,0.0,0.1033153086900711,0.21166522800922394,0.14403271675109863,0.03150157257914543,0.020220665261149406,0.1174730658531189,0.06748615205287933,0.028615323826670647,0.16980990767478943,0.07454175502061844,0.22630232572555542,0.07917489856481552,0.0658276155591011,0.127304345369339,0.052051231265068054,0.05246463045477867,0.09843026101589203,0.07939033955335617,0.2527773380279541,0.09253181517124176,0.06299173831939697,0.05303645879030228,0.20154543220996857,0.22028793394565582,0.45735788345336914,0.03501027449965477,0.16107052564620972,0.14428730309009552,0.12725119292736053,0.013493232429027557,0.037751421332359314,0.1139744371175766,0.05483011528849602,0.021334856748580933,0.0
3900.0000000000005,0.034604575484991074,0.5252704620361328,0.258746862411499,0.09793181717395782,0.06091256067156792,0.0034284600988030434,0.3664741516113281,0.2167285829782486,0.03884498029947281,0.18284733593463898,0.1373239904642105,0.1252766102552414,0.07402723282575607,0.03398224338889122,0.032518334686756134,0.09076353162527084,0.08935556560754776,0.05733359232544899,0.04866154491901398,0.061120275408029556,0.13468480110168457,0.19878213107585907,0.09745866805315018,0.07867693156003952,0.0,0.09882234036922455,0.2041553556919098,0.13905350863933563,0.0301424078643322,0.019273629412055016,0.11218693852424622,0.064491406083107,0.027292585000395775,0.16208937764167786,0.07116847485303879,0.2158115804195404,0.07550466805696487,0.0627223402261734,0.12309002131223679,0.04989029839634895,0.04999307170510292,0.09391865134239197,0.07583338022232056,0.2437414526939392,0.08816999197006226,0.06003161892294884,0.050542231649160385,0.19288380444049835,0.21090874075889587,0.4405940771102905,0.03336304798722267,0.1538744568824768,0.13852760195732117,0.12212452292442322,0.012856842018663883,0.036008063703775406,0.1094510406255722,0.05233026295900345,0.020341230556368828,0.0
3960.0000000000005,0.03297528624534607,0.5077033638954163,0.24906566739082336,0.09414303302764893,0.05820564553141594,0.0032709063962101936,0.35234010219573975,0.20720094442367554,0.03705804422497749,0.1751328408718109,0.1314917653799057,0.11980681866407394,0.07058494538068771,0.03238184005022049,0.030981017276644707,0.08677083253860474,0.08535241335630417,0.05496994033455849,0.046389590948820114,0.05823240801692009,0.12889772653579712,0.1904982328414917,0.09306848794221878,0.07562263309955597,0.0,0.09447872638702393,0.19679023325443268,0.13416336476802826,0.028827443718910217,0.01837261952459812,0.1070951297879219,0.06160217523574829,0.026023201644420624,0.15466229617595673,0.06792143732309341,0.20574888586997986,0.0719841718673706,0.05976356938481331,0.11894184350967407,0.0477927103638649,0.04763143137097359,0.0895833671092987,0.07240541279315948,0.2348833978176117,0.08401516079902649,0.057214055210351944,0.0481574572622776,0.1845007985830307,0.20182368159294128,0.42418381571769714,0.03178834170103073,0.14693710207939148,0.13292022049427032,0.11713673919439316,0.012250530533492565,0.03433476388454437,0.10504547506570816,0.04992631822824478,0.019388968124985695,0.0
4020.0000000000005,0.031345997005701065,0.4901362657546997,0.2393844723701477,0.09035424143075943,0.05549873039126396,0.0031133524607867002,0.33820608258247375,0.19767332077026367,0.03527110815048218,0.16741833090782166,0.1256595402956009,0.1143370196223259,0.06714265793561935,0.03078143484890461,0.02944370172917843,0.08277814090251923,0.08134925365447998,0.05260629206895828,0.04411763697862625,0.05534454062581062,0.12311065942049026,0.18221431970596313,0.08867830783128738,0.07256832718849182,0.0,0.0901351049542427,0.18942509591579437,0.1292732208967209,0.027512479573488235,0.017471609637141228,0.102003313601017,0.05871294066309929,0.024753816425800323,0.1472351998090744,0.06467440724372864,0.1956861913204193,0.06846368312835693,0.05680479854345322,0.11479367315769196,0.04569512605667114,0.04526979476213455,0.08524808287620544,0.06897745281457901,0.22602534294128418,0.07986032962799072,0.05439649149775505,0.04577268287539482,0.17611779272556305,0.1927386373281479,0.40777355432510376,0.03021363355219364,0.13999974727630615,0.12731285393238068,0.1121489554643631,0.011644219048321247,0.03266146034002304,0.10063990950584412,0.047522373497486115,0.018436703830957413,0.0
4080.0000000000005,0.02971670590341091,0.47256913781166077,0.22970326244831085,0.08656545728445053,0.052791815251111984,0.0029557987581938505,0.32407206296920776,0.1881456822156906,0.03348417207598686,0.1597038358449936,0.11982730776071548,0.10886722803115845,0.0637003630399704,0.02918102964758873,0.0279063880443573,0.07878544926643372,0.07734610140323639,0.05024264380335808,0.04184568300843239,0.05245667323470116,0.11732359230518341,0.17393042147159576,0.08428813517093658,0.06951402872800827,0.0,0.08579149097204208,0.18205995857715607,0.12438306957483292,0.026197515428066254,0.016570599749684334,0.09691150486469269,0.05582370609045029,0.023484433069825172,0.13980810344219208,0.06142737716436386,0.18562348186969757,0.06494319438934326,0.05384603142738342,0.11064550280570984,0.04359753802418709,0.04290815442800522,0.08091279119253159,0.06554949283599854,0.21716728806495667,0.07570550590753555,0.05157892778515816,0.04338790848851204,0.1677347868680954,0.1836535781621933,0.3913632929325104,0.028638925403356552,0.13306239247322083,0.12170547246932983,0.10716117918491364,0.011037907563149929,0.03098815679550171,0.09623434394598007,0.04511842876672745,0.01748443953692913,0.0
4140.0,0.028087416663765907,0.4550020396709442,0.2200220674276352,0.08277667313814163,0.05008490011096001,0.002798244822770357,0.3099380135536194,0.17861804366111755,0.03169723600149155,0.15198934078216553,0.11399507522583008,0.1033974289894104,0.06025807932019234,0.02758062444627285,0.02636907249689102,0.0747927576303482,0.0733429491519928,0.047878995537757874,0.039573729038238525,0.04956880211830139,0.11153652518987656,0.1656465232372284,0.07989795506000519,0.06645973026752472,0.0,0.08144787698984146,0.17469482123851776,0.11949293315410614,0.024882551282644272,0.01566958986222744,0.09181969612836838,0.05293447524309158,0.022215047851204872,0.13238100707530975,0.058180347084999084,0.17556078732013702,0.06142270192503929,0.05088726058602333,0.10649732500314713,0.04149994999170303,0.040546517819166183,0.07657750695943832,0.06212152913212776,0.20830923318862915,0.07155067473649979,0.04876136779785156,0.04100313410162926,0.15935179591178894,0.1745685189962387,0.374953031539917,0.027064217254519463,0.1261250376701355,0.11609809100627899,0.10217339545488358,0.010431596077978611,0.029314853250980377,0.09182878583669662,0.04271448403596878,0.01653217524290085,0.0
4200.0,0.026972541585564613,0.4405726492404938,0.21238397061824799,0.07982656359672546,0.048110172152519226,0.002691664732992649,0.29891884326934814,0.17162488400936127,0.03042253851890564,0.1462063044309616,0.109637051820755,0.09936771541833878,0.057823870331048965,0.026464451104402542,0.02530599758028984,0.07186323404312134,0.07043654471635818,0.04608785733580589,0.03802638128399849,0.04756753891706467,0.10723726451396942,0.15940020978450775,0.07672129571437836,0.06408482044935226,0.0,0.0782594233751297,0.16880400478839874,0.11554548889398575,0.02391335368156433,0.015055631287395954,0.08815310150384903,0.05083681270480156,0.021317575126886368,0.1270676553249359,0.05585038661956787,0.1684626340866089,0.05893931910395622,0.048858996480703354,0.10309887677431107,0.039924900978803635,0.03890897333621979,0.07349308580160141,0.05964658036828041,0.20124347507953644,0.06870559602975845,0.04683781415224075,0.0393451489508152,0.1531607061624527,0.1678278148174286,0.36198335886001587,0.025970131158828735,0.12110792845487595,0.11181408166885376,0.0983777567744255,0.010016101412475109,0.0281309075653553,0.0884547010064125,0.040997881442308426,0.01586312986910343,0.0
4260.0,0.02590443193912506,0.42642849683761597,0.2049316167831421,0.07695268839597702,0.04620200768113136,0.002589718671515584,0.2881828248500824,0.16486214101314545,0.029194409027695656,0.1405988484621048,0.1054130494594574,0.0954689159989357,0.055481307208538055,0.02539229765534401,0.02428603544831276,0.06903036683797836,0.0676298514008522,0.04434876888990402,0.036544911563396454,0.045646876096725464,0.10307326167821884,0.15333913266658783,0.07365496456623077,0.06177166849374771,0.0,0.07517598569393158,0.1630472093820572,0.11168374866247177,0.022975586354732513,0.014467768371105194,0.08461607992649078,0.048811111599206924,0.020453913137316704,0.12194643914699554,0.053603801876306534,0.16163398325443268,0.05655021592974663,0.04691532626748085,0.09976857155561447,0.038397353142499924,0.03733725845813751,0.07052238285541534,0.05725827068090439,0.19434063136577606,0.06597959250211716,0.04499553516507149,0.03775323927402496,0.14716890454292297,0.16130022704601288,0.349326491355896,0.024919738993048668,0.11626540124416351,0.10765036940574646,0.09469049423933029,0.00961795449256897,0.026991449296474457,0.08517439663410187,0.03934376314282417,0.01521983090788126,0.0
4320.0,0.02483632043004036,0.41228434443473816,0.1974792629480362,0.07407882064580917,0.0442938432097435,0.002487772610038519,0.27744677662849426,0.15809938311576843,0.02796628139913082,0.13499139249324799,0.10118904709815979,0.09157010912895203,0.053138747811317444,0.024320146068930626,0.023266073316335678,0.06619749963283539,0.06482315808534622,0.04260968044400215,0.03506343811750412,0.04372621327638626,0.09890925139188766,0.1472780555486679,0.0705886259675026,0.05945851653814316,0.0,0.07209254801273346,0.15729042887687683,0.1078220084309578,0.022037820890545845,0.01387990452349186,0.08107905834913254,0.04678541049361229,0.01959025114774704,0.11682523041963577,0.0513572134077549,0.15480533242225647,0.05416111275553703,0.04497165605425835,0.09643827378749847,0.03686980530619621,0.03576554358005524,0.06755167990922928,0.05486995726823807,0.18743780255317688,0.06325358897447586,0.04315325245261192,0.036161329597234726,0.14117708802223206,0.15477265417575836,0.33666959404945374,0.0238693468272686,0.11142286658287048,0.10348666459321976,0.09100323170423508,0.00921980757266283,0.025851991027593613,0.08189409226179123,0.03768964484333992,0.014576531015336514,0.0
4380.0,0.023768210783600807,0.39814022183418274,0.1900269091129303,0.07120495289564133,0.04238567873835564,0.002385826548561454,0.2667107582092285,0.15133662521839142,0.026738151907920837,0.12938393652439117,0.09696504473686218,0.08767130970954895,0.050796184688806534,0.023247992619872093,0.022246111184358597,0.06336462497711182,0.06201646476984024,0.04087058827280998,0.033581964671611786,0.04180555045604706,0.09474524855613708,0.14121699333190918,0.06752228736877441,0.057145364582538605,0.0,0.06900911033153534,0.15153363347053528,0.10396027565002441,0.021100055426359177,0.013292040675878525,0.0775420293211937,0.044759709388017654,0.018726589158177376,0.111704021692276,0.04911062493920326,0.14797668159008026,0.05177201330661774,0.043027982115745544,0.09310797601938248,0.0353422574698925,0.03419382870197296,0.06458097696304321,0.052481647580862045,0.1805349737405777,0.06052758917212486,0.04131097346544266,0.03456941992044449,0.13518528640270233,0.14824506640434265,0.32401272654533386,0.022818952798843384,0.10658033937215805,0.09932295233011246,0.08731596171855927,0.008821660652756691,0.02471253275871277,0.0786137804389,0.036035530269145966,0.013933232054114342,0.0
4440.0,0.022700101137161255,0.38399606943130493,0.1825745552778244,0.06833108514547348,0.04047751426696777,0.0022838804870843887,0.25597473978996277,0.1445738673210144,0.025510024279356003,0.12377648800611496,0.09274104237556458,0.08377251029014587,0.048453621566295624,0.02217584103345871,0.021226150915026665,0.06053176149725914,0.05920977145433426,0.03913149982690811,0.03210049122571945,0.039884887635707855,0.0905812457203865,0.13515591621398926,0.06445594877004623,0.05483221635222435,0.0,0.06592568010091782,0.14577685296535492,0.10009853541851044,0.02016228809952736,0.01270417682826519,0.07400500774383545,0.04273400828242302,0.017862927168607712,0.10658282041549683,0.046864040195941925,0.14114803075790405,0.04938291013240814,0.04108431190252304,0.08977767825126648,0.03381470963358879,0.032622113823890686,0.06161027401685715,0.05009333789348602,0.17363214492797852,0.05780158191919327,0.03946869447827339,0.03297751024365425,0.1291934698820114,0.14171747863292694,0.311355859041214,0.021768560633063316,0.10173780471086502,0.09515924751758575,0.08362869918346405,0.008423513732850552,0.023573074489831924,0.07533347606658936,0.03438141196966171,0.01328993309289217,0.0
4500.0,0.02193523943424225,0.3724980652332306,0.17670094966888428,0.06608854234218597,0.039057835936546326,0.0022109546698629856,0.24758923053741455,0.13952071964740753,0.02461007609963417,0.11952263116836548,0.0895441547036171,0.08085162937641144,0.0467466376721859,0.021401064470410347,0.020492468029260635,0.058415576815605164,0.05712851136922836,0.03780170530080795,0.031040698289871216,0.0385017953813076,0.08744295686483383,0.1305382251739502,0.062187422066926956,0.053029101341962814,0.0,0.06362157315015793,0.1411919742822647,0.0970010980963707,0.019459513947367668,0.012283604592084885,0.0713968425989151,0.04123188182711601,0.01723366603255272,0.10282296687364578,0.045211341232061386,0.1361798346042633,0.04764469340443611,0.03969160467386246,0.08707582950592041,0.03265448659658432,0.031489960849285126,0.05943712964653969,0.04832908511161804,0.16814589500427246,0.05584906041622162,0.0381501279771328,0.031829167157411575,0.12469673156738281,0.13680237531661987,0.30136704444885254,0.0210111141204834,0.09815651923418045,0.09195613861083984,0.08080042153596878,0.0081382617354393,0.02274247445166111,0.07280536741018295,0.0331684872508049,0.012823043391108513,0.0
4560.0,0.02119794674217701,0.3612406253814697,0.1709708869457245,0.06390338391065598,0.037682563066482544,0.002140666823834181,0.2394174039363861,0.1346229910850525,0.02373996376991272,0.11539182811975479,0.08644063770771027,0.0780196562409401,0.04509742930531502,0.020653322339057922,0.01978481188416481,0.05636454373598099,0.05511320382356644,0.03650911524891853,0.030019238591194153,0.03716757521033287,0.08439791947603226,0.12605173885822296,0.05999142304062843,0.051272351294755936,0.0,0.061388321220874786,0.13671362400054932,0.09397315233945847,0.018778102472424507,0.01187824085354805,0.06887311488389969,0.03977735713124275,0.01662571355700493,0.09918687492609024,0.043612636625766754,0.13138076663017273,0.04596564546227455,0.03834898769855499,0.08443111181259155,0.03152765706181526,0.03039776347577572,0.05733649060130119,0.04662156477570534,0.16278842091560364,0.05396685749292374,0.036879174411296844,0.03072114661335945,0.12033591419458389,0.13203385472297668,0.29162079095840454,0.020280299708247185,0.09468988329172134,0.08884036540985107,0.07805023342370987,0.007863273844122887,0.021939950063824654,0.07034563273191452,0.03199567273259163,0.012372191995382309,0.0
4620.0,0.02046065405011177,0.34998318552970886,0.1652408093214035,0.061718232929706573,0.03630729019641876,0.0020703792106360197,0.23124556243419647,0.12972526252269745,0.02286985144019127,0.1112610250711441,0.08333712071180344,0.07518767565488815,0.043448224663734436,0.019905580207705498,0.019077153876423836,0.05431351438164711,0.05309789255261421,0.03521652892231941,0.02899777702987194,0.03583335131406784,0.08135288208723068,0.12156526744365692,0.05779542401432991,0.04951560124754906,0.0,0.059155065566301346,0.13223528861999512,0.09094519913196564,0.018096689134836197,0.01147287618368864,0.06634939461946487,0.03832282871007919,0.016017762944102287,0.0955507829785347,0.042013928294181824,0.12658171355724335,0.04428659752011299,0.03700637072324753,0.0817863941192627,0.030400827527046204,0.02930556796491146,0.0552358515560627,0.04491404443979263,0.15743094682693481,0.052084650844335556,0.03560822084546089,0.029613126069307327,0.11597508937120438,0.1272653341293335,0.28187450766563416,0.01954948529601097,0.09122325479984283,0.0857245922088623,0.07530004531145096,0.0075882854871451855,0.021137425675988197,0.06788590550422668,0.030822858214378357,0.01192133966833353,0.0
4680.0,0.019723359495401382,0.338725745677948,0.1595107465982437,0.05953307822346687,0.03493202105164528,0.0020000915974378586,0.22307373583316803,0.12482753396034241,0.021999739110469818,0.10713022947311401,0.0802336111664772,0.07235570251941681,0.041799020022153854,0.019157838076353073,0.01836949773132801,0.05226248502731323,0.051082585006952286,0.03392393887042999,0.027976317331194878,0.03449913114309311,0.07830784469842911,0.11707879602909088,0.05559942498803139,0.04775885120034218,0.0,0.056921813637018204,0.12775693833827972,0.08791724592447281,0.017415277659893036,0.011067512445151806,0.06382566690444946,0.036868300288915634,0.015409811399877071,0.09191469848155975,0.04041522368788719,0.12178264558315277,0.04260754957795143,0.035663753747940063,0.07914167642593384,0.029273996129631996,0.028213372454047203,0.053135212510824203,0.04320652410387993,0.152073472738266,0.050202444195747375,0.03433726355433464,0.028505105525255203,0.11161426454782486,0.1224968209862709,0.27212825417518616,0.018818670883774757,0.08775661885738373,0.08260881155729294,0.07254985719919205,0.007313297130167484,0.02033490315079689,0.06542617082595825,0.029650041833519936,0.011470488272607327,0.0
4740.0,0.018986066803336143,0.32746827602386475,0.15378066897392273,0.05734792351722717,0.0335567481815815,0.0019298039842396975,0.2149018943309784,0.11992980539798737,0.021129626780748367,0.10299942642450333,0.07713009417057037,0.06952372193336487,0.04014981538057327,0.01841009594500065,0.017661841586232185,0.050211451947689056,0.04906727373600006,0.03263135254383087,0.026954857632517815,0.03316491097211838,0.07526280730962753,0.11259231716394424,0.053403425961732864,0.0460021011531353,0.0,0.05468855798244476,0.12327859550714493,0.08488930016756058,0.016733866184949875,0.010662148706614971,0.06130194291472435,0.035413771867752075,0.01480185892432928,0.08827860653400421,0.03881651535630226,0.11698358505964279,0.04092850536108017,0.0343211330473423,0.07649695873260498,0.02814716473221779,0.027121176943182945,0.05103457719087601,0.041499003767967224,0.14671599864959717,0.04832024127244949,0.03306630998849869,0.02739708498120308,0.10725343972444534,0.11772830039262772,0.26238200068473816,0.018087854608893394,0.08428998291492462,0.07949303835630417,0.06979966908693314,0.00703830923885107,0.019532378762960434,0.06296644359827042,0.028477227315306664,0.011019635945558548,0.0
4800.0,0.018408702686429024,0.3181798458099365,0.14915907382965088,0.055597759783267975,0.032486606389284134,0.001872668624855578,0.20835252106189728,0.116110660135746,0.020456520840525627,0.09975097328424454,0.07469287514686584,0.06731238216161728,0.038875456899404526,0.017832018435001373,0.01711323857307434,0.048612311482429504,0.04750148579478264,0.03160989284515381,0.02614614926278591,0.032131560146808624,0.07287728786468506,0.10905498266220093,0.051698949187994,0.044596076011657715,0.0,0.05294705554842949,0.1196393370628357,0.0824158787727356,0.016201697289943695,0.01034174021333456,0.05934564396739006,0.03428368270397186,0.014332096092402935,0.085464246571064,0.03757830709218979,0.11327587068080902,0.03963128477334976,0.033272635191679,0.07431810349225998,0.02726037986576557,0.02627546712756157,0.049410250037908554,0.04017448425292969,0.1423688679933548,0.04684804752469063,0.03206680715084076,0.026539864018559456,0.10384513437747955,0.1139945387840271,0.2545137107372284,0.017522353678941727,0.08159968256950378,0.07702124863862991,0.06762202829122543,0.0068234633654356,0.01891223154962063,0.06101277470588684,0.027569787576794624,0.010671328753232956,0.0
4860.0,0.01784588024020195,0.3090703785419464,0.14463825523853302,0.05388714373111725,0.03144420310854912,0.0018167289672419429,0.20195062458515167,0.11238957196474075,0.019801326096057892,0.09658274054527283,0.0723162367939949,0.0651574656367302,0.03763517364859581,0.01726936548948288,0.016579095274209976,0.04705424979329109,0.04597656428813934,0.03061308152973652,0.025356782600283623,0.031125564128160477,0.07055173069238663,0.10560393333435059,0.05003916099667549,0.043221935629844666,0.0,0.051250260323286057,0.11607635021209717,0.07999287545681,0.015683095902204514,0.010029055178165436,0.05744093284010887,0.03318308666348457,0.013874894939363003,0.08272459357976913,0.03637286648154259,0.10966736078262329,0.03836877644062042,0.03225087374448776,0.07218160480260849,0.026395415887236595,0.02545216493308544,0.04782922565937042,0.038884785026311874,0.1381135880947113,0.04541313275694847,0.031091982498764992,0.02570544183254242,0.10052341222763062,0.11035484075546265,0.24681615829467773,0.016971882432699203,0.07897995412349701,0.07460799813270569,0.06549644470214844,0.006614085286855698,0.018308665603399277,0.05910511314868927,0.026686470955610275,0.010332344099879265,0.0
4920.0,0.017283055931329727,0.2999609410762787,0.14011743664741516,0.05217652767896652,0.03040180169045925,0.001760789193212986,0.19554874300956726,0.10866847634315491,0.019146129488945007,0.09341450780630112,0.06993959099054337,0.06300254911184311,0.03639489412307739,0.016706712543964386,0.016044950112700462,0.04549619182944298,0.04445164278149605,0.02961627021431923,0.024567415937781334,0.03011956624686718,0.0682261735200882,0.10215289145708084,0.04837936908006668,0.041847795248031616,0.0,0.049553461372852325,0.11251337081193924,0.0775698721408844,0.015164494514465332,0.009716370142996311,0.05553622171282768,0.032082490622997284,0.01341769378632307,0.07998494058847427,0.035167429596185684,0.10605885833501816,0.03710626810789108,0.031229112297296524,0.0700450986623764,0.025530453771352768,0.024628860875964165,0.04624820128083229,0.03759508579969406,0.1338583081960678,0.043978214263916016,0.030117157846689224,0.024871019646525383,0.09720169752836227,0.1067151352763176,0.23911860585212708,0.01642140932381153,0.07636023312807083,0.07219475507736206,0.06337085366249084,0.006404707208275795,0.017705097794532776,0.0571974515914917,0.025803156197071075,0.009993359446525574,0.0
4980.0,0.016720233485102654,0.29085150361061096,0.1355966180562973,0.0504659079015255,0.029359400272369385,0.001704849535599351,0.18914686143398285,0.10494738817214966,0.018490934744477272,0.09024626761674881,0.06756294518709183,0.060847628861665726,0.035154614597558975,0.016144059598445892,0.015510806813836098,0.043938130140304565,0.04292672500014305,0.02861945703625679,0.023778051137924194,0.029113570228219032,0.06590061634778976,0.0987018421292305,0.04671957716345787,0.04047365114092827,0.0,0.04785666614770889,0.10895039141178131,0.0751468688249588,0.014645894058048725,0.009403685107827187,0.053631506860256195,0.030981896445155144,0.012960492633283138,0.07724528759717941,0.03396198898553848,0.10245034843683243,0.03584375977516174,0.030207352712750435,0.06790859997272491,0.02466548979282379,0.023805558681488037,0.04466717690229416,0.03630538657307625,0.12960302829742432,0.04254329577088356,0.029142333194613457,0.024036597460508347,0.09387998282909393,0.10307543724775314,0.23142105340957642,0.01587093621492386,0.07374050468206406,0.06978150457143784,0.06124526634812355,0.006195328664034605,0.017101529985666275,0.05528979003429413,0.024919841438531876,0.009654373861849308,0.0
5040.0,0.01615740917623043,0.28174203634262085,0.13107579946517944,0.04875529184937477,0.02831699699163437,0.0016489098779857159,0.18274497985839844,0.10122629255056381,0.017835738137364388,0.0870780348777771,0.06518629938364029,0.05869270861148834,0.03391433507204056,0.015581406652927399,0.014976663514971733,0.04238006845116615,0.041401803493499756,0.0276226457208395,0.022988684475421906,0.028107572346925735,0.06357505917549133,0.09525079280138016,0.04505978897213936,0.03909951075911522,0.0,0.04615986719727516,0.10538740456104279,0.0727238655090332,0.014127292670309544,0.009091000072658062,0.051726795732975006,0.029881300404667854,0.012503291480243206,0.07450563460588455,0.03275655210018158,0.0988418459892273,0.034581251442432404,0.029185591265559196,0.06577209383249283,0.023800525814294815,0.02298225648701191,0.043086156249046326,0.035015687346458435,0.12534774839878082,0.0411083810031414,0.02816750667989254,0.02320217527449131,0.090558260679245,0.09943573921918869,0.22372350096702576,0.015320464968681335,0.07112077623605728,0.06736826151609421,0.059119679033756256,0.005985950585454702,0.016497962176799774,0.05338212847709656,0.024036526679992676,0.009315389208495617,0.0
5100.0,0.014619151130318642,0.26912161707878113,0.12458081543445587,0.04625440016388893,0.02654581144452095,0.0014298802707344294,0.17340241372585297,0.09503117948770523,0.01661364547908306,0.08210253715515137,0.06142452731728554,0.05514628067612648,0.03148913383483887,0.014370572753250599,0.013730217702686787,0.03978309407830238,0.03876560926437378,0.026094553992152214,0.02055404707789421,0.025812523439526558,0.05983824282884598,0.08990370482206345,0.042153093963861465,0.03708645701408386,0.0,0.04333576187491417,0.10034465789794922,0.06932349503040314,0.013274971395730972,0.008142353966832161,0.048324666917324066,0.027978654950857162,0.011608298867940903,0.06946664303541183,0.030570069327950478,0.0916791707277298,0.03207559138536453,0.026491543278098106,0.06280719488859177,0.022447526454925537,0.021114936098456383,0.04009734094142914,0.03273708000779152,0.11930873245000839,0.03724503889679909,0.025365915149450302,0.021356893703341484,0.08513127267360687,0.09356683492660522,0.21268753707408905,0.014095881953835487,0.06652341783046722,0.06372781097888947,0.05588884651660919,0.005430478602647781,0.015321689657866955,0.05051727220416069,0.022397302091121674,0.008624891750514507,0.0
5160.0,0.012992218136787415,0.2561820149421692,0.1179063618183136,0.043681662529706955,0.024708371609449387,0.00119602435734123,0.16379250586032867,0.0886111631989479,0.015340015292167664,0.07696273922920227,0.057536836713552475,0.05147334933280945,0.028956212103366852,0.013100814074277878,0.0124190179631114,0.03709167242050171,0.036028388887643814,0.02451816201210022,0.01796983927488327,0.023400288075208664,0.05597313120961189,0.0843842476606369,0.03913304582238197,0.035015322268009186,0.0,0.04040917381644249,0.0951673835515976,0.06583426892757416,0.012392312288284302,0.00713589321821928,0.04478641226887703,0.026003098115324974,0.010673506185412407,0.06421862542629242,0.0282943993806839,0.0841933935880661,0.029456915333867073,0.023645469918847084,0.0597669817507267,0.021050160750746727,0.019152704626321793,0.03698054328560829,0.030368570238351822,0.11310756206512451,0.03316092863678932,0.02239825204014778,0.0194197166711092,0.07951290160417557,0.08749527484178543,0.20134808123111725,0.012810016050934792,0.061746273189783096,0.05997580662369728,0.05255754292011261,0.004843543749302626,0.014093352481722832,0.04756540060043335,0.020689358934760094,0.007902438752353191,0.0
5220.0,0.011365285143256187,0.24324242770671844,0.11123190820217133,0.04110892862081528,0.022870933637022972,0.0009621684439480305,0.15418261289596558,0.08219113945960999,0.014066385105252266,0.07182294875383377,0.053649142384529114,0.047800421714782715,0.026423290371894836,0.011831054463982582,0.011107818223536015,0.034400250762701035,0.03329116851091385,0.022941770032048225,0.015385630540549755,0.02098805271089077,0.05210801959037781,0.07886479794979095,0.03611299768090248,0.03294418752193451,0.0,0.03748258575797081,0.08999010175466537,0.062345050275325775,0.011509653180837631,0.006129432935267687,0.041248153895139694,0.024027539417147636,0.009738713502883911,0.058970607817173004,0.02601873129606247,0.0767076164484024,0.026838241145014763,0.02079939655959606,0.05672676861286163,0.019652793183922768,0.01719047501683235,0.033863749355077744,0.028000062331557274,0.10690639168024063,0.029076822102069855,0.01943059079349041,0.017482537776231766,0.07389452308416367,0.08142371475696564,0.19000862538814545,0.01152415107935667,0.05696912854909897,0.0562237985432148,0.04922623559832573,0.004256608430296183,0.012865014374256134,0.04461352527141571,0.018981415778398514,0.007179986219853163,0.0
5280.0,0.009738351218402386,0.2303028404712677,0.10455746203660965,0.0385361947119236,0.021033495664596558,0.0007283124723471701,0.14457270503044128,0.07577111572027206,0.012792755849659443,0.06668315082788467,0.04976144805550575,0.04412749037146568,0.02389037050306797,0.010561295785009861,0.009796618483960629,0.03170882910490036,0.030553948134183884,0.02136537991464138,0.012801422737538815,0.018575815483927727,0.04824290797114372,0.07334534078836441,0.03309294953942299,0.030873052775859833,0.0,0.03455599769949913,0.08481282740831375,0.058855827897787094,0.01062699407339096,0.005122972186654806,0.03770989924669266,0.0220519807189703,0.008803920820355415,0.05372258648276329,0.02374306134879589,0.06922183930873871,0.024219566956162453,0.01795332320034504,0.05368655547499657,0.018255427479743958,0.015228243544697762,0.030746953561902046,0.025631552562117577,0.10070521384477615,0.024992715567350388,0.01646292768418789,0.015545360743999481,0.06827615201473236,0.07535215467214584,0.17866918444633484,0.010238285176455975,0.05219198390841484,0.052471790462732315,0.04589492827653885,0.0036696733441203833,0.011636677198112011,0.04166165366768837,0.017273474484682083,0.006457533221691847,0.0
5340.0,0.008111418224871159,0.21736323833465576,0.09788300842046738,0.03596345707774162,0.019196057692170143,0.0004944565589539707,0.134962797164917,0.06935109943151474,0.011519125662744045,0.061543356627225876,0.04587375372648239,0.04045455902814865,0.021357448771595955,0.00929153710603714,0.008485417813062668,0.029017407447099686,0.027816729620099068,0.019788987934589386,0.010217214934527874,0.016163580119609833,0.04437779635190964,0.06782589107751846,0.030072901397943497,0.028801918029785156,0.0,0.03162940964102745,0.07963555306196213,0.05536660552024841,0.00974433496594429,0.004116511903703213,0.03417164459824562,0.02007642202079296,0.00786912813782692,0.048474568873643875,0.02146739326417446,0.06173606216907501,0.021600892767310143,0.015107249841094017,0.0506463460624218,0.016858059912919998,0.013266012072563171,0.02763015776872635,0.02326304465532303,0.09450404345989227,0.02090860716998577,0.013495265506207943,0.013608182780444622,0.06265777349472046,0.06928059458732605,0.16732972860336304,0.008952420204877853,0.04741483926773071,0.04871978238224983,0.04256362468004227,0.003082738257944584,0.010408340021967888,0.03870977833867073,0.015565531328320503,0.005735080223530531,0.0
5400.0,0.007358829490840435,0.20792171359062195,0.09319089353084564,0.034179892390966415,0.018036548048257828,0.00042601689347065985,0.12829148769378662,0.06525243073701859,0.010756568983197212,0.05814706161618233,0.04331706836819649,0.038094040006399155,0.019881324842572212,0.008592858910560608,0.00780103774741292,0.02730029635131359,0.026106206700205803,0.018731458112597466,0.009152925573289394,0.014885193668305874,0.04185877740383148,0.06414812803268433,0.02819932997226715,0.027368292212486267,0.0,0.029760703444480896,0.07594664394855499,0.0528591014444828,0.009176620282232761,0.0036947124172002077,0.032000817358493805,0.01884187012910843,0.007324706297367811,0.04530743882060051,0.0200832299888134,0.05741145834326744,0.020087938755750656,0.013750575482845306,0.04843287169933319,0.01593245379626751,0.012222080491483212,0.025778215378522873,0.021800952032208443,0.09009699523448944,0.018995102494955063,0.012183128856122494,0.012560482136905193,0.0590316578745842,0.06533172726631165,0.15934401750564575,0.008259624242782593,0.044454678893089294,0.0461760088801384,0.0403163880109787,0.002804358722642064,0.009691115468740463,0.036702390760183334,0.014539987780153751,0.005324029363691807,0.0
5460.0,0.006685726810246706,0.19879820942878723,0.0886790007352829,0.03246806934475899,0.016938671469688416,0.0003726150607690215,0.12188731878995895,0.061364803463220596,0.010040473192930222,0.05490926653146744,0.040881380438804626,0.0358528308570385,0.018501272425055504,0.007946097292006016,0.0071736411191523075,0.025671759620308876,0.024489019066095352,0.01772109791636467,0.008226810954511166,0.013709884136915207,0.0394621305167675,0.06063779443502426,0.026429982855916023,0.02599262073636055,0.0,0.027988171204924583,0.072393037378788,0.050440847873687744,0.008637537248432636,0.003326064208522439,0.02995430678129196,0.017674682661890984,0.006815772503614426,0.04232948273420334,0.018780112266540527,0.05337423458695412,0.018675506114959717,0.012529301457107067,0.04629456251859665,0.015049735084176064,0.011261630803346634,0.02404125966131687,0.020421260967850685,0.08585304766893387,0.017278924584388733,0.011021493002772331,0.011593642644584179,0.05558665841817856,0.06157582998275757,0.1516631841659546,0.007620744872838259,0.041659701615571976,0.04374207556247711,0.03816770389676094,0.002554029691964388,0.00902035553008318,0.03478085994720459,0.013576480560004711,0.004941287916153669,0.0
5520.0,0.00601262366399169,0.18967469036579132,0.08416710048913956,0.03075624629855156,0.015840793028473854,0.00031921322806738317,0.11548314988613129,0.05747717246413231,0.009324378333985806,0.05167146772146225,0.038445692509412766,0.03361161798238754,0.017121220007538795,0.007299335207790136,0.006546244490891695,0.02404322288930416,0.0228718314319849,0.016710739582777023,0.0073006958700716496,0.01253457460552454,0.03706548362970352,0.0571274571120739,0.024660635739564896,0.024616951122879982,0.0,0.02621563896536827,0.06883943825960159,0.048022594302892685,0.008098454214632511,0.0029574159998446703,0.02790779434144497,0.016507495194673538,0.00630683870986104,0.03935152664780617,0.017476992681622505,0.04933701083064079,0.017263071611523628,0.011308027431368828,0.04415624961256981,0.014167016372084618,0.010301181115210056,0.02230430394411087,0.019041571766138077,0.0816091001033783,0.015562746673822403,0.009859858080744743,0.010626803152263165,0.05214165896177292,0.05781993269920349,0.14398236572742462,0.00698186457157135,0.03886472433805466,0.041308142244815826,0.03601901978254318,0.002303700428456068,0.00834959652274847,0.032859332859516144,0.012612973339855671,0.004558546002954245,0.0
5580.0,0.005339520983397961,0.1805511713027954,0.07965520024299622,0.02904442325234413,0.014742914587259293,0.00026581139536574483,0.10907898098230362,0.05358954146504402,0.008608282543718815,0.04843367263674736,0.0360100083053112,0.031370408833026886,0.015741167590022087,0.006652573589235544,0.00591884832829237,0.022414688020944595,0.02125464379787445,0.015700379386544228,0.006374581251293421,0.011359266005456448,0.03466883674263954,0.053617123514413834,0.022891288623213768,0.023241279646754265,0.0,0.02444310486316681,0.0652858316898346,0.045604340732097626,0.007559371646493673,0.0025887677911669016,0.025861281901597977,0.015340307727456093,0.005797904450446367,0.0363735668361187,0.016173874959349632,0.04529978707432747,0.01585063710808754,0.010086752474308014,0.04201793670654297,0.013284297659993172,0.009340731427073479,0.02056734822690487,0.01766188070178032,0.07736515253782272,0.013846569694578648,0.00869822222739458,0.00965996365994215,0.04869665950536728,0.054064031690359116,0.13630153238773346,0.006342984735965729,0.03606974706053734,0.03887420892715454,0.033870335668325424,0.002053371397778392,0.0076788365840911865,0.03093780390918255,0.01164946611970663,0.004175804555416107,0.0
5640.0,0.004666417837142944,0.1714276522397995,0.07514329999685287,0.027332600206136703,0.013645037077367306,0.0002124095626641065,0.10267481207847595,0.049701910465955734,0.007892186753451824,0.04519587755203247,0.03357432037591934,0.02912919968366623,0.014361116103827953,0.006005811505019665,0.005291451700031757,0.02078615128993988,0.019637456163764,0.014690018258988857,0.005448466632515192,0.01018395647406578,0.03227218985557556,0.05010678619146347,0.02112194150686264,0.021865610033273697,0.0,0.022670572623610497,0.061732228845357895,0.04318608343601227,0.007020288612693548,0.002220119582489133,0.023814769461750984,0.014173120260238647,0.005288970656692982,0.03339561074972153,0.014870758168399334,0.04126256704330444,0.0144382044672966,0.008865478448569775,0.03987962380051613,0.012401578947901726,0.008380281738936901,0.018830392509698868,0.01628218963742256,0.07312120497226715,0.012130391784012318,0.007536587305366993,0.00869312509894371,0.04525166004896164,0.05030813440680504,0.1286207139492035,0.005704104900360107,0.03327476978302002,0.036440279334783554,0.031721651554107666,0.0018030422506853938,0.00700807711109519,0.029016274958848953,0.01068595889955759,0.003793062875047326,0.0
5700.0,0.004304422996938229,0.16457980871200562,0.07185857743024826,0.02610033005475998,0.012910845689475536,0.00019034795695915818,0.09805960953235626,0.04707888886332512,0.007431868463754654,0.042952198535203934,0.03189276158809662,0.02760927379131317,0.013491440564393997,0.0056147207506000996,0.004925785586237907,0.019687924534082413,0.01856398954987526,0.013981497846543789,0.004985334817320108,0.009491709992289543,0.030629165470600128,0.047658246010541916,0.019953934475779533,0.02087654359638691,0.0,0.021474473178386688,0.059116657823324203,0.04139364883303642,0.006654475815594196,0.0020337929017841816,0.022475047037005424,0.013398357667028904,0.004968403838574886,0.031470030546188354,0.01402320060878992,0.03873453289270401,0.013553712517023087,0.008195729926228523,0.03827757388353348,0.011788718402385712,0.007813065312802792,0.017720121890306473,0.015374815091490746,0.07000410556793213,0.011199775151908398,0.006929595023393631,0.008115541189908981,0.042907729744911194,0.047737400978803635,0.12302091717720032,0.005323460791260004,0.03143134340643883,0.034719131886959076,0.030208256095647812,0.0016662122216075659,0.006584785878658295,0.027654187753796577,0.010065274313092232,0.0035560273099690676,0.0
5760.0,0.003970711026340723,0.15793883800506592,0.06868541240692139,0.024911656975746155,0.012209717184305191,0.0001711354561848566,0.09360703080892563,0.04457083344459534,0.006994802039116621,0.040798891335725784,0.03027976304292679,0.02615492045879364,0.01266816258430481,0.005246872082352638,0.004583913367241621,0.01863790675997734,0.01753995381295681,0.013300416991114616,0.004564292263239622,0.008843377232551575,0.02905465103685856,0.04530623182654381,0.018840594217181206,0.01992262527346611,0.0,0.020330777391791344,0.056586362421512604,0.03965810686349869,0.006304414942860603,0.0018640406196936965,0.021199578419327736,0.012659270316362381,0.004664961714297533,0.029640119522809982,0.013217058032751083,0.03634369745850563,0.012717216275632381,0.007576120551675558,0.0367242768406868,0.011200389824807644,0.007281596772372723,0.016666822135448456,0.014510378241539001,0.06698944419622421,0.010340572334825993,0.006373025011271238,0.007573344279080629,0.04066389054059982,0.04527440667152405,0.11761030554771423,0.00496629299595952,0.02967442013323307,0.03306278958916664,0.028752615675330162,0.0015397000825032592,0.006183991674333811,0.026342958211898804,0.009475755505263805,0.0033322377130389214,0.0
5820.0,0.00363699859008193,0.15129786729812622,0.06551223993301392,0.02372298389673233,0.011508588679134846,0.000151922955410555,0.08915445953607559,0.042062778025865555,0.006557736080139875,0.038645584136247635,0.028666764497756958,0.02470056712627411,0.011844884604215622,0.004879023879766464,0.004242040682584047,0.017587890848517418,0.01651591621339321,0.01261933520436287,0.004143249709159136,0.008195045404136181,0.02748013660311699,0.0429542176425457,0.017727253958582878,0.018968705087900162,0.0,0.019187081605196,0.054056067019701004,0.03792256861925125,0.005954354535788298,0.001694288570433855,0.019924109801650047,0.011920182965695858,0.00436151959002018,0.02781021036207676,0.01241091638803482,0.03395286574959755,0.011880720034241676,0.00695651164278388,0.03517097979784012,0.01061206217855215,0.006750128697603941,0.015613523311913013,0.013645941391587257,0.0639747902750969,0.009481370449066162,0.005816454999148846,0.007031147368252277,0.03842005506157875,0.04281141236424446,0.11219970136880875,0.004609125200659037,0.02791750058531761,0.03140644356608391,0.02729697711765766,0.0014131880598142743,0.005783197470009327,0.02503173053264618,0.008886236697435379,0.0031084478832781315,0.0
5880.0,0.003303286386653781,0.14465689659118652,0.06233907490968704,0.022534310817718506,0.0108074601739645,0.00013271046918816864,0.08470188826322556,0.03955472260713577,0.00612067012116313,0.036492276936769485,0.02705376408994198,0.023246215656399727,0.011021606624126434,0.004511175211519003,0.003900168463587761,0.016537874937057495,0.015491880476474762,0.011938254348933697,0.0037222071550786495,0.007546713575720787,0.02590562216937542,0.04060220345854759,0.01661391369998455,0.018014786764979362,0.0,0.018043385818600655,0.0515257753431797,0.036187026649713516,0.005604293663054705,0.0015245364047586918,0.01864864118397236,0.01118109654635191,0.0040580774657428265,0.025980299338698387,0.011604773811995983,0.03156203031539917,0.011044223792850971,0.006336902268230915,0.03361768275499344,0.010023733600974083,0.006218660622835159,0.014560223557054996,0.012781505472958088,0.06096012890338898,0.008622168563306332,0.005259884987026453,0.006488950457423925,0.03617621958255768,0.04034842178225517,0.10678908973932266,0.004251957405358553,0.026160579174757004,0.029750095680356026,0.02584133669734001,0.0012866760371252894,0.005382403265684843,0.023720500990748405,0.008296717889606953,0.0028846582863479853,0.0
5940.0,0.0029695741832256317,0.13801592588424683,0.05916590988636017,0.02134563773870468,0.01010633073747158,0.00011349796841386706,0.08024931699037552,0.03704666718840599,0.005683604162186384,0.034338969737291336,0.025440765544772148,0.021791862323880196,0.010198329575359821,0.004143327008932829,0.003558296011760831,0.015487858094274998,0.014467843808233738,0.011257173493504524,0.0033011646009981632,0.006898381281644106,0.024331109598279,0.038250189274549484,0.015500573441386223,0.017060866579413414,0.0,0.01689969003200531,0.0489954799413681,0.03445148468017578,0.005254232790321112,0.0013547842390835285,0.01737317256629467,0.010442009195685387,0.0037546351086348295,0.024150388315320015,0.010798631235957146,0.02917119674384594,0.010207727551460266,0.00571729289367795,0.03206438571214676,0.00943540595471859,0.005687192548066378,0.01350692380219698,0.011917068623006344,0.05794546753168106,0.007762966211885214,0.00470331497490406,0.005946754012256861,0.033932384103536606,0.037885427474975586,0.10137848556041718,0.0038947893772274256,0.024403657764196396,0.028093751519918442,0.024385696277022362,0.0011601640144363046,0.004981609061360359,0.02240927331149578,0.007707198616117239,0.002660868689417839,0.0
6000.0,0.002771001076325774,0.13291238248348236,0.056788671761751175,0.020463356748223305,0.009615886025130749,0.00010387201473349705,0.07694143056869507,0.03527989238500595,0.005387149751186371,0.03278942033648491,0.024283504113554955,0.020763186737895012,0.009648351930081844,0.003905119840055704,0.0033428415190428495,0.014748482964932919,0.013755695894360542,0.010762331075966358,0.003062804928049445,0.0064866323955357075,0.02320779673755169,0.0365486815571785,0.014729660004377365,0.0163535475730896,0.0,0.016093941405415535,0.04708255082368851,0.03313170000910759,0.005006513092666864,0.0012579926988109946,0.01649574562907219,0.009928024373948574,0.003551998408511281,0.02290353924036026,0.010246852412819862,0.027581749483942986,0.009651592932641506,0.005343508441001177,0.030872508883476257,0.009011386893689632,0.005348995793610811,0.012795581482350826,0.011320255696773529,0.0556703545153141,0.007248737383633852,0.004378679674118757,0.005598795134574175,0.03234117850661278,0.03613049164414406,0.09732019901275635,0.0036660272162407637,0.023187952116131783,0.026882128790020943,0.023324331268668175,0.0010840214090421796,0.004713578149676323,0.02144821546971798,0.007306678220629692,0.002513329731300473,0.0
6060.0,0.0025847135111689568,0.1279486119747162,0.05448378995060921,0.019608929753303528,0.00914459303021431,9.511756070423871e-05,0.07373759895563126,0.03358050435781479,0.005103478208184242,0.03129475563764572,0.023167673498392105,0.0197732113301754,0.009123221039772034,0.003678698092699051,0.003138879546895623,0.014037348330020905,0.013071902096271515,0.010284419171512127,0.002841052832081914,0.006096390541642904,0.022125501185655594,0.034906309098005295,0.013989876955747604,0.01566864550113678,0.0,0.0153189143165946,0.04522574320435524,0.03184971585869789,0.0047680968418717384,0.0011678338050842285,0.01565450243651867,0.009434503503143787,0.003358525922521949,0.02170969545841217,0.009718197397887707,0.02606515772640705,0.009120945818722248,0.0049920715391635895,0.02971348911523819,0.008602304384112358,0.0050283693708479404,0.012115325778722763,0.010747771710157394,0.05346246808767319,0.006765869911760092,0.004075129050761461,0.005268495064228773,0.030809305608272552,0.03443992882966995,0.09338486194610596,0.003448938252404332,0.022021448239684105,0.0257109347730875,0.02229881100356579,0.0010124577675014734,0.004457616247236729,0.020518992096185684,0.006923339795321226,0.0023727223742753267,0.0
6120.0,0.0023984257131814957,0.12298483401536942,0.05217890813946724,0.01875450275838375,0.00867330003529787,8.636311395093799e-05,0.07053376734256744,0.03188111633062363,0.004819806665182114,0.029800089076161385,0.022051842883229256,0.01878323405981064,0.008598089218139648,0.0034522763453423977,0.0029349173419177532,0.01332621369510889,0.012388107366859913,0.009806507267057896,0.0026193007361143827,0.005706149153411388,0.021043207496404648,0.03326393663883209,0.013250093907117844,0.014983744360506535,0.0,0.014543888159096241,0.04336893931031227,0.030567729845643044,0.0045296805910766125,0.0010776750277727842,0.014813259243965149,0.008940981701016426,0.0031650534365326166,0.02051585167646408,0.009189542382955551,0.024548565968871117,0.00859029870480299,0.004640634637326002,0.028554467484354973,0.008193221874535084,0.004707743413746357,0.011435069143772125,0.01017528772354126,0.05125458538532257,0.006283002905547619,0.003771578660234809,0.004938194528222084,0.029277432709932327,0.03274936228990555,0.08944951742887497,0.0032318492885679007,0.020854944363236427,0.02453974261879921,0.021273288875818253,0.0009408942423760891,0.004201654810458422,0.01958976872265339,0.006540000904351473,0.002232115250080824,0.0
6180.0,0.0022121381480246782,0.11802105605602264,0.04987403005361557,0.017900075763463974,0.008202007971704006,7.760865992167965e-05,0.06732993572950363,0.030181728303432465,0.004536135122179985,0.028305424377322197,0.020936012268066406,0.017793258652091026,0.008072958327829838,0.003225854830816388,0.002730955369770527,0.012615079060196877,0.011704313568770885,0.009328596293926239,0.0023975486401468515,0.005315907299518585,0.019960911944508553,0.03162156417965889,0.012510309927165508,0.01429884321987629,0.0,0.013768862001597881,0.041512131690979004,0.029285745695233345,0.004291264805942774,0.0009875161340460181,0.013972016051411629,0.00844746083021164,0.0029715809505432844,0.01932200789451599,0.008660887368023396,0.023031972348690033,0.008059651590883732,0.004289198201149702,0.027395445853471756,0.007784140296280384,0.004387116990983486,0.010754813440144062,0.0096028046682477,0.049046702682971954,0.005800135433673859,0.0034680282697081566,0.004607893992215395,0.027745559811592102,0.031058795750141144,0.08551417291164398,0.003014760557562113,0.01968844048678875,0.02336854860186577,0.020247766748070717,0.0008693306590430439,0.0039456929080188274,0.018660547211766243,0.006156662479043007,0.002091508125886321,0.0
6240.0,0.002025850350037217,0.11305727809667587,0.0475691482424736,0.017045648768544197,0.007730714976787567,6.885421316837892e-05,0.06412611156702042,0.02848234213888645,0.0042524635791778564,0.02681075967848301,0.019820181652903557,0.016803281381726265,0.0075478265061974525,0.002999433083459735,0.002526993164792657,0.011903944425284863,0.011020519770681858,0.008850684389472008,0.0021757965441793203,0.004925665911287069,0.018878618255257607,0.029979193583130836,0.011770526878535748,0.013613942079246044,0.0,0.012993835844099522,0.039655327796936035,0.028003759682178497,0.004052848555147648,0.0008973572985269129,0.013130773790180683,0.007953939959406853,0.0027781084645539522,0.0181281641125679,0.00813223235309124,0.0215153805911541,0.007529004942625761,0.003937761299312115,0.02623642422258854,0.007375058252364397,0.004066490568220615,0.010074557736515999,0.009030320681631565,0.04683881625533104,0.005317267961800098,0.003164478112012148,0.004277593456208706,0.026213686913251877,0.02936823107302189,0.08157883584499359,0.0027976715937256813,0.018521936610341072,0.022197356447577477,0.01922224462032318,0.0007977670757099986,0.003689731238409877,0.017731323838233948,0.005773323588073254,0.0019509008852764964,0.0
6300.0,0.001906646997667849,0.10916557163000107,0.045800648629665375,0.016395149752497673,0.007388985715806484,6.389186455635354e-05,0.06168508157134056,0.027243098244071007,0.0040517947636544704,0.025701668113470078,0.01899423450231552,0.016078975051641464,0.0071807969361543655,0.0028449788223952055,0.0023907325230538845,0.011385534889996052,0.010527041740715504,0.008493241854012012,0.0020389582496136427,0.00466341944411397,0.0180811770260334,0.02875518798828125,0.01123849768191576,0.013092949986457825,0.0,0.012428617104887962,0.03821966424584389,0.02700762078166008,0.0038783452473580837,0.0008414342300966382,0.012528938241302967,0.007597777992486954,0.002642923267558217,0.01728058233857155,0.007755547296255827,0.02045941725373268,0.0071595171466469765,0.0037105833180248737,0.02532890811562538,0.00707112206146121,0.0038507007993757725,0.009594998322427273,0.008619575761258602,0.04513423517346382,0.005006961524486542,0.0029730673413723707,0.004053841345012188,0.02509053610265255,0.028123917058110237,0.07855628430843353,0.0026508348528295755,0.017683491110801697,0.02131645195186138,0.018452974036335945,0.0007515862816944718,0.0035106807481497526,0.017031272873282433,0.005501794628798962,0.0018536389106884599,0.0
6360.0,0.0017935421783477068,0.10537132620811462,0.044080913066864014,0.015763189643621445,0.007059035357087851,5.9274258092045784e-05,0.05931340157985687,0.02604568749666214,0.0038586712907999754,0.024627627804875374,0.018194640055298805,0.015378821641206741,0.006828140467405319,0.0026970673352479935,0.0022606265265494585,0.010884646326303482,0.010050864890217781,0.00814675074070692,0.001909839571453631,0.004412809386849403,0.017309632152318954,0.02756921574473381,0.0107253547757864,0.012586859054863453,0.0,0.011882472783327103,0.03682228922843933,0.026037467643618584,0.0037096524611115456,0.0007886234670877457,0.011948867700994015,0.007254102732986212,0.0025130368303507566,0.01646447740495205,0.007392677944153547,0.019445329904556274,0.006804679520428181,0.0034947015810757875,0.024444257840514183,0.006776744965463877,0.0036444414872676134,0.009133684448897839,0.008223534561693668,0.04347541183233261,0.004712342284619808,0.002791851293295622,0.0038397752214223146,0.02400454506278038,0.026920169591903687,0.07561671733856201,0.0025103844236582518,0.01687486656010151,0.02046193927526474,0.01770699769258499,0.0007077129557728767,0.0033386223949491978,0.016352057456970215,0.005240429658442736,0.0017603174783289433,0.0
6420.0,0.0016804373590275645,0.10157708078622818,0.042361173778772354,0.015131230466067791,0.00672908453270793,5.465664798975922e-05,0.05694172531366348,0.024848276749253273,0.0036655478179454803,0.02355358749628067,0.01739504560828209,0.014678668230772018,0.006475483998656273,0.002549155615270138,0.0021305205300450325,0.010383757762610912,0.009574688971042633,0.007800259627401829,0.0017807207768782973,0.00416219886392355,0.016538087278604507,0.02638324350118637,0.010212210938334465,0.012080767191946507,0.0,0.011336327530443668,0.035424910485744476,0.025067316368222237,0.0035409596748650074,0.0007358127040788531,0.011368798092007637,0.006910427939146757,0.0023831503931432962,0.01564837247133255,0.007029809057712555,0.018431242555379868,0.006449842359870672,0.003278820076957345,0.023559605702757835,0.006482367869466543,0.003438182407990098,0.008672370575368404,0.00782749243080616,0.0418165847659111,0.004417723510414362,0.0026106350123882294,0.0036257090978324413,0.02291855216026306,0.025716423988342285,0.0726771429181099,0.0023699342273175716,0.01606624387204647,0.01960742473602295,0.016961021348834038,0.0006638396298512816,0.003166564041748643,0.015672842040657997,0.00497906468808651,0.0016669960459694266,0.0
6480.0,0.0015673324232921004,0.09778282791376114,0.04064143821597099,0.014499270357191563,0.006399133708328009,5.003903788747266e-05,0.054570045322179794,0.023650866001844406,0.003472424577921629,0.022479549050331116,0.016595451161265373,0.013978513889014721,0.006122827064245939,0.002401243895292282,0.0020004145335406065,0.009882868267595768,0.009098513051867485,0.007453768979758024,0.001651601865887642,0.003911588806658983,0.01576654240489006,0.025197269394993782,0.009699068032205105,0.011574676260352135,0.0,0.010790182277560234,0.03402753174304962,0.02409716323018074,0.0033722666557878256,0.0006830019410699606,0.010788727551698685,0.006566752679646015,0.0022532641887664795,0.01483226753771305,0.006666939705610275,0.01741715706884861,0.006095005199313164,0.003062938340008259,0.022674953565001488,0.00618799077346921,0.003231923095881939,0.00821105670183897,0.007431451231241226,0.040157757699489594,0.004123104270547628,0.0024294189643114805,0.003411642974242568,0.021832559257745743,0.024512678384780884,0.06973757594823837,0.0022294840309768915,0.015257622115314007,0.018752912059426308,0.016215045005083084,0.0006199663039296865,0.002994505688548088,0.014993625693023205,0.004717700183391571,0.0015736747300252318,0.0
6540.0,0.0014542276039719582,0.0939885824918747,0.038921698927879333,0.013867310248315334,0.006069182883948088,4.5421431423164904e-05,0.052198365330696106,0.02245345525443554,0.003279301105067134,0.021405508741736412,0.015795856714248657,0.013278359547257423,0.005770170595496893,0.0022533321753144264,0.0018703086534515023,0.009381979703903198,0.008622336201369762,0.007107277866452932,0.0015224830713123083,0.003660978516563773,0.014994996599853039,0.024011297151446342,0.009185925126075745,0.011068585328757763,0.0,0.0102440370246768,0.032630156725645065,0.023127010092139244,0.0032035738695412874,0.0006301911780610681,0.010208657011389732,0.006223077420145273,0.002123377751559019,0.014016162604093552,0.006304070353507996,0.016403069719672203,0.005740168038755655,0.0028470566030591726,0.02179030328989029,0.005893613677471876,0.0030256640166044235,0.007749742828309536,0.007035409566015005,0.038498930633068085,0.003828485030680895,0.0022482029162347317,0.0031975768506526947,0.020746568217873573,0.023308932781219482,0.06679800897836685,0.0020890338346362114,0.014448998495936394,0.017898397520184517,0.01546906866133213,0.0005760929780080914,0.0028224473353475332,0.014314410276710987,0.004456335213035345,0.0014803532976657152,0.0
6600.0,0.001377779757604003,0.09096227586269379,0.03757519647479057,0.013375775888562202,0.005822815466672182,4.256940519553609e-05,0.050352491438388824,0.021555153653025627,0.0031379894353449345,0.020588001236319542,0.015188497491180897,0.012751663103699684,0.005514634307473898,0.002148224739357829,0.0017793700098991394,0.009006313979625702,0.008268165402114391,0.006841791328042746,0.0014375897590070963,0.0034849976655095816,0.014411190524697304,0.023105300962924957,0.008805349469184875,0.010675233788788319,0.0,0.00983428955078125,0.031528860330581665,0.02235916070640087,0.003076631808653474,0.0005953334039077163,0.00978028867393732,0.0059674582444131374,0.00202928320504725,0.013417243026196957,0.0060369824059307575,0.01567051373422146,0.005483833607286215,0.0026999935507774353,0.02108549326658249,0.005669312085956335,0.0028806535992771387,0.007413134910166264,0.006742249708622694,0.03719324246048927,0.0036286942195147276,0.002127086278051138,0.0030462995637208223,0.019928187131881714,0.02239888533949852,0.06449445337057114,0.0019898994360119104,0.013849552720785141,0.017240552231669426,0.01489607710391283,0.0005462453700602055,0.0026976880617439747,0.013790796510875225,0.004264886025339365,0.0014132942305877805,0.0
6660.0,0.0013046644162386656,0.08800577372312546,0.0362626276910305,0.012897007167339325,0.0055840457789599895,3.987789023085497e-05,0.04855441674590111,0.020684044808149338,0.003001387929543853,0.019793815910816193,0.014598612673580647,0.012240735813975334,0.005267926957458258,0.002047008601948619,0.0016919920453801751,0.00864203181117773,0.007925084792077541,0.006583669222891331,0.0013567168498411775,0.0033158010337501764,0.013844450935721397,0.022224755957722664,0.00843682512640953,0.010292131453752518,0.0,0.00943694170564413,0.030454479157924652,0.021609704941511154,0.0029534855857491493,0.0005621077143587172,0.009365711361169815,0.005719844251871109,0.0019384424667805433,0.01283806748688221,0.0057786013931035995,0.014963551424443722,0.005236453842371702,0.0025591866578906775,0.020397033542394638,0.005451380740851164,0.002741211326792836,0.007087863516062498,0.0064584421925246716,0.035919658839702606,0.0034375241957604885,0.0020114334765821695,0.002900730585679412,0.01913413591682911,0.021515538915991783,0.06224871426820755,0.0018945211777463555,0.013269122689962387,0.016600586473941803,0.014338810928165913,0.0005176728591322899,0.002577228704467416,0.013281328603625298,0.004079792648553848,0.0013486227253451943,0.0
6720.0,0.0012315490748733282,0.08504927903413773,0.03495005518198013,0.012418238446116447,0.005345276556909084,3.718637162819505e-05,0.04675634577870369,0.0198129341006279,0.002864786423742771,0.018999630585312843,0.014008728787302971,0.011729808524250984,0.005021220073103905,0.0019457924645394087,0.0016046141972765326,0.00827774964272976,0.007582005113363266,0.0063255466520786285,0.0012758439406752586,0.003146604634821415,0.013277712278068066,0.02134421095252037,0.008068300783634186,0.009909029118716717,0.0,0.009039592929184437,0.02938009984791279,0.020860247313976288,0.002830339130014181,0.000528882083017379,0.00895113404840231,0.005472229793667793,0.0018476017285138369,0.012258892878890038,0.005520220380276442,0.014256589114665985,0.0049890740774571896,0.0024183797650039196,0.019708573818206787,0.005233449395745993,0.00260176882147789,0.006762592121958733,0.006174635142087936,0.03464607149362564,0.0032463539391756058,0.0018957804422825575,0.002755161374807358,0.018340082839131355,0.020632194355130196,0.060002975165843964,0.0017991429194808006,0.012688692659139633,0.01596062071621418,0.013781544752418995,0.0004891002899967134,0.002456769347190857,0.012771861627697945,0.003894699504598975,0.0012839512201026082,0.0
6780.0,0.001158433617092669,0.08209278434515,0.033637482672929764,0.01193946972489357,0.005106507334858179,3.449485666351393e-05,0.04495827108621597,0.01894182525575161,0.0027281849179416895,0.018205447122454643,0.013418844901025295,0.01121888030320406,0.0047745127230882645,0.0018445762107148767,0.0015172362327575684,0.007913467474281788,0.007238925434648991,0.006067424546927214,0.0011949710315093398,0.0029774082358926535,0.01271097268909216,0.020463665947318077,0.007699775975197554,0.009525926783680916,0.0,0.008642245084047318,0.028305718675255775,0.02011078968644142,0.0027071929071098566,0.00049565639346838,0.008536556735634804,0.005224615801125765,0.0017567608738318086,0.01167971733957529,0.005261839833110571,0.013549626804888248,0.004741694778203964,0.0022775728721171618,0.019020114094018936,0.0050155180506408215,0.0024623265489935875,0.006437321193516254,0.005890828091651201,0.033372487872838974,0.003055183682590723,0.0017801274079829454,0.0026095921639353037,0.01754603162407875,0.01974884793162346,0.05775723606348038,0.0017037646612152457,0.012108263559639454,0.015320654027163982,0.013224278576672077,0.00046052774996496737,0.002336309989914298,0.012262393720448017,0.0037096061278134584,0.001219279714860022,0.0
6840.0,0.0010853182757273316,0.07913628965616226,0.032324910163879395,0.011460701003670692,0.004867738112807274,3.180334169883281e-05,0.043160196393728256,0.01807071641087532,0.002591583179309964,0.017411261796951294,0.012828960083425045,0.01070795301347971,0.0045278058387339115,0.0017433600733056664,0.001429858268238604,0.007549185771495104,0.006895845290273428,0.0058093019761145115,0.001114098122343421,0.0028082116041332483,0.012144234031438828,0.019583120942115784,0.007331251632422209,0.009142824448645115,0.0,0.008244897238910198,0.027231339365243912,0.019361332058906555,0.0025840464513748884,0.00046243073302321136,0.008121979422867298,0.004977001342922449,0.001665920135565102,0.011100542731583118,0.005003458820283413,0.012842664495110512,0.004494315013289452,0.0021367657463997602,0.018331654369831085,0.004797586239874363,0.002322884276509285,0.006112049799412489,0.005607021041214466,0.03209890052676201,0.002864013658836484,0.0016644744900986552,0.0024640229530632496,0.016751978546380997,0.018865501508116722,0.05551149696111679,0.0016083864029496908,0.0115278335288167,0.014680687338113785,0.01266701240092516,0.00043195520993322134,0.002215850632637739,0.01175292581319809,0.0035245127510279417,0.001154608209617436,0.0
6900.0,0.00103374058380723,0.0767427533864975,0.03127921000123024,0.011081447824835777,0.004685045685619116,3.0032497306820005e-05,0.04173507168889046,0.017401549965143204,0.00248881452716887,0.016793670132756233,0.012371042743325233,0.010314565151929855,0.004343696404248476,0.0016690246993675828,0.0013665418373420835,0.007269416935741901,0.006634194869548082,0.00560744060203433,0.0010582749964669347,0.0026851457078009844,0.011705713346600533,0.018896251916885376,0.00705086812376976,0.008839540183544159,0.0,0.007939646020531654,0.026370538398623466,0.01875864341855049,0.002489204052835703,0.0004394264833535999,0.007807687856256962,0.004788157995790243,0.001598141505382955,0.010663747787475586,0.004808117635548115,0.012316416949033737,0.004310166463255882,0.0020368159748613834,0.017774833366274834,0.004627962131053209,0.00222136196680367,0.005867907777428627,0.005391441285610199,0.031079618260264397,0.0027288037817925215,0.001583610661327839,0.0023575949016958475,0.016139695420861244,0.018182506784796715,0.05372104421257973,0.0015387223102152348,0.01108639594167471,0.014178184792399406,0.012230290099978447,0.00041169492760673165,0.002125904895365238,0.01135241985321045,0.003385139163583517,0.0011066764127463102,0.0
6960.0,0.0009841209976002574,0.074400395154953,0.030257772654294968,0.010711241513490677,0.004507451318204403,2.834535189322196e-05,0.04034385457634926,0.016750743612647057,0.002389121800661087,0.016192132607102394,0.011925122700631618,0.009931863285601139,0.004165277350693941,0.0015971329994499683,0.0013054127339273691,0.006997331976890564,0.006379947531968355,0.00541069358587265,0.0010047291871160269,0.002566273557022214,0.011278849095106125,0.0182269886136055,0.006778497248888016,0.008543511852622032,0.0,0.007642767857760191,0.025529153645038605,0.018169298768043518,0.00239693489857018,0.0004173514898866415,0.007502513471990824,0.004604657646268606,0.0015324592823162675,0.010239897295832634,0.004618506878614426,0.01180659793317318,0.004131766501814127,0.001940580434165895,0.01722997985780239,0.004462729673832655,0.002123286947607994,0.005631140433251858,0.005182063672691584,0.03008345328271389,0.0025986810214817524,0.001505909487605095,0.0022547252010554075,0.01554393582046032,0.017517725005745888,0.051971979439258575,0.0014713958371430635,0.010657593607902527,0.013688178732991219,0.01180452574044466,0.00039219026803039014,0.002038733335211873,0.010961819440126419,0.0032499220687896013,0.0010602663969621062,0.0
7020.0,0.000934501294977963,0.07205803692340851,0.029236333444714546,0.010341035202145576,0.004329856485128403,2.665820466063451e-05,0.03895263373851776,0.01609993726015091,0.0022894288413226604,0.01559059601277113,0.011479201726615429,0.009549160487949848,0.0039868587628006935,0.0015252412995323539,0.0012442836305126548,0.006725246552377939,0.006125699728727341,0.00521394656971097,0.0009511833195574582,0.0024474014062434435,0.010851984843611717,0.017557727172970772,0.006506126839667559,0.00824748445302248,0.0,0.007345889694988728,0.024687768891453743,0.017579955980181694,0.002304665744304657,0.00039527646731585264,0.007197338622063398,0.004421157296746969,0.0014667771756649017,0.009816046804189682,0.004428896587342024,0.011296778917312622,0.003953366074711084,0.0018443448934704065,0.01668512634932995,0.004297496750950813,0.0020252119284123182,0.005394373554736376,0.004972686525434256,0.029087288305163383,0.002468558494001627,0.0014282084302976727,0.0021518555004149675,0.014948176220059395,0.01685294508934021,0.050222910940647125,0.0014040693640708923,0.010228791274130344,0.01319817267358303,0.011378761380910873,0.00037268560845404863,0.001951561775058508,0.010571219027042389,0.003114704741165042,0.0010138562647625804,0.0
7080.0,0.0008848815923556685,0.06971567869186401,0.028214894235134125,0.009970828890800476,0.00415226211771369,2.4971059247036465e-05,0.037561412900686264,0.015449131838977337,0.002189735881984234,0.014989059418439865,0.011033281683921814,0.009166458621621132,0.0038084399420768023,0.0014533497160300612,0.0011831545270979404,0.0064531611278653145,0.0058714523911476135,0.00501719955354929,0.0008976374519988894,0.002328529255464673,0.010425119660794735,0.016888463869690895,0.006233755964785814,0.007951456122100353,0.0,0.007049011532217264,0.02384638413786888,0.01699061132967472,0.0022123963572084904,0.00037320147384889424,0.00689216423779726,0.004237656947225332,0.001401095069013536,0.00939219631254673,0.004239286296069622,0.010786959901452065,0.0037749658804386854,0.001748109352774918,0.016140272840857506,0.004132264293730259,0.0019271367928013206,0.005157606676220894,0.00476330891251564,0.028091125190258026,0.0023384359665215015,0.0013505072565749288,0.0020489857997745275,0.014352417550981045,0.016188163310289383,0.048473846167325974,0.0013367428909987211,0.009799989871680737,0.012708166614174843,0.010952996090054512,0.0003531809779815376,0.001864390098489821,0.010180617682635784,0.0029794874135404825,0.0009674462489783764,0.0
7140.0,0.0008352618897333741,0.06737332791090012,0.027193455025553703,0.009600621648132801,0.00397466728463769,2.328391383343842e-05,0.03617019206285477,0.01479832548648119,0.0020900429226458073,0.0143875228241086,0.010587360709905624,0.008783755823969841,0.003630021121352911,0.0013814580161124468,0.001122025540098548,0.00618107570335269,0.005617204587906599,0.004820452071726322,0.0008440916426479816,0.002209656871855259,0.009998255409300327,0.01621920056641102,0.005961385555565357,0.007655428256839514,0.0,0.0067521329037845135,0.02300500124692917,0.016401266679167747,0.0021201272029429674,0.0003511264512781054,0.006586989387869835,0.004054156597703695,0.0013354128459468484,0.008968344889581203,0.004049675539135933,0.010277140885591507,0.00359656591899693,0.0016518736956641078,0.015595419332385063,0.003967031370848417,0.0018290617736056447,0.004920839797705412,0.004553931765258312,0.02709496021270752,0.0022083132062107325,0.0012728060828521848,0.0019461162155494094,0.01375665795058012,0.01552338246256113,0.04672478139400482,0.00126941641792655,0.009371187537908554,0.012218160554766655,0.010527231730520725,0.00033367631840519607,0.0017772185383364558,0.009790017269551754,0.0028442703187465668,0.0009210361749865115,0.0
7200.0,0.0007990366430021822,0.06545205414295197,0.026367349550127983,0.009302696213126183,0.0038359470199793577,2.211872379120905e-05,0.035050056874752045,0.014288258738815784,0.00201327889226377,0.01391110010445118,0.010234717279672623,0.008483224548399448,0.0034935688599944115,0.0013272061478346586,0.0010764056351035833,0.005967871751636267,0.005419160705059767,0.0046638683415949345,0.0008056802907958627,0.002120668301358819,0.009661623276770115,0.0156877264380455,0.005749655421823263,0.007417325861752033,0.0,0.00651944475248456,0.022321142256259918,0.015920713543891907,0.002047652145847678,0.00033525205799378455,0.006350479554384947,0.0039112200029194355,0.0012851880164816976,0.008641303516924381,0.003903069067746401,0.009888065047562122,0.003460414707660675,0.001581258955411613,0.015148899517953396,0.0038360650651156902,0.0017555832164362073,0.004738884046673775,0.004391392692923546,0.026286078616976738,0.0021131138782948256,0.0012164863292127848,0.0018687776755541563,0.013288222253322601,0.014999456703662872,0.04530928656458855,0.0012188408290967345,0.009037962183356285,0.01182682067155838,0.010187765583395958,0.00031937679159455,0.0017105191946029663,0.009477749466896057,0.0027400744147598743,0.0008857460343278944,0.0
7260.0,0.0007640290423296392,0.0635690689086914,0.02555900067090988,0.009011341258883476,0.003700760891661048,2.1000983906560577e-05,0.03395456820726395,0.013790987432003021,0.0019385991618037224,0.013446051627397537,0.009890553541481495,0.008190162479877472,0.0033609315287321806,0.0012745579006150365,0.0010321956360712647,0.0057600210420787334,0.005226225592195988,0.004510935861617327,0.0007686447934247553,0.0020343963988125324,0.009333194233477116,0.015168777666985989,0.005543437786400318,0.007184489630162716,0.0,0.00629259180277586,0.021651603281497955,0.015450049191713333,0.0019769766367971897,0.00031994134769774973,0.006120211910456419,0.003771971445530653,0.0012363683199509978,0.008323063142597675,0.003760372055694461,0.009509965777397156,0.003328104270622134,0.0015129733365029097,0.014711319468915462,0.0037082135677337646,0.0016843407647684216,0.00456191087141633,0.004233112093061209,0.025494221597909927,0.002021089429035783,0.001162110362201929,0.0017937601078301668,0.012831361964344978,0.014488335698843002,0.04392411932349205,0.0011697879526764154,0.008713425137102604,0.011444451287388802,0.009856143034994602,0.00030555043485946953,0.0016456810990348458,0.009172603487968445,0.0026386987883597612,0.0008514667279087007,0.0
7320.000000000001,0.0007290214416570961,0.06168607622385025,0.02475065179169178,0.00871998630464077,0.0035655745305120945,1.9883244021912105e-05,0.03285907581448555,0.013293715193867683,0.0018639195477589965,0.012981003150343895,0.009546389803290367,0.007897100411355495,0.0032282941974699497,0.0012219096533954144,0.0009879856370389462,0.005552169866859913,0.005033290944993496,0.004358003381639719,0.000731609296053648,0.0019481246126815677,0.009004765190184116,0.01464982982724905,0.00533722061663866,0.006951653398573399,0.0,0.006065738387405872,0.02098206616938114,0.01497938483953476,0.0019063010113313794,0.0003046306374017149,0.005889944266527891,0.0036327228881418705,0.001187548623420298,0.00800482276827097,0.0036176748108118773,0.009131867438554764,0.0031957938335835934,0.0014446878340095282,0.01427373941987753,0.003580362070351839,0.0016130981966853142,0.004384938161820173,0.004074831027537584,0.024702366441488266,0.0019290648633614182,0.0011077343951910734,0.0017187424236908555,0.012374501675367355,0.013977214694023132,0.042538948357105255,0.0011207351926714182,0.008388889022171497,0.011062080971896648,0.009524521417915821,0.00029172407812438905,0.0015808428870514035,0.008867456577718258,0.002537323161959648,0.000817187421489507,0.0
7380.000000000001,0.0006940137827768922,0.05980308726429939,0.02394230291247368,0.008428631350398064,0.003430388169363141,1.8765504137263633e-05,0.03176358342170715,0.01279644388705492,0.0017892399337142706,0.012515954673290253,0.00920222606509924,0.007604038808494806,0.003095656866207719,0.0011692614061757922,0.0009437756962142885,0.005344318691641092,0.004840355832129717,0.004205070901662111,0.0006945737986825407,0.001861852710135281,0.008676336146891117,0.014130881056189537,0.005131003446877003,0.006718816701322794,0.0,0.005838885437697172,0.02031252719461918,0.01450872141867876,0.001835625502280891,0.0002893199271056801,0.005659676622599363,0.003493474330753088,0.0011387289268895984,0.007686581928282976,0.0034749777987599373,0.008753768168389797,0.0030634833965450525,0.0013764022151008248,0.013836159370839596,0.0034525105729699135,0.0015418557450175285,0.004207964986562729,0.003916550427675247,0.023910509422421455,0.0018370404141023755,0.0010533584281802177,0.001643724855966866,0.011917641386389732,0.013466093689203262,0.04115377739071846,0.001071682432666421,0.008064351975917816,0.01067971158772707,0.00919289980083704,0.00027789772138930857,0.0015160046750679612,0.008562310598790646,0.002435947535559535,0.0007829081732779741,0.0
7440.000000000001,0.0006590061821043491,0.057920098304748535,0.023133955895900726,0.008137276396155357,0.0032952020410448313,1.764776425261516e-05,0.030668092891573906,0.012299171648919582,0.0017145603196695447,0.01205090619623661,0.008858062326908112,0.00731097673997283,0.002963019534945488,0.00111661315895617,0.0008995656971819699,0.005136467982083559,0.004647421184927225,0.0040521384216845036,0.0006575383013114333,0.0017755808075889945,0.008347906172275543,0.013611932285130024,0.004924785811454058,0.006485980469733477,0.0,0.005612032487988472,0.019642990082502365,0.014038057066500187,0.0017649498768150806,0.00027400924591347575,0.0054294089786708355,0.003354225540533662,0.0010899092303588986,0.00736834155395627,0.0033322807867079973,0.00837566889822483,0.0029311729595065117,0.0013081165961921215,0.013398579321801662,0.0033246593084186316,0.0014706132933497429,0.004030992276966572,0.0037582695949822664,0.023118654265999794,0.001745015848428011,0.000998982461169362,0.0015687072882428765,0.011460780166089535,0.012954972684383392,0.039768610149621964,0.0010226295562461019,0.00773981586098671,0.010297342203557491,0.008861278183758259,0.0002640713646542281,0.0014511665794998407,0.008257163688540459,0.002334571909159422,0.0007486288668587804,0.0
7500.000000000001,0.0006327186129055917,0.05635768920183182,0.022471513599157333,0.007899550721049309,0.003187722759321332,1.6845602658577263e-05,0.02977386862039566,0.01190266665071249,0.0016559114446863532,0.011676711030304432,0.008581495843827724,0.0070769027806818485,0.0028594566974788904,0.0010759688448160887,0.0008657536818645895,0.004970763344317675,0.0044943951070308685,0.00392856216058135,0.0006301276152953506,0.0017094274517148733,0.008084622211754322,0.013193398714065552,0.004761510528624058,0.006296091713011265,0.0,0.005431140772998333,0.019091907888650894,0.013649558648467064,0.001708488562144339,0.0002626547066029161,0.005247567314654589,0.003243780694901943,0.0010517960181459785,0.007117973640561104,0.0032198175322264433,0.0080809835344553,0.00282805017195642,0.0012566240038722754,0.013035775162279606,0.0032217162661254406,0.0014159476850181818,0.003892240347340703,0.0036330961156636477,0.022467447444796562,0.0016757918056100607,0.0009583932114765048,0.001510976580902934,0.01109547819942236,0.012545458972454071,0.038632821291685104,0.00098490621894598,0.007482931483536959,0.009987430647015572,0.008592888712882996,0.0002536527463234961,0.00140052055940032,0.008009621873497963,0.0022549068089574575,0.000721994205377996,0.0
7560.000000000001,0.0006072237738408148,0.054824426770210266,0.021822337061166763,0.0076667009852826595,0.0030827622395008802,1.6072131984401494e-05,0.02889794297516346,0.011515321210026741,0.0015987199731171131,0.011310774832963943,0.00831107422709465,0.006848191376775503,0.0027585369534790516,0.0010364156914874911,0.0008328869589604437,0.004808890633285046,0.0043449969962239265,0.0038076548371464014,0.000603591906838119,0.0016451029805466533,0.00782726053148508,0.012783994898200035,0.004602139350026846,0.006110107526183128,0.0,0.005254427436739206,0.018551593646407127,0.013268530368804932,0.0016533194575458765,0.00025165980332531035,0.005070128012448549,0.0031359544955193996,0.0010146561544388533,0.006873775739222765,0.003110103076323867,0.007793880999088287,0.0027275807224214077,0.0012066580820828676,0.012679769657552242,0.003121037734672427,0.0013627890730276704,0.003756962949410081,0.003510932205244899,0.02182902581989765,0.001608640537597239,0.0009190572891384363,0.0014548173639923334,0.010738499462604523,0.012145182117819786,0.037519704550504684,0.0009482128662057221,0.007232197560369968,0.009684105403721333,0.008330247364938259,0.0002435439091641456,0.0013511648867279291,0.007767316419631243,0.002177215414121747,0.0006960545433685184,0.0
7620.000000000001,0.0005817289347760379,0.053291160613298416,0.021173158660531044,0.007433850783854723,0.002977801952511072,1.529865949123632e-05,0.02802201546728611,0.011127976700663567,0.001541528501547873,0.010944838635623455,0.00804065354168415,0.006619479972869158,0.0026576172094792128,0.0009968625381588936,0.0008000201778486371,0.004647017456591129,0.004195599351078272,0.003686747280880809,0.0005770561983808875,0.001580778625793755,0.007569898385554552,0.012374590151011944,0.004442767705768347,0.005924122873693705,0.0,0.00507771410048008,0.01801127940416336,0.012887501157820225,0.001598150352947414,0.00024066492915153503,0.00489268871024251,0.0030281280633062124,0.000977516290731728,0.006629577837884426,0.0030003883875906467,0.007506778463721275,0.0026271112728863955,0.00115669216029346,0.012323763221502304,0.00302035897038877,0.001309630461037159,0.0036216857843101025,0.00338876829482615,0.02119060605764389,0.0015414892695844173,0.0008797213668003678,0.0013986581470817327,0.010381520725786686,0.011744905263185501,0.036406584084033966,0.0009115195134654641,0.006981463171541691,0.009380780160427094,0.008067605085670948,0.00023343507200479507,0.0013018092140555382,0.0075250109657645226,0.0020995240192860365,0.0006701148231513798,0.0
7680.000000000001,0.000556234095711261,0.051757894456386566,0.020523982122540474,0.007201001048088074,0.0028728414326906204,1.4525186998071149e-05,0.02714608982205391,0.010740631259977818,0.001484337029978633,0.010578902438282967,0.0077702319249510765,0.006390768568962812,0.0025566972326487303,0.000957309443037957,0.0007671534549444914,0.0044851447455585,0.00404620124027133,0.00356583995744586,0.000550520489923656,0.001516454154625535,0.007312536705285311,0.011965185403823853,0.004283396527171135,0.005738138686865568,0.0,0.004901000764220953,0.017470965161919594,0.012506471946835518,0.0015429812483489513,0.0002296700404258445,0.00471524940803647,0.002920301631093025,0.0009403764852322638,0.006385379936546087,0.0028906739316880703,0.007219675928354263,0.002526641823351383,0.001106726354919374,0.011967756785452366,0.0029196804389357567,0.0012564717326313257,0.0034864083863794804,0.0032666046172380447,0.02055218443274498,0.0014743380015715957,0.0008403854444622993,0.001342499046586454,0.01002454198896885,0.011344628408551216,0.035293467342853546,0.0008748261607252061,0.0067307292483747005,0.009077455848455429,0.0078049637377262115,0.00022332622029352933,0.0012524535413831472,0.007282705511897802,0.002021832624450326,0.0006441751611419022,0.0
7740.000000000001,0.0005307392566464841,0.050224628299474716,0.019874803721904755,0.006968150846660137,0.0027678811457008123,1.3751714504905976e-05,0.02627016231417656,0.010353286750614643,0.0014271455584093928,0.010212966240942478,0.00749981077387929,0.006162057165056467,0.0024557774886488914,0.0009177562897093594,0.0007342867320403457,0.004323271568864584,0.0038968033622950315,0.0034449324011802673,0.0005239847814664245,0.0014521297998726368,0.007055174559354782,0.011555780656635761,0.004124024882912636,0.005552154500037432,0.0,0.004724287427961826,0.016930652782320976,0.012125443667173386,0.001487812027335167,0.00021867515170015395,0.004537810105830431,0.0028124754317104816,0.0009032366215251386,0.006141182035207748,0.00278095924295485,0.006932572927325964,0.0024261726066470146,0.0010567604331299663,0.011611750349402428,0.0028190019074827433,0.0012033131206408143,0.003351131221279502,0.003144440706819296,0.01991376467049122,0.0014071866171434522,0.0008010495221242309,0.0012863398296758533,0.009667563252151012,0.010944351553916931,0.034180350601673126,0.0008381328079849482,0.00647999532520771,0.00877413060516119,0.007542322389781475,0.00021321738313417882,0.0012030978687107563,0.007040400058031082,0.0019441411131992936,0.0006182354991324246,0.0
7800.000000000001,0.0005111392238177359,0.04893927276134491,0.019336573779582977,0.006775840651243925,0.0026831445284187794,1.317905025643995e-05,0.025546465069055557,0.010039781220257282,0.0013814631383866072,0.009914426133036613,0.007279445882886648,0.005976669955998659,0.002375568961724639,0.0008866249118000269,0.0007086239056661725,0.0041922759264707565,0.0037764415610581636,0.003345926757901907,0.00050383061170578,0.0014017927460372448,0.006845896132290363,0.011221099644899368,0.003995823208242655,0.005398614332079887,0.0,0.004581255838274956,0.0164809450507164,0.01180750597268343,0.001443085609935224,0.00021031040523666888,0.004395397379994392,0.002725605620071292,0.0008737222524359822,0.005945827811956406,0.002693054499104619,0.006704746279865503,0.002346445107832551,0.0010182107798755169,0.011313509196043015,0.002736817579716444,0.001161689986474812,0.003243232611566782,0.0030462699942290783,0.01938280090689659,0.0013554849429056048,0.0007709594792686403,0.001242257421836257,0.00937793031334877,0.01061901543289423,0.03325700759887695,0.0008093470823951066,0.006278348155319691,0.00852508656680584,0.0073269568383693695,0.00020542296988423914,0.0011638575233519077,0.006841299589723349,0.0018820498371496797,0.0005977058317512274,0.0
7860.000000000001,0.0004920750507153571,0.0476764515042305,0.018808430060744286,0.006587216164916754,0.0026002463418990374,1.2624640476133209e-05,0.02483660727739334,0.00973298866301775,0.0013368269428610802,0.009622013196349144,0.007063631899654865,0.005795221775770187,0.0022972433362156153,0.0008562591392546892,0.0006836160318925977,0.00406408729031682,0.003658719826489687,0.003248912049457431,0.00048425665590912104,0.0013527274131774902,0.006640988867729902,0.01089321170002222,0.0038704548496752977,0.00524802366271615,0.0,0.0044412859715521336,0.016039473935961723,0.011495303362607956,0.0013993085594847798,0.00020218476129230112,0.004256168846040964,0.0026406412944197655,0.0008449010783806443,0.0057549141347408295,0.0026071323081851006,0.0064823077991604805,0.0022686030715703964,0.0009806990856304765,0.011020518839359283,0.0026563145220279694,0.0011211156379431486,0.003137822961434722,0.00295028043910861,0.01886160857975483,0.0013051878195255995,0.000741710071451962,0.0011992730433121324,0.009094418957829475,0.01030049193650484,0.03235091641545296,0.0007812802796252072,0.0060811638832092285,0.008280976675450802,0.007115888874977827,0.00019783894822467119,0.001125536859035492,0.006646126974374056,0.0018213768489658833,0.000577667960897088,0.0
7920.000000000001,0.0004730109067168087,0.04641363397240639,0.018280286341905594,0.006398591212928295,0.0025173481553792953,1.2070230695826467e-05,0.024126749485731125,0.009426196105778217,0.001292190863750875,0.009329600259661674,0.006847817916423082,0.005613773595541716,0.0022189177107065916,0.0008258933085016906,0.0006586081581190228,0.003935898654162884,0.0035409978590905666,0.0031518973410129547,0.0004646826710086316,0.0013036619639024138,0.006436081603169441,0.010565322823822498,0.0037450867239385843,0.005097432993352413,0.0,0.004301316104829311,0.015598003752529621,0.011183101683855057,0.0013555313926190138,0.00019405911734793335,0.004116940312087536,0.0025556767359375954,0.0008160799043253064,0.005564000457525253,0.002521210117265582,0.006259869318455458,0.0021907612681388855,0.0009431873331777751,0.010727529413998127,0.0025758114643394947,0.0010805411729961634,0.003032413311302662,0.0028542906511574984,0.018340416252613068,0.0012548906961455941,0.0007124606054276228,0.001156288548372686,0.008810908533632755,0.009981968440115452,0.03144482895731926,0.0007532134186476469,0.005883979611098766,0.008036866784095764,0.006904821377247572,0.00019025494111701846,0.0010872161947190762,0.006450954359024763,0.001760703744366765,0.0005576300900429487,0.0
7980.000000000001,0.00045394673361442983,0.04515081271529198,0.017752142623066902,0.006209966726601124,0.0024344499688595533,1.1515821825014427e-05,0.02341688983142376,0.009119403548538685,0.0012475547846406698,0.009037187322974205,0.0066320039331912994,0.0054323249496519566,0.002140592085197568,0.000795527535956353,0.000633600284345448,0.0038077097851783037,0.0034232758916914463,0.0030548826325684786,0.0004451087152119726,0.0012545966310426593,0.0062311748042702675,0.01023743487894535,0.003619718598201871,0.004946842789649963,0.0,0.0041613467037677765,0.015156533569097519,0.010870900005102158,0.0013117543421685696,0.00018593347340356559,0.003977711778134108,0.0024707121774554253,0.0007872587884776294,0.005373087245970964,0.0024352879263460636,0.006037430837750435,0.0021129194647073746,0.0009056755807250738,0.010434539057314396,0.00249530840665102,0.0010399667080491781,0.002927003661170602,0.0027583010960370302,0.017819222062826157,0.001204593456350267,0.0006832111394032836,0.0011133040534332395,0.00852739717811346,0.009663444943726063,0.030538737773895264,0.0007251466158777475,0.005686794873327017,0.0077927568927407265,0.0066937534138560295,0.0001826709194574505,0.0010488954139873385,0.00625578174367547,0.0017000307561829686,0.0005375922773964703,0.0
8040.000000000001,0.000434882560512051,0.043887995183467865,0.01722399890422821,0.006021341774612665,0.0023515517823398113,1.0961412044707686e-05,0.022707032039761543,0.008812611922621727,0.0012029185891151428,0.008744774386286736,0.006416189484298229,0.005250876769423485,0.0020622664596885443,0.0007651617634110153,0.0006085923523642123,0.0036795211490243673,0.003305553924292326,0.0029578679241240025,0.00042553473031148314,0.001205531181767583,0.0060262675397098064,0.009909546002745628,0.0034943504724651575,0.004796252120286226,0.0,0.004021376837044954,0.014715063385665417,0.010558697395026684,0.0012679771753028035,0.00017780782945919782,0.003838483477011323,0.002385747618973255,0.0007584376144222915,0.005182173568755388,0.002349365735426545,0.005814992357045412,0.00203507742844522,0.0008681638282723725,0.010141548700630665,0.002414805581793189,0.0009993922431021929,0.002821594011038542,0.002662311540916562,0.017298029735684395,0.0011542963329702616,0.0006539617315866053,0.0010703196749091148,0.00824388675391674,0.009344921447336674,0.029632646590471268,0.0006970797549001873,0.005489610601216555,0.007548647001385689,0.006482685916125774,0.00017508691234979779,0.0010105747496709228,0.006060609128326178,0.0016393576515838504,0.000517554406542331,0.0
8100.000000000001,0.00041993099148385227,0.04281957447528839,0.016781561076641083,0.005863870028406382,0.002283723559230566,1.054020867741201e-05,0.022114213556051254,0.00856103003025055,0.0011667361250147223,0.00850329827517271,0.006238149479031563,0.005101887509226799,0.001999051310122013,0.0007408602978102863,0.0005887164152227342,0.003574415110051632,0.003209408139809966,0.0028774896636605263,0.00041034104651771486,0.001166459871456027,0.005857541225850582,0.00963828805834055,0.0033920961432158947,0.004670579452067614,0.0,0.0039065927267074585,0.014343952760100365,0.010295657441020012,0.0012320257956162095,0.0001714915706543252,0.0037251494359225035,0.002316355472430587,0.0007351789390668273,0.0050272103399038315,0.0022795298136770725,0.005635709967464209,0.001972337020561099,0.000838654930703342,0.009893814101815224,0.0023482912220060825,0.0009670663857832551,0.00273625529371202,0.0025840892922133207,0.016860198229551315,0.0011147994082421064,0.0006311197066679597,0.0010359998559579253,0.008010896854102612,0.009082751348614693,0.028873253613710403,0.0006746819126419723,0.005328814964741468,0.007345917634665966,0.00630759634077549,0.0001691239740466699,0.0009796374943107367,0.005898408591747284,0.0015901518054306507,0.000501441303640604,0.0
8160.000000000001,0.00040535329026170075,0.04176882654428482,0.016346914693713188,0.005709229968488216,0.00221726531162858,1.0131115232070442e-05,0.02153203636407852,0.008314467966556549,0.0011313221184536815,0.008266453631222248,0.006063543260097504,0.00495584961026907,0.001937209744937718,0.0007171100587584078,0.0005693069542758167,0.003471407573670149,0.0031152237206697464,0.002798623638227582,0.00039554559043608606,0.0011282970663160086,0.0056921043433249,0.009372178465127945,0.003291943110525608,0.004547171760350466,0.0,0.0037940978072583675,0.013979239389300346,0.01003708690404892,0.0011967858299613,0.00016533980669919401,0.003614169778302312,0.002248378936201334,0.0007124259718693793,0.004875515587627888,0.0022111558355391026,0.0054603503085672855,0.0019109694985672832,0.000809873512480408,0.009650194086134434,0.002283048816025257,0.0009354904177598655,0.0026527412701398134,0.00250748242251575,0.016429943963885307,0.0010762842139229178,0.0006088601658120751,0.0010024677030742168,0.007782500237226486,0.008825703524053097,0.028127197176218033,0.0006527993828058243,0.005171327386051416,0.007146949879825115,0.006135777570307255,0.00016330841754097492,0.0009493714314885437,0.00573920551687479,0.0015419883420690894,0.00048568492638878524,0.0
8220.0,0.00039077558903954923,0.04071808233857155,0.015912266448140144,0.0055545903742313385,0.002150807064026594,9.722020877234172e-06,0.02094985917210579,0.008067905902862549,0.0010959081118926406,0.008029608987271786,0.005888937506824732,0.00480981171131134,0.0018753682961687446,0.0006933598779141903,0.0005498975515365601,0.0033684000372886658,0.0030210393015295267,0.0027197576127946377,0.00038075013435445726,0.001090134377591312,0.00552666699513793,0.00910606887191534,0.0031917900778353214,0.004423764068633318,0.0,0.003681603353470564,0.013614525087177753,0.009778515435755253,0.0011615458643063903,0.00015918804274406284,0.0035031898878514767,0.0021804021671414375,0.0006896730046719313,0.004723820835351944,0.0021427820902317762,0.0052849906496703625,0.0018496018601581454,0.0007810921524651349,0.00940657313913107,0.0022178064100444317,0.000903914391528815,0.0025692274793982506,0.0024308753199875355,0.01599969156086445,0.001037769136019051,0.0005866006249561906,0.0009689356666058302,0.007554104086011648,0.008568656630814075,0.027381140738725662,0.0006309169111773372,0.005013839341700077,0.006947982590645552,0.00596395879983902,0.00015749286103527993,0.0009191054268740118,0.0055800024420022964,0.0014938248787075281,0.0004699285782407969,0.0
8280.0,0.0003761978878173977,0.03966733440756798,0.01547762006521225,0.005399950314313173,0.0020843488164246082,9.312927431892604e-06,0.020367680117487907,0.007821343839168549,0.0010604941053315997,0.007792763877660036,0.005714331287890673,0.004663773346692324,0.0018135268473997712,0.0006696096970699728,0.0005304880905896425,0.0032653925009071827,0.002926854882389307,0.0026408915873616934,0.00036595467827282846,0.0010519715724512935,0.0053612301126122475,0.008839958347380161,0.003091637045145035,0.004300356842577457,0.0,0.0035691086668521166,0.013249811716377735,0.00951994489878416,0.0011263058986514807,0.00015303627878893167,0.003392210230231285,0.0021124256309121847,0.0006669199792668223,0.004572126083076,0.00207440834492445,0.005109630990773439,0.0017882343381643295,0.0007523107342422009,0.009162952192127705,0.0021525640040636063,0.0008723383652977645,0.002485713455826044,0.0023542684502899647,0.01556943729519844,0.0009992540581151843,0.000564341084100306,0.0009354035719297826,0.007325707469135523,0.008311609737575054,0.02663508430123329,0.0006090343813411891,0.004856351763010025,0.006749014835804701,0.005792140029370785,0.00015167730452958494,0.0008888393640518188,0.005420799367129803,0.0014456614153459668,0.00045417225919663906,0.0
8340.0,0.00036162021569907665,0.03861658647656441,0.01504297275096178,0.005245310720056295,0.0020178905688226223,8.903833077056333e-06,0.019785502925515175,0.007574781309813261,0.0010250802151858807,0.007555919233709574,0.0055397250689566135,0.004517735447734594,0.001751685282215476,0.0006458595162257552,0.000511078629642725,0.0031623851973563433,0.0028326704632490873,0.002562025561928749,0.00035115922219119966,0.001013808767311275,0.005195793230086565,0.008573848754167557,0.0029914837796241045,0.00417694915086031,0.0,0.0034566139802336693,0.012885098345577717,0.009261373430490494,0.001091065932996571,0.0001468845148338005,0.00328123033978045,0.002044449094682932,0.0006441670120693743,0.0044204313308000565,0.0020060345996171236,0.004934271331876516,0.0017268666997551918,0.0007235293742269278,0.008919332176446915,0.002087321598082781,0.000840762339066714,0.0024021994322538376,0.0022776613477617502,0.015139183960855007,0.0009607389220036566,0.0005420816014520824,0.0009018714772537351,0.0070973108522593975,0.008054562844336033,0.02588902786374092,0.000587151909712702,0.004698864184319973,0.006550047546625137,0.00562032125890255,0.00014586174802388996,0.0008585733594372869,0.005261596292257309,0.0013974980683997273,0.00043841591104865074,0.0
8400.0,0.0003499897138681263,0.037720195949077606,0.01467546820640564,0.005114962346851826,0.001962867099791765,8.586207513872068e-06,0.019294628873467445,0.007370239123702049,0.0009960001334547997,0.00735821109265089,0.005394102074205875,0.004396445117890835,0.0017010990995913744,0.0006265751435421407,0.0004954134346917272,0.0030769421719014645,0.0027548172511160374,0.0024959987495094538,0.00033945951145142317,0.0009829564951360226,0.005058046896010637,0.008351355791091919,0.00290879444219172,0.004072961863130331,0.0,0.003363288240507245,0.012575764209032059,0.00904161762446165,0.0010617937659844756,0.00014201395970303565,0.0031897625885903835,0.0019882593769580126,0.0006255567423067987,0.004295721650123596,0.0019497573375701904,0.004790998063981533,0.0016767272027209401,0.000700506498105824,0.008711614646017551,0.002032834803685546,0.0008152240188792348,0.0023336983285844326,0.002214462496340275,0.014774484559893608,0.0009299767552874982,0.0005243875202722847,0.0008747000829316676,0.006907477043569088,0.00784062035381794,0.025257965549826622,0.0005694280844181776,0.004568861797451973,0.006383118219673634,0.005476315505802631,0.00014121182903181762,0.0008338092011399567,0.00512794591486454,0.0013579321093857288,0.00042556854896247387,0.0
8460.0,0.0003386271419003606,0.03683784231543541,0.014314067550003529,0.004986822605133057,0.001908882986754179,8.276897460746113e-06,0.018812056630849838,0.007169516757130623,0.0009674960165284574,0.007164060603827238,0.0052511137910187244,0.004277404397726059,0.0016515360912308097,0.0006076967692933977,0.0004800885799340904,0.0029930961318314075,0.002678448799997568,0.0024311391171067953,0.0003280412347521633,0.0009527687798254192,0.004922817926853895,0.008132828399538994,0.0028276925440877676,0.003970739897340536,0.0,0.00327170523814857,0.012271465733647346,0.008825389668345451,0.0010330640943720937,0.0001372598926536739,0.003100068774074316,0.0019331412622705102,0.0006073231343179941,0.00417346553876996,0.0018945796182379127,0.004650641232728958,0.001627608435228467,0.000678007083479315,0.008507161401212215,0.0019793256651610136,0.0007902345387265086,0.0022665620781481266,0.0021524822805076838,0.014415743760764599,0.000899919425137341,0.000507108517922461,0.0008481069235131145,0.006721148733049631,0.007630596403032541,0.024637358263134956,0.0005520823760889471,0.004441358149051666,0.00621910160407424,0.005334837827831507,0.00013666789163835347,0.000809545221272856,0.004996618255972862,0.0013191477628424764,0.0004129856242798269,0.0
8520.0,0.0003272645699325949,0.035955484956502914,0.013952666893601418,0.004858682397753,0.0018548991065472364,7.967587407620158e-06,0.018329482525587082,0.0069687943905591965,0.0009389918413944542,0.006969910580664873,0.005108125973492861,0.00415836414322257,0.0016019729664549232,0.0005888183950446546,0.00046476375428028405,0.0029092500917613506,0.0026020801160484552,0.002366279484704137,0.0003166229580529034,0.0009225810645148158,0.004787588957697153,0.007914300076663494,0.002746590645983815,0.0038685176987200975,0.0,0.003180122235789895,0.01196716632694006,0.008609161712229252,0.0010043344227597117,0.00013250582560431212,0.0030103749595582485,0.001878023031167686,0.0005890894681215286,0.004051208961755037,0.0018394018989056349,0.0045102848671376705,0.0015784896677359939,0.000655507727060467,0.008302709087729454,0.001925816759467125,0.0007652450585737824,0.0021994258277118206,0.0020905020646750927,0.01405700296163559,0.0008698620949871838,0.0004898294573649764,0.0008215138223022223,0.006534820422530174,0.007420572452247143,0.02401675097644329,0.0005347366677597165,0.004313854966312647,0.006055084988474846,0.005193360615521669,0.00013212395424488932,0.0007852812414057553,0.004865290597081184,0.001280363416299224,0.0004004026995971799,0.0
8580.0,0.0003159019979648292,0.03507312759757042,0.013591266237199306,0.004730542656034231,0.001800915109924972,7.658277354494203e-06,0.017846910282969475,0.00676807202398777,0.000910487724468112,0.006775760557502508,0.00496513769030571,0.004039323423057795,0.0015524099580943584,0.0005699400207959116,0.00044943889952264726,0.0028254040516912937,0.002525711664929986,0.0023014198523014784,0.0003052046522498131,0.0008923934074118733,0.004652359988540411,0.007695772685110569,0.0026654889807105064,0.0037662957329303026,0.0,0.0030885390006005764,0.011662867851555347,0.008392934687435627,0.0009756046929396689,0.00012775175855495036,0.002920681145042181,0.0018229049164801836,0.000570855860132724,0.0039289528504014015,0.001784224179573357,0.004369928035885096,0.0015293709002435207,0.000633008370641619,0.008098255842924118,0.0018723077373579144,0.0007402556366287172,0.0021322895772755146,0.0020285220816731453,0.01369826216250658,0.0008398047648370266,0.0004725504550151527,0.0007949206628836691,0.006348492577672005,0.007210548501461744,0.023396141827106476,0.000517390959430486,0.00418635131791234,0.005891068372875452,0.005051883403211832,0.00012758001685142517,0.0007610172615386546,0.0047339629381895065,0.0012415791861712933,0.0003878197749145329,0.0
8640.0,0.0003045394259970635,0.034190770238637924,0.013229865580797195,0.004602402914315462,0.0017469312297180295,7.348967301368248e-06,0.017364338040351868,0.006567349657416344,0.0008819835493341088,0.006581610068678856,0.004822149872779846,0.003920283168554306,0.0015028469497337937,0.0005510616465471685,0.00043411407386884093,0.002741558011621237,0.002449342980980873,0.00223656021989882,0.0002937863755505532,0.00086220569210127,0.004517131019383669,0.007477244827896357,0.002584387082606554,0.0036640737671405077,0.0,0.0029969559982419014,0.01135856844484806,0.008176706731319427,0.000946875021327287,0.00012299767695367336,0.0028309873305261135,0.0017677866853773594,0.0005526221939362586,0.0038066962733864784,0.0017290465766564012,0.004229571670293808,0.0014802521327510476,0.00061050895601511,0.007893802598118782,0.001818798715248704,0.000715266156475991,0.0020651533268392086,0.0019665418658405542,0.013339522294700146,0.0008097474346868694,0.000455271452665329,0.000768327503465116,0.006162164267152548,0.007000525016337633,0.02277553454041481,0.0005000452511012554,0.0040588476695120335,0.005727051757276058,0.004910405725240707,0.00012303607945796102,0.0007367532816715539,0.004602635279297829,0.0012027948396280408,0.0003752368502318859,0.0
8700.0,0.0002953382208943367,0.03343236818909645,0.012921731919050217,0.004493453539907932,0.0017017637146636844,7.1043232310330495e-06,0.016953924670815468,0.0063991122879087925,0.0008583088638260961,0.006417972967028618,0.0047017307952046394,0.0038204051088541746,0.0014618211425840855,0.0005355369648896158,0.0004215782100800425,0.002671289024874568,0.0023855387698858976,0.002181750489398837,0.000284611334791407,0.0008374756434932351,0.004403416533023119,0.007292796857655048,0.002516699256375432,0.0035771869588643312,0.0,0.002920192899182439,0.011098390445113182,0.0079914890229702,0.0009227670379914343,0.00011917354277102277,0.00275624543428421,0.0017217366257682443,0.0005375305190682411,0.0037050480023026466,0.0016831214306876063,0.0041135139763355255,0.0014396364567801356,0.0005922475829720497,0.0077181593514978886,0.0017736805602908134,0.000694786780513823,0.0020094469655305147,0.001914849504828453,0.013032964430749416,0.0007853842107579112,0.00044132399489171803,0.0007464978261850774,0.0060057258233428,0.0068239737302064896,0.022246206179261208,0.00048581211012788117,0.003952450584620237,0.005588185507804155,0.004790731705725193,0.00011934948997804895,0.0007166640134528279,0.004491383209824562,0.0011705695651471615,0.0003648508863989264,0.0
8760.0,0.0002863334957510233,0.032685231417417526,0.012618441134691238,0.0043862489983439445,0.0016573978355154395,6.8655581344501115e-06,0.01655007340013981,0.006233828607946634,0.0008350731804966927,0.006257109809666872,0.004583363886922598,0.0037222690880298615,0.0014215714763849974,0.0005203171749599278,0.00040929586975835264,0.0026022540405392647,0.0023228765930980444,0.002127854386344552,0.00027564025367610157,0.0008132417569868267,0.004291657358407974,0.0071114469319581985,0.002450230997055769,0.0034916941076517105,0.0,0.0028447771910578012,0.010842224583029747,0.007809089496731758,0.000899079313967377,0.00011543394066393375,0.002682862803339958,0.0016765110194683075,0.0005227244109846652,0.0036052728537470102,0.001638037501834333,0.003999664913862944,0.0013997938949614763,0.0005743715446442366,0.007545134983956814,0.0017293252749368548,0.0006747174193151295,0.0019547794945538044,0.0018640924245119095,0.012731151655316353,0.0007615386275574565,0.00042767939157783985,0.000725101213902235,0.005852004513144493,0.006650466006249189,0.02172517590224743,0.00047186194569803774,0.0038479724898934364,0.0054516056552529335,0.00467303954064846,0.00011574084055610001,0.0006969543173909187,0.004381956532597542,0.0011389406863600016,0.0003546646039467305,0.0
8820.0,0.00027732874150387943,0.0319380983710289,0.012315149419009686,0.004279044456779957,0.0016130319563671947,6.6267930378671736e-06,0.01614622212946415,0.006068544462323189,0.0008118375553749502,0.006096246186643839,0.004464996512979269,0.0036241330672055483,0.0013813218101859093,0.0005050973268225789,0.00039701355854049325,0.002533219289034605,0.002260214416310191,0.002073958283290267,0.0002666691434569657,0.0007890078704804182,0.0041798981837928295,0.006930097006261349,0.0023837625049054623,0.0034062014892697334,0.0,0.00276936125010252,0.010586057789623737,0.007626690436154604,0.0008753915317356586,0.00011169433855684474,0.002609480172395706,0.001631285296753049,0.0005079183611087501,0.0035054979380220175,0.0015929535729810596,0.003885816317051649,0.0013599512167274952,0.0005564954481087625,0.007372111082077026,0.0016849698731675744,0.0006546481163240969,0.0019001119071617723,0.001813335344195366,0.012429337948560715,0.0007376930443570018,0.00041403481736779213,0.0007037046016193926,0.005698283202946186,0.006476957816630602,0.02120414562523365,0.0004579117812681943,0.003743494162335992,0.005315025802701712,0.004555347841233015,0.00011213219113415107,0.0006772446213290095,0.004272529389709234,0.0011073116911575198,0.00034447835059836507,0.0
8880.0,0.000268324016360566,0.031190961599349976,0.012011857703328133,0.004171839449554682,0.001568665960803628,6.3880279412842356e-06,0.01574236899614334,0.005903260782361031,0.0007886018720455468,0.005935383029282093,0.0043466296046972275,0.003525997046381235,0.0013410721439868212,0.00048987747868523,0.00038473124732263386,0.0024641845375299454,0.0021975524723529816,0.002020062180235982,0.0002576980332378298,0.0007647739839740098,0.004068139474838972,0.006748747080564499,0.0023172942455857992,0.0033207086380571127,0.0,0.0026939455419778824,0.010329890996217728,0.00744429137557745,0.0008517037495039403,0.00010795473644975573,0.002536097541451454,0.0015860595740377903,0.0004931123112328351,0.0034057230222970247,0.0015478696441277862,0.003771967487409711,0.0013201086549088359,0.0005386193515732884,0.007199086714535952,0.0016406145878136158,0.0006345787551254034,0.001845444436185062,0.0017625782638788223,0.012127524241805077,0.000713847519364208,0.00040039021405391395,0.0006823079893365502,0.005544561892747879,0.006303450092673302,0.02068311534821987,0.00044396158773452044,0.003639016067609191,0.00517844595015049,0.004437655676156282,0.00010852354171220213,0.0006575349252671003,0.004163102712482214,0.00107568281237036,0.00033429209724999964,0.0
8940.0,0.0002593192912172526,0.0304438266903162,0.011708566918969154,0.004064634907990694,0.0015243000816553831,6.149262844701298e-06,0.015338517725467682,0.005737976636737585,0.0007653661887161434,0.005774519871920347,0.004228262230753899,0.003427861025556922,0.001300822477787733,0.00047465768875554204,0.0003724489361047745,0.0023951497860252857,0.0021348902955651283,0.0019661658443510532,0.0002487269230186939,0.0007405400974676013,0.003956380300223827,0.006567397154867649,0.002250825986266136,0.0032352160196751356,0.0,0.002618529601022601,0.010073724202811718,0.007261892315000296,0.000828015967272222,0.00010421513434266672,0.002462714910507202,0.0015408338513225317,0.00047830623225308955,0.003305948106572032,0.0015027857152745128,0.0036581186577677727,0.0012802659766748548,0.0005207432550378144,0.007026062346994877,0.0015962593024596572,0.0006145093939267099,0.0017907769652083516,0.0017118211835622787,0.011825710535049438,0.0006900019361637533,0.00038674563984386623,0.0006609113188460469,0.005390840582549572,0.006129941903054714,0.020162085071206093,0.000430011423304677,0.0035345377400517464,0.005041865631937981,0.00431996351107955,0.00010491489229025319,0.0006378252292051911,0.004053675569593906,0.0010440538171678782,0.0003241058439016342,0.0
9000.0,0.0002519317786209285,0.029797250404953957,0.01144801639020443,0.003972770646214485,0.0014868294820189476,5.95736992181628e-06,0.014992370270192623,0.005598160438239574,0.0007458702311851084,0.00563775934278965,0.004127703607082367,0.0033447686582803726,0.0012671531876549125,0.0004619999963324517,0.00036228212411515415,0.002336757257580757,0.0020820354111492634,0.0019202367402613163,0.00024141684116329998,0.0007204542052932084,0.003861562581732869,0.006413020193576813,0.002194813219830394,0.0031619765795767307,0.0,0.002554732607677579,0.00985309574753046,0.0071045332588255405,0.0008079571998678148,0.0001011650892905891,0.0024009619373828173,0.0015026864130049944,0.00046592167927883565,0.0032221535220742226,0.0014648869400843978,0.003562972182407975,0.001246968167833984,0.0005060480325482786,0.006876394618302584,0.0015585358487442136,0.0005978696281090379,0.0017449482111260295,0.0016690752236172557,0.011565898545086384,0.0006704223924316466,0.0003755830693989992,0.0006431451183743775,0.005260605830699205,0.005982780363410711,0.01971433311700821,0.00041843217331916094,0.0034465075004845858,0.004925275221467018,0.004219579044729471,0.00010194938658969477,0.0006213344167917967,0.003960216883569956,0.001017506467178464,0.0003156064485665411,0.0
9060.0,0.0002446912694722414,0.02915981598198414,0.011191352270543575,0.003882301039993763,0.0014499856624752283,5.76973843635642e-06,0.014651468023657799,0.005460658576339483,0.000726714264601469,0.005503189750015736,0.004028763622045517,0.0032630441710352898,0.0012340821558609605,0.0004495752800721675,0.00035230765934102237,0.002279332373291254,0.002030072035267949,0.001875031739473343,0.00023425774998031557,0.0007007454405538738,0.003768285270780325,0.006261095404624939,0.0021397508680820465,0.003089851001277566,0.0,0.0024919917341321707,0.009635698981583118,0.006949450820684433,0.0007882282952778041,9.817773388931528e-05,0.0023402662482112646,0.0014651824021711946,0.00045375723857432604,0.0031398118007928133,0.0014276413712650537,0.0034695258364081383,0.0012142653577029705,0.0004916419275105,0.006728850305080414,0.0015214151935651898,0.0005815416225232184,0.0016999230720102787,0.001627057557925582,0.011309903115034103,0.0006512306863442063,0.0003646461118478328,0.0006257088971324265,0.005132506135851145,0.005838014185428619,0.019273243844509125,0.00040706846630200744,0.0033599722664803267,0.004810501355677843,0.004120767582207918,9.904235048452392e-05,0.0006051362142898142,0.0038682094309479,0.0009914211696013808,0.00030726040131412446,0.0
9120.0,0.00023745074577163905,0.02852238155901432,0.010934687219560146,0.003791831200942397,0.0014131419593468308,5.582106496149208e-06,0.014310565777122974,0.005323157180100679,0.0007075582398101687,0.005368620157241821,0.003929823637008667,0.0031813194509595633,0.0012010111240670085,0.0004371505347080529,0.00034233316546306014,0.002221907489001751,0.001978108659386635,0.0018298267386853695,0.00022709864424541593,0.0006810366758145392,0.003675007726997137,0.006109170150011778,0.002084688749164343,0.003017725422978401,0.0,0.0024292508605867624,0.009418301284313202,0.006794368382543325,0.0007684994488954544,9.519037121208385e-05,0.002279570559039712,0.0014276783913373947,0.0004415928269736469,0.0030574698466807604,0.0013903956860303879,0.003376079723238945,0.0011815625475719571,0.0004772358515765518,0.006581305526196957,0.001484294654801488,0.0005652136751450598,0.001654897932894528,0.0015850398922339082,0.011053908616304398,0.0006320389802567661,0.00035370918340049684,0.0006082726758904755,0.0050044069066643715,0.00569324754178524,0.01883215270936489,0.00039570475928485394,0.003273437265306711,0.004695727955549955,0.0040219565853476524,9.613531437935308e-05,0.0005889380699954927,0.0037762022111564875,0.0009653357556089759,0.00029891435406170785,0.0
9180.0,0.00023021023662295192,0.02788494899868965,0.010678023099899292,0.0037013613618910313,0.0013762982562184334,5.394474555941997e-06,0.01396966353058815,0.0051856557838618755,0.0006884022732265294,0.005234051030129194,0.003830883651971817,0.0030995949637144804,0.0011679400922730565,0.00042472578934393823,0.0003323586715850979,0.002164482604712248,0.0019261452835053205,0.001784621737897396,0.00021993955306243151,0.0006613279110752046,0.003581730183213949,0.005957244895398617,0.0020296266302466393,0.00294560007750988,0.0,0.002366509987041354,0.009200903587043285,0.006639285944402218,0.0007487705443054438,9.220301581081003e-05,0.0022188748698681593,0.0013901744969189167,0.0004294284153729677,0.0029751278925687075,0.0013531501172110438,0.003282633377239108,0.0011488597374409437,0.00046282977564260364,0.006433761212974787,0.0014471739996224642,0.0005488856695592403,0.0016098727937787771,0.0015430222265422344,0.010797914117574692,0.0006128472741693258,0.0003427722258493304,0.0005908364546485245,0.004876307211816311,0.005548480898141861,0.018391063436865807,0.00038434105226770043,0.003186902031302452,0.004580954555422068,0.003923145588487387,9.322827827418223e-05,0.0005727398674935102,0.003684194991365075,0.0009392503998242319,0.0002905683359131217,0.0
9240.0,0.0002229697274742648,0.027247514575719833,0.010421358048915863,0.0036108915228396654,0.001339454436674714,5.206842615734786e-06,0.013628761284053326,0.005048154387623072,0.0006692462484352291,0.00509948143735528,0.0037319438997656107,0.003017870243638754,0.0011348689440637827,0.0004123010439798236,0.00032238420681096613,0.0021070577204227448,0.0018741819076240063,0.0017394168535247445,0.0002127804618794471,0.00064161914633587,0.003488452872261405,0.005805320106446743,0.001974564278498292,0.0028734744992107153,0.0,0.002303769113495946,0.008983506821095943,0.00648420350626111,0.000729041697923094,8.92156531335786e-05,0.002158178947865963,0.0013526704860851169,0.0004172639746684581,0.002892786171287298,0.0013159045483916998,0.003189187264069915,0.0011161568108946085,0.0004484236997086555,0.006286216899752617,0.0014100534608587623,0.0005325577221810818,0.0015648475382477045,0.0015010046772658825,0.010541919618844986,0.0005936555680818856,0.00033183529740199447,0.0005734002334065735,0.004748207982629538,0.005403714720159769,0.017949972301721573,0.00037297734525054693,0.0031003670301288366,0.004466180689632893,0.0038243343587964773,9.032123489305377e-05,0.0005565416649915278,0.0035921877715736628,0.0009131650440394878,0.0002822222886607051,0.0
9300.0,0.00021696077601518482,0.026692423969507217,0.010199343785643578,0.0035328154917806387,0.0013080727076157928,5.053926088294247e-06,0.013334494084119797,0.004930870141834021,0.000653026276268065,0.004984176252037287,0.0036472235806286335,0.002948103006929159,0.001106943003833294,0.00040186382830142975,0.00031404037144966424,0.0020580801647156477,0.001829973654821515,0.0017006000271067023,0.00020687472715508193,0.000625113258138299,0.0034086781088262796,0.00567499129101634,0.0019277592655271292,0.002811244921758771,0.0,0.0022502520587295294,0.008795020170509815,0.006349538452923298,0.0007121977396309376,8.674926357343793e-05,0.0021066502667963505,0.0013207636075094342,0.0004069926799274981,0.002823006361722946,0.0012843143194913864,0.003110345220193267,0.0010885647498071194,0.0004364465712569654,0.0061577861197292805,0.0013782361056655645,0.0005188790964893997,0.001526753418147564,0.0014653082471340895,0.010320070199668407,0.0005777163314633071,0.0003227812994737178,0.000558774103410542,0.004638792015612125,0.0052799382247030735,0.01756831631064415,0.00036344799445942044,0.0030268188565969467,0.004367473069578409,0.0037394179962575436,8.790508582023904e-05,0.0005428609438240528,0.003513023257255554,0.0008910710457712412,0.00027519065770320594,0.0
9360.0,0.00021106377243995667,0.02614481933414936,0.009980479255318642,0.0034558658953756094,0.0012771876063197851,4.904165507468861e-06,0.013044466264545918,0.004815423395484686,0.00063707324443385,0.004870622884482145,0.0035637959372252226,0.002879423089325428,0.001079484703950584,0.0003916072892025113,0.0003058447618968785,0.002009870484471321,0.001786470296792686,0.0016623641131445765,0.00020108291937503964,0.000608898582868278,0.0033301308285444975,0.005546626169234514,0.0018817048985511065,0.002749915001913905,0.0,0.0021975734271109104,0.008609162643551826,0.006216729525476694,0.0006956160650588572,8.43302404973656e-05,0.002055954886600375,0.0012893654638901353,0.0003968935052398592,0.0027543685864657164,0.0012532382970675826,0.003032831009477377,0.0010614373022690415,0.000424690282670781,0.006031092721968889,0.001346900942735374,0.0005054413340985775,0.0014892894541844726,0.001430186559446156,0.010101325809955597,0.0005620727315545082,0.0003138984611723572,0.0005444033886305988,0.0045310743153095245,0.005158070009201765,0.017192063853144646,0.0003540853795129806,0.002954451134428382,0.004270225763320923,0.0036557649727910757,8.553356019547209e-05,0.0005294090369716287,0.003435026155784726,0.00086933997226879,0.0002682784979697317,0.0
9420.0,0.00020516678341664374,0.025597214698791504,0.009761614724993706,0.00337891629897058,0.0012463023886084557,4.754404926643474e-06,0.012754438444972038,0.0046999771147966385,0.0006211202125996351,0.004757069516927004,0.0034803682938218117,0.002810742938891053,0.001052026404067874,0.00038135075010359287,0.0002976491523440927,0.0019616608042269945,0.0017429669387638569,0.001624128082767129,0.00019529111159499735,0.0005926839075982571,0.003251583781093359,0.005418261047452688,0.0018356505315750837,0.0026885850820690393,0.0,0.0021448947954922915,0.008423305116593838,0.00608392059803009,0.0006790343904867768,8.191121014533564e-05,0.0020052595064044,0.0012579674366861582,0.0003867943014483899,0.0026857308112084866,0.0012221622746437788,0.002955316798761487,0.0010343098547309637,0.0004129339649807662,0.005904399324208498,0.0013155657798051834,0.0004920036299154162,0.0014518254902213812,0.0013950649881735444,0.009882580488920212,0.0005464291898533702,0.00030501565197482705,0.0005300327320583165,0.004423356615006924,0.005036201793700457,0.016815809532999992,0.0003447227936703712,0.002882083412259817,0.0041729784570634365,0.003572111949324608,8.316203457070515e-05,0.0005159571883268654,0.0033570292871445417,0.0008476088405586779,0.00026136633823625743,0.0
9480.0,0.00019926977984141558,0.025049610063433647,0.009542751125991344,0.0033019669353961945,0.0012154171708971262,4.6046443458180875e-06,0.012464411556720734,0.004584530368447304,0.0006051671225577593,0.004643515683710575,0.0033969406504184008,0.0027420627884566784,0.001024568104185164,0.00037109421100467443,0.00028945354279130697,0.0019134512403979897,0.0016994635807350278,0.0015858921688050032,0.00018949930381495506,0.0005764692323282361,0.003173036500811577,0.005289895460009575,0.001789596164599061,0.0026272551622241735,0.0,0.0020922161638736725,0.008237446658313274,0.0059511116705834866,0.0006624527159146965,7.94921797933057e-05,0.001954563893377781,0.001226569409482181,0.00037669509765692055,0.0026170930359512568,0.001191086252219975,0.0028778023552149534,0.0010071824071928859,0.00040117764729075134,0.005777706392109394,0.0012842306168749928,0.00047856586752459407,0.001414361409842968,0.001359943300485611,0.009663835167884827,0.0005307855899445713,0.00029613281367346644,0.0005156620754860342,0.00431563938036561,0.004914333578199148,0.01643955707550049,0.0003353601787239313,0.0028097156900912523,0.00407573115080595,0.0034884586930274963,8.07905089459382e-05,0.0005025052814744413,0.0032790321856737137,0.0008258777670562267,0.0002544541785027832,0.0
9540.0,0.00019337279081810266,0.02450200542807579,0.009323886595666409,0.003225017338991165,0.0011845320696011186,4.454883764992701e-06,0.012174383737146854,0.004469084087759256,0.0005892140907235444,0.004529962316155434,0.00331351300701499,0.0026733826380223036,0.000997109804302454,0.00036083770100958645,0.0002812579623423517,0.001865241676568985,0.0016559602227061987,0.0015476561384275556,0.00018370749603491277,0.0005602544988505542,0.0030944892205297947,0.005161530338227749,0.0017435417976230383,0.0025659252423793077,0.0,0.0020395375322550535,0.008051589131355286,0.00581830320879817,0.0006458710413426161,7.707315671723336e-05,0.0019038685131818056,0.0011951712658628821,0.0003665959229692817,0.0025484554935246706,0.0011600102297961712,0.0028002881444990635,0.000980054959654808,0.0003894213296007365,0.005651012994349003,0.0012528954539448023,0.00046512813423760235,0.0013768974458798766,0.0013248216127976775,0.009445089846849442,0.0005151419900357723,0.0002872500044759363,0.0005012913607060909,0.004207921680063009,0.004792465828359127,0.016063302755355835,0.0003259975928813219,0.002737348200753331,0.003978483844548464,0.0034048056695610285,7.841898332117125e-05,0.0004890534328296781,0.0032010353170335293,0.0008041466935537755,0.0002475420478731394,0.0
9600.0,0.0001884284138213843,0.024022404104471207,0.009133377112448215,0.003158177947625518,0.0011580236023291945,4.331323907535989e-06,0.011922410689294338,0.0043698688969016075,0.000575594836845994,0.0044319708831608295,0.003241562284529209,0.0026143137365579605,0.0009737260988913476,0.0003521440376061946,0.0002743373333942145,0.0018238131888210773,0.0016186611028388143,0.0015145959332585335,0.00017887729336507618,0.0005465480498969555,0.003026822116225958,0.005050639156252146,0.0017040857346728444,0.0025126654654741287,0.0,0.001994264544919133,0.007889465428888798,0.0057022906839847565,0.0006316084763966501,7.505427493015304e-05,0.0018604859942570329,0.0011682510375976562,0.00035799582838080823,0.0024898143019527197,0.0011334398295730352,0.0027343262918293476,0.000956970383413136,0.00037954840809106827,0.005540096201002598,0.0012258464703336358,0.0004537659988272935,0.0013449368998408318,0.0012947473442181945,0.009254357777535915,0.0005020168027840555,0.0002798187197186053,0.000489126134198159,0.004115232732146978,0.004687504377216101,0.015735706314444542,0.00031807401683181524,0.0026753563433885574,0.0038942808751016855,0.0033324225805699825,7.642793207196519e-05,0.00047759574954397976,0.003133472055196762,0.0007855895673856139,0.0002416675997665152,0.0
9660.0,0.00018357063527218997,0.02354898676276207,0.008945446461439133,0.003092257771641016,0.001131913042627275,4.21014601670322e-06,0.011673897504806519,0.004272129386663437,0.0005621877498924732,0.004335394594818354,0.0031706546433269978,0.0025561186484992504,0.0009507127688266337,0.000343592488206923,0.00026753259589895606,0.001783001353032887,0.0015819260152056813,0.001482006162405014,0.0001741345040500164,0.0005330696585588157,0.0029601443093270063,0.004941336810588837,0.0016652296762913465,0.0024601391050964594,0.0,0.001949664787389338,0.007729499135166407,0.005587805528193712,0.0006175567978061736,7.307178020710126e-05,0.001817768206819892,0.0011417379137128592,0.0003495320270303637,0.0024320820812135935,0.0011072790948674083,0.0026694147381931543,0.0009342532721348107,0.000369846704415977,0.005430613178759813,0.001199187128804624,0.0004425925435498357,0.0013134765904396772,0.001265132101252675,0.009066172875463963,0.0004891205462627113,0.00027251942083239555,0.00047716134577058256,0.004023910034447908,0.004584080073982477,0.015412532724440098,0.00031028129160404205,0.002614307915791869,0.0038112634792923927,0.0032610639464110136,7.447146344929934e-05,0.00046631935401819646,0.0030668573454022408,0.0007673209765926003,0.00023588750627823174,0.0
9720.0,0.00017871287127491087,0.023075567558407784,0.008757514879107475,0.003026337595656514,0.0011058024829253554,4.088968125870451e-06,0.011425384320318699,0.004174389876425266,0.0005487806047312915,0.004238818306475878,0.0030997470021247864,0.0024979233276098967,0.0009276994387619197,0.00033504090970382094,0.0002607278584036976,0.0017421894008293748,0.0015451909275725484,0.0014494163915514946,0.00016939172928687185,0.000519591209013015,0.002893466269597411,0.00483203399926424,0.0016263735014945269,0.00240761274471879,0.0,0.0019050650298595428,0.0075695328414440155,0.005473319906741381,0.000603505119215697,7.108927820809186e-05,0.0017750503029674292,0.001115224789828062,0.0003410682256799191,0.0023743498604744673,0.0010811184765771031,0.002604503184556961,0.0009115361608564854,0.00036014500074088573,0.005321130156517029,0.0011725277872756124,0.0004314191173762083,0.0012820163974538445,0.0012355167418718338,0.00887798797339201,0.00047622426063753664,0.00026522009284235537,0.0004651965864468366,0.003932586871087551,0.004480656236410141,0.015089358203113079,0.0003024885372724384,0.002553259488195181,0.0037282460834831,0.0031897055450826883,7.251499482663348e-05,0.00045504295849241316,0.0030002426356077194,0.0007490524440072477,0.00023010741278994828,0.0
9780.0,0.00017385509272571653,0.022602150216698647,0.008569583296775818,0.0029604174196720123,0.0010796919232234359,3.967790235037683e-06,0.01117687113583088,0.004076650366187096,0.0005353735177777708,0.004142242018133402,0.0030288395937532187,0.0024397282395511866,0.0009046861086972058,0.00032648936030454934,0.00025392312090843916,0.0017013774486258626,0.0015084559563547373,0.0014168266206979752,0.00016464893997181207,0.0005061128176748753,0.002826788229867816,0.004722731653600931,0.0015875173266977072,0.0023550866171717644,0.0,0.0018604651559144258,0.007409567013382912,0.0053588347509503365,0.0005894533824175596,6.910677620908245e-05,0.0017323325155302882,0.001088711665943265,0.000332604453433305,0.002316617639735341,0.0010549577418714762,0.002539591630920768,0.00088881904957816,0.00035044329706579447,0.005211647599935532,0.0011458683293312788,0.00042024566209875047,0.0012505562044680119,0.0012059013824909925,0.008689802139997482,0.00046332800411619246,0.00025792079395614564,0.0004532318271230906,0.003841264173388481,0.0043772319331765175,0.014766184613108635,0.0002946958120446652,0.0024922110605984926,0.003645228687673807,0.0031183469109237194,7.055853347992525e-05,0.0004437665338627994,0.002933627925813198,0.0007307838532142341,0.00022432731930166483,0.0
9840.0,0.00016899732872843742,0.02212873101234436,0.008381652645766735,0.0028944972436875105,0.0010535813635215163,3.846612344204914e-06,0.01092835795134306,0.003978910390287638,0.00052196643082425,0.004045665729790926,0.0029579319525510073,0.0023815331514924765,0.0008816727786324918,0.00031793778180144727,0.00024711841251701117,0.0016605654964223504,0.0014717208687216043,0.0013842369662597775,0.0001599061506567523,0.0004926343681290746,0.0027601104229688644,0.004613428842276335,0.0015486611519008875,0.002302560256794095,0.0,0.0018158653983846307,0.0072496007196605206,0.005244349129498005,0.0005754017038270831,6.712427421007305e-05,0.0016896147280931473,0.0010621985420584679,0.00032414065208286047,0.002258885418996215,0.0010287970071658492,0.0024746800772845745,0.0008661019965074956,0.0003407415933907032,0.005102164577692747,0.001119208987802267,0.0004090722359251231,0.0012190958950668573,0.0011762861395254731,0.00850161723792553,0.0004504317184910178,0.00025062146596610546,0.0004412670386955142,0.0037499412428587675,0.004273807629942894,0.014443010091781616,0.00028690308681689203,0.0024311626330018044,0.0035622112918645144,0.0030469882767647505,6.860206485725939e-05,0.0004324901383370161,0.002867012983188033,0.0007125153206288815,0.00021854721126146615,0.0
9900.0,0.0001648867328185588,0.021711915731430054,0.00821712426841259,0.002836897736415267,0.0010310144862160087,3.7455401979968883e-06,0.010711172595620155,0.0038943367544561625,0.0005104352603666484,0.003961783368140459,0.00289637828245759,0.002331141848117113,0.0008619236177764833,0.0003106303047388792,0.0002413233887637034,0.00162525346968323,0.0014400020008906722,0.0013558801729232073,0.00015591213013976812,0.00048114516539499164,0.0027022866997867823,0.00451840041205287,0.001515134354121983,0.002256673527881503,0.0,0.0017772725550457835,0.00710928114131093,0.005143794696778059,0.0005632333341054618,6.545366341015324e-05,0.0016527941916137934,0.0010393058182671666,0.0003168777038808912,0.002209196798503399,0.001006265520118177,0.002419013762846589,0.0008466203580610454,0.0003325203142594546,0.005005805753171444,0.0010960472282022238,0.0003995455044787377,0.0011920550605282187,0.0011507447343319654,0.008336607366800308,0.00043951251427643,0.00024445721646770835,0.00043105476652272046,0.0036708293482661247,0.004184137564152479,0.01416001096367836,0.00028025341453030705,0.0023784933146089315,0.003489882918074727,0.0029848564881831408,6.694455078104511e-05,0.00042281168862245977,0.002808953169733286,0.0006967989611439407,0.00021359614038374275,0.0
9960.0,0.00016084407980088145,0.021300245076417923,0.008054724894464016,0.002780054695904255,0.0010087699629366398,3.6462961361394264e-06,0.01049683429300785,0.0038109596353024244,0.0004990746383555233,0.003879055380821228,0.002835674909874797,0.002281459979712963,0.0008424712577834725,0.000303435925161466,0.00023562015849165618,0.0015904413303360343,0.001408739248290658,0.0013279083650559187,0.00015198616893030703,0.0004698367847595364,0.0026452678721398115,0.0044246697798371315,0.0014820920769125223,0.0022113905288279057,0.0,0.0017392258159816265,0.0069707478396594524,0.0050445059314370155,0.0005512361531145871,6.38114070170559e-05,0.0016165097476914525,0.0010167422005906701,0.0003097239532507956,0.0021602394990622997,0.0009840639540925622,0.002364187967032194,0.0008274328429251909,0.0003244336403440684,0.0049106404185295105,0.0010732035152614117,0.0003901684540323913,0.001165415975265205,0.0011255736462771893,0.008173705078661442,0.00042877302621491253,0.00023839618370402604,0.00042100180871784687,0.0035928271245211363,0.004095717798918486,0.013880663551390171,0.0002737076720222831,0.002326585818082094,0.003418526379391551,0.0029235633555799723,6.531421968247741e-05,0.000413278496125713,0.0027516710106283426,0.0006813146756030619,0.00020872043387498707,0.0
10020.0,0.00015680141223128885,0.02088857628405094,0.007892324589192867,0.002723211655393243,0.000986525323241949,3.547051846908289e-06,0.01028249692171812,0.0037275825161486864,0.0004877139872405678,0.0037963271606713533,0.0027749715372920036,0.002231778111308813,0.0008230188395828009,0.00029624151648022234,0.00022991692821960896,0.0015556291909888387,0.0013774764956906438,0.0012999364407733083,0.00014806020772084594,0.00045852840412408113,0.0025882490444928408,0.004330939147621393,0.0014490497997030616,0.0021661072969436646,0.0,0.0017011790769174695,0.006832214538007975,0.004945217631757259,0.0005392389721237123,6.216914334800094e-05,0.0015802253037691116,0.0009941786993294954,0.0003025702026207,0.0021112821996212006,0.0009618623880669475,0.002309362171217799,0.0008082453277893364,0.00031634693732485175,0.00481547461822629,0.0010503596859052777,0.00038079143268987536,0.001138777006417513,0.001100402558222413,0.008010802790522575,0.00041803353815339506,0.00023233512183651328,0.0004109488509129733,0.0035148251336067915,0.004007298033684492,0.013601316139101982,0.00026716190041042864,0.002274678088724613,0.0033471696078777313,0.0028622702229768038,6.368388858390972e-05,0.00040374533273279667,0.0026943888515233994,0.0006658303318545222,0.00020384472736623138,0.0
10080.0,0.00015275874466169626,0.02047690562903881,0.007729924283921719,0.0026663686148822308,0.0009642806835472584,3.447807785050827e-06,0.01006815955042839,0.0036442053969949484,0.00047635333612561226,0.0037135989405214787,0.0027142681647092104,0.002182096242904663,0.0008035664795897901,0.00028904713690280914,0.00022421369794756174,0.0015208171680569649,0.0013462137430906296,0.0012719645164906979,0.00014413424651138484,0.0004472200234886259,0.00253123021684587,0.004237208515405655,0.0014160075224936008,0.002120824297890067,0.0,0.0016631322214379907,0.0066936807706952095,0.004845929332077503,0.0005272417911328375,6.05268869549036e-05,0.0015439408598467708,0.0009716150816529989,0.0002954164519906044,0.0020623249001801014,0.0009396608220413327,0.0022545363754034042,0.000789057812653482,0.00030826026340946555,0.004720309283584356,0.0010275159729644656,0.00037141438224352896,0.001112137921154499,0.0010752314701676369,0.007847899571061134,0.0004072940209880471,0.00022627407452091575,0.00040089586400426924,0.0034368231426924467,0.003918878268450499,0.013321968726813793,0.00026061615790240467,0.002222770359367132,0.0032758128363639116,0.0028009770903736353,6.205355748534203e-05,0.0003942121402360499,0.0026371064595878124,0.0006503460463136435,0.0001989690208574757,0.0
10140.0,0.0001487160916440189,0.02006523497402668,0.007567524444311857,0.0026095255743712187,0.0009420360438525677,3.3485634958196897e-06,0.00985382217913866,0.0035608282778412104,0.0004649926850106567,0.003630870720371604,0.002653564792126417,0.002132414374500513,0.0007841140613891184,0.00028185275732539594,0.00021851046767551452,0.0014860050287097692,0.0013149508740752935,0.0012439927086234093,0.00014020828530192375,0.00043591164285317063,0.0024742113891988993,0.004143477417528629,0.0013829652452841401,0.002075541066005826,0.0,0.0016250854823738337,0.006555147469043732,0.00474664056673646,0.0005152446101419628,5.8884626923827454e-05,0.00150765641592443,0.0009490515221841633,0.0002882627013605088,0.0020133676007390022,0.000917459256015718,0.0021997105795890093,0.0007698702975176275,0.0003001735603902489,0.0046251434832811356,0.0010046721436083317,0.000362037360901013,0.0010854988358914852,0.0010500603821128607,0.007684996817260981,0.00039655453292652965,0.0002202130272053182,0.00039084290619939566,0.003358821151778102,0.0038304587360471487,0.013042621314525604,0.0002540704153943807,0.002170862862840295,0.0032044562976807356,0.002739683724939823,6.0423222748795524e-05,0.0003846789477393031,0.002579824300482869,0.0006348617607727647,0.00019409331434872001,0.0
10200.0,0.00014526682207360864,0.019701018929481506,0.007424593437463045,0.002559585962444544,0.0009226881084032357,3.2649777494953014e-06,0.009665483608841896,0.0034882300533354282,0.0004551552701741457,0.0035585889127105474,0.002600553212687373,0.0020891278982162476,0.0007673040963709354,0.0002756596659310162,0.00021361614926718175,0.0014556952519342303,0.0012877830304205418,0.0012195127783343196,0.0001368731027469039,0.0004261988797225058,0.002424463629722595,0.0040615093894302845,0.001354269334115088,0.0020357652101665735,0.0,0.0015919568249955773,0.0064330012537539005,0.004658992867916822,0.0005047909799031913,5.7488672609906644e-05,0.0014761746861040592,0.000929443456698209,0.00028208098956383765,0.00197094795294106,0.000898210157174617,0.0021523619070649147,0.0007532995659857988,0.0002932649222202599,0.004540975205600262,0.000984707847237587,0.0003539816534612328,0.0010624451097100973,0.0010282096918672323,0.0075414152815938,0.00038738647708669305,0.00021505098266061395,0.00038219819543883204,0.003290832042694092,0.0037533303257077932,0.012796706520020962,0.00024844289873726666,0.0021257875487208366,0.0031419331207871437,0.002686009043827653,5.90306990488898e-05,0.0003764395951293409,0.0025296155363321304,0.0006214504828676581,0.00018988702504429966,0.0
10260.0,0.00014187151100486517,0.019341114908456802,0.00728343240916729,0.0025102742947638035,0.0009036035044118762,3.1828153623791877e-06,0.009479508735239506,0.0034166118130087852,0.0004454563313629478,0.003487256821244955,0.0025482408236712217,0.002046422567218542,0.0007507343543693423,0.00026955761131830513,0.00020879536168649793,0.0014257949078455567,0.0012609874829649925,0.001195350312627852,0.00013359163131099194,0.0004166311991866678,0.002375376643612981,0.003980610053986311,0.0013259685365483165,0.001996489940211177,0.0,0.0015592753188684583,0.006312345154583454,0.004572402685880661,0.0004944776301272213,5.6115106417564675e-05,0.0014451296301558614,0.0009101040195673704,0.0002759876661002636,0.0019291226053610444,0.000879229512065649,0.002105693332850933,0.0007369666709564626,0.00028646335704252124,0.0044578067027032375,0.0009650051943026483,0.00034604608663357794,0.0010397173464298248,0.0010066607501357794,0.007399590220302343,0.00037836129195056856,0.0002099706616718322,0.0003736815124284476,0.0032237530685961246,0.003677228232845664,0.01255383063107729,0.00024289885186590254,0.0020813336595892906,0.003080212976783514,0.002633027033880353,5.765979949501343e-05,0.0003683178802020848,0.0024800498504191637,0.0006082277395762503,0.00018574160640127957,0.0
10320.0,0.0001384761999361217,0.018981212750077248,0.007142271380871534,0.0024609623942524195,0.0008845189004205167,3.100652975263074e-06,0.009293533861637115,0.0033449935726821423,0.00043575739255174994,0.0034159247297793627,0.0024959284346550703,0.0020037174690514803,0.0007341646123677492,0.0002634555276017636,0.0002039745741058141,0.0013958944473415613,0.0012341919355094433,0.0011711878469213843,0.00013031014532316476,0.0004070635186508298,0.00232628989033401,0.003899710951372981,0.001297667738981545,0.001957214903086424,0.0,0.0015265938127413392,0.006191689055413008,0.004485812969505787,0.0004841643094550818,5.474154022522271e-05,0.0014140844577923417,0.0008907645824365318,0.00026989434263668954,0.001887297141365707,0.0008602488087490201,0.002059024525806308,0.0007206337759271264,0.00027966179186478257,0.004374638199806213,0.0009453025995753706,0.0003381105198059231,0.0010169895831495523,0.0009851119248196483,0.007257765159010887,0.0003693360777106136,0.00020489035523496568,0.00036516482941806316,0.0031566740944981575,0.0036011263728141785,0.012310954742133617,0.00023735480499453843,0.002036879537627101,0.0030184925999492407,0.002580045023933053,5.6288896303158253e-05,0.00036019616527482867,0.002430484164506197,0.0005950049962848425,0.00018159617320634425,0.0
10380.0,0.000135080874315463,0.018621308729052544,0.007001110352575779,0.0024116504937410355,0.0008654342964291573,3.0184905881469604e-06,0.00910755805671215,0.0032733753323554993,0.00042605845374055207,0.0033445924054831266,0.002443616045638919,0.0019610123708844185,0.0007175948703661561,0.00025735347298905253,0.00019915377197321504,0.0013659941032528877,0.001207396388053894,0.0011470253812149167,0.0001270286738872528,0.0003974958381149918,0.0022772029042243958,0.003818811848759651,0.0012693669414147735,0.0019179396331310272,0.0,0.0014939123066142201,0.006071032490581274,0.0043992227874696255,0.0004738509887829423,5.336797403288074e-05,0.001383039285428822,0.0008714252035133541,0.0002638010191731155,0.0018454717937856913,0.0008412681054323912,0.0020123557187616825,0.0007043009391054511,0.00027286025579087436,0.004291469696909189,0.0009256000048480928,0.00033017495297826827,0.0009942618198692799,0.0009635630412958562,0.007115939632058144,0.00036031086347065866,0.00019981003424618393,0.0003566481464076787,0.0030895951204001904,0.0035250242799520493,0.01206807792186737,0.00023181077267508954,0.001992425648495555,0.002956772455945611,0.0025270627811551094,5.4917993111303076e-05,0.00035207445034757257,0.0023809184785932302,0.0005817822529934347,0.00017745074001140893,0.0
10440.0,0.00013168556324671954,0.01826140657067299,0.006859949324280024,0.0023623385932296515,0.0008463496924377978,2.9363282010308467e-06,0.00892158318310976,0.0032017570920288563,0.0004163595149293542,0.0032732603140175343,0.0023913036566227674,0.0019183071563020349,0.000701025128364563,0.00025125141837634146,0.00019433298439253122,0.0013360936427488923,0.001180600724183023,0.001122863031923771,0.00012374720245134085,0.0003879281575791538,0.002228116150945425,0.003737912978976965,0.001241066143848002,0.0018786643631756306,0.0,0.001461230800487101,0.005950376391410828,0.004312633071094751,0.00046353766811080277,5.199440784053877e-05,0.0013519942294806242,0.0008520857663825154,0.00025770769570954144,0.0018036463297903538,0.0008222874603234231,0.0019656869117170572,0.0006879680440761149,0.0002660586906131357,0.004208301194012165,0.000905897410120815,0.00032223938615061343,0.0009715341147966683,0.0009420141577720642,0.006974114570766687,0.00035128567833453417,0.0001947297278093174,0.0003481314633972943,0.003022516146302223,0.00344892218708992,0.011825202032923698,0.00022626672580372542,0.0019479715265333652,0.0028950523119419813,0.0024740807712078094,5.3547093557426706e-05,0.000343952706316486,0.0023313527926802635,0.0005685594514943659,0.0001733053068164736,0.0
10500.0,0.00012876685650553554,0.0179415512830019,0.0067351022735238075,0.0023187974002212286,0.0008296534651890397,2.8665224363066955e-06,0.00875734630972147,0.0031390392687171698,0.00040790889761410654,0.00321059487760067,0.002345368266105652,0.0018808873137459159,0.0006866148905828595,0.0002459633396938443,0.0001901670329971239,0.0013099106727167964,0.0011571774957701564,0.0011016040807589889,0.0001209374240715988,0.0003796536766458303,0.0021850496996194124,0.0036667841486632824,0.001216341508552432,0.00184399145655334,0.0,0.0014326103264465928,0.005843485705554485,0.004235837142914534,0.00045450011384673417,5.081765630166046e-05,0.0013248956529423594,0.0008351802243851125,0.0002524087321944535,0.0017671831883490086,0.0008057305822148919,0.0019251237390562892,0.0006737718940712512,0.00026020497898571193,0.004134409595280886,0.0008885844727046788,0.0003153750440105796,0.0009517422877252102,0.0009231956792064011,0.006848511286079884,0.000343523541232571,0.00019036969752050936,0.00034075797884725034,0.0029637168627232313,0.0033821668475866318,0.011610348708927631,0.00022146785340737551,0.0019091385183855891,0.0028406891506165266,0.0024274385068565607,5.236747529124841e-05,0.00033688859548419714,0.002287680981680751,0.0005570361390709877,0.00016970571596175432,0.0
10560.0,0.0001258914708159864,0.017625335603952408,0.006611738353967667,0.0022757810074836016,0.0008131743525154889,2.797839897539234e-06,0.008595084771513939,0.0030771305318921804,0.0003995717561338097,0.0031487171072512865,0.0023000126238912344,0.0018439479172229767,0.0006724009872414172,0.00024074928660411388,0.00018606061348691583,0.001284065656363964,0.0011340606724843383,0.0010806091595441103,0.00011817053018603474,0.000371496775187552,0.00214253063313663,0.0035965435672551394,0.0011919420212507248,0.0018097368301823735,0.0,0.0014043591218069196,0.005737846717238426,0.004159931559115648,0.0004455785674508661,4.965879998053424e-05,0.0012981558684259653,0.0008184959879145026,0.00024718200438655913,0.0017312074778601527,0.0007893940201029181,0.0018851155182346702,0.0006597699830308557,0.00025443744380027056,0.004061361774802208,0.0008714887662790716,0.000308608083287254,0.0009322173427790403,0.000904625398106873,0.006724382750689983,0.00033587621874175966,0.00018607515085022897,0.0003334884240757674,0.0029056703206151724,0.0033162611071020365,0.011398043483495712,0.00021673673472832888,0.0018708165735006332,0.002786994678899646,0.0023813729640096426,5.1205246563768014e-05,0.0003299205855000764,0.0022445451468229294,0.0005456673679873347,0.00016615573258604854,0.0
10620.0,0.00012301608512643725,0.017309121787548065,0.006488374434411526,0.002232764381915331,0.0007966951816342771,2.729157358771772e-06,0.008432823233306408,0.003015221795067191,0.0003912346437573433,0.003086839336901903,0.002254656981676817,0.0018070086371153593,0.0006581870838999748,0.00023553523351438344,0.00018195417942479253,0.0012582206400111318,0.001110943965613842,0.0010596142383292317,0.0001154036435764283,0.0003633398737292737,0.0021000115666538477,0.0035263029858469963,0.0011675425339490175,0.001775482320226729,0.0,0.0013761079171672463,0.00563220726326108,0.004084025975316763,0.0004366569919511676,4.849994365940802e-05,0.0012714160839095712,0.0008018117514438927,0.00024195524747483432,0.0016952317673712969,0.0007730574579909444,0.001845107413828373,0.0006457680719904602,0.0002486698795109987,0.003988313488662243,0.0008543931180611253,0.00030184112256392837,0.0009126923978328705,0.000886055117007345,0.006600254215300083,0.0003282288962509483,0.00018178060417994857,0.00032621886930428445,0.0028476237785071135,0.003250355366617441,0.011185737326741219,0.00021200560149736702,0.0018324945122003555,0.002733300207182765,0.002335307188332081,5.004301783628762e-05,0.00032295260461978614,0.0022014090791344643,0.0005342985386960208,0.00016260574921034276,0.0
10680.0,0.00012014070671284571,0.016992907971143723,0.0063650100491940975,0.00218974775634706,0.0007802160689607263,2.6604748200043105e-06,0.008270561695098877,0.0029533132910728455,0.00038289750227704644,0.0030249617993831635,0.0022093013394623995,0.00177006924059242,0.0006439732387661934,0.00023032116587273777,0.00017784775991458446,0.0012323756236582994,0.0010878272587433457,0.0010386193171143532,0.00011263674969086424,0.0003551829722709954,0.0020574922673404217,0.0034560624044388533,0.0011431430466473103,0.0017412276938557625,0.0,0.0013478567125275731,0.005526568274945021,0.004008120391517878,0.0004277354455552995,4.7341087338281795e-05,0.001244676299393177,0.0007851274567656219,0.00023672850511502475,0.0016592561732977629,0.0007567208958789706,0.001805099193006754,0.0006317661027424037,0.00024290234432555735,0.003915265668183565,0.0008372974116355181,0.00029507416184060276,0.0008931674528867006,0.0008674848941154778,0.006476125679910183,0.00032058157376013696,0.00017748605750966817,0.00031894928542897105,0.0027895772363990545,0.003184449626132846,0.0109734321013093,0.0002072744828183204,0.0017941725673153996,0.002679605735465884,0.002289241412654519,4.888078910880722e-05,0.0003159846237394959,0.002158273244276643,0.0005229297676123679,0.00015905576583463699,0.0
10740.0,0.00011726532829925418,0.01667669415473938,0.006241646129637957,0.002146731363609433,0.0007637369562871754,2.591792281236849e-06,0.008108300156891346,0.002891404554247856,0.0003745603607967496,0.00296308402903378,0.002163945697247982,0.0017331299604848027,0.000629759335424751,0.0002251070982310921,0.00017374132585246116,0.0012065306073054671,0.0010647104354575276,0.0010176243958994746,0.00010986985580530018,0.0003470260708127171,0.0020149732008576393,0.0033858218230307102,0.001118743559345603,0.0017069731839001179,0.0,0.0013196055078878999,0.005420928820967674,0.003932214807718992,0.000418813870055601,4.618223101715557e-05,0.001217936514876783,0.000768443220295012,0.00023150176275521517,0.001623280462808907,0.0007403843919746578,0.0017650910886004567,0.0006177641917020082,0.00023713480914011598,0.0038422176148742437,0.0008202017634175718,0.00028830720111727715,0.0008736425079405308,0.0008489146130159497,0.00635199761018157,0.0003129342512693256,0.00017319151083938777,0.0003116797306574881,0.0027315306942909956,0.0031185438856482506,0.010761125944554806,0.00020254334958735853,0.0017558506224304438,0.0026259112637490034,0.002243175869807601,4.7718560381326824e-05,0.0003090166428592056,0.0021151374094188213,0.000511560938321054,0.0001555057824589312,0.0
10800.0,0.0001147766670328565,0.016394486650824547,0.006132043898105621,0.002108571818098426,0.0007492427830584347,2.532977077862597e-06,0.00796433910727501,0.0028369028586894274,0.0003672549210023135,0.002908450085669756,0.002123916754499078,0.0017005926929414272,0.0006173256551846862,0.00022056084708310664,0.0001701700675766915,0.0011837789788842201,0.0010443932842463255,0.0009990613907575607,0.00010748366184998304,0.0003399271809030324,0.0019774772226810455,0.0033237566240131855,0.0010973105672746897,0.0016765912296250463,0.0,0.0012947340728715062,0.005326928570866585,0.003864602418616414,0.00041095499182119966,4.5182332542026415e-05,0.0011944664875045419,0.0007537794881500304,0.00022692982747685164,0.0015917399432510138,0.0007260541897267103,0.001730112242512405,0.0006055223639123142,0.00023213759413920343,0.00377704412676394,0.0008051040931604803,0.0002824168768711388,0.0008565422031097114,0.0008326080278493464,0.00624157814309001,0.00030631248955614865,0.00016948011761996895,0.0003053468244615942,0.002680383622646332,0.0030604342464357615,0.010572466067969799,0.0001984225818887353,0.0017221906455233693,0.0025783879682421684,0.002202424453571439,4.6711746108485386e-05,0.00030292064184322953,0.002076947595924139,0.0005015971255488694,0.00015240481297951192,0.0
10860.0,0.00011232316319365054,0.016115373000502586,0.006023692898452282,0.0020708537194877863,0.0007349290535785258,2.4750590910116443e-06,0.007822040468454361,0.0027830747421830893,0.000360043253749609,0.0028544748201966286,0.0020843720994889736,0.0016684556612744927,0.0006050538504496217,0.0002160752919735387,0.0001666474563535303,0.0011613087262958288,0.001024330616928637,0.0009807194583117962,0.00010513207234907895,0.0003329244500491768,0.001940437825396657,0.0032624348532408476,0.0010761473095044494,0.0016465613152831793,0.0,0.0012701699743047357,0.0052339863032102585,0.003797743935137987,0.00040319273830391467,4.4196887756697834e-05,0.0011712937848642468,0.0007392995175905526,0.00022241742408368737,0.001560602686367929,0.0007119064102880657,0.0016955905593931675,0.0005934405489824712,0.00022721040295436978,0.0037125865928828716,0.0007901880890130997,0.000276606238912791,0.0008396623888984323,0.0008165072067640722,0.0061324057169258595,0.0002997839474119246,0.00016582172247581184,0.0002990990469697863,0.002629864029586315,0.0030030335765331984,0.01038595661520958,0.00019435731519479305,0.0016889545368030667,0.0025314257945865393,0.0021621561609208584,4.57190653833095e-05,0.00029690394876524806,0.002039207611232996,0.0004917610203847289,0.0001493446616223082,0.0
10920.0,0.00010986965935444459,0.015836257487535477,0.005915341433137655,0.0020331356208771467,0.0007206152658909559,2.417140876787016e-06,0.007679742295295,0.002729246625676751,0.00035283161560073495,0.002800499554723501,0.002044827211648226,0.0016363186296075583,0.0005927819875068963,0.00021158975141588598,0.00016312484513036907,0.0011388383572921157,0.0010042679496109486,0.0009623775258660316,0.00010278049012413248,0.00032592174829915166,0.0019033984281122684,0.0032011130824685097,0.0010549839353188872,0.0016165315173566341,0.0,0.0012456057593226433,0.005141044035553932,0.003730885684490204,0.0003954304556827992,4.321144297136925e-05,0.0011481210822239518,0.0007248194888234138,0.0002179050206905231,0.0015294654294848442,0.000697758630849421,0.00166106887627393,0.0005813587340526283,0.00022228321176953614,0.0036481290590018034,0.0007752720266580582,0.0002707956300582737,0.0008227825164794922,0.000800406385678798,0.006023232825100422,0.00029325540526770055,0.00016216332733165473,0.0002928512985818088,0.002579344203695655,0.0029456326737999916,0.010199446231126785,0.00019029203394893557,0.001655718544498086,0.00248446362093091,0.002121887868270278,4.4726381020154804e-05,0.00029088722658343613,0.0020014673937112093,0.000481924886116758,0.00014628451026510447,0.0
10980.0,0.00010741615551523864,0.015557142905890942,0.005806990433484316,0.001995417522266507,0.000706301536411047,2.3592228899360634e-06,0.0075374445877969265,0.002675418509170413,0.0003456199774518609,0.002746524289250374,0.0020052825566381216,0.0016041815979406238,0.0005805101827718318,0.00020710421085823327,0.00015960223390720785,0.0011163679882884026,0.00098420528229326,0.0009440355934202671,0.0001004289006232284,0.00031891901744529605,0.00186635903082788,0.0031397913116961718,0.001033820677548647,0.0015865016030147672,0.0,0.0012210416607558727,0.005048101767897606,0.0036640274338424206,0.0003876681730616838,4.222599818604067e-05,0.0011249483795836568,0.0007103394600562751,0.0002133926172973588,0.0014983281726017594,0.0006836107932031155,0.0016265473095700145,0.0005692768609151244,0.00021735603513661772,0.003583671525120735,0.0007603560225106776,0.0002649849920999259,0.0008059026440605521,0.0007843056228011847,0.005914059933274984,0.0002867268631234765,0.00015850493218749762,0.00028660352109000087,0.0025288246106356382,0.002888231771066785,0.010012935847043991,0.00018622676725499332,0.0016224824357777834,0.002437501447275281,0.0020816198084503412,4.373369665700011e-05,0.0002848705044016242,0.0019637274090200663,0.00047208875184878707,0.00014322435890790075,0.0
11040.0,0.00010496265167603269,0.015278028324246407,0.005698638968169689,0.0019576996564865112,0.000691987806931138,2.3013046757114353e-06,0.007395146414637566,0.002621590392664075,0.0003384083101991564,0.002692548790946603,0.0019657379016280174,0.0015720445662736893,0.0005682383780367672,0.00020261865574866533,0.00015607962268404663,0.0010938977357000113,0.0009641426149755716,0.0009256936609745026,9.807731112232432e-05,0.0003119163156952709,0.0018293196335434914,0.003078469540923834,0.0010126573033630848,0.0015564716886729002,0.0,0.0011964775621891022,0.00495515950024128,0.0035971691831946373,0.0003799059195443988,4.124055340071209e-05,0.0011017756769433618,0.0006958594312891364,0.00020888021390419453,0.0014671909157186747,0.0006694630137644708,0.001592025626450777,0.0005571950459852815,0.00021242884395178407,0.003519213991239667,0.000745440018363297,0.0002591743541415781,0.000789022771641612,0.0007682048017159104,0.005804887507110834,0.00028019832097925246,0.00015484655159525573,0.0002803557727020234,0.002478304784744978,0.002830830868333578,0.009826425462961197,0.00018216150056105107,0.0015892463270574808,0.002390539040789008,0.002041351515799761,4.2741012293845415e-05,0.0002788537822198123,0.0019259873079136014,0.00046225261758081615,0.00014016420755069703,0.0
11100.0,0.00010282587027177215,0.015027958899736404,0.005601969081908464,0.0019240955589339137,0.0006793358479626477,2.251351133963908e-06,0.007268351968377829,0.0025739711709320545,0.0003320559626445174,0.0026446699630469084,0.0019306734902784228,0.0015436002286151052,0.0005574458627961576,0.00019868557865265757,0.00015299819642677903,0.0010740202851593494,0.0009464213508181274,0.0009094023844227195,9.603599028196186e-05,0.0003057866415474564,0.0017965006409212947,0.0030240355990827084,0.0009939732262864709,0.0015297213103622198,0.0,0.001174746546894312,0.004872117191553116,0.003537375247105956,0.00037303517456166446,4.038474435219541e-05,0.0010813326807692647,0.0006830693455412984,0.0002049119066214189,0.001439750543795526,0.0006569887627847493,0.0015616801101714373,0.0005465747090056539,0.00020813346782233566,0.0034614792093634605,0.0007322060409933329,0.0002540872956160456,0.0007741610752418637,0.0007539948564954102,0.005707371048629284,0.0002745102101471275,0.00015166477533057332,0.00027488195337355137,0.002433575689792633,0.0027799790259450674,0.009659991599619389,0.00017860042862594128,0.0015599060570821166,0.0023487878497689962,0.002005567541345954,4.187576996628195e-05,0.00027356180362403393,0.001892425469122827,0.0004535870102699846,0.00013747645425610244,0.0
11160.0,0.00010071787983179092,0.014780529774725437,0.005506360903382301,0.001890865620225668,0.0006668349378742278,2.2021217773726676e-06,0.007142966613173485,0.0025269165635108948,0.00032578175887465477,0.002597345504909754,0.0018960165325552225,0.00151549163274467,0.000546787865459919,0.0001948027202161029,0.0001499568606959656,0.0010543785756453872,0.0009289129520766437,0.0008932974888011813,9.402287832926959e-05,0.00029973630444146693,0.0017640653531998396,0.002970227738842368,0.000975514471065253,0.00150326918810606,0.0,0.0011532731587067246,0.004789975006133318,0.0034782234579324722,0.00036624548374675214,3.954072235501371e-05,0.0010611377656459808,0.0006704328116029501,0.00020099306129850447,0.00141264614649117,0.0006446666666306555,0.001531714224256575,0.0005360872601158917,0.0002038955281022936,0.0034043556079268456,0.0007191250333562493,0.00024906598264351487,0.0007594827911816537,0.0007399567984975874,0.005610914900898933,0.0002688984968699515,0.00014852632011752576,0.00026947850710712373,0.0023893730249255896,0.002729722298681736,0.009495383128523827,0.00017508520977571607,0.00153091992251575,0.0023075102362781763,0.0019701914861798286,4.102210732526146e-05,0.0002683356578927487,0.0018592436099424958,0.0004450278065633029,0.00013482254871632904,0.0
11220.0,9.86098893918097e-05,0.01453310064971447,0.005410752724856138,0.0018576356815174222,0.0006543340859934688,2.152892420781427e-06,0.007017581723630428,0.0024798617232590914,0.00031950752600096166,0.0025500208139419556,0.0018613594584167004,0.0014873830368742347,0.0005361298099160194,0.00019091986177954823,0.00014691553951706737,0.001034736866131425,0.0009114044951274991,0.0008771925931796432,9.20097591006197e-05,0.00029368599643930793,0.0017316300654783845,0.0029164201114326715,0.0009570557158440351,0.0014768169494345784,0.0,0.0011317996541038156,0.00470783282071352,0.003419071901589632,0.00035945576382800937,3.8696700357832015e-05,0.001040942850522697,0.0006577963358722627,0.00019707420142367482,0.0013855417491868138,0.0006323445704765618,0.001501748338341713,0.0005255998112261295,0.0001996576029341668,0.0033472320064902306,0.0007060439675115049,0.0002440446987748146,0.0007448045653291047,0.0007259187987074256,0.005514458287507296,0.00026328678359277546,0.0001453878649044782,0.00026407503173686564,0.002345170360058546,0.0026794655714184046,0.009330774657428265,0.00017156997637357563,0.0015019337879493833,0.0022662326227873564,0.0019348153145983815,4.0168448322219774e-05,0.00026310954126529396,0.0018260616343468428,0.00043646860285662115,0.00013216865772847086,0.0
11280.0,9.650189895182848e-05,0.014285671524703503,0.005315144546329975,0.0018244056263938546,0.0006418331759050488,2.1036630641901866e-06,0.0068921963684260845,0.0024328071158379316,0.00031323329312726855,0.0025026961229741573,0.0018267025006935,0.0014592744410037994,0.0005254718125797808,0.00018703701789490879,0.00014387420378625393,0.0010150951566174626,0.0008938960963860154,0.0008610877557657659,8.999664714792743e-05,0.00028763568843714893,0.0016991946613416076,0.0028626122511923313,0.0009385969606228173,0.0014503647107630968,0.0,0.0011103262659162283,0.004625690635293722,0.003359920345246792,0.00035266607301309705,3.7852678360650316e-05,0.001020748051814735,0.0006451598019339144,0.0001931553561007604,0.0013584373518824577,0.000620022474322468,0.0014717824524268508,0.0005151123623363674,0.00019541966321412474,0.0032901086378842592,0.0006929629016667604,0.00023902341490611434,0.0007301262812688947,0.0007118807407096028,0.005418002139776945,0.00025767507031559944,0.00014224942424334586,0.000258671585470438,0.0023009676951915026,0.002629208844155073,0.009166166186332703,0.0001680547429714352,0.0014729476533830166,0.0022249550092965364,0.0018994391430169344,3.931478931917809e-05,0.0002578834246378392,0.0017928796587511897,0.0004279093991499394,0.00012951475218869746,0.0
11340.0,9.439390851184726e-05,0.014038242399692535,0.005219536367803812,0.0017911756876856089,0.0006293322658166289,2.054433707598946e-06,0.006766811478883028,0.0023857522755861282,0.0003069590893574059,0.002455371432006359,0.001792045426554978,0.0014311658451333642,0.0005148137570358813,0.00018315415945835412,0.00014083288260735571,0.0009954534471035004,0.0008763876976445317,0.0008449828601442277,8.798352791927755e-05,0.00028158538043498993,0.0016667593736201525,0.002808804390951991,0.0009201382054015994,0.0014239124720916152,0.0,0.001088852877728641,0.004543548449873924,0.003300768556073308,0.00034587638219818473,3.700865272548981e-05,0.001000553136691451,0.0006325232679955661,0.00018923651077784598,0.0013313329545781016,0.0006077003781683743,0.0014418165665119886,0.0005046249134466052,0.0001911817234940827,0.0032329850364476442,0.0006798818940296769,0.00023400211648549885,0.0007154480554163456,0.000697842740919441,0.005321545526385307,0.0002520633570384234,0.0001391109690302983,0.0002532681101001799,0.002256765030324459,0.0025789523497223854,0.00900155771523714,0.00016453952412120998,0.001443961402401328,0.0021836773958057165,0.001864063087850809,3.8461130316136405e-05,0.00025265730801038444,0.0017596976831555367,0.00041935016633942723,0.00012686084664892405,0.0
11400.0,9.254751785192639e-05,0.013815753161907196,0.0051339007914066315,0.001761451130732894,0.0006182320648804307,2.0116963241889607e-06,0.006654639262706041,0.0023439370561391115,0.00030140572926029563,0.0024132104590535164,0.0017611811636015773,0.0014061755500733852,0.0005053940112702549,0.00017973186913877726,0.00013815816782880574,0.0009779996471479535,0.000860850908793509,0.000830617907922715,8.6225540144369e-05,0.000276261183898896,0.0016378932632505894,0.0027608361560851336,0.0009037656709551811,0.0014002540847286582,0.0,0.0010697701945900917,0.004469875246286392,0.003247668035328388,0.00033983957837335765,3.627129626693204e-05,0.0009826530003920197,0.0006213097949512303,0.00018577308219391853,0.0013073318405076861,0.0005967840552330017,0.001415344187989831,0.0004953600582666695,0.00018746635760180652,0.0031816319096833467,0.0006682259263470769,0.00022958275803830475,0.0007024616934359074,0.0006853951490484178,0.005235056858509779,0.00024714620667509735,0.00013636545918416232,0.00024850916815921664,0.002217454370111227,0.0025342325679957867,0.0088540930300951,0.00016144406981766224,0.0014182532904669642,0.002146827057003975,0.0018324943957850337,3.771284900722094e-05,0.0002480379189364612,0.0017300669569522142,0.0004117731295991689,0.00012451810471247882,0.0
11460.0,9.072491229744628e-05,0.01359553076326847,0.005049171857535839,0.0017320452025160193,0.0006072591640986502,1.9695489754667506e-06,0.006543667521327734,0.0023025982081890106,0.00029591788188554347,0.00237151887267828,0.001730661722831428,0.0013814687263220549,0.0004960868391208351,0.00017635145923122764,0.0001355167623842135,0.0009607446845620871,0.0008454933995380998,0.000816411164123565,8.449074084637687e-05,0.00027100302395410836,0.001609351602382958,0.002713398775085807,0.0008875828352756798,0.0013768495991826057,0.0,0.001050904975272715,0.00439697178080678,0.0031951172277331352,0.00033387119765393436,3.554363502189517e-05,0.0009649614803493023,0.0006102256593294442,0.000182351068360731,0.0012836129171773791,0.0005859955563209951,0.0013891892740502954,0.00048620632151141763,0.00018379850371275097,0.0031308033503592014,0.0006566994707100093,0.0002252181147923693,0.0006896291743032634,0.0006730921450071037,0.005149473901838064,0.00024229219707194716,0.00013365565973799676,0.00024380878312513232,0.0021785881835967302,0.0024900163989514112,0.008708187378942966,0.0001583867851877585,0.0013928430853411555,0.002110379049554467,0.0018012719228863716,3.6974146496504545e-05,0.0002434736816212535,0.001700759050436318,0.00040428535430692136,0.00012220366625115275,0.0
11520.0,8.890230674296618e-05,0.013375308364629745,0.004964442923665047,0.0017026393907144666,0.0005962862633168697,1.927401854118216e-06,0.006432696245610714,0.002261259127408266,0.00029043006361462176,0.0023298272863030434,0.0017001422820612788,0.0013567619025707245,0.00048677969607524574,0.00017297104932367802,0.0001328753714915365,0.0009434897219762206,0.0008301358902826905,0.000802204420324415,8.275594882434234e-05,0.0002657448349054903,0.0015808099415153265,0.0026659611612558365,0.0008713999413885176,0.0013534451136365533,0.0,0.0010320397559553385,0.0043240683153271675,0.003142566652968526,0.0003279028460383415,3.48159737768583e-05,0.0009472699020989239,0.000599141523707658,0.00017892903997562826,0.0012598938774317503,0.0005752069992013276,0.0013630343601107597,0.00047705258475616574,0.0001801306352717802,0.003079974791035056,0.0006451730732806027,0.00022085347154643387,0.0006767966551706195,0.0006607891409657896,0.005063890945166349,0.00023743818746879697,0.00013094587484374642,0.00023910841264296323,0.002139722229912877,0.002445799997076392,0.008562281727790833,0.00015532948600593954,0.0013674328802153468,0.0020739310421049595,0.0017700494499877095,3.623544762376696e-05,0.00023890944430604577,0.0016714510275050998,0.00039679757901467383,0.00011988920596195385,0.0
11580.0,8.707970118848607e-05,0.01315508596599102,0.004879713524132967,0.001673233462497592,0.0005853134207427502,1.8852545053960057e-06,0.006321724969893694,0.002219920279458165,0.0002849422162398696,0.002288135699927807,0.0016696228412911296,0.0013320550788193941,0.00047747252392582595,0.00016959062486421317,0.0001302339805988595,0.0009262347593903542,0.0008147783228196204,0.0007879976183176041,8.10211495263502e-05,0.0002604866458568722,0.001552268280647695,0.0026185237802565098,0.0008552171057090163,0.0013300407445058227,0.0,0.00101317442022264,0.004251164849847555,0.0030900160782039165,0.0003219344944227487,3.408831253182143e-05,0.0009295783820562065,0.0005880573880858719,0.0001755070115905255,0.0012361748376861215,0.0005644185002893209,0.001336879562586546,0.00046789884800091386,0.00017646276683080941,0.003029146231710911,0.000633646675851196,0.0002164888137485832,0.0006639641360379755,0.0006484861369244754,0.004978307988494635,0.00023258417786564678,0.00012823607539758086,0.00023440804216079414,0.0021008560433983803,0.0024015838280320168,0.008416375145316124,0.0001522722013760358,0.001342022675089538,0.0020374830346554518,0.0017388269770890474,3.5496745113050565e-05,0.00023434520699083805,0.0016421431209892035,0.0003893098037224263,0.00011757476022467017,0.0
11640.0,8.525709563400596e-05,0.012934863567352295,0.004794984590262175,0.0016438276506960392,0.0005743405199609697,1.8431071566737955e-06,0.006210753694176674,0.0021785814315080643,0.0002794543979689479,0.0022464441135525703,0.0016391034005209804,0.0013073482550680637,0.00046816535177640617,0.00016621021495666355,0.00012759257515426725,0.0009089798550121486,0.0007994208135642111,0.0007737908745184541,7.928635750431567e-05,0.0002552284568082541,0.0015237266197800636,0.002571086399257183,0.0008390342118218541,0.0013066362589597702,0.0,0.0009943092009052634,0.004178261384367943,0.003037465503439307,0.0003159661137033254,3.336064764880575e-05,0.0009118868038058281,0.0005769732524640858,0.000172084997757338,0.0012124557979404926,0.0005536300013773143,0.0013107246486470103,0.00045874514034949243,0.00017279491294175386,0.0029783176723867655,0.0006221202202141285,0.00021212417050264776,0.0006511316169053316,0.0006361831328831613,0.004892725497484207,0.0002277301682624966,0.0001255262759514153,0.00022970767167862505,0.002061990089714527,0.0023573674261569977,0.00827046949416399,0.00014921491674613208,0.0013166124699637294,0.002001035027205944,0.0017076045041903853,3.475804260233417e-05,0.00022978096967563033,0.0016128352144733071,0.0003818220575340092,0.00011526030721142888,0.0
11700.0,8.365225949091837e-05,0.012736163102090359,0.004718815442174673,0.0016174251213669777,0.0005645556375384331,1.8062986555378302e-06,0.006111104506999254,0.002141691045835614,0.00027457528631202877,0.0022091520950198174,0.0016118139028549194,0.001285290694795549,0.00045990178477950394,0.00016321649309247732,0.00012525805504992604,0.0008935824735090137,0.0007857340970076621,0.0007610690081492066,7.776307029416785e-05,0.00025057856692001224,0.001498221536166966,0.0025286288000643253,0.0008246182114817202,0.001285624923184514,0.0,0.000977473915554583,0.004112640395760536,0.002990124747157097,0.00031063746428117156,3.272146568633616e-05,0.0008961368585005403,0.0005670950631611049,0.00016904676158446819,0.0011913590133190155,0.0005440301029011607,0.0012875121319666505,0.00045062112621963024,0.00016956259787548333,0.00293246703222394,0.0006118083256296813,0.00020826391119044274,0.0006397270481102169,0.0006252265302464366,0.004815710708498955,0.00022345464094541967,0.0001231430214829743,0.00022554784663952887,0.002027282025665045,0.0023178611882030964,0.008139282464981079,0.00014650961384177208,0.001293978071771562,0.0019683698192238808,0.0016796335112303495,3.410715362406336e-05,0.0002257281303172931,0.0015865627210587263,0.00037516382872126997,0.00011320766498101875,0.0
11760.0,8.206722122849897e-05,0.012539418414235115,0.0046434239484369755,0.0015912955859676003,0.0005548787303268909,1.7699755971989362e-06,0.006012484431266785,0.0021052053198218346,0.00026975153014063835,0.002172259846702218,0.0015848178882151842,0.0012634741142392159,0.0004517330671660602,0.00016025792865548283,0.0001229514309670776,0.0008783539524301887,0.0007721993024460971,0.0007484821835532784,7.62590134399943e-05,0.0002459840034134686,0.0014729925896972418,0.0024866240564733744,0.0008103628060780466,0.0012648312840610743,0.0,0.0009608232066966593,0.004047681111842394,0.0029432575684040785,0.00030536699341610074,3.209032365703024e-05,0.000880563398823142,0.0005573264788836241,0.000166043420904316,0.0011705005308613181,0.0005345382378436625,0.0012645670212805271,0.00044259073911234736,0.0001663698785705492,0.0028870687820017338,0.000601606850977987,0.0002044495049631223,0.0006284522241912782,0.0006143923383206129,0.004739474505186081,0.00021923170424997807,0.00012078945292159915,0.00022143717797007412,0.0019929518457502127,0.002278782892972231,0.00800943374633789,0.0001438363251509145,0.0012715960619971156,0.001936048618517816,0.0016519582131877542,3.346425000927411e-05,0.00022172178432811052,0.0015605661319568753,0.00036858103703707457,0.000111178815132007,0.0
11820.0,8.048218296607956e-05,0.012342673726379871,0.004568032920360565,0.001565166050568223,0.0005452018813230097,1.7336524251732044e-06,0.005913864355534315,0.002068719593808055,0.00026492777396924794,0.0021353678312152624,0.0015578219899907708,0.001241657417267561,0.0004435643495526165,0.0001572993496665731,0.0001206448141601868,0.0008631254313513637,0.0007586645078845322,0.0007358953007496893,7.475494930986315e-05,0.00024138943990692496,0.0014477636432275176,0.0024446190800517797,0.000796107342466712,0.0012440375285223126,0.0,0.0009441725560463965,0.003982722293585539,0.0028963901568204165,0.00030009649344719946,3.145918162772432e-05,0.0008649898809380829,0.0005475578363984823,0.00016304009477607906,0.0011496420484036207,0.0005250463727861643,0.0012416219105944037,0.0004345603520050645,0.00016317715926561505,0.0028416707646101713,0.0005914053181186318,0.00020063509873580188,0.0006171774584800005,0.0006035580881871283,0.004663238767534494,0.00021500876755453646,0.00011843588436022401,0.00021732650930061936,0.001958621898666024,0.0022397045977413654,0.007879584096372128,0.0001411630364600569,0.0012492139358073473,0.0019037273013964295,0.001624282798729837,3.2821342756506056e-05,0.0002177154237870127,0.0015345695428550243,0.00036199824535287917,0.00010914997255895287,0.0
11880.0,7.889714470366016e-05,0.012145929038524628,0.004492641426622868,0.0015390365151688457,0.0005355249741114676,1.6973292531474726e-06,0.0058152442798018456,0.0020322338677942753,0.0002601040177978575,0.002098475582897663,0.0015308259753510356,0.001219840836711228,0.00043539563193917274,0.00015434078522957861,0.00011833819007733837,0.0008478969684801996,0.0007451297133229673,0.0007233084179461002,7.325089245568961e-05,0.0002367948618484661,0.0014225346967577934,0.0024026143364608288,0.0007818519370630383,0.001223243772983551,0.0,0.0009275218471884727,0.0039177630096673965,0.002849522978067398,0.00029482602258212864,3.082804323639721e-05,0.0008494164212606847,0.0005377892521210015,0.00016003675409592688,0.0011287835659459233,0.0005155545077286661,0.0012186767999082804,0.0004265299648977816,0.0001599844399606809,0.002796272514387965,0.0005812038434669375,0.00019682069250848144,0.0006059026345610619,0.0005927238380536437,0.0045870025642216206,0.00021078581630717963,0.00011608231579884887,0.00021321582607924938,0.001924291718751192,0.0022006265353411436,0.007749734912067652,0.0001384897477691993,0.0012268319260329008,0.001871405984275043,0.0015966073842719197,3.2178435503738e-05,0.0002137090777978301,0.0015085729537531734,0.00035541545366868377,0.00010712112270994112,0.0
11940.0,7.731210644124076e-05,0.011949185281991959,0.004417250398546457,0.0015129070961847901,0.0005258481251075864,1.6610060811217409e-06,0.005716624669730663,0.0019957481417804956,0.00025528023252263665,0.0020615835674107075,0.0015038300771266222,0.001198024139739573,0.000427226914325729,0.0001513822062406689,0.00011603156599448994,0.0008326684474013746,0.0007315949187614024,0.000710721593350172,7.174682832555845e-05,0.00023220029834192246,0.0013973057502880692,0.002360609360039234,0.0007675965316593647,0.0012024501338601112,0.0,0.000910871138330549,0.0038528041914105415,0.002802655566483736,0.00028955552261322737,3.0196901207091287e-05,0.0008338429615832865,0.0005280206678435206,0.0001570334134157747,0.001107925083488226,0.0005060627008788288,0.001195731689222157,0.0004184995486866683,0.00015679172065574676,0.0027508744969964027,0.0005710023106075823,0.000193006286281161,0.0005946278688497841,0.00058188964612782,0.004510766826570034,0.00020656287961173803,0.00011372873996151611,0.00020910515740979463,0.0018899616552516818,0.002161548240110278,0.007619886193424463,0.00013581645907834172,0.0012044497998431325,0.0018390847835689783,0.0015689319698140025,3.1535531888948753e-05,0.0002097027318086475,0.0014825763646513224,0.00034883266198448837,0.00010509228013688698,0.0
12000.0,7.590965833514929e-05,0.011771099641919136,0.0043492428958415985,0.0014893639599904418,0.0005171847296878695,1.629109419809538e-06,0.005627756472676992,0.001963061513379216,0.00025097368052229285,0.002028460381552577,0.0014795999741181731,0.0011784713715314865,0.00041994324419647455,0.00014875043416395783,0.00011398357310099527,0.0008190261432901025,0.0007194843492470682,0.0006994088180363178,7.04194389982149e-05,0.00022811877715867013,0.0013746748445555568,0.0023228744976222515,0.0007548463181592524,0.0011837169295176864,0.0,0.000895954086445272,0.0037941380869597197,0.0027602955233305693,0.0002848317089956254,2.9639701097039506e-05,0.0008199220756068826,0.0005192800308577716,0.00015435554087162018,0.0010892957216128707,0.0004975819028913975,0.001175280543975532,0.0004113419563509524,0.0001539646036690101,0.0027097908314317465,0.0005618415307253599,0.0001896173635032028,0.0005845656269229949,0.0005722019704990089,0.004441932309418917,0.00020282520563341677,0.00011164852185174823,0.00020545086590573192,0.0018591858679428697,0.002126498846337199,0.007502736523747444,0.00013344030594453216,0.0011844323016703129,0.001810012967325747,0.0015440480783581734,3.096632281085476e-05,0.00020613013475667685,0.0014591880608350039,0.00034295485238544643,0.00010328512144042179,0.0
12060.0,7.452381396433339e-05,0.011594710871577263,0.0042819068767130375,0.0014660559827461839,0.0005086134769953787,1.5976150962160318e-06,0.0055397748947143555,0.0019307201728224754,0.0002467141312081367,0.0019956801552325487,0.0014556212117895484,0.0011591243091970682,0.00041273998795077205,0.00014614836254622787,0.00011195908155059442,0.000805528077762574,0.0007075032917782664,0.0006882118759676814,6.910810770932585e-05,0.0002240838948637247,0.0013522801455110312,0.00228552776388824,0.0007422329508699477,0.0011651711538434029,0.0,0.0008811946026980877,0.003736044280230999,0.0027183450292795897,0.0002801576047204435,2.908922397182323e-05,0.0008061514818109572,0.0005106328171677887,0.00015170726692304015,0.0010708690388128161,0.0004891929565928876,0.0011550559429451823,0.0004042636719532311,0.00015117072325665504,0.0026690992526710033,0.0005527753964997828,0.00018626711971592158,0.0005746135720983148,0.0005626185447908938,0.004373770672827959,0.00019913165306206793,0.0001095931584131904,0.0002018380764639005,0.001828733249567449,0.0020918159279972315,0.0073867421597242355,0.00013109116116538644,0.0011646298225969076,0.0017812364967539907,0.001519417972303927,3.0403811251744628e-05,0.00020259695884305984,0.0014360368950292468,0.00033714110031723976,0.00010149811714654788,0.0
12120.0,7.313796231755987e-05,0.011418321169912815,0.0042145708575844765,0.0014427481219172478,0.0005000422825105488,1.5661207726225257e-06,0.0054517933167517185,0.0018983788322657347,0.0002424545818939805,0.0019628996960818768,0.0014316425658762455,0.00113977724686265,0.0004055367608089,0.0001435462909284979,0.00010993459727615118,0.0007920300122350454,0.0006955222343094647,0.000677014933899045,6.77967764204368e-05,0.00022004902712069452,0.0013298854464665055,0.002248181030154228,0.0007296195835806429,0.0011466252617537975,0.0,0.0008664351189509034,0.0036779502406716347,0.0026763947680592537,0.00027548347134143114,2.853874502761755e-05,0.0007923808298073709,0.0005019856034778059,0.0001490589784225449,0.0010524424724280834,0.0004808040976058692,0.0011348314583301544,0.0003971853875555098,0.00014837684284429997,0.002628407906740904,0.0005437092622742057,0.00018291686137672514,0.0005646615754812956,0.0005530350608751178,0.004305609036237001,0.00019543808593880385,0.00010753778769867495,0.0001982252870220691,0.0017982805147767067,0.00205713277682662,0.00727074733003974,0.00012874201638624072,0.0011448272271081805,0.0017524600261822343,0.0014947879826650023,2.9841301511623897e-05,0.00019906379748135805,0.0014128857292234898,0.00033132737735286355,9.971111285267398e-05,0.0
12180.0,7.175211794674397e-05,0.011241932399570942,0.0041472348384559155,0.0014194401446729898,0.000491471029818058,1.5346264490290196e-06,0.005363812204450369,0.0018660376081243157,0.00023819503257982433,0.0019301194697618484,0.0014076638035476208,0.0011204303009435534,0.00039833353366702795,0.00014094421931076795,0.00010791011300170794,0.0007785319467075169,0.000683541176840663,0.0006658180500380695,6.648545240750536e-05,0.0002160141448257491,0.00130749074742198,0.0022108342964202166,0.0007170061580836773,0.001128079486079514,0.0,0.0008516756352037191,0.003619856433942914,0.002634444274008274,0.00027080936706624925,2.7988267902401276e-05,0.0007786102360114455,0.000493338389787823,0.00014641068992204964,0.0010340157896280289,0.00047241520951502025,0.0011146068572998047,0.00039010713226161897,0.00014558297698386014,0.0025877163279801607,0.0005346431280486286,0.00017956661758944392,0.0005547095788642764,0.0005434516351670027,0.004237447399646044,0.000191744533367455,0.00010548242426011711,0.0001946124975802377,0.0017678278964012861,0.0020224498584866524,0.007154752500355244,0.000126392871607095,0.0011250246316194534,0.0017236836720257998,0.001470157876610756,2.9278791771503165e-05,0.00019553062156774104,0.0013897345634177327,0.00032551365438848734,9.792410855880007e-05,0.0
12240.0,7.036626629997045e-05,0.011065542697906494,0.004079898819327354,0.001396132167428732,0.00048289980622939765,1.5031322391223512e-06,0.005275830626487732,0.001833696267567575,0.00023393548326566815,0.0018973390106111765,0.0013836851576343179,0.0011010832386091352,0.0003911303065251559,0.000138342147693038,0.00010588562145130709,0.0007650338229723275,0.0006715601193718612,0.0006546211079694331,6.517412111861631e-05,0.0002119792770827189,0.0012850960483774543,0.002173487562686205,0.0007043927907943726,0.0011095335939899087,0.0,0.0008369162096641958,0.0035617623943835497,0.0025924937799572945,0.0002661352336872369,2.7437790777185e-05,0.0007648396422155201,0.00048469120520167053,0.00014376241597346961,0.0010155891068279743,0.00046402632142417133,0.0010943823726847768,0.0003830288478638977,0.00014278909657150507,0.0025470249820500612,0.0005255769938230515,0.0001762163738021627,0.0005447575822472572,0.0005338682094588876,0.004169285763055086,0.00018805096624419093,0.00010342705354560167,0.00019099970813840628,0.0017373751616105437,0.001987766707316041,0.007038757670670748,0.00012404372682794929,0.0011052221525460482,0.0016949072014540434,0.0014455277705565095,2.8716282031382434e-05,0.00019199746020603925,0.0013665833976119757,0.00031969990232028067,9.613710426492617e-05,0.0
12300.0,6.913453398738056e-05,0.010905402712523937,0.004018962383270264,0.0013750623911619186,0.0004751979431603104,1.4753355799257406e-06,0.005196289159357548,0.001804616767913103,0.0002301178901689127,0.0018678044434636831,0.0013620872050523758,0.0010836808942258358,0.00038468200364150107,0.00013601793034467846,0.00010408047091914341,0.0007528975838795304,0.0006607997929677367,0.0006445229519158602,6.401138671208173e-05,0.00020837981719523668,0.0012649358250200748,0.0021398207172751427,0.000693068839609623,0.0010927706025540829,0.0,0.0008236451540142298,0.0035091314930468798,0.002554460195824504,0.00026193074882030487,2.6949534003506415e-05,0.0007524835527874529,0.0004769250808749348,0.00014139174891170114,0.0009990682592615485,0.0004565022827591747,0.0010762839810922742,0.00037669469020329416,0.000140304138767533,0.0025100894272327423,0.0005174072575755417,0.00017322729399893433,0.0005358411581255496,0.0005252666305750608,0.0041075474582612514,0.00018476718105375767,0.00010160207602893934,0.00018777462537400424,0.0017099768156185746,0.001956548308953643,0.006933772470802069,0.00012194694863865152,0.001087444950826466,0.0016689359908923507,0.0014233064139261842,2.8216030841576867e-05,0.0001888343394966796,0.0013456846354529262,0.00031448868685401976,9.453893289901316e-05,0.0
12360.0,6.79168151691556e-05,0.010746738873422146,0.00395860755816102,0.001354195992462337,0.0004675750678870827,1.4478750927082729e-06,0.005117515102028847,0.0017758337780833244,0.00022634046035818756,0.001838564989157021,0.00134070566855371,0.0010664553847163916,0.00037830235669389367,0.00013371896056924015,0.00010229525651084259,0.0007408850942738354,0.0006501504685729742,0.0006345246802084148,6.286215648287907e-05,0.0002048199239652604,0.0012449788628146052,0.002106488449499011,0.0006818620604462922,0.0010761696612462401,0.0,0.0008105094311758876,0.0034569972194731236,0.0025167828425765038,0.00025776895927265286,2.6466934286872856e-05,0.0007402561022900045,0.00046923902118578553,0.0001390463294228539,0.000982720754109323,0.0004490568826440722,0.0010583789553493261,0.0003704281698446721,0.00013784725160803646,0.0024734954349696636,0.0005093190120533109,0.00017027104331646115,0.0005270189139991999,0.0005167542258277535,0.004046392627060413,0.0001815206342143938,9.979803871829063e-05,0.00018458478734828532,0.0016828561201691628,0.0019256446976214647,0.006829787977039814,0.00011987311154371127,0.0010698519181460142,0.001643219729885459,0.0014013039181008935,2.772143852780573e-05,0.00018570484826341271,0.0013249906478449702,0.0003093322447966784,9.295793279306963e-05,0.0
12420.0,6.669909635093063e-05,0.010588075034320354,0.003898253198713064,0.0013333295937627554,0.00045995222171768546,1.4204146054908051e-06,0.005038741044700146,0.0017470507882535458,0.0002225630305474624,0.0018093254184350371,0.0013193240156397223,0.0010492298752069473,0.0003719226806424558,0.00013142000534571707,0.00010051003482658416,0.0007288726046681404,0.0006395011441782117,0.0006245264085009694,6.171293352963403e-05,0.00020126004528719932,0.0012250217841938138,0.0020731559488922358,0.0006706553394906223,0.0010595687199383974,0.0,0.0007973737083375454,0.003404863178730011,0.0024791054893285036,0.00025360716972500086,2.5984332751249894e-05,0.0007280285935848951,0.00046155299060046673,0.00013670090993400663,0.0009663731325417757,0.0004416115116328001,0.0010404738131910563,0.00036416164948605,0.00013539037900045514,0.002436901442706585,0.0005012308247387409,0.00016731479263398796,0.0005181966698728502,0.0005082418792881072,0.003985238261520863,0.00017827410192694515,9.79939941316843e-05,0.0001813949493225664,0.0016557354247197509,0.0018947410862892866,0.006725803483277559,0.00011779928172472864,0.0010522588854655623,0.001617503585293889,0.0013793015386909246,2.7226846214034595e-05,0.00018257537158206105,0.0013042966602370143,0.0003041758027393371,9.13769326871261e-05,0.0
12480.0,6.548137025674805e-05,0.010429412126541138,0.0038378986064344645,0.0013124633114784956,0.0004523293755482882,1.3929541182733374e-06,0.004959966521710157,0.001718267798423767,0.00021878561528865248,0.0017800858477130532,0.0012979424791410565,0.001032004365697503,0.0003655430336948484,0.000129121050122194,9.872482041828334e-05,0.0007168601150624454,0.0006288517615757883,0.000614528136793524,6.056370330043137e-05,0.00019770016660913825,0.0012050648219883442,0.002039823681116104,0.0006594485603272915,0.0010429677786305547,0.0,0.0007842379854992032,0.0033527289051562548,0.00244142790324986,0.00024944538017734885,2.5501733034616336e-05,0.0007158011430874467,0.00045386693091131747,0.00013435547589324415,0.0009500255691818893,0.00043416611151769757,0.0010225687874481082,0.00035789512912742794,0.00013293350639287382,0.0024003072176128626,0.0004931425792165101,0.00016435854195151478,0.0005093743675388396,0.0004997295327484608,0.003924083895981312,0.00017502755508758128,9.61899568210356e-05,0.00017820511129684746,0.0016286148456856608,0.0018638374749571085,0.0066218189895153046,0.0001157254446297884,0.0010346658527851105,0.0015917874407023191,0.0013572991592809558,2.673225390026346e-05,0.00017944588034879416,0.0012836025562137365,0.00029901936068199575,8.979592530522496e-05,0.0
12540.0,6.426365143852308e-05,0.010270748287439346,0.0037775442469865084,0.001291596912778914,0.000444706529378891,1.3654936310558696e-06,0.004881192464381456,0.0016894848085939884,0.00021500818547792733,0.0017508463934063911,0.0012765609426423907,0.0010147788561880589,0.00035916335764341056,0.0001268220948986709,9.693960600998253e-05,0.0007048476254567504,0.0006182024371810257,0.0006045298650860786,5.941447670920752e-05,0.00019414028793107718,0.0011851077433675528,0.0020064914133399725,0.0006482418393716216,0.0010263667209073901,0.0,0.000771102262660861,0.0033005946315824986,0.0024037505500018597,0.00024528359062969685,2.5019133317982778e-05,0.0007035736925899982,0.00044618090032599866,0.0001320100564043969,0.0009336780058220029,0.00042672071140259504,0.0010046636452898383,0.00035162860876880586,0.00013047661923337728,0.002363713225349784,0.00048505436279810965,0.0001614022912690416,0.0005005521234124899,0.0004912171862088144,0.003862929530441761,0.0001717810082482174,9.438591951038688e-05,0.00017501527327112854,0.001601494150236249,0.0018329339800402522,0.00651783449575305,0.00011365161481080577,0.0010170728201046586,0.0015660711796954274,0.0013352966634556651,2.6237661586492322e-05,0.0001763164036674425,0.0012629085686057806,0.0002938629186246544,8.821492519928142e-05,0.0
12600.0,6.317681982181966e-05,0.010126292705535889,0.0037227608263492584,0.001272676046937704,0.00043783316505141556,1.3411435020316276e-06,0.004809755831956863,0.0016635162755846977,0.00021161041513551027,0.001724415342323482,0.0012572385603561997,0.0009992321720346808,0.0003534312127158046,0.00012476072879508138,9.534148557577282e-05,0.0006940101739019156,0.0006086048088036478,0.0005954836378805339,5.839103687321767e-05,0.00019095207971986383,0.0011670819949358702,0.0019763456657528877,0.0006381453713402152,0.0010113152675330639,0.0,0.0007592508918605745,0.003253223607316613,0.0023694916162639856,0.00024152727564796805,2.4589226086391136e-05,0.0006925633060745895,0.0004392538976389915,0.00012990273535251617,0.0009189684642478824,0.0004200190305709839,0.0009885812178254128,0.000345999957062304,0.00012828235048800707,0.0023304023779928684,0.0004777419671881944,0.00015875438111834228,0.0004926191177219152,0.00048354995669797063,0.0038073735777288675,0.0001688826159806922,9.277727804146707e-05,0.00017215668049175292,0.0015770111931487918,0.0018050242215394974,0.006423436105251312,0.00011179335706401616,0.0010012236889451742,0.0015427879989147186,0.0013153823092579842,2.579598549345974e-05,0.00017350431880913675,0.0012441687285900116,0.000289224146399647,8.679566963110119e-05,0.0
12660.0,6.210187711985782e-05,0.009983128868043423,0.0036684840451925993,0.0012539320159703493,0.00043102793279103935,1.3170761121727992e-06,0.004738986026495695,0.0016378037398681045,0.0002082471619360149,0.0016982397064566612,0.0012381033739075065,0.000983838108368218,0.00034775788662955165,0.00012272095773369074,9.376037633046508e-05,0.000683279475197196,0.0005991027574054897,0.0005865239654667675,5.737903484259732e-05,0.00018779764650389552,0.0011492318008095026,0.0019464895594865084,0.0006281498353928328,0.0009964045602828264,0.0,0.0007475162274204195,0.0032062854152172804,0.0023355435114353895,0.00023780782066751271,2.4164110072888434e-05,0.0006816635723225772,0.0004323959001339972,0.00012781705299858004,0.0009044078178703785,0.0004133849579375237,0.0009726645075716078,0.00034042930928990245,0.0001261119614355266,0.002297390252351761,0.00047050011926330626,0.00015613448340445757,0.0004847669042646885,0.00047595956129953265,0.0037523265928030014,0.0001660158741287887,9.118639718508348e-05,0.00016932821017690003,0.001552768051624298,0.001777386642061174,0.006329909432679415,0.00010995470074703917,0.0009855329990386963,0.001519726007245481,0.001295657828450203,2.5359120627399534e-05,0.00017072110495064408,0.0012256065383553505,0.0002846324641723186,8.539111149730161e-05,0.0
12720.0,6.1026945331832394e-05,0.009839965030550957,0.00361420726403594,0.0012351879850029945,0.00042422270053066313,1.2930088360008085e-06,0.004668216686695814,0.0016120910877361894,0.0002048838941846043,0.0016720640705898404,0.0012189681874588132,0.0009684441611170769,0.0003420845896471292,0.00012068117939634249,9.217925980919972e-05,0.0006725487764924765,0.0005896007060073316,0.0005775642930530012,5.636702917399816e-05,0.0001846432132879272,0.0011313817230984569,0.001916633453220129,0.0006181542412377894,0.000981493853032589,0.0,0.0007357816211879253,0.0031593472231179476,0.0023015954066067934,0.00023408836568705738,2.3738994059385732e-05,0.000670763838570565,0.00042553790262900293,0.0001257313706446439,0.0008898471714928746,0.00040675088530406356,0.0009567477973178029,0.0003348586615175009,0.00012394157238304615,0.0022643778938800097,0.0004632582713384181,0.00015351460024248809,0.00047691469080746174,0.0004683691659010947,0.003697279840707779,0.0001631491322768852,8.959550905274227e-05,0.0001664997253101319,0.0015285249100998044,0.0017497490625828505,0.00623638229444623,0.00010811604443006217,0.0009698423091322184,0.0014966640155762434,0.0012759333476424217,2.492225576133933e-05,0.00016793787654023618,0.0012070443481206894,0.0002800407528411597,8.398655336350203e-05,0.0
12780.0,5.9952006267849356e-05,0.00969680119305849,0.003559930482879281,0.0012164439540356398,0.0004174174682702869,1.2689414461419801e-06,0.004597446881234646,0.0015863784356042743,0.0002015206409851089,0.0016458883183076978,0.00119983300101012,0.000953050097450614,0.0003364112926647067,0.00011864140833495185,9.059815056389198e-05,0.0006618181359954178,0.0005800986546091735,0.0005686046206392348,5.5355023505399004e-05,0.00018148879462387413,0.0011135315289720893,0.0018867773469537497,0.0006081587052904069,0.0009665832039900124,0.0,0.0007240470149554312,0.0031124092638492584,0.0022676473017781973,0.00023036891070660204,2.331387804588303e-05,0.0006598641048185527,0.00041867990512400866,0.00012364568829070777,0.0008752865251153708,0.0004001168126706034,0.000940831087063998,0.00032928804284892976,0.00012177117605460808,0.002231365768238902,0.00045601642341353,0.0001508947170805186,0.00046906250645406544,0.00046077874139882624,0.003642232855781913,0.00016028237587306648,8.800462819635868e-05,0.00016367125499527901,0.0015042817685753107,0.001722111483104527,0.006142855621874332,0.00010627738811308518,0.0009541516774334013,0.0014736020239070058,0.0012562088668346405,2.4485390895279124e-05,0.0001651546626817435,0.0011884821578860283,0.0002754490706138313,8.258200250566006e-05,0.0
12840.0,5.8877070841845125e-05,0.009553637355566025,0.003505653701722622,0.001197699923068285,0.0004106122360099107,1.2448740562831517e-06,0.004526677541434765,0.0015606657834723592,0.00019815738778561354,0.001619712682440877,0.0011806978145614266,0.000937656091991812,0.0003307379665784538,0.00011660163727356121,8.901703404262662e-05,0.0006510874372906983,0.0005705966032110155,0.0005596448900178075,5.4343017836799845e-05,0.00017833436140790582,0.0010956813348457217,0.0018569212406873703,0.0005981631693430245,0.0009516724967397749,0.0,0.0007123124087229371,0.0030654710717499256,0.002233699196949601,0.0002266494557261467,2.2888762032380328e-05,0.0006489643710665405,0.0004118219076190144,0.00012156000593677163,0.0008607259369455278,0.00039348274003714323,0.0009249143186025321,0.0003237173950765282,0.00011960078700212762,0.002198353409767151,0.00044877457548864186,0.00014827483391854912,0.0004612102929968387,0.00045318834600038826,0.0035871858708560467,0.000157415634021163,8.641374733997509e-05,0.0001608427701285109,0.001480038627050817,0.0016944739036262035,0.006049328483641148,0.00010443873179610819,0.0009384610457345843,0.0014505400322377682,0.0012364843860268593,2.4048527848208323e-05,0.00016237144882325083,0.0011699198512360454,0.0002708573592826724,8.117744437186047e-05,0.0
12900.0,5.791393050458282e-05,0.009422944858670235,0.0034562470391392708,0.0011806541588157415,0.0004044561937917024,1.2234397672727937e-06,0.004462313838303089,0.0015373930800706148,0.00019512188737280667,0.001595978275872767,0.0011633518151938915,0.0009237182675860822,0.00032562282285653055,0.00011476608779048547,8.759638876654208e-05,0.0006413753726519644,0.0005620049778372049,0.0005515138036571443,5.3438128816196695e-05,0.00017549889162182808,0.0010795079870149493,0.0018298368668183684,0.000589128234423697,0.000938114186283201,0.0,0.0007016911986283958,0.00302270264364779,0.002202746458351612,0.00022328169143293053,2.2508536858367734e-05,0.0006391169154085219,0.00040562095819041133,0.00011967956379521638,0.0008475800859741867,0.00038749133818782866,0.0009105680510401726,0.0003186963440384716,0.0001176549048977904,0.00216822256334126,0.00044220720883458853,0.00014591960643883795,0.00045412546023726463,0.0004463289224077016,0.0035370388068258762,0.000154846376972273,8.498955139657483e-05,0.00015829881886020303,0.0014580839779227972,0.0016694352962076664,0.005964182782918215,0.00010278521222062409,0.0009242790401913226,0.00142959738150239,0.0012185780797153711,2.3656895791646093e-05,0.00015986186917871237,0.001153060351498425,0.00026671268278732896,7.991214079083875e-05,0.0
12960.0,5.696095104212873e-05,0.0092933876439929,0.0034072832204401493,0.0011637628776952624,0.0003983592032454908,1.2022449027426774e-06,0.004398532677441835,0.0015143421478569508,0.0001921161892823875,0.0015724656404927373,0.0011461683316156268,0.0009099128074012697,0.0003205584071110934,0.00011294910655124113,8.619033178547397e-05,0.000631755858194083,0.0005534960655495524,0.0005434579798020422,5.254297866486013e-05,0.00017269242380280048,0.0010634871432557702,0.0018030044157058,0.0005801806692034006,0.0009246788104064763,0.0,0.0006911712698638439,0.002980313263833523,0.002172066131606698,0.0002199459122493863,2.2132393496576697e-05,0.000629365153145045,0.00039947975892573595,0.00011781778448494151,0.0008345628739334643,0.0003815583768300712,0.0008963645668700337,0.00031372529338113964,0.00011572943913051859,0.0021383536513894796,0.00043570116395130754,0.00014358843327499926,0.0004471103602554649,0.00043953597196377814,0.003487336914986372,0.00015230414282996207,8.358050399692729e-05,0.00015578072634525597,0.0014363373629748821,0.001644633011892438,0.0058797989040613174,0.0001011485219351016,0.0009102342301048338,0.001408847514539957,0.0012008369667455554,2.326937647012528e-05,0.0001573771733092144,0.0011363556841388345,0.00026260860613547266,7.865950465202332e-05,0.0
13020.0,5.600797521765344e-05,0.009163829497992992,0.003358319401741028,0.0011468714801594615,0.00039226218359544873,1.181050038212561e-06,0.004334751516580582,0.0014912912156432867,0.00018911050574388355,0.0015489531215280294,0.001128984964452684,0.0008961072890087962,0.0003154940204694867,0.00011113212531199679,8.478427480440587e-05,0.0006221363437362015,0.0005449871532619,0.0005354022141546011,5.1647828513523564e-05,0.00016988594143185765,0.0010474661830812693,0.0017761719645932317,0.0005712330457754433,0.0009112434345297515,0.0,0.0006806512828916311,0.0029379238840192556,0.002141385804861784,0.0002166101330658421,2.1756248315796256e-05,0.0006196133908815682,0.00039333855966106057,0.00011595599789870903,0.0008215457201004028,0.00037562541547231376,0.000882161024492234,0.0003087542427238077,0.00011380396608728915,0.0021084847394376993,0.000429195148171857,0.00014125726011116058,0.0004400952602736652,0.0004327429924160242,0.0034376352559775114,0.00014976192323956639,8.217145659727976e-05,0.00015326261927839369,0.0014145908644422889,0.0016198307275772095,0.005795415490865707,9.951183164957911e-05,0.0008961894200183451,0.0013880976475775242,0.0011830959701910615,2.2881855329615064e-05,0.00015489246288780123,0.001119651016779244,0.0002585045585874468,7.740686123725027e-05,0.0
13080.0,5.505499575519934e-05,0.009034271351993084,0.0033093553502112627,0.0011299800826236606,0.00038616519304923713,1.1598551736824447e-06,0.004270969890058041,0.0014682403998449445,0.00018610480765346438,0.0015254406025633216,0.001111801597289741,0.0008823018288239837,0.00031042960472404957,0.00010931515134871006,8.337821782333776e-05,0.000612516887485981,0.0005364782409742475,0.00052734644850716,5.075267472420819e-05,0.00016707947361283004,0.0010314453393220901,0.0017493393970653415,0.0005622854805551469,0.0008978080586530268,0.0,0.0006701313541270792,0.0028955345042049885,0.00211070547811687,0.00021327435388229787,2.138010495400522e-05,0.0006098616286180913,0.00038719733129255474,0.00011409421131247655,0.0008085285080596805,0.00036969242501072586,0.0008679575403220952,0.0003037831629626453,0.00011187850032001734,0.002078615827485919,0.000422689103288576,0.0001389260869473219,0.0004330801893956959,0.00042595004197210073,0.003387933364138007,0.0001472197036491707,8.076240919763222e-05,0.00015074452676344663,0.0013928442494943738,0.001595028443261981,0.00571103161200881,9.787514136405662e-05,0.0008821446099318564,0.0013673476641997695,0.0011653549736365676,2.249433600809425e-05,0.00015240776701830328,0.0011029463494196534,0.00025440051103942096,7.615421782247722e-05,0.0
13140.0,5.4102019930724055e-05,0.008904713205993176,0.0032603915315121412,0.0011130888015031815,0.0003800681733991951,1.1386603091523284e-06,0.004207188729196787,0.0014451894676312804,0.0001830991095630452,0.0015019280835986137,0.0010946182301267982,0.0008684963686391711,0.0003053651889786124,0.00010749817010946572,8.197216084226966e-05,0.0006028973730280995,0.000527969328686595,0.0005192906246520579,4.9857524572871625e-05,0.00016427300579380244,0.001015424495562911,0.001722506945952773,0.0005533378571271896,0.0008843726827763021,0.0,0.0006596113671548665,0.0028531451243907213,0.0020800249185413122,0.00020993856014683843,2.100395977322478e-05,0.0006001098663546145,0.00038105613202787936,0.00011223243200220168,0.0007955112960189581,0.0003637594636529684,0.0008537539979442954,0.00029881211230531335,0.00010995303455274552,0.0020487471483647823,0.000416183058405295,0.0001365949137834832,0.0004260650894138962,0.0004191570624243468,0.0033382317051291466,0.000144677484058775,7.935336179798469e-05,0.00014822643424849957,0.0013710977509617805,0.0015702260425314307,0.005626647733151913,9.623845107853413e-05,0.0008680997998453677,0.0013465977972373366,0.0011476138606667519,2.210681668657344e-05,0.00014992307114880532,0.0010862416820600629,0.00025029643438756466,7.490157440770417e-05,0.0
13200.0,5.32450430910103e-05,0.008786143735051155,0.00321570155210793,0.0010976857738569379,0.00037453602999448776,1.119707917496271e-06,0.00414902251213789,0.001424263115040958,0.0001803776976885274,0.001480546430684626,0.0010789959924295545,0.0008559594280086458,0.0003007842169608921,0.00010585760173853487,8.070443436736241e-05,0.0005941647104918957,0.0005202520405873656,0.0005119589623063803,4.9054095143219456e-05,0.0001617416419321671,0.0010008657118305564,0.0016980954678729177,0.0005452251643873751,0.0008721223566681147,0.0,0.0006500609451904893,0.0028144200332462788,0.0020519793033599854,0.0002069091860903427,2.06662698474247e-05,0.0005912720807828009,0.00037548624095506966,0.00011054840433644131,0.0007837217999622226,0.00035838442272506654,0.0008409101283177733,0.000294316909275949,0.00010822052718140185,0.002021416090428829,0.00041026590042747557,0.00013449204561766237,0.0004197153029963374,0.00041299924487248063,0.003292834386229515,0.00014239081065170467,7.808727968949825e-05,0.0001459539489587769,0.0013513453304767609,0.0015476897824555635,0.00554962083697319,9.476155537413433e-05,0.0008553661755286157,0.0013277018442749977,0.0011314625153318048,2.1758167349616997e-05,0.000147675396874547,0.0010710267815738916,0.00024658016627654433,7.376940629910678e-05,0.0
13260.0,5.239679376245476e-05,0.008668572641909122,0.0031714001670479774,0.001082418137229979,0.00036905522574670613,1.1009593663402484e-06,0.004091367125511169,0.0014035298954695463,0.00017768214456737041,0.0014593584928661585,0.0010635157814249396,0.00084353779675439,0.0002962471917271614,0.00010423307685414329,7.944927347125486e-05,0.0005855127237737179,0.0005126066971570253,0.0005046931328251958,4.825900759897195e-05,0.00015923529281280935,0.00098643999081105,0.001673904131166637,0.0005371883744373918,0.0008599797147326171,0.0,0.0006405986496247351,0.0027760278899222612,0.0020241732709109783,0.00020390764984767884,2.033207601925824e-05,0.0005825174157507718,0.00036996830021962523,0.00010888053657254204,0.0007720438879914582,0.0003530600806698203,0.0008281898335553706,0.0002898649254348129,0.00010650556214386597,0.0019943160004913807,0.0004044022934976965,0.00013240992848295718,0.0004134259943384677,0.00040689914021641016,0.0032478284556418657,0.0001401273621013388,7.683419971726835e-05,0.0001437037717550993,0.0013317742850631475,0.0015253594610840082,0.0054732621647417545,9.329917520517483e-05,0.0008427517605014145,0.0013089743442833424,0.0011154557578265667,2.1413052309071645e-05,0.00014544928853865713,0.0010559472721070051,0.0002428991429042071,7.264818850671872e-05,0.0
13320.0,5.154854807187803e-05,0.008551002480089664,0.0031270990148186684,0.0010671505006030202,0.0003635744214989245,1.082210701497388e-06,0.004033711273223162,0.0013827966758981347,0.0001749865768942982,0.0014381706714630127,0.001048035454005003,0.0008311161655001342,0.00029171016649343073,0.00010260855196975172,7.819411985110492e-05,0.0005768607370555401,0.000504961353726685,0.0004974272451363504,4.746391641674563e-05,0.00015672892914153636,0.0009720142697915435,0.0016497126780450344,0.0005291516426950693,0.0008478371310047805,0.0,0.0006311363540589809,0.0027376357465982437,0.0019963672384619713,0.00020090611360501498,1.9997882191091776e-05,0.0005737626925110817,0.0003644503594841808,0.00010721266880864277,0.0007603659760206938,0.0003477357386145741,0.0008154695387929678,0.00028541297069750726,0.0001047905971063301,0.001967215910553932,0.000398538657464087,0.000130327811348252,0.000407136685680598,0.0004007990355603397,0.00320282275788486,0.00013786392810288817,7.558111246908084e-05,0.00014145360910333693,0.0013122032396495342,0.0015030291397124529,0.005396903958171606,9.183680231217295e-05,0.0008301372872665524,0.001290246844291687,0.0010994488839060068,2.106793544953689e-05,0.00014322316565085202,0.0010408677626401186,0.00023921810497995466,7.152697071433067e-05,0.0
13380.0,5.070029874332249e-05,0.008433431386947632,0.0030827976297587156,0.0010518828639760613,0.00035809361725114286,1.0634621503413655e-06,0.003976055420935154,0.001362063572742045,0.00017229100922122598,0.001416982733644545,0.0010325552430003881,0.0008186945342458785,0.00028717314125970006,0.00010098402708536014,7.693896623095497e-05,0.0005682087503373623,0.0004973159520886838,0.0004901614156551659,4.666882523451932e-05,0.0001542225800221786,0.0009575884905643761,0.0016255212249234319,0.000521114852745086,0.0008356945472769439,0.0,0.0006216740584932268,0.00269924383610487,0.0019685609731823206,0.00019790457736235112,1.9663688362925313e-05,0.0005650080274790525,0.0003589323896449059,0.00010554480832070112,0.0007486880640499294,0.0003424114256631583,0.000802749244030565,0.0002809610159602016,0.00010307563206879422,0.0019401158206164837,0.0003926750214304775,0.00012824570876546204,0.0004008473770227283,0.0003946989600080997,0.0031578168272972107,0.0001356004795525223,7.432803249685094e-05,0.00013920344645157456,0.001292632194235921,0.0014806988183408976,0.00532054528594017,9.037442941917107e-05,0.0008175228722393513,0.0012715193443000317,0.001083442009985447,2.0722820408991538e-05,0.00014099704276304692,0.001025788253173232,0.00023553708160761744,7.040575292194262e-05,0.0
13440.0,4.985204941476695e-05,0.008315861225128174,0.003038496244698763,0.0010366152273491025,0.0003526128421071917,1.044713599185343e-06,0.0039184000343084335,0.0013413303531706333,0.00016959545610006899,0.0013957947958260775,0.0010170749155804515,0.0008062729029916227,0.0002826361160259694,9.935950220096856e-05,7.568381261080503e-05,0.0005595567636191845,0.0004896706086583436,0.00048289558617398143,4.587373769027181e-05,0.00015171623090282083,0.0009431627695448697,0.0016013298882171512,0.0005130780627951026,0.0008235519635491073,0.0,0.0006122117629274726,0.0026608516927808523,0.0019407549407333136,0.0001949030556716025,1.932949453475885e-05,0.0005562533042393625,0.0003534144489094615,0.00010387694055680186,0.000737010152079165,0.00033708708360791206,0.0007900289492681623,0.000276509061222896,0.00010136065975530073,0.0019130156142637134,0.00038681141450069845,0.00012616359163075686,0.00039455803926102817,0.0003885988553520292,0.0031128108967095613,0.00013333703100215644,7.307494524866343e-05,0.0001369532837998122,0.0012730611488223076,0.0014583684969693422,0.005244187079370022,8.891205652616918e-05,0.0008049083990044892,0.0012527918443083763,0.0010674352524802089,2.0377705368446186e-05,0.00013877093442715704,0.0010107087437063456,0.000231856043683365,6.928453512955457e-05,0.0
13500.0,4.908665505354293e-05,0.00820800568908453,0.0029979594983160496,0.001022657030262053,0.0003476255515124649,1.0278854460921139e-06,0.0038656846154481173,0.0013224546564742923,0.00016714754747226834,0.0013764743926003575,0.0010029623517766595,0.0007949608843773603,0.00027851967024616897,9.788807801669464e-05,7.454846490873024e-05,0.000551680161152035,0.00048271651030518115,0.00047626503510400653,4.5157597924117e-05,0.0001494482858106494,0.0009300172096118331,0.0015792613849043846,0.0005057700327597558,0.0008124517626129091,0.0,0.0006035971455276012,0.0026256912387907505,0.0019152744207531214,0.00019216955115552992,1.9028411770705134e-05,0.0005482959095388651,0.0003483954060357064,0.00010236371599603444,0.000726402155123651,0.0003322491829749197,0.0007784910267218947,0.0002724709047470242,9.981235780287534e-05,0.0018881589639931917,0.00038146396400406957,0.000124279351439327,0.00038884810055606067,0.0003830529749393463,0.0030716005712747574,0.00013129420403856784,7.194511272246018e-05,0.0001349161029793322,0.0012552349362522364,0.0014380218926817179,0.005174309480935335,8.758823241805658e-05,0.0007934383465908468,0.001235692179761827,0.0010528237326070666,2.0066156139364466e-05,0.00013675105583388358,0.0009969377424567938,0.0002285128866788,6.826801836723462e-05,0.0
13560.0,4.8328787670470774e-05,0.008101033046841621,0.0029577650129795074,0.0010088176932185888,0.00034268313902430236,1.0112316886079498e-06,0.0038134183268994093,0.001303747994825244,0.00016472215065732598,0.001357323839329183,0.0009889742359519005,0.000783749739639461,0.0002744414668995887,9.643057273933664e-05,7.342400931520388e-05,0.0005438740481622517,0.00047582521801814437,0.0004696922842413187,4.444863589014858e-05,0.00014720202307216823,0.0009169880650006235,0.001557386014610529,0.0004985282430425286,0.000801446323748678,0.0,0.0005950596532784402,0.00259082461707294,0.0018900054274126887,0.00018946040654554963,1.8730339434114285e-05,0.000540410925168544,0.00034342167782597244,0.00010086455586133525,0.0007158914813771844,0.0003274555201642215,0.0007670606137253344,0.00026847037952393293,9.82792116701603e-05,0.001863506156951189,0.00037616342888213694,0.00012241311196703464,0.00038319078157655895,0.00037755747325718403,0.003030735068023205,0.00012927142961416394,7.082647789502516e-05,0.0001328983053099364,0.0012375673977658153,0.0014178554993122816,0.00510502140969038,8.627701026853174e-05,0.0007820722530595958,0.0012187404790893197,0.0010383391054347157,1.97576609934913e-05,0.00013474992010742426,0.0009832857176661491,0.0002252004196634516,6.72610112815164e-05,0.0
13620.0,4.757092392537743e-05,0.007994060404598713,0.0029175702948123217,0.0009949784725904465,0.0003377407556399703,9.945780448106234e-07,0.0037611520383507013,0.0012850412167608738,0.00016229676839429885,0.0013381731696426868,0.0009749860037118196,0.0007725385366939008,0.00027036326355300844,9.497306746197864e-05,7.229956099763513e-05,0.0005360679351724684,0.00046893395483493805,0.0004631195042748004,4.373967385618016e-05,0.00014495576033368707,0.0009039589203894138,0.0015355105279013515,0.0004912864533253014,0.0007904408848844469,0.0,0.0005865221028216183,0.0025559579953551292,0.001864736434072256,0.00018675126193556935,1.8432267097523436e-05,0.0005325259990058839,0.00033844797872006893,9.936538845067844e-05,0.0007053807494230568,0.0003226618282496929,0.0007556302007287741,0.00026446982519701123,9.674605826148763e-05,0.0018388533499091864,0.00037086292286403477,0.00012054685794282705,0.0003775334917008877,0.0003720619424711913,0.002989869797602296,0.00012724865518976003,6.970784306759015e-05,0.00013088049308862537,0.0012198997428640723,0.0013976892223581672,0.005035732872784138,8.49657881190069e-05,0.0007707062177360058,0.0012017888948321342,0.001023854361847043,1.944916402862873e-05,0.00013274878438096493,0.0009696336346678436,0.00022188796720001847,6.62540114717558e-05,0.0
13680.0,4.681306018028408e-05,0.007887087762355804,0.0028773758094757795,0.0009811392519623041,0.0003327983431518078,9.77924401013297e-07,0.0037088857498019934,0.0012663344386965036,0.0001598713715793565,0.0013190226163715124,0.0009609978296793997,0.0007613273919560015,0.0002662850311025977,9.351556218462065e-05,7.117510540410876e-05,0.000528261880390346,0.00046204266254790127,0.00045654672430828214,4.303071182221174e-05,0.0001427094975952059,0.0008909297757782042,0.0015136351576074958,0.0004840446636080742,0.0007794354460202157,0.0,0.0005779846105724573,0.0025210913736373186,0.0018394673243165016,0.0001840421318775043,1.8134194760932587e-05,0.0005246410146355629,0.0003334742796141654,9.786622104002163e-05,0.0006948700756765902,0.00031786816543899477,0.0007441997877322137,0.00026046929997392,9.521290485281497e-05,0.0018142005428671837,0.00036556238774210215,0.00011868061119457707,0.0003718762018252164,0.000366566440789029,0.0029490042943507433,0.00012522588076535612,6.858920824015513e-05,0.00012886269541922957,0.0012022322043776512,0.0013775229454040527,0.004966444335877895,8.365456596948206e-05,0.0007593401824124157,0.001184837194159627,0.0010093697346746922,1.9140668882755563e-05,0.0001307476486545056,0.000955981551669538,0.00021857551473658532,6.524700438603759e-05,0.0
13740.0,4.605519643519074e-05,0.007780115585774183,0.0028371813241392374,0.0009673000313341618,0.00032785593066364527,9.612707572159707e-07,0.0036566194612532854,0.0012476277770474553,0.00015744598931632936,0.0012998719466850162,0.0009470095974393189,0.0007501162472181022,0.00026220682775601745,9.205805690726265e-05,7.00506498105824e-05,0.0005204557674005628,0.00045515139936469495,0.00044997394434176385,4.2321749788243324e-05,0.0001404632203048095,0.0008779006311669946,0.0014917596708983183,0.00047680287389084697,0.0007684300071559846,0.0,0.0005694471183232963,0.002486224751919508,0.001814198330976069,0.000181332987267524,1.7836122424341738e-05,0.0005167560884729028,0.0003285005805082619,9.636706090532243e-05,0.0006843593437224627,0.00031307447352446616,0.0007327693747356534,0.00025646877475082874,9.367975144414231e-05,0.001789547735825181,0.000360261881724,0.00011681436444632709,0.0003662188828457147,0.0003610709391068667,0.0029081390239298344,0.00012320310634095222,6.747057341272011e-05,0.00012684488319791853,0.00118456466589123,0.0013573566684499383,0.00489715626463294,8.234334381995723e-05,0.0007479740888811648,0.0011678856099024415,0.0009948851075023413,1.8832171917892992e-05,0.00012874651292804629,0.0009423295268788934,0.00021526306227315217,6.424000457627699e-05,0.0
13800.0,4.5369168219622225e-05,0.007681760936975479,0.0028003144543617964,0.0009546168148517609,0.00032334643765352666,9.462701768825355e-07,0.0036087152548134327,0.0012305515119805932,0.0001552372268633917,0.0012823641300201416,0.0009342242265120149,0.0007398794405162334,0.00025849606026895344,9.073399269254878e-05,6.903043686179444e-05,0.0005133302183821797,0.00044886607793159783,0.0004439606564119458,4.1681072616484016e-05,0.00013842448242940009,0.0008659966406412423,0.0014717529993504286,0.0004701996804215014,0.0007583447149954736,0.0,0.0005616536946035922,0.002454217988997698,0.0017909890739247203,0.00017885921988636255,1.7566697351867333e-05,0.0005095693632028997,0.00032396422466263175,9.500299347564578e-05,0.0006747848819941282,0.00030870665796101093,0.0007223715074360371,0.00025282963179051876,9.229121496900916e-05,0.0017668843502178788,0.0003554155118763447,0.0001151203759945929,0.00036106817424297333,0.0003560609766282141,0.0028706316370517015,0.00012137168960180134,6.64586914354004e-05,0.00012501260789576918,0.0011684296187013388,0.0013389334781095386,0.004833597224205732,8.115280070342124e-05,0.000737610796932131,0.0011523686116561294,0.000981629709713161,1.855280061136e-05,0.00012692557356785983,0.0009298308868892491,0.00021224618831183761,6.332436896627769e-05,0.0
13860.0,4.468967381399125e-05,0.007584189064800739,0.0027637500315904617,0.0009420386631973088,0.0003188762639183551,9.314197768617305e-07,0.0035612075589597225,0.0012136235600337386,0.00015304816770367324,0.0012650057906284928,0.0009215481695719063,0.000729731225874275,0.00025481870397925377,8.942205749917775e-05,6.801968993386254e-05,0.0005062666023150086,0.00044263587915338576,0.00043799824197776616,4.1046605474548414e-05,0.00013640460383612663,0.0008541949791833758,0.0014519160613417625,0.00046365457819774747,0.0007483430672436953,0.0,0.0005539279081858695,0.0024224710650742054,0.0017679670127108693,0.0001764068438205868,1.729987889120821e-05,0.0005024461424909532,0.0003194676246494055,9.365121513837948e-05,0.0006652955780737102,0.0003043775213882327,0.0007120675873011351,0.000249223317950964,9.091582614928484e-05,0.0017444018740206957,0.0003506104403641075,0.00011344205267960206,0.000355963537003845,0.0003510951646603644,0.002833429491147399,0.00011955765512539074,6.5456515585538e-05,0.0001231971982633695,0.001152434037066996,0.001320668845437467,0.0047705587930977345,7.997322245500982e-05,0.0007273386581800878,0.0011369821149855852,0.0009684861288405955,1.8276075934409164e-05,0.0001251210196642205,0.00091743707889691,0.00020925617718603462,6.241704249987379e-05,0.0
13920.0,4.4010175770381466e-05,0.007486617658287287,0.0027271853759884834,0.0009294605115428567,0.000314406119287014,9.165694336843444e-07,0.003513700095936656,0.001196695608086884,0.0001508591085439548,0.0012476473348215222,0.0009088721126317978,0.0007195830112323165,0.0002511413476895541,8.811012958176434e-05,6.700895028188825e-05,0.0004992029862478375,0.0004364056803751737,0.00043203579843975604,4.0412134694634005e-05,0.00013438472524285316,0.0008423932595178485,0.0014320791233330965,0.0004571094468701631,0.0007383414194919169,0.0,0.0005462021217681468,0.0023907243739813566,0.0017449450679123402,0.00017395446775481105,1.703305861155968e-05,0.0004953229217790067,0.00031497105374000967,9.229942952515557e-05,0.0006558062741532922,0.0003000483848154545,0.0007017636089585721,0.00024561703321523964,8.954043732956052e-05,0.0017219193978235126,0.00034580533974803984,0.0001117637220886536,0.00035085887066088617,0.0003461293235886842,0.00279622757807374,0.00011774362792493775,6.44543397356756e-05,0.00012138179590692744,0.0011364383390173316,0.0013024042127653956,0.004707520827651024,7.879363693064079e-05,0.0007170665194280446,0.0011215955018997192,0.0009553424897603691,1.799935125745833e-05,0.0001233164657605812,0.0009050433291122317,0.00020626616606023163,6.15097233094275e-05,0.0
13980.0,4.333068136475049e-05,0.007389046251773834,0.0026906209532171488,0.0009168823598884046,0.0003099359746556729,9.017190905069583e-07,0.003466192400082946,0.0011797675397247076,0.00014867004938423634,0.0012302888790145516,0.0008961960556916893,0.000709434796590358,0.0002474639913998544,8.679819438839331e-05,6.599820335395634e-05,0.0004921393119730055,0.00043017545249313116,0.0004260733549017459,3.9777667552698404e-05,0.0001323648466495797,0.0008305915980599821,0.0014122423017397523,0.00045056434464640915,0.0007283397717401385,0.0,0.000538476335350424,0.002358977682888508,0.001721923123113811,0.0001715020916890353,1.6766238331911154e-05,0.0004881996719632298,0.0003104744537267834,9.094764391193166e-05,0.0006463169702328742,0.00029571924824267626,0.0006914596306160092,0.00024201074847951531,8.81650485098362e-05,0.0016994369216263294,0.00034100026823580265,0.00011008539877366275,0.0003457542334217578,0.000341163482517004,0.0027590254321694374,0.00011592959344852716,6.34521638858132e-05,0.00011956638627452776,0.001120442640967667,0.0012841395800933242,0.004644482396543026,7.761405868222937e-05,0.0007067943806760013,0.0011062088888138533,0.0009421988506801426,1.7722626580507495e-05,0.00012151190458098426,0.0008926495793275535,0.00020327616948634386,6.06023968430236e-05,0.0
14040.0,4.2651183321140707e-05,0.007291474845260382,0.002654056530445814,0.0009043042082339525,0.0003054658300243318,8.868687473295722e-07,0.0034186847042292356,0.001162839587777853,0.00014648099022451788,0.001212930423207581,0.0008835199987515807,0.0006992865819483995,0.00024378662055823952,8.548625919502228e-05,6.498746370198205e-05,0.00048507569590583444,0.0004239452537149191,0.0004201109113637358,3.91432004107628e-05,0.00013034495350439101,0.0008187898783944547,0.0013924053637310863,0.00044401921331882477,0.0007183381239883602,0.0,0.0005307505489327013,0.0023272307589650154,0.00169890106189996,0.00016904971562325954,1.649941987125203e-05,0.00048107642214745283,0.0003059778828173876,8.959586557466537e-05,0.0006368276081047952,0.00029139011166989803,0.0006811557104811072,0.00023840444919187576,8.678965969011188e-05,0.0016769544454291463,0.000336195167619735,0.0001084070754586719,0.000340649567078799,0.0003361976705491543,0.002721823286265135,0.00011411555897211656,6.244998803595081e-05,0.00011775097664212808,0.0011044470593333244,0.0012658749474212527,0.004581444431096315,7.643448043381795e-05,0.000696522300131619,0.0010908223921433091,0.0009290552115999162,1.744590190355666e-05,0.00011970734340138733,0.0008802557713352144,0.00020028615836054087,5.9695074014598504e-05,0.0
14100.0,4.203425123705529e-05,0.007201570551842451,0.0026204430032521486,0.0008927501039579511,0.00030137680005282164,8.73448186666792e-07,0.0033750415313988924,0.001147348084487021,0.00014448215370066464,0.0011970222694799304,0.0008719054749235511,0.0006899971049278975,0.00024043153098318726,8.429111039731652e-05,6.406778265954927e-05,0.0004786116478499025,0.00041824826621450484,0.0004146429128013551,3.856806142721325e-05,0.00012850646453443915,0.0008079806575551629,0.0013742190785706043,0.00043803584412671626,0.0007091514999046922,0.0,0.000523680355399847,0.002298023086041212,0.0016777091659605503,0.0001668047916609794,1.625749791855924e-05,0.00047456705942749977,0.00030186615185812116,8.836256893118843e-05,0.0006281607784330845,0.0002874351921491325,0.0006717570940963924,0.00023511501785833389,8.554029773222283e-05,0.001656241831369698,0.0003317910886835307,0.00010687932808650658,0.0003359896072652191,0.00033165881177410483,0.0026876020710915327,0.0001124682166846469,6.154068250907585e-05,0.00011609784269239753,0.0010898023610934615,0.0012491478119045496,0.004523487761616707,7.536043995060027e-05,0.0006871321238577366,0.001076704589650035,0.0009169983095489442,1.7194555766764097e-05,0.00011806084512500092,0.0008688822854310274,0.0001975557388504967,5.8867812185781077e-05,0.0
14160.0,4.1423001675866544e-05,0.0071123638190329075,0.0025870976969599724,0.0008812890155240893,0.00029732243274338543,8.601576837463654e-07,0.003331749700009823,0.0011319871991872787,0.00014250061940401793,0.0011812460143119097,0.000860387459397316,0.0006807856843806803,0.00023710574896540493,8.310657722176984e-05,6.315638165688142e-05,0.0004722020821645856,0.00041259979479946196,0.0004092198214493692,3.799831756623462e-05,0.00012668446288444102,0.000797261658590287,0.0013561828527599573,0.0004321035521570593,0.000700038974173367,0.0,0.0005166697083041072,0.0022690461482852697,0.001656683743931353,0.00016457871242891997,1.601784060767386e-05,0.00046811348875053227,0.0002977894037030637,8.71400479809381e-05,0.0006195686873979867,0.00028351429500617087,0.0006624407251365483,0.00023185438476502895,8.430239540757611e-05,0.0016356901032850146,0.0003274234477430582,0.00010536528134252876,0.0003313700726721436,0.0003271588066127151,0.0026536516379565,0.0001108360302168876,6.0639828006969765e-05,0.00011445945710875094,0.0010752805974334478,0.0012325603747740388,0.004465993028134108,7.429598190356046e-05,0.0006778222159482539,0.0010627020383253694,0.0009050401858985424,1.694551610853523e-05,0.00011642870958894491,0.0008576015243306756,0.00019484892254695296,5.804783359053545e-05,0.0
14220.0,4.081175575265661e-05,0.007023157086223364,0.002553752390667796,0.0008698279852978885,0.00029326806543394923,8.468671239825198e-07,0.0032884576357901096,0.0011166261974722147,0.0001405190851073712,0.001165469759143889,0.0008488694438710809,0.0006715742638334632,0.0002337799669476226,8.192205132218078e-05,6.224498065421358e-05,0.00046579251647926867,0.0004069512942805886,0.0004037967592012137,3.7428573705255985e-05,0.0001248624612344429,0.000786542717833072,0.0013381466269493103,0.0004261712310835719,0.0006909264484420419,0.0,0.0005096590612083673,0.002240069443359971,0.0016356583219021559,0.00016235264774877578,1.5778185115777887e-05,0.00046165991807356477,0.00029371268465183675,8.59175343066454e-05,0.0006109765963628888,0.00027959339786320925,0.0006531244143843651,0.00022859375167172402,8.306450035888702e-05,0.0016151382587850094,0.0003230558359064162,0.00010385122732259333,0.00032675053807906806,0.00032265877234749496,0.0026197012048214674,0.00010920384374912828,5.973897350486368e-05,0.00011282107152510434,0.0010607588337734342,0.001215972937643528,0.004408498294651508,7.323153113247827e-05,0.0006685122498311102,0.0010486996034160256,0.0008930820622481406,1.6696476450306363e-05,0.00011479658132884651,0.0008463207632303238,0.00019214210624340922,5.722785135731101e-05,0.0
14280.0,4.0200509829446673e-05,0.00693395035341382,0.00252040708437562,0.0008583669550716877,0.00028921369812451303,8.335765642186743e-07,0.00324516580440104,0.0011012653121724725,0.0001385375508107245,0.0011496935039758682,0.0008373514283448458,0.0006623627850785851,0.00023045417037792504,8.07375181466341e-05,6.133357965154573e-05,0.0004593829798977822,0.0004013027937617153,0.0003983736678492278,3.685882984427735e-05,0.00012304045958444476,0.000775823718868196,0.0013201104011386633,0.00042023893911391497,0.0006818138645030558,0.0,0.0005026484141126275,0.0022110925056040287,0.0016146327834576368,0.00016012656851671636,1.553852780489251e-05,0.0004552063182927668,0.0002896359364967793,8.469501335639507e-05,0.000602384505327791,0.0002756725007202476,0.0006438081036321819,0.0002253331185784191,8.18265980342403e-05,0.001594586530700326,0.0003186881949659437,0.0001023371733026579,0.000322131032589823,0.0003181587380822748,0.0025857507716864347,0.00010757165000541136,5.883811536477879e-05,0.00011118269321741536,0.0010462370701134205,0.0011993853840976954,0.004351003561168909,7.216708036139607e-05,0.0006592023419216275,0.00103469705209136,0.0008811239385977387,1.6447436792077497e-05,0.0001131644457927905,0.000835040002129972,0.00018943528993986547,5.6407869124086574e-05,0.0
14340.0,3.958926026825793e-05,0.006844743620604277,0.0024870615452528,0.000846905866637826,0.00028515933081507683,8.202860044548288e-07,0.0032018739730119705,0.0010859044268727303,0.00013655601651407778,0.0011339172488078475,0.0008258334128186107,0.000653151364531368,0.0002271283883601427,7.955298497108743e-05,6.042217864887789e-05,0.0004529734142124653,0.0003956543223466724,0.0003929506056010723,3.628908598329872e-05,0.00012121845065848902,0.0007651047199033201,0.0013020740589126945,0.00041430661804042757,0.0006727013387717307,0.0,0.0004956377670168877,0.0021821155678480864,0.0015936073614284396,0.00015790050383657217,1.5298870494007133e-05,0.0004487527476157993,0.0002855591883417219,8.347249240614474e-05,0.0005937924142926931,0.000271751603577286,0.0006344917928799987,0.00022207248548511416,8.05886957095936e-05,0.0015740348026156425,0.0003143205540254712,0.00010082312655868009,0.0003175114979967475,0.0003136587329208851,0.0025518005713820457,0.00010593946353765205,5.7937257224693894e-05,0.00010954430763376877,0.0010317153064534068,0.0011827979469671845,0.004293509293347597,7.110262959031388e-05,0.0006498923758044839,0.0010206946171820164,0.0008691658149473369,1.619839713384863e-05,0.0001115323175326921,0.0008237592410296202,0.00018672847363632172,5.5587890528840944e-05,0.0
14400.0,3.903272227034904e-05,0.00676237978041172,0.002456341404467821,0.0008363547967746854,0.00028144169482402503,8.082378144536051e-07,0.0031620163936167955,0.0010718133999034762,0.0001347421493846923,0.0011194257531315088,0.0008152553928084671,0.0006446993793360889,0.00022408632503356785,7.847105007385835e-05,5.959064947091974e-05,0.0004470938874874264,0.00039047672180458903,0.0003879658761434257,3.5771110560745e-05,0.00011955561058130115,0.0007552640745416284,0.0012855007080361247,0.00040887019713409245,0.00066431297454983,0.0,0.0004892066936008632,0.002155400114133954,0.001574212801642716,0.00015585790970362723,1.508094555902062e-05,0.0004428407992236316,0.0002818223147187382,8.235427958425134e-05,0.0005859254742972553,0.00026816074387170374,0.0006259722867980599,0.0002190906961914152,7.946108235046268e-05,0.0015550621319562197,0.0003103081835433841,9.944122575689107e-05,0.00031328375916928053,0.0003095355350524187,0.00252050394192338,0.00010445307998452336,5.711754420190118e-05,0.00010804840712808073,0.0010183885460719466,0.0011675710557028651,0.004240535665303469,7.013082358753309e-05,0.0006413609953597188,0.0010078178020194173,0.0008581716101616621,1.5971561879268847e-05,0.00011003934196196496,0.0008133839000947773,0.00018425047164782882,5.483832865138538e-05,0.0
14460.0,3.8481157389469445e-05,0.00668063759803772,0.0024258599150925875,0.0008258864399977028,0.0002777547051664442,7.963026291690767e-07,0.003122471272945404,0.0010578378569334745,0.00013294351811055094,0.0011050509056076407,0.0008047628798522055,0.0006363164284266531,0.00022107004770077765,7.739844295429066e-05,5.8766378060681745e-05,0.00044126255670562387,0.0003853419329971075,0.0003830210189335048,3.525784268276766e-05,0.0001179072423838079,0.0007455033482983708,0.0012690603034570813,0.00040347888716496527,0.0006559903849847615,0.0,0.00048282829811796546,0.0021288900170475245,0.0015549666713923216,0.00015383197751361877,1.486499695602106e-05,0.00043697806540876627,0.00027811634936369956,8.124555461108685e-05,0.0005781244253739715,0.0002645998611114919,0.0006175251328386366,0.00021613427088595927,7.834348798496649e-05,0.0015362330013886094,0.0003063281183131039,9.807133756112307e-05,0.0003090916434302926,0.0003054465923923999,0.002489448757842183,0.00010297995322616771,5.630520900012925e-05,0.00010656545782694593,0.0010051705176010728,0.0011524679139256477,0.004187973216176033,6.916744314366952e-05,0.0006329003954306245,0.000995043315924704,0.0008472650079056621,1.5746745702927e-05,0.00010855901928152889,0.0008030908647924662,0.00018179326434619725,5.409517325460911e-05,0.0
14520.0,3.7929596146568656e-05,0.0065988958813250065,0.00239537819288671,0.0008154180832207203,0.0002740676864050329,7.843673870411294e-07,0.0030829261522740126,0.0010438623139634728,0.00013114487228449434,0.0010906761744990945,0.0007942703668959439,0.0006279334775172174,0.00021805378491990268,7.632582855876535e-05,5.7942110288422555e-05,0.00043543122592382133,0.000380207144189626,0.00037807616172358394,3.474457480479032e-05,0.00011625886691035703,0.0007357426220551133,0.001252619898878038,0.00039808754809200764,0.0006476678536273539,0.0,0.0004764499026350677,0.002102379919961095,0.0015357205411419272,0.00015180605987552553,1.4649048353021499e-05,0.0004311153315939009,0.0002744103840086609,8.013682963792235e-05,0.0005703233764506876,0.00026103900745511055,0.0006090780370868742,0.00021317783102858812,7.72258936194703e-05,0.001517403987236321,0.0003023480239789933,9.670145664131269e-05,0.0003048995276913047,0.00030135767883621156,0.0024583935737609863,0.00010150682646781206,5.549287379835732e-05,0.00010508250852581114,0.000991952489130199,0.0011373646557331085,0.004135410767048597,6.820406269980595e-05,0.0006244397955015302,0.0009822689462453127,0.0008363583474420011,1.5521929526585154e-05,0.00010707869660109282,0.000792797829490155,0.00017933605704456568,5.335201421985403e-05,0.0
14580.0,3.737803126568906e-05,0.006517153698951006,0.0023648967035114765,0.0008049497264437377,0.00027038066764362156,7.724321449131821e-07,0.0030433807987719774,0.0010298867709934711,0.00012934624101035297,0.0010763013269752264,0.0007837778539396822,0.0006195505266077816,0.00021503750758711249,7.525322143919766e-05,5.7117842516163364e-05,0.0004295998951420188,0.00037507235538214445,0.00037313130451366305,3.4231306926812977e-05,0.00011461049871286377,0.0007259818958118558,0.0012361794942989945,0.00039269620901905,0.0006393453222699463,0.0,0.0004700714780483395,0.0020758698228746653,0.001516474294476211,0.00014978012768551707,1.4433099750021938e-05,0.00042525259777903557,0.0002707043895497918,7.902810466475785e-05,0.0005625223275274038,0.0002574781537987292,0.0006006308831274509,0.0002102214057231322,7.610830652993172e-05,0.0014985748566687107,0.00029836795874871314,9.533156844554469e-05,0.0003007074410561472,0.00029726873617619276,0.0024273383896797895,0.0001000336924334988,5.468053859658539e-05,0.00010359955922467634,0.0009787344606593251,0.0011222613975405693,0.004082848317921162,6.724068225594237e-05,0.0006159791955724359,0.0009694944601505995,0.0008254517451860011,1.5297113350243308e-05,0.00010559837392065674,0.0007825048523955047,0.0001768788497429341,5.260885882307775e-05,0.0
14640.000000000002,3.6826466384809464e-05,0.006435411982238293,0.002334415214136243,0.0007944814278744161,0.00026669364888221025,7.604969027852349e-07,0.003003835678100586,0.0010159111116081476,0.0001275476097362116,0.0010619265958666801,0.0007732852827757597,0.0006111675756983459,0.0002120212302543223,7.418061431962997e-05,5.629357474390417e-05,0.0004237685352563858,0.0003699375665746629,0.0003681864181999117,3.3718039048835635e-05,0.00011296213051537052,0.0007162211695685983,0.0012197389733046293,0.00038730486994609237,0.0006310227327048779,0.0,0.00046369308256544173,0.0020493597257882357,0.0014972281642258167,0.00014775421004742384,1.4217150237527676e-05,0.0004193898639641702,0.00026699842419475317,7.791937969159335e-05,0.00055472127860412,0.00025391727103851736,0.0005921837873756886,0.00020726498041767627,7.499071216443554e-05,0.0014797458425164223,0.0002943878644146025,9.396168024977669e-05,0.0002965153253171593,0.0002931798226200044,0.0023962832055985928,9.856056567514315e-05,5.386820339481346e-05,0.00010211660992354155,0.0009655164321884513,0.001107158255763352,0.004030285868793726,6.627730908803642e-05,0.0006075185956433415,0.0009567200322635472,0.000814545142930001,1.5072297173901461e-05,0.00010411804396426305,0.0007722118170931935,0.00017442165699321777,5.186569978832267e-05,0.0
14700.000000000002,3.632293010014109e-05,0.006359793711453676,0.0023062757682055235,0.0007848241366446018,0.00026330514810979366,7.496458351852198e-07,0.002967352047562599,0.0010030620032921433,0.00012589724792633206,0.0010486934334039688,0.0007636278751306236,0.0006034584366716444,0.0002092556096613407,7.319846918107942e-05,5.553962182602845e-05,0.0004184073186479509,0.00036522001028060913,0.0003636314650066197,3.3250125852646306e-05,0.00011145394091727212,0.0007072403677739203,0.0012045991607010365,0.00038235276588238776,0.0006233456078916788,0.0,0.0004578287189360708,0.0020248692017048597,0.0014794397866353393,0.00014589107013307512,1.402024645358324e-05,0.00041400661575607955,0.0002635935670696199,7.69028119975701e-05,0.0005475617363117635,0.00025064850342459977,0.0005844403058290482,0.00020455481717363,7.397000445052981e-05,0.0014623296447098255,0.000290723517537117,9.270820009987801e-05,0.0002926696033682674,0.0002894245844800025,0.0023675980046391487,9.721547394292429e-05,5.3127041610423476e-05,0.00010075922182295471,0.0009533590055070817,0.001093262922950089,0.003981757443398237,6.539556488860399e-05,0.0005997475818730891,0.0009449474164284766,0.0008044961141422391,1.4866983292449731e-05,0.00010276067041559145,0.0007627247832715511,0.00017216683772858232,5.118470289744437e-05,0.0
14760.000000000002,3.582375939004123e-05,0.00628473237156868,0.0022783493623137474,0.0007752406527288258,0.00025994377210736275,7.388932772300905e-07,0.002931146649643779,0.000990315224044025,0.0001242603757418692,0.0010355639969930053,0.0007540463702753186,0.0005958105903118849,0.00020651277736760676,7.22245458746329e-05,5.4792064474895597e-05,0.00041308882646262646,0.0003605404053814709,0.0003591119311749935,3.278633812442422e-05,0.00010995849152095616,0.0006983305211178958,0.001189577509649098,0.0003774405922740698,0.0006157271564006805,0.0,0.0004520110960584134,0.0020005623809993267,0.0014617838896811008,0.00014404274406842887,1.3825073438056279e-05,0.0004086669650860131,0.0002602160966489464,7.589461165480316e-05,0.0005404605180956423,0.00024740624940022826,0.0005767608527094126,0.00020186704932712018,7.295809336937964e-05,0.0014450418530032039,0.00028708786703646183,9.146529919235036e-05,0.0002888553717639297,0.000285699701635167,0.0023391281720250845,9.588201646693051e-05,5.23923481523525e-05,9.941325697582215e-05,0.0009412980289198458,0.0010794774862006307,0.003933596424758434,6.452124216593802e-05,0.0005920392577536404,0.0009332659537903965,0.0007945250254124403,1.466344383516116e-05,0.00010141447273781523,0.0007533109746873379,0.00016993041208479553,5.050935942563228e-05,0.0
14820.000000000002,3.532458867994137e-05,0.006209671031683683,0.0022504229564219713,0.0007656571106053889,0.00025658239610493183,7.281407192749612e-07,0.0028949412517249584,0.0009775684447959065,0.00012262348900549114,0.0010224345605820417,0.0007444648654200137,0.0005881627439521253,0.00020376995962578803,7.125062256818637e-05,5.4044503485783935e-05,0.000407770334277302,0.00035586077137850225,0.00035459239734336734,3.2322546758223325e-05,0.00010846304940059781,0.0006894206162542105,0.0011745558585971594,0.0003725284186657518,0.0006081086467020214,0.0,0.0004461934440769255,0.00197625532746315,0.0014441279927268624,0.0001421944034518674,1.3629900422529317e-05,0.00040332728531211615,0.00025683865533210337,7.488641858799383e-05,0.0005333592416718602,0.00024416399537585676,0.0005690813413821161,0.00019917928148061037,7.194618956418708e-05,0.001427754177711904,0.00028345221653580666,9.02223982848227e-05,0.0002850411692634225,0.0002819748187903315,0.0023106581065803766,9.454855899093673e-05,5.1657658332260326e-05,9.806728485273197e-05,0.000929236994124949,0.0010656920494511724,0.0038854351732879877,6.364692671922967e-05,0.0005843308754265308,0.0009215844329446554,0.0007845539366826415,1.4459903468377888e-05,0.00010006827506003901,0.0007438972243107855,0.00016769398644100875,4.983401231584139e-05,0.0
14880.000000000002,3.482541796984151e-05,0.006134609691798687,0.0022224963176995516,0.000756073568481952,0.0002532210201025009,7.173881613198319e-07,0.002858735853806138,0.0009648216655477881,0.00012098661682102829,0.0010093052405864,0.0007348833605647087,0.0005805148393847048,0.00020102712733205408,7.027670653769746e-05,5.329694249667227e-05,0.0004024518420919776,0.0003511811373755336,0.00035007286351174116,3.185875539202243e-05,0.00010696760000428185,0.000680510769598186,0.0011595342075452209,0.00036761624505743384,0.0006004901952110231,0.0,0.0004403758211992681,0.001951948506757617,0.001426472095772624,0.00014034607738722116,1.3434727407002356e-05,0.00039798763464204967,0.0002534611849114299,7.38782255211845e-05,0.000526258023455739,0.0002409217704553157,0.0005614018882624805,0.00019649151363410056,7.093428575899452e-05,0.0014104665024206042,0.0002798165660351515,8.897949737729505e-05,0.0002812269376590848,0.00027824993594549596,0.0022821882739663124,9.321510879090056e-05,5.092296487418935e-05,9.67213127296418e-05,0.000917176017537713,0.001051906612701714,0.003837273921817541,6.27726039965637e-05,0.0005766225513070822,0.0009099029703065753,0.0007745829061605036,1.4256363101594616e-05,9.87220773822628e-05,0.0007344834157265723,0.0001654575753491372,4.91586652060505e-05,0.0
14940.000000000002,3.432624725974165e-05,0.006059548351913691,0.0021945699118077755,0.0007464900845661759,0.00024985964410007,7.066356033647025e-07,0.0028225306887179613,0.0009520748862996697,0.00011934973736060783,0.0009961758041754365,0.0007253018557094038,0.0005728669930249453,0.00019828429503832012,6.930278323125094e-05,5.254938150756061e-05,0.00039713334990665317,0.00034650153247639537,0.000345553329680115,3.139496402582154e-05,0.00010547215060796589,0.0006716008647345006,0.0011445125564932823,0.00036270407144911587,0.0005928717437200248,0.0,0.0004345581983216107,0.0019276415696367621,0.0014088161988183856,0.00013849773677065969,1.3239555300970096e-05,0.0003926479839719832,0.0002500837144907564,7.287003245437518e-05,0.0005191568052396178,0.00023767953098285943,0.000553722376935184,0.00019380374578759074,6.992237467784435e-05,0.0013931787107139826,0.0002761809155344963,8.7736603745725e-05,0.0002774127060547471,0.00027452505310066044,0.002253718441352248,9.188165131490678e-05,5.0188275054097176e-05,9.537534060655162e-05,0.0009051150409504771,0.0010381211759522557,0.0037891126703470945,6.189828854985535e-05,0.0005689142271876335,0.0008982214494608343,0.0007646118174307048,1.4052822734811343e-05,9.737587970448658e-05,0.0007250696653500199,0.0001632211497053504,4.8483321734238416e-05,0.0
15000.000000000002,3.386939351912588e-05,0.0059899818152189255,0.002168739214539528,0.0007376315770670772,0.00024676372413523495,6.968328420953185e-07,0.002789062215015292,0.0009403302683494985,0.00011784441448980942,0.0009840639540925622,0.0007164644775912166,0.0005658188019879162,0.00019576364138629287,6.840889545856044e-05,5.186394264455885e-05,0.0003922331379726529,0.00034219276858493686,0.00034138161572627723,3.0971059459261596e-05,0.00010410060349386185,0.0006633856683038175,0.0011306506348773837,0.0003581821802072227,0.000585830130148679,0.0,0.0004291979130357504,0.001905143610201776,0.0013924668310210109,0.0001367943041259423,1.306113426835509e-05,0.0003877341514453292,0.0002469739119987935,7.194351928774267e-05,0.0005126249161548913,0.00023469659208785743,0.0005466664442792535,0.00019133421301376075,6.899587606312707e-05,0.0013771586818620563,0.0002728267281781882,8.659659215481952e-05,0.0002739057526923716,0.0002710966218728572,0.0022273706272244453,9.066102938959375e-05,4.9516242142999545e-05,9.414039959665388e-05,0.0008939981926232576,0.0010254114167764783,0.003744561690837145,6.109615787863731e-05,0.00056181859690696,0.0008874342311173677,0.0007554059848189354,1.3866475455870386e-05,9.613867587177083e-05,0.0007163754780776799,0.00016116432379931211,4.7863028157735243e-05,0.0
15060.000000000002,3.341638876008801e-05,0.005920914933085442,0.002143098972737789,0.0007288390188477933,0.0002436919166939333,6.87116425979184e-07,0.002755842637270689,0.0009286767453886569,0.00011635106056928635,0.0009720445377752185,0.0007076947367750108,0.000558825209736824,0.0001932631857926026,6.752228364348412e-05,5.1184153562644497e-05,0.0003873709065373987,0.00033791770692914724,0.0003372415085323155,3.055077831959352e-05,0.00010274031228618696,0.0006552336271852255,0.0011168941855430603,0.0003536957665346563,0.0005788409616798162,0.0,0.0004238792462274432,0.0018828099127858877,0.0013762362068518996,0.00013510404096450657,1.2884236639365554e-05,0.0003828590561170131,0.0002438884403090924,7.102442759787664e-05,0.0005061447736807168,0.00023173722729552537,0.0005396672058850527,0.000188884514500387,6.807714817114174e-05,0.0013612537877634168,0.00026949812308885157,8.546593016944826e-05,0.0002704267099034041,0.0002676951407920569,0.0022012158297002316,8.945067384047434e-05,4.884990630671382e-05,9.291555761592463e-05,0.0008829672005958855,0.0010127995628863573,0.003700339002534747,6.0300582845229656e-05,0.0005547786131501198,0.0008767283870838583,0.0007462697685696185,1.3681691598321777e-05,9.491137461736798e-05,0.0007077467162162066,0.00015912381059024483,4.724774044007063e-05,0.0
15120.000000000002,3.296338036307134e-05,0.005851848050951958,0.0021174587309360504,0.0007200464606285095,0.0002406201238045469,6.774000098630495e-07,0.002722623059526086,0.0009170232806354761,0.00011485769937280566,0.0009600251796655357,0.0006989249959588051,0.0005518315592780709,0.00019076273019891232,6.663567910436541e-05,5.050436084275134e-05,0.00038250870420597494,0.0003336426743771881,0.00033310140133835375,3.0130498998914845e-05,0.00010138002107851207,0.0006470815860666335,0.001103137619793415,0.00034920938196592033,0.0005718517932109535,0.0,0.0004185605503153056,0.0018604763317853212,0.0013600055826827884,0.00013341376325115561,1.2707338100881316e-05,0.000377983960788697,0.00024080296861939132,7.010534318396822e-05,0.0004996646894142032,0.00022877787705510855,0.000532667909283191,0.00018643481598701328,6.71584130031988e-05,0.0013453488936647773,0.00026616951799951494,8.433527546003461e-05,0.0002669476962182671,0.0002642936597112566,0.0021750610321760178,8.824031101539731e-05,4.81835741084069e-05,9.169071563519537e-05,0.0008719362085685134,0.0010001875925809145,0.0036561163142323494,5.9505011449800804e-05,0.0005477386876009405,0.0008660224848426878,0.0007371335523203015,1.3496906831278466e-05,9.368407336296514e-05,0.0006991179543547332,0.00015708331193309277,4.6632452722406015e-05,0.0
15180.000000000002,3.251037560403347e-05,0.005782781634479761,0.0020918184891343117,0.0007112538442015648,0.00023754833091516048,6.67683593746915e-07,0.0026894034817814827,0.0009053697576746345,0.00011336434545228258,0.0009480058215558529,0.0006901553133502603,0.0005448379088193178,0.00018826227460522205,6.574906728928909e-05,4.982456812285818e-05,0.0003776465018745512,0.00032936761272139847,0.000328961294144392,2.9710217859246768e-05,0.00010001972987083718,0.0006389295449480414,0.0010893811704590917,0.0003447229682933539,0.0005648626247420907,0.0,0.00041324185440316796,0.0018381427507847548,0.0013437749585136771,0.0001317235000897199,1.253044047189178e-05,0.0003731088654603809,0.00023771749692969024,6.918625149410218e-05,0.0004931845469400287,0.0002258185122627765,0.0005256686708889902,0.00018398511747363955,6.623967783525586e-05,0.0013294439995661378,0.0002628409129101783,8.320461347466335e-05,0.0002634686534292996,0.0002608922077342868,0.002148906234651804,8.70299554662779e-05,4.7517238272121176e-05,9.046587365446612e-05,0.0008609052165411413,0.0009875757386907935,0.003611893393099308,5.870944005437195e-05,0.0005406987620517612,0.0008553165826015174,0.0007279973360709846,1.3312122064235155e-05,9.245677210856229e-05,0.000690489134285599,0.00015504281327594072,4.60171650047414e-05,0.0
15240.000000000002,3.20573708449956e-05,0.005713714752346277,0.002066178247332573,0.000702461285982281,0.00023447652347385883,6.579672344741994e-07,0.002656184136867523,0.0008937162929214537,0.00011187098425580189,0.0009359864634461701,0.0006813855725340545,0.0005378443165682256,0.00018576181901153177,6.486245547421277e-05,4.914477904094383e-05,0.0003727842995431274,0.00032509255106560886,0.0003248211869504303,2.9289938538568094e-05,9.865943866316229e-05,0.0006307775038294494,0.0010756247211247683,0.0003402365546207875,0.0005578734562732279,0.0,0.00040792315849103034,0.0018158090533688664,0.0013275443343445659,0.00013003323692828417,1.2353542842902243e-05,0.0003682337701320648,0.00023463202523998916,6.826716708019376e-05,0.0004867044335696846,0.00022285916202235967,0.0005186694324947894,0.00018153541896026582,6.532094994327053e-05,0.0013135392218828201,0.0002595122787170112,8.20739587652497e-05,0.00025998963974416256,0.0002574907266534865,0.00212275143712759,8.581959991715848e-05,4.685090243583545e-05,8.924103167373687e-05,0.0008498742245137691,0.0009749638265930116,0.0035676707047969103,5.791387229692191e-05,0.0005336587782949209,0.000844610680360347,0.0007188610616140068,1.3127338206686545e-05,9.122947085415944e-05,0.0006818603724241257,0.00015300230006687343,4.5401877287076786e-05,0.0
15300.000000000002,3.164177906000987e-05,0.005649591330438852,0.002042418112978339,0.000694318616297096,0.00023164149024523795,6.490861323982244e-07,0.002625417895615101,0.0008829570724628866,0.00011049472232116386,0.0009248766000382602,0.0006732808542437851,0.0005313860019668937,0.0001834589202189818,6.404688610928133e-05,4.8520050768274814e-05,0.0003682953247334808,0.0003211481380276382,0.0003209922288078815,2.8904858481837437e-05,9.740901441546157e-05,0.000623245956376195,0.0010629052994772792,0.00033609798992983997,0.0005514012882485986,0.0,0.00040301261469721794,0.0017950998153537512,0.0013124876422807574,0.00012847231118939817,1.2191432688268833e-05,0.0003637380723375827,0.00023178519040811807,6.742071127519011e-05,0.0004807312216144055,0.0002201307361247018,0.0005122244474478066,0.00017927971202880144,6.447777559515089e-05,0.0012987744994461536,0.0002564353053458035,8.103454456431791e-05,0.0002567839983385056,0.00025435342104174197,0.002098501892760396,8.470902685075998e-05,4.623992936103605e-05,8.811470615910366e-05,0.0008396861958317459,0.0009633126901462674,0.003526687389239669,5.7182336604455486e-05,0.0005271648988127708,0.0008347053080797195,0.0007104096584953368,1.2957761100551579e-05,9.009908535517752e-05,0.0006738758529536426,0.00015112165419850498,4.483550583245233e-05,0.0
15360.000000000002,3.122959242318757e-05,0.005585917271673679,0.0020188288763165474,0.0006862349691800773,0.00022882796474732459,6.402809162864287e-07,0.0025948749389499426,0.0008722792263142765,0.00010912910511251539,0.0009138494497165084,0.000665236555505544,0.0005249763489700854,0.00018117399304173887,6.323777779471129e-05,4.7900328354444355e-05,0.0003638402558863163,0.00031723378924652934,0.0003171915595885366,2.8522976208478212e-05,9.616857278160751e-05,0.0006157708703540266,0.00105028017424047,0.0003319910611025989,0.0005449761520139873,0.0,0.0003981391782872379,0.0017745381919667125,0.0012975375866517425,0.0001269231433980167,1.2030667676299345e-05,0.00035927683347836137,0.00022896003792993724,6.658085476374254e-05,0.0004748040810227394,0.00021742329408880323,0.0005058298702351749,0.00017704164201859385,6.364146975101903e-05,0.001284113503061235,0.0002533811784815043,8.00034249550663e-05,0.00025360321160405874,0.00025124012609012425,0.002074425807222724,8.360753417946398e-05,4.5633983972948045e-05,8.69973300723359e-05,0.0008295748266391456,0.0009517489816062152,0.0034859986044466496,5.645662531605922e-05,0.00052072067046538,0.0008248726953752339,0.0007020205375738442,1.2789568245352712e-05,8.897751104086637e-05,0.0006659498321823776,0.00014925554569344968,4.427358362590894e-05,0.0
15420.000000000002,3.0817402148386464e-05,0.005522243678569794,0.0019952398724853992,0.0006781513802707195,0.00022601443924941123,6.314757570180518e-07,0.0025643317494541407,0.0008616013219580054,0.0001077634806279093,0.0009028222993947566,0.0006571923149749637,0.000518566754180938,0.0001788890513125807,6.242866948014125e-05,4.7280605940613896e-05,0.00035938521614298224,0.0003133194404654205,0.00031339089036919177,2.8141095754108392e-05,9.492813114775345e-05,0.0006082957261241972,0.0010376550490036607,0.00032788413227535784,0.000538551015779376,0.0,0.00039326571277342737,0.001753976452164352,0.0012825876474380493,0.00012537399015855044,1.1869901754835155e-05,0.00035481559461914003,0.00022613488545175642,6.574099825229496e-05,0.0004688769404310733,0.0002147158666048199,0.0004994352930225432,0.00017480357200838625,6.280516390688717e-05,0.0012694523902609944,0.00025032705161720514,7.897230534581468e-05,0.0002504224539734423,0.00024812683113850653,0.0020503494888544083,8.250603423221037e-05,4.502804222283885e-05,8.587995398556814e-05,0.0008194634574465454,0.0009401852148585021,0.0034453095868229866,5.573091038968414e-05,0.0005142763839103281,0.0008150400826707482,0.0006936313584446907,1.2621374480659142e-05,8.785594400251284e-05,0.0006580238696187735,0.00014738942263647914,4.371165778138675e-05,0.0
15480.000000000002,3.0405213692574762e-05,0.005458569619804621,0.0019716506358236074,0.0006700677331537008,0.00022320091375149786,6.226705977496749e-07,0.0025337887927889824,0.0008509234758093953,0.00010639786341926083,0.0008917950908653438,0.0006491480162367225,0.0005121571011841297,0.00017660410958342254,6.161956116557121e-05,4.6660883526783437e-05,0.0003549301763996482,0.00030940506258048117,0.0003095902211498469,2.775921529973857e-05,9.368768223794177e-05,0.0006008206401020288,0.0010250299237668514,0.0003237771743442863,0.0005321258795447648,0.0,0.0003883922763634473,0.0017334148287773132,0.0012676377082243562,0.00012382482236716896,1.1709136742865667e-05,0.0003503543557599187,0.00022330974752549082,6.490114174084738e-05,0.0004629497998394072,0.00021200842456892133,0.0004930407158099115,0.00017256550199817866,6.196885806275532e-05,0.0012547913938760757,0.00024727292475290596,7.794119301252067e-05,0.00024724166723899543,0.0002450135361868888,0.0020262731704860926,8.140454156091437e-05,4.442210047272965e-05,8.476257789880037e-05,0.0008093520882539451,0.0009286214481107891,0.0034046208020299673,5.500519910128787e-05,0.0005078321555629373,0.0008052075281739235,0.0006852422375231981,1.2453180715965573e-05,8.67343696882017e-05,0.0006500979070551693,0.00014552331413142383,4.3149731936864555e-05,0.0
15540.000000000002,2.999302523676306e-05,0.005394895561039448,0.0019480615155771375,0.000661984144244343,0.0002203873882535845,6.13865438481298e-07,0.002503245836123824,0.0008402455714531243,0.00010503224621061236,0.000880767940543592,0.0006411037757061422,0.0005057474481873214,0.0001743191824061796,6.0810449213022366e-05,4.604116111295298e-05,0.0003504751075524837,0.0003054907137993723,0.00030578955193050206,2.737733484536875e-05,9.244724060408771e-05,0.0005933454958721995,0.001012404914945364,0.00031967024551704526,0.0005257007433101535,0.0,0.00038351883995346725,0.0017128532053902745,0.001252687769010663,0.00012227565457578748,1.1548370821401477e-05,0.0003458931460045278,0.00022048459504731,6.40612852293998e-05,0.0004570226592477411,0.000209300997084938,0.0004866461385972798,0.00017032743198797107,6.113255221862346e-05,0.0012401302810758352,0.0002442187978886068,7.691007340326905e-05,0.00024406088050454855,0.00024190022668335587,0.002002196852117777,8.030304161366075e-05,4.381615508464165e-05,8.364520181203261e-05,0.000799240660853684,0.000917057681363076,0.003363932017236948,5.42794878128916e-05,0.0005013878690078855,0.0007953749154694378,0.0006768530583940446,1.2284986951272003e-05,8.561279537389055e-05,0.0006421719444915652,0.00014365720562636852,4.258780609234236e-05,0.0
15600.000000000002,2.9614026061608456e-05,0.005335679743438959,0.0019261634442955256,0.0006544845527969301,0.00021778563677798957,6.05797481512127e-07,0.002474907785654068,0.0008303679642267525,0.00010377114813309163,0.0008705560467205942,0.0006336554070003331,0.0004998170188628137,0.0001722104352666065,6.006459079799242e-05,4.5470402255887166e-05,0.0003463540633674711,0.0003018719726242125,0.0003022679884452373,2.702662459341809e-05,9.130452235694975e-05,0.0005864261765964329,0.0010007097152993083,0.0003158742329105735,0.0005197401624172926,0.0,0.00037901062751188874,0.001693753874860704,0.001238795230165124,0.00012084227637387812,1.1400704352126922e-05,0.0003417708503548056,0.0002178728173021227,6.328619929263368e-05,0.00045154811232350767,0.0002067998138954863,0.0004807457735296339,0.00016826234059408307,6.0363305237842724e-05,0.0012264973483979702,0.0002413902257103473,7.596012437716126e-05,0.0002411240857327357,0.00023902300745248795,0.0019798355642706156,7.929009007057175e-05,4.3259286030661315e-05,8.261549373855814e-05,0.0007898840121924877,0.0009063544566743076,0.003326157107949257,5.361075818655081e-05,0.000495431711897254,0.0007862607599236071,0.0006690783775411546,1.2130290087952744e-05,8.457766671199352e-05,0.0006348242750391364,0.0001419338077539578,4.206947414786555e-05,0.0
15660.000000000002,2.9238044589874335e-05,0.005276869051158428,0.001904419157654047,0.0006470380467362702,0.00021520312293432653,5.977965429337928e-07,0.002446770202368498,0.0008205631747841835,0.00010251955973217264,0.0008604181930422783,0.0006262612296268344,0.0004939301870763302,0.00017011770978569984,5.932448402745649e-05,4.4904096284881234e-05,0.00034226334537379444,0.00029828009428456426,0.0002987717743963003,2.6678746507968754e-05,9.01706880540587e-05,0.0005795574397780001,0.0009890991495922208,0.0003121064801234752,0.0005138218402862549,0.0,0.00037453562254086137,0.0016747874906286597,0.0012249989667907357,0.00011941941920667887,1.1254227501922287e-05,0.00033767937566153705,0.00021528042270801961,6.251700688153505e-05,0.0004461147473193705,0.00020431738812476397,0.00047489034477621317,0.00016621295071672648,5.9600155509542674e-05,0.0012129577808082104,0.00023858215718064457,7.501755317207426e-05,0.0002382094826316461,0.00023616725229658186,0.0019576300401240587,7.828518573660403e-05,4.2706873500719666e-05,8.159376011462882e-05,0.0007805959903635085,0.0008957294630818069,0.003288647159934044,5.2947212680010125e-05,0.0004895198508165777,0.0007772119715809822,0.0006613595760427415,1.1976820132986177e-05,8.35503960843198e-05,0.0006275291671045125,0.00014022337563801557,4.1555107600288466e-05,0.0
15720.000000000002,2.8862063118140213e-05,0.005218058358877897,0.0018826748710125685,0.0006395915406756103,0.0002126206090906635,5.897956043554586e-07,0.0024186326190829277,0.0008107583271339536,0.00010126796405529603,0.0008502803975716233,0.0006188670522533357,0.0004880433261860162,0.00016802498430479318,5.858437725692056e-05,4.4337786675896496e-05,0.00033817265648394823,0.000294688215944916,0.0002952755894511938,2.633087024150882e-05,8.903684647521004e-05,0.0005726886447519064,0.0009774884674698114,0.00030833869823254645,0.0005079035181552172,0.0,0.000370060617569834,0.0016558211063966155,0.0012112025870010257,0.00011799656931543723,1.1107751561212353e-05,0.00033358793007209897,0.00021268802811391652,6.174781447043642e-05,0.0004406813532114029,0.00020183496235404164,0.000469034886918962,0.00016416357539128512,5.883700941922143e-05,0.0011994182132184505,0.00023577408865094185,7.407498196698725e-05,0.00023529486497864127,0.00023331148258876055,0.0019354247488081455,7.72802741266787e-05,4.2154464608756825e-05,8.05720264906995e-05,0.0007713079685345292,0.0008851044694893062,0.003251137211918831,5.228366353549063e-05,0.0004836080188397318,0.0007681631832383573,0.0006536407163366675,1.182335017801961e-05,8.252312545664608e-05,0.0006202340591698885,0.00013851294352207333,4.1040737414732575e-05,0.0
15780.000000000002,2.8486083465395495e-05,0.005159248132258654,0.00186093058437109,0.0006321450346149504,0.00021003809524700046,5.817946657771245e-07,0.0023904950357973576,0.0008009535376913846,0.00010001636837841943,0.0008401425438933074,0.000611472874879837,0.0004821564652957022,0.00016593225882388651,5.784427048638463e-05,4.3771480704890564e-05,0.000334081967594102,0.00029109633760526776,0.0002917794045060873,2.5982993975048885e-05,8.7903012172319e-05,0.0005658198497258127,0.0009658779017627239,0.00030457094544544816,0.0005019851960241795,0.0,0.0003655856417026371,0.0016368547221645713,0.0011974062072113156,0.00011657371214823797,1.0961274711007718e-05,0.00032949645537883043,0.00021009563351981342,6.097861842135899e-05,0.0004352479591034353,0.00019935252203140408,0.0004631794581655413,0.00016211420006584376,5.807385969092138e-05,0.0011858787620440125,0.00023296603467315435,7.313241803785786e-05,0.00023238026187755167,0.00023045572743285447,0.0019132193410769105,7.627536979271099e-05,4.1602055716793984e-05,7.955029286677018e-05,0.00076201994670555,0.0008744794758968055,0.0032136274967342615,5.1620118028949946e-05,0.00047769618686288595,0.0007591143366880715,0.0006459219148382545,1.166987931355834e-05,8.149584755301476e-05,0.0006129389512352645,0.00013680252595804632,4.052637086715549e-05,0.0
15840.000000000002,2.8110101993661374e-05,0.005100437439978123,0.0018391861813142896,0.0006246985285542905,0.00020745559595525265,5.737937271987903e-07,0.0023623574525117874,0.0007911486900411546,9.876477997750044e-05,0.0008300047484226525,0.0006040786975063384,0.00047626960440538824,0.00016383954789489508,5.71041637158487e-05,4.3205171095905825e-05,0.00032999124960042536,0.00028750448836945,0.00028828319045715034,2.5635115889599547e-05,8.676917786942795e-05,0.000558951054699719,0.0009542673360556364,0.00030080319265834987,0.0004960668738931417,0.0,0.0003611106367316097,0.001617888337932527,0.0011836099438369274,0.00011515086225699633,1.0814798770297784e-05,0.0003254049806855619,0.00020750323892571032,6.020942601026036e-05,0.0004298145940992981,0.00019687009626068175,0.0004573240003082901,0.0001600648247404024,5.731071360060014e-05,0.0011723391944542527,0.00023015796614345163,7.218984683277085e-05,0.00022946564422454685,0.0002275999722769484,0.0018910139333456755,7.527046545874327e-05,4.1049643186852336e-05,7.852855196688324e-05,0.0007527318666689098,0.0008638544823043048,0.0031761175487190485,5.095656888443045e-05,0.0004717843548860401,0.0007500655483454466,0.0006382031133398414,1.1516409358591773e-05,8.046857692534104e-05,0.0006056439015083015,0.00013509209384210408,4.00120006815996e-05,0.0
15900.000000000002,2.7763653633883223e-05,0.005045656114816666,0.0018189667025581002,0.0006177782197482884,0.00020506299915723503,5.664456352860725e-07,0.0023362066131085157,0.000782062008511275,9.760675311554223e-05,0.0008205994963645935,0.0005972199141979218,0.00047081283992156386,0.0001619044051039964,5.6420540204271674e-05,4.2682531784521416e-05,0.00032620024285279214,0.00028417762950994074,0.0002850379969459027,2.531493009882979e-05,8.572252409067005e-05,0.0005525814485736191,0.0009434927487745881,0.0002973141090478748,0.0004905670648440719,0.0,0.00035696334089152515,0.0016002415213733912,0.0011707684025168419,0.00011383193486835808,1.0679960723791737e-05,0.0003216171753592789,0.00020510211470536888,5.949816113570705e-05,0.0004247864708304405,0.00019457240705378354,0.000451910455012694,0.00015817010717000812,5.660726674250327e-05,0.0011597287375479937,0.00022755260579288006,7.131970050977543e-05,0.00022676937805954367,0.00022495575831271708,0.001870355918072164,7.434436702169478e-05,4.054086821270175e-05,7.758507126709446e-05,0.0007441213820129633,0.0008540021954104304,0.003141235327348113,5.034388232161291e-05,0.000466309895273298,0.0007416632142849267,0.0006310370517894626,1.1374954738130327e-05,7.951862062327564e-05,0.0005988692282699049,0.0001335094275418669,3.953659688704647e-05,0.0
15960.000000000002,2.741989192145411e-05,0.004991241730749607,0.0017988858744502068,0.0006109056994318962,0.00020268767548259348,5.591568879026454e-07,0.0023102364502847195,0.0007730405195616186,9.645723184803501e-05,0.0008112608920782804,0.0005904097924940288,0.0004653951618820429,0.00015998359594959766,5.5742049880791456e-05,4.216386150801554e-05,0.00032243644818663597,0.0002808748686220497,0.00028181562083773315,2.499725997040514e-05,8.4683793829754e-05,0.0005462571862153709,0.0009327941806986928,0.0002938503457698971,0.0004851052653975785,0.0,0.00035284587647765875,0.0015827147290110588,0.0011580137070268393,0.00011252245167270303,1.0546181329118554e-05,0.0003178569895680994,0.00020271839457564056,5.879216405446641e-05,0.00041979519301094115,0.00019229149620514363,0.00044653710210695863,0.00015628944674972445,5.5909247748786584e-05,0.001147202798165381,0.00022496568271890283,7.045613892842084e-05,0.0002240929752588272,0.00022233078198041767,0.0018498385325074196,7.342542812693864e-05,4.003606227342971e-05,7.664870645385236e-05,0.0007355724228546023,0.0008442202233709395,0.0031065919902175665,4.973581599188037e-05,0.00046087524970062077,0.0007333196699619293,0.0006239212234504521,1.123459151131101e-05,7.857570017222315e-05,0.0005921418778598309,0.00013193837366998196,3.9064729207893834e-05,0.0
16020.000000000002,2.7076130209024996e-05,0.004936826881021261,0.0017788049299269915,0.000604033179115504,0.00020031235180795193,5.518681405192183e-07,0.0022842660546302795,0.000764019088819623,9.530770330457017e-05,0.0008019222877919674,0.0005835996707901359,0.00045997751294635236,0.0001580627722432837,5.506355955731124e-05,4.1645187593530864e-05,0.00031867268262431026,0.00027757210773415864,0.0002785932447295636,2.467959166096989e-05,8.364507084479555e-05,0.0005399329238571227,0.0009220956708304584,0.0002903865824919194,0.00047964349505491555,0.0,0.0003487283829599619,0.0015651878202334046,0.0011452590115368366,0.00011121296847704798,1.0412401024950668e-05,0.00031409680377691984,0.00020033465989399701,5.808617061120458e-05,0.0004148039151914418,0.00019001059990841895,0.0004411637200973928,0.00015440878632944077,5.5211232393048704e-05,0.0011346767423674464,0.0002223787596449256,6.959257734706625e-05,0.00022141655790619552,0.00021970580564811826,0.0018293211469426751,7.25064892321825e-05,3.9531252696178854e-05,7.571233436465263e-05,0.0007270235219039023,0.0008344381931237876,0.00307194865308702,4.912775330012664e-05,0.00045544057502411306,0.000724976125638932,0.0006168053951114416,1.1094228284491692e-05,7.763277244521305e-05,0.0005854145274497569,0.00013036731979809701,3.859286516672e-05,0.0
16080.000000000002,2.673236667760648e-05,0.004882412496954203,0.001758724101819098,0.0005971606587991118,0.00019793701358139515,5.4457944997921e-07,0.0022582958918064833,0.0007549976580776274,9.415818203706294e-05,0.0007925836835056543,0.0005767895490862429,0.0004545598349068314,0.00015614196308888495,5.4385072871809825e-05,4.112651731702499e-05,0.0003149088879581541,0.00027426937595009804,0.00027537086862139404,2.436192153254524e-05,8.26063405838795e-05,0.0005336087197065353,0.0009113971027545631,0.0002869228192139417,0.0004741817247122526,0.0,0.0003446109185460955,0.0015476610278710723,0.001132504316046834,0.00010990349255735055,1.0278621630277485e-05,0.00031033658888190985,0.00019795092521235347,5.738017352996394e-05,0.0004098126373719424,0.00018772968905977905,0.00043579033808782697,0.0001525281259091571,5.451321339933202e-05,0.0011221508029848337,0.00021979183657094836,6.872901576571167e-05,0.00021874014055356383,0.00021708081476390362,0.0018088037613779306,7.158755033742636e-05,3.902644675690681e-05,7.477596955141053e-05,0.0007184746209532022,0.0008246562210842967,0.0030373053159564734,4.8519686970394105e-05,0.00045000590034760535,0.0007166325813159347,0.000609689624980092,1.0953865057672374e-05,7.668984471820295e-05,0.0005786871770396829,0.0001287962804781273,3.812100112554617e-05,0.0
16140.000000000002,2.6388604965177365e-05,0.004827997647225857,0.0017386431572958827,0.0005902881384827197,0.0001955616899067536,5.372907025957829e-07,0.0022323254961520433,0.0007459762273356318,9.300866076955572e-05,0.0007832450210116804,0.00056997942738235,0.00044914218597114086,0.0001542211539344862,5.370658254832961e-05,4.060784704051912e-05,0.0003111450932919979,0.000270966615062207,0.0002721484925132245,2.404425322310999e-05,8.156761759892106e-05,0.0005272844573482871,0.0009006985346786678,0.000283459055935964,0.0004687199543695897,0.0,0.00034049342502839863,0.00153013423550874,0.0011197496205568314,0.0001085940093616955,1.0144842235604301e-05,0.0003065764030907303,0.00019556720508262515,5.66741764487233e-05,0.00040482135955244303,0.00018544879276305437,0.0004304169851820916,0.00015064746548887342,5.381519440561533e-05,0.001109624863602221,0.00021720491349697113,6.786545418435708e-05,0.00021606373775284737,0.0002144558384316042,0.0017882863758131862,7.066861144267023e-05,3.8521637179655954e-05,7.383960473816842e-05,0.0007099256617948413,0.0008148741908371449,0.0030026619788259268,4.7911624278640375e-05,0.00044457122567109764,0.0007082890369929373,0.0006025737966410816,1.0813502740347758e-05,7.574691699119285e-05,0.0005719598848372698,0.00012722522660624236,3.764913708437234e-05,0.0
16200.000000000002,2.607120040920563e-05,0.004777233581990004,0.0017199403373524547,0.0005838907673023641,0.00019335713295731694,5.305819286149926e-07,0.002208149526268244,0.0007376007852144539,9.19431186048314e-05,0.0007745664333924651,0.0005636515561491251,0.00044411153066903353,0.00015244167298078537,5.3078671044204384e-05,4.012823410448618e-05,0.00030765088740736246,0.0002679020690266043,0.0002691523695830256,2.3751257685944438e-05,8.060689287958667e-05,0.0005214096163399518,0.0008907534647732973,0.000280245702015236,0.00046363609726540744,0.0,0.00033667078241705894,0.0015138009330257773,0.0011078589595854282,0.00010737804404925555,1.0021435628004838e-05,0.0003030889783985913,0.00019335540127940476,5.602013334282674e-05,0.0004001939087174833,0.00018333377374801785,0.00042543982272036374,0.00014890547026880085,5.3170486353337765e-05,0.0010979403741657734,0.00021480063151102513,6.70666922815144e-05,0.00021358324738685042,0.0002120209246641025,0.0017691683024168015,6.982001650612801e-05,3.805574669968337e-05,7.297327829292044e-05,0.0007019864860922098,0.0008057879167608917,0.0029703937470912933,4.734907633974217e-05,0.0004395295982249081,0.0007005286170169711,0.000595956458710134,1.068386609404115e-05,7.487333641620353e-05,0.0005657020374201238,0.00012576885637827218,3.721219036378898e-05,0.0
16260.000000000002,2.5756191462278366e-05,0.0047268010675907135,0.0017013627802953124,0.0005775365862064064,0.00019116810290142894,5.239259053269052e-07,0.002184136537835002,0.0007292840164154768,9.088520891964436e-05,0.0007659477996639907,0.0005573674570769072,0.0004391160618979484,0.00015067502681631595,5.245535430731252e-05,3.965216819779016e-05,0.0003041811869479716,0.0002648591762408614,0.00026617685216479003,2.3460504962713458e-05,7.965325494296849e-05,0.0005155756371095777,0.000880876905284822,0.0002770551072899252,0.00045858658268116415,0.0,0.00033287491532973945,0.0014975762460380793,0.0010960469953715801,0.00010617057705530897,9.898972166411113e-06,0.0002996263501700014,0.00019115924078505486,5.537081233342178e-05,0.0003955995198339224,0.0001812338305171579,0.00042049866169691086,0.00014717609155923128,5.2530624088831246e-05,0.001086332486011088,0.0002124129532603547,6.627382390433922e-05,0.0002111205831170082,0.00020960328401997685,0.0017501775873824954,6.897781713632867e-05,3.759339597309008e-05,7.211332558654249e-05,0.000694102724082768,0.0007967647979967296,0.002938341349363327,4.679067205870524e-05,0.00043452371028251946,0.0006928212242200971,0.0005893844063393772,1.0555205335549545e-05,7.400605682050809e-05,0.0005594868562184274,0.0001243229053216055,3.6778419598704204e-05,0.0
16320.000000000002,2.5441184334340505e-05,0.004676369018852711,0.0016827852232381701,0.0005711824051104486,0.00018897907284554094,5.172698820388177e-07,0.00216012354940176,0.0007209673058241606,8.982729923445731e-05,0.0007573291659355164,0.0005510834162123501,0.0004341205640230328,0.00014890838065184653,5.183204120839946e-05,3.9176105929072946e-05,0.0003007114864885807,0.00026181628345511854,0.0002632013347465545,2.316975405847188e-05,7.869962428230792e-05,0.0005097416578792036,0.0008710002875886858,0.0002738645125646144,0.00045353706809692085,0.0,0.00032907904824241996,0.0014813515590503812,0.0010842349147424102,0.00010496311733732,9.776507795322686e-06,0.0002961637219414115,0.00018896306573878974,5.4721491324016824e-05,0.00039100516005419195,0.0001791339018382132,0.000415557500673458,0.00014544669829774648,5.189075818634592e-05,0.0010747245978564024,0.0002100252895615995,6.548095552716404e-05,0.000208657918847166,0.00020718564337585121,0.0017311867559328675,6.813561049057171e-05,3.713104160851799e-05,7.125336560420692e-05,0.0006862189620733261,0.0007877417374402285,0.0029062889516353607,4.6232264139689505e-05,0.0004295178223401308,0.0006851137732155621,0.0005828123539686203,1.0426544577057939e-05,7.313877722481266e-05,0.0005532717332243919,0.00012287696881685406,3.634464883361943e-05,0.0
16380.000000000002,2.512617538741324e-05,0.004625936504453421,0.001664207549765706,0.0005648281658068299,0.00018679004278965294,5.106139155941491e-07,0.0021361105609685183,0.0007126505952328444,8.876939682522789e-05,0.000748710532207042,0.0005447993753477931,0.00042912509525194764,0.00014714174903929234,5.12087281094864e-05,3.8700040022376925e-05,0.0002972417860291898,0.0002587734197732061,0.0002602257882244885,2.28790013352409e-05,7.774598634568974e-05,0.0005039076786488295,0.0008611237281002104,0.00027067394694313407,0.00044848755351267755,0.0,0.00032528318115510046,0.0014651267556473613,0.0010724228341132402,0.00010375565034337342,9.654044333728962e-06,0.00029270112281665206,0.0001867668906925246,5.407217031461187e-05,0.00038641077117063105,0.00017703395860735327,0.00041061636875383556,0.0001437173195881769,5.12508959218394e-05,0.001063116709701717,0.00020763761131092906,6.468808714998886e-05,0.00020619524002540857,0.0002047680172836408,0.0017121959244832397,6.729341112077236e-05,3.6668690881924704e-05,7.039341289782897e-05,0.0006783352582715452,0.0007787186768837273,0.0028742365539073944,4.567385622067377e-05,0.0004245119052939117,0.0006774063804186881,0.0005762403015978634,1.0297883818566334e-05,7.227149762911722e-05,0.0005470565520226955,0.000121431025036145,3.591087806853466e-05,0.0
16440.0,2.4811166440485977e-05,0.0045755039900541306,0.0016456299927085638,0.0005584739847108722,0.00018460101273376495,5.039578923060617e-07,0.0021120975725352764,0.0007043338264338672,8.771148714004084e-05,0.0007400918984785676,0.0005385153344832361,0.0004241296264808625,0.00014537510287482291,5.058541501057334e-05,3.82239741156809e-05,0.0002937720564659685,0.00025573052698746324,0.00025725027080625296,2.258824861200992e-05,7.679235568502918e-05,0.0004980736994184554,0.0008512471104040742,0.00026748335221782327,0.0004434380098246038,0.0,0.00032148731406778097,0.0014489020686596632,0.0010606108698993921,0.00010254819062538445,9.531580872135237e-06,0.00028923849458806217,0.00018457073019817472,5.342284930520691e-05,0.0003818164113909006,0.00017493402992840856,0.0004056752077303827,0.0001419879263266921,5.061103365733288e-05,0.0010515087051317096,0.00020524993306025863,6.389521877281368e-05,0.00020373257575556636,0.00020235037663951516,0.0016932050930336118,6.645121175097302e-05,3.620633651735261e-05,6.95334529154934e-05,0.0006704514962621033,0.0007696955581195652,0.002842184156179428,4.5115448301658034e-05,0.00041950601735152304,0.0006696989294141531,0.0005696682492271066,1.0169223060074728e-05,7.140421803342178e-05,0.0005408414290286601,0.00011998508125543594,3.5477107303449884e-05,0.0
16500.0,2.45197479671333e-05,0.004528386052697897,0.00162830064073205,0.0005525498418137431,0.00018256591283716261,4.978186893822567e-07,0.002089708810672164,0.000696599658112973,8.67291382746771e-05,0.0007320692529901862,0.0005326666287146509,0.0004194832290522754,0.00014373553858604282,5.00075111631304e-05,3.778293830691837e-05,0.0002905454603023827,0.00025290227495133877,0.00025447920779697597,2.2319547497318126e-05,7.59086906327866e-05,0.0004926453111693263,0.00084205117309466,0.0002645183412823826,0.0004387304943520576,0.0,0.00031795731047168374,0.0014337592292577028,0.0010495824972167611,0.00010142508108401671,9.418388799531385e-06,0.0002860215026885271,0.00018252947484143078,5.282023994368501e-05,0.0003775494988076389,0.00017298343300353736,0.00040109019028022885,0.0001403831847710535,5.001890167477541e-05,0.0010406647343188524,0.00020302720076870173,6.316048529697582e-05,0.00020144617883488536,0.00020010392472613603,0.0016754826065152884,6.567197851836681e-05,3.577879397198558e-05,6.873635720694438e-05,0.0006631177966482937,0.0007613003253936768,0.002812283346429467,4.459789124666713e-05,0.00041485417750664055,0.0006625187234021723,0.0005635467241518199,1.0050166565633845e-05,7.059928611852229e-05,0.0005350507562980056,0.00011864233965752646,3.507471046759747e-05,0.0
16560.0,2.42304740822874e-05,0.004481568932533264,0.0016110846772789955,0.0005466648144647479,0.00018054479733109474,4.917264959658496e-07,0.0020674674306064844,0.0006889184005558491,8.575366518925875e-05,0.0007241007406264544,0.0005268575041554868,0.00041486858390271664,0.00014210751396603882,4.9433732783654705e-05,3.734508209163323e-05,0.00028734092484228313,0.00025009355158545077,0.00025172674213536084,2.2052849089959636e-05,7.503139204345644e-05,0.00048725379747338593,0.0008329171105287969,0.00026157384854741395,0.00043405406177043915,0.0,0.0003144514630548656,0.0014187147608026862,0.00103862548712641,0.0001003096331260167,9.306039828516077e-06,0.00028282683342695236,0.0001805023057386279,5.2221876103430986e-05,0.0003733123594429344,0.00017104641301557422,0.00039653756539337337,0.00013878977915737778,4.9431106162955984e-05,0.0010298901470378041,0.00020081945694983006,6.243104144232348e-05,0.00019917578902095556,0.00019787304336205125,0.0016578753711655736,6.489847146440297e-05,3.535441283020191e-05,6.79449804010801e-05,0.0006558341556228697,0.0007529620779678226,0.0027825781144201756,4.408404856803827e-05,0.00041023449739441276,0.0006553864222951233,0.0005574661772698164,9.931982276611961e-06,6.980002945056185e-05,0.0005292987334541976,0.00011730897676898167,3.4675165807129815e-05,0.0
16620.0,2.3941200197441503e-05,0.004434751812368631,0.001593868830241263,0.0005407797289080918,0.00017852368182502687,4.856342457060236e-07,0.002045226050540805,0.0006812371429987252,8.477819210384041e-05,0.0007161322864703834,0.0005210483795963228,0.00041025393875315785,0.00014047950389795005,4.8859958042157814e-05,3.69072295143269e-05,0.00028413638938218355,0.00024728482821956277,0.0002489742764737457,2.1786150682601146e-05,7.415409345412627e-05,0.00048186228377744555,0.0008237830479629338,0.0002586293267086148,0.0004293776582926512,0.0,0.0003109456447418779,0.0014036702923476696,0.001027668360620737,9.919419244397432e-05,9.193689948006067e-06,0.0002796321641653776,0.00017847513663582504,5.162351226317696e-05,0.0003690752200782299,0.0001691094075795263,0.0003919849405065179,0.00013719637354370207,4.884331428911537e-05,0.0010191155597567558,0.0001986117276828736,6.170159031171352e-05,0.000196905413758941,0.00019564216199796647,0.0016402681358158588,6.412496441043913e-05,3.4930035326397046e-05,6.715360359521583e-05,0.0006485504563897848,0.0007446238887496293,0.0027528726495802402,4.35702022514306e-05,0.0004056148463860154,0.0006482540629804134,0.0005513856303878129,9.81379889708478e-06,6.90007655066438e-05,0.0005235467106103897,0.00011597562115639448,3.427562478464097e-05,0.0
16680.0,2.3651926312595606e-05,0.0043879346922039986,0.0015766528667882085,0.0005348946433514357,0.00017650258087087423,4.795420522896165e-07,0.0020229846704751253,0.0006735558854416013,8.380271901842207e-05,0.0007081638323143125,0.0005152393132448196,0.0004056392644997686,0.00013885147927794605,4.828618330066092e-05,3.646937329904176e-05,0.00028093188302591443,0.00024447610485367477,0.00024622181081213057,2.1519452275242656e-05,7.327680214075372e-05,0.0004764707700815052,0.0008146489853970706,0.00025568483397364616,0.00042470122571103275,0.0,0.00030743979732505977,0.0013886259403079748,0.0010167112341150641,9.807875176193193e-05,9.08134097699076e-06,0.00027643752400763333,0.00017644796753302217,5.102514842292294e-05,0.0003648380807135254,0.00016717238759156317,0.0003874323156196624,0.00013560296793002635,4.8255522415274754e-05,0.0010083409724757075,0.00019640399841591716,6.097214645706117e-05,0.0001946350239450112,0.0001934112806338817,0.001622660900466144,6.335145008051768e-05,3.450565418461338e-05,6.636222678935155e-05,0.0006412668153643608,0.000736285641323775,0.0027231674175709486,4.305635957280174e-05,0.0004009951953776181,0.0006411217618733644,0.0005453050835058093,9.695615517557599e-06,6.820150883868337e-05,0.0005177946877665818,0.00011464225826784968,3.387608012417331e-05,0.0
16740.0,2.3362652427749708e-05,0.004341118037700653,0.0015594370197504759,0.0005290096160024405,0.00017448146536480635,4.7344985887320945e-07,0.0020007435232400894,0.0006658746860921383,8.282724593300372e-05,0.0007001953781582415,0.0005094301886856556,0.00040102461935020983,0.00013722345465794206,4.7712404921185225e-05,3.603152072173543e-05,0.00027772734756581485,0.00024166738148778677,0.0002434693305986002,2.125275568687357e-05,7.239950355142355e-05,0.0004710792563855648,0.0008055148646235466,0.0002527403412386775,0.0004200247931294143,0.0,0.00030393394990824163,0.0013735814718529582,0.001005754224024713,9.696331107988954e-05,8.968992005975451e-06,0.0002732428547460586,0.0001744207984302193,5.0426784582668915e-05,0.0003606009413488209,0.00016523536760360003,0.0003828796907328069,0.00013400956231635064,4.766773054143414e-05,0.0009975663851946592,0.00019419625459704548,6.024269896443002e-05,0.00019236464868299663,0.00019118038471788168,0.0016050536651164293,6.257794302655384e-05,3.408127304282971e-05,6.557084998348728e-05,0.0006339831161312759,0.0007279474521055818,0.002693462185561657,4.254251325619407e-05,0.0003963755152653903,0.0006339894607663155,0.0005392244784161448,9.577431228535715e-06,6.740224489476532e-05,0.0005120426067151129,0.0001133089026552625,3.3476539101684466e-05,0.0
16800.0,2.3094546122592874e-05,0.004297315608710051,0.0015433540102094412,0.0005235145799815655,0.0001725994370644912,4.6781954665675585e-07,0.001979975262656808,0.0006587199168279767,8.191993401851505e-05,0.0006927662761881948,0.0005040150135755539,0.0003967255470342934,0.00013570996816270053,4.717950287158601e-05,3.562515848898329e-05,0.0002747425460256636,0.00023905251873657107,0.00024090203805826604,2.1005815142416395e-05,7.158513471949846e-05,0.000466054625576362,0.0007969970465637743,0.00024999951710924506,0.00041565854917280376,0.0,0.00030066841281950474,0.0013595198979601264,0.0009955093264579773,9.59241297096014e-05,8.86495217855554e-06,0.0002702699275687337,0.0001725335605442524,4.9870523071149364e-05,0.00035665923496708274,0.0001634331129025668,0.0003786480228882283,0.0001325284829363227,4.712278678198345e-05,0.000987486564554274,0.00019213782798033208,5.9565543779172e-05,0.00019025322399102151,0.00018910405924543738,0.001588598359376192,6.186094833537936e-05,3.36881130351685e-05,6.483602919615805e-05,0.0006271968595683575,0.0007201770786195993,0.002665709936991334,4.206542143947445e-05,0.00039207556983456016,0.0006273348117247224,0.0005335520836524665,9.46786894928664e-06,6.665918772341684e-05,0.0005066752783022821,0.00011206863564439118,3.310525789856911e-05,0.0
16860.0,2.2828366127214395e-05,0.004253787454217672,0.0015273741446435452,0.0005180550506338477,0.0001707300398265943,4.622311848834215e-07,0.0019593408796936274,0.0006516130524687469,8.101882121991366e-05,0.000685386243276298,0.0004986356943845749,0.0003924552001990378,0.0001342068862868473,4.6650315198348835e-05,3.5221659345552325e-05,0.00027177768060937524,0.00023645529290661216,0.0002383515820838511,2.0760673578479327e-05,7.077649206621572e-05,0.00046106334775686264,0.0007885352242738008,0.00024727723211981356,0.0004113205068279058,0.0,0.00029742473270744085,0.0013455476146191359,0.0009853292722254992,9.489188232691959e-05,8.761668141232803e-06,0.00026731714024208486,0.0001706590410321951,4.9318085075356066e-05,0.0003527443914208561,0.00016164312546607107,0.0003744455170817673,0.00013105761900078505,4.6581739297835156e-05,0.000977469957433641,0.0001900929637486115,5.8893143432214856e-05,0.00018815624935086817,0.0001870417909231037,0.0015722477110102773,6.11490904702805e-05,3.3297787012998015e-05,6.410635251086205e-05,0.0006204558303579688,0.0007124582771211863,0.002638135338202119,4.159166928729974e-05,0.0003878046409226954,0.0006207235855981708,0.0005279167089611292,9.359090654470492e-06,6.592123827431351e-05,0.0005013429326936603,0.00011083683784818277,3.273654874647036e-05,0.0
16920.0,2.256218431284651e-05,0.004210259299725294,0.0015113941626623273,0.00051259552128613,0.00016886064258869737,4.566428515317966e-07,0.0019387067295610905,0.0006445061881095171,8.011770114535466e-05,0.0006780062103644013,0.0004932563751935959,0.0003881848242599517,0.00013270381896290928,4.612112752511166e-05,3.481816020212136e-05,0.0002688128442969173,0.00023385805252473801,0.00023580112610943615,2.0515530195552856e-05,6.996784941293299e-05,0.0004560720408335328,0.0007800734019838274,0.00024455494713038206,0.0004069824644830078,0.0,0.00029418105259537697,0.0013315753312781453,0.0009751491597853601,9.385964222019538e-05,8.658384103910066e-06,0.00026436435291543603,0.00016878450696822256,4.8765650717541575e-05,0.0003488295478746295,0.00015985312347766012,0.0003702429821714759,0.0001295867405133322,4.604069181368686e-05,0.0009674533503130078,0.00018804809951689094,5.822074308525771e-05,0.00018605927471071482,0.00018497950804885477,0.0015558971790596843,6.043723624316044e-05,3.290746099082753e-05,6.337667582556605e-05,0.0006137147429399192,0.0007047395338304341,0.00261056050658226,4.1117917135125026e-05,0.0003835337411146611,0.0006141123594716191,0.0005222813924774528,9.250312359654345e-06,6.518328882521018e-05,0.0004960105870850384,0.00010960503277601674,3.236783595639281e-05,0.0
16980.0,2.229600249847863e-05,0.004166731145232916,0.0014954142970964313,0.0005071359919384122,0.00016699124535080045,4.510545181801717e-07,0.0019180724630132318,0.0006373993819579482,7.921658107079566e-05,0.0006706261774525046,0.0004878770268987864,0.00038391444832086563,0.00013120073708705604,4.5591939851874486e-05,3.44146610586904e-05,0.0002658480079844594,0.0002312608266947791,0.0002332506701350212,2.0270386812626384e-05,6.915920675965026e-05,0.00045108076301403344,0.0007716116379015148,0.00024183264758903533,0.0004026444221381098,0.0,0.0002909373433794826,0.0013176030479371548,0.000964969105552882,9.282739483751357e-05,8.55510097608203e-06,0.0002614115655887872,0.00016690998745616525,4.8213216359727085e-05,0.0003449147043284029,0.00015806312148924917,0.0003660404763650149,0.00012811587657779455,4.5499647967517376e-05,0.0009574366849847138,0.0001860032498370856,5.754834273830056e-05,0.00018396230007056147,0.00018291722517460585,0.0015395465306937695,5.9725382016040385e-05,3.2517138606635854e-05,6.264700641622767e-05,0.0006069737137295306,0.0006970207905396819,0.002582985907793045,4.064416862092912e-05,0.0003792628413066268,0.0006075011333450675,0.0005166460759937763,9.141533155343495e-06,6.444533937610686e-05,0.0004906781832687557,0.00010837323497980833,3.1999126804294065e-05,0.0
17040.0,2.202982250310015e-05,0.00412320252507925,0.0014794343151152134,0.0005016764625906944,0.00016512186266481876,4.4546618482854683e-07,0.001897438196465373,0.0006302925175987184,7.831546827219427e-05,0.0006632461445406079,0.0004824977077078074,0.00037964407238177955,0.00012969766976311803,4.506275581661612e-05,3.401116555323824e-05,0.0002628831716720015,0.00022866358631290495,0.00023070021416060627,2.0025243429699913e-05,6.835056410636753e-05,0.00044608948519453406,0.0007631498156115413,0.00023911036259960383,0.0003983063797932118,0.0,0.00028769366326741874,0.0013036307645961642,0.0009547889931127429,9.179515473078936e-05,8.451816938759293e-06,0.0002584588073659688,0.00016503545339219272,4.7660782001912594e-05,0.00034099986078217626,0.00015627313405275345,0.00036183797055855393,0.00012664501264225692,4.495860048336908e-05,0.0009474200778640807,0.00018395838560536504,5.6875942391343415e-05,0.00018186532543040812,0.00018085495685227215,0.0015231959987431765,5.901352415094152e-05,3.212681258446537e-05,6.191732973093167e-05,0.000600232626311481,0.0006893019890412688,0.0025554110761731863,4.017041646875441e-05,0.00037499191239476204,0.0006008899072185159,0.000511010701302439,9.032754860527348e-06,6.370738992700353e-05,0.00048534583766013384,0.00010714143718359992,3.163041765219532e-05,0.0
17100.0,2.178268550778739e-05,0.004082422237843275,0.0014644848415628076,0.0004965714178979397,0.00016337839770130813,4.402917284096475e-07,0.0018781430553644896,0.0006236626068130136,7.74759755586274e-05,0.0006563553470186889,0.00047747560893185437,0.00037565967068076134,0.0001282980665564537,4.457044633454643e-05,3.363604992046021e-05,0.0002601173473522067,0.00022624184202868491,0.00022831781825516373,1.979785338335205e-05,6.75986593705602e-05,0.00044143080594949424,0.0007552471361123025,0.00023657240672037005,0.00039425023715011775,0.0,0.00028466765070334077,0.0012905530165880919,0.0009452575468458235,9.083200711756945e-05,8.355999852938112e-06,0.0002557066036388278,0.00016328759375028312,4.714638271252625e-05,0.000337352161295712,0.00015460503345821053,0.000357925338903442,0.00012527559010777622,4.445611921255477e-05,0.0009380366536788642,0.00018204895604867488,5.6250690249726176e-05,0.00017991202184930444,0.00017893253243528306,0.0015078936703503132,5.835252159158699e-05,3.1764557206770405e-05,6.123867206042632e-05,0.0005939423572272062,0.0006820979760959744,0.002529613208025694,3.972980994149111e-05,0.00037101033376529813,0.0005947123863734305,0.0005057458765804768,8.931735465012025e-06,6.302021938608959e-05,0.0004803628253284842,0.00010599380766507238,3.1287225283449516e-05,0.0
17160.0,2.153728019038681e-05,0.004041892010718584,0.0014496290823444724,0.0004914986784569919,0.00016164638509508222,4.351549307557434e-07,0.0018589695682749152,0.0006170760607346892,7.664207805646583e-05,0.0006495090201497078,0.0004724860191345215,0.000371701258700341,0.0001269078638870269,4.408148743095808e-05,3.326351725263521e-05,0.000257369625614956,0.0002238360611954704,0.00022595070186071098,1.9572074961615726e-05,6.685192056465894e-05,0.00043680236558429897,0.0007473952719010413,0.00023405122919939458,0.0003902197349816561,0.0,0.0002816614287439734,0.0012775566428899765,0.0009357850067317486,8.98751532076858e-05,8.260862159659155e-06,0.0002529726771172136,0.00016155124467331916,4.663543950300664e-05,0.0003337287635076791,0.0001529480068711564,0.0003540390753187239,0.00012391540803946555,4.39571485912893e-05,0.0009287107386626303,0.00018015183741226792,5.562972364714369e-05,0.00017797178588807583,0.00017702282639220357,0.0014926866861060262,5.769613926531747e-05,3.140485205221921e-05,6.056464553694241e-05,0.0005876930081285536,0.0006749407039023936,0.00250397645868361,3.9292215660680085e-05,0.00036705503589473665,0.0005885743303224444,0.0005005146958865225,8.831420927890576e-06,6.233766907826066e-05,0.00047541159437969327,0.00010485383245395496,3.0946353945182636e-05,0.0
17220.0,2.1291874872986227e-05,0.004001361317932606,0.0014347733231261373,0.0004864258808083832,0.00015991437248885632,4.300181046801299e-07,0.0018397960811853409,0.0006104895146563649,7.580818783026189e-05,0.0006426626932807267,0.0004674964293371886,0.00036774284671992064,0.0001255176612176001,4.359253216534853e-05,3.289098458481021e-05,0.00025462190387770534,0.00022143028036225587,0.00022358358546625823,1.9346298358868808e-05,6.610517448280007e-05,0.00043217389611527324,0.00073954340768978,0.00023153003712650388,0.0003861892328131944,0.0,0.000278655206784606,0.0012645601527765393,0.0009263125248253345,8.891829202184454e-05,8.165724466380198e-06,0.00025023872149176896,0.0001598148955963552,4.6124499931465834e-05,0.0003301053657196462,0.0001512909948360175,0.0003501528117340058,0.00012255521141923964,4.345817433204502e-05,0.0009193848818540573,0.00017825471877586097,5.5008760682540014e-05,0.00017603156447876245,0.00017511310579720885,0.0014774797018617392,5.7039760577026755e-05,3.1045150535646826e-05,5.98906226514373e-05,0.000581443659029901,0.0006677834899164736,0.0024783399421721697,3.8854625017847866e-05,0.00036309973802417517,0.0005824362742714584,0.0004952835151925683,8.731106390769128e-06,6.165511149447411e-05,0.0004704603343270719,0.00010371386451879516,3.060548260691576e-05,0.0
17280.0,2.1046469555585645e-05,0.003960830625146627,0.001419917680323124,0.000481353112263605,0.0001581823598826304,4.2488130702622584e-07,0.0018206227105110884,0.0006039029685780406,7.497429760405794e-05,0.0006358164246194065,0.0004625068395398557,0.0003637844347395003,0.00012412747310008854,4.310357689973898e-05,3.2518451916985214e-05,0.00025187418214045465,0.00021902449952904135,0.00022121646907180548,1.9120519937132485e-05,6.535842840094119e-05,0.00042754545575007796,0.0007316915434785187,0.00022900885960552841,0.00038215875974856317,0.0,0.0002756489848252386,0.001251563779078424,0.0009168400429189205,8.796143083600327e-05,8.070585863606539e-06,0.00024750479497015476,0.00015807854651939124,4.5613556721946225e-05,0.0003264819970354438,0.00014963396824896336,0.0003462665481492877,0.00012119502935092896,4.295920007280074e-05,0.0009100590250454843,0.00017635761469136924,5.438779407995753e-05,0.00017409132851753384,0.00017320339975412935,0.0014622727176174521,5.638337825075723e-05,3.068544538109563e-05,5.9216603403910995e-05,0.0005751943099312484,0.0006606262177228928,0.0024527034256607294,3.841703073703684e-05,0.00035914446925744414,0.0005762981600128114,0.0004900523344986141,8.630792763142381e-06,6.097255754866637e-05,0.000465509103378281,0.00010257388930767775,3.026461308763828e-05,0.0
17340.0,2.0801064238185063e-05,0.003920299932360649,0.0014050619211047888,0.00047628034371882677,0.0001564503472764045,4.1974448095061234e-07,0.001801449223421514,0.0005973164807073772,7.414040737785399e-05,0.0006289700977504253,0.00045751724974252284,0.00035982602275907993,0.00012273727043066174,4.261461799615063e-05,3.2145919249160215e-05,0.0002491264312993735,0.00021661871869582683,0.00021884935267735273,1.8894743334385566e-05,6.461168959503993e-05,0.00042291698628105223,0.0007238397374749184,0.00022648766753263772,0.0003781282575801015,0.0,0.0002726427628658712,0.0012385674053803086,0.0009073675028048456,8.700457692611963e-05,7.975448170327581e-06,0.0002447708393447101,0.00015634219744242728,4.510261715040542e-05,0.0003228585992474109,0.00014797695621382445,0.0003423802845645696,0.00011983484000666067,4.246022581355646e-05,0.0009007331682369113,0.00017446049605496228,5.3766827477375045e-05,0.00017215109255630523,0.00017129369371104985,0.0014470657333731651,5.572699592448771e-05,3.032574022654444e-05,5.8542580518405885e-05,0.0005689450190402567,0.0006534689455293119,0.0024270666763186455,3.797943645622581e-05,0.00035518917138688266,0.0005701601039618254,0.0004848211829084903,8.530478226020932e-06,6.0289999964879826e-05,0.00046055784332565963,0.00010143391409656033,2.9923743568360806e-05,0.0
17400.0,2.057283381873276e-05,0.003882278688251972,0.0013911452842876315,0.00047153045306913555,0.00015483261086046696,4.149795529428957e-07,0.0017834953032433987,0.0005911629414185882,7.336235285038128e-05,0.0006225684774108231,0.0004528523131739348,0.0003561272460501641,0.0001214407675433904,4.215901208226569e-05,3.1799030693946406e-05,0.0002465593861415982,0.00021437213581521064,0.00021663508960045874,1.8684953829506412e-05,6.391621718648821e-05,0.00041859070188365877,0.0007164962007664144,0.00022413369151763618,0.00037435448030009866,0.0,0.000269834155915305,0.0012263868702575564,0.0008984867599792778,8.611046359874308e-05,7.887037099862937e-06,0.00024221876810770482,0.00015472076484002173,4.462611468625255e-05,0.00031947731622494757,0.00014643043687101454,0.0003387564211152494,0.00011856650235131383,4.199604882160202e-05,0.0008919854299165308,0.0001726864866213873,5.318847615853883e-05,0.00017034102347679436,0.0001695108221611008,0.001432814635336399,5.511648487299681e-05,2.999133721459657e-05,5.7914676290238276e-05,0.0005631049862131476,0.0006467793136835098,0.002403049264103174,3.75718082068488e-05,0.0003514962736517191,0.0005644165794365108,0.00047992702457122505,8.437163160124328e-06,5.965342643321492e-05,0.00045592448441311717,0.0001003702127491124,2.9605966119561344e-05,0.0
17460.0,2.03461640921887e-05,0.0038444853853434324,0.0013773140963166952,0.0004668098990805447,0.0001532252790639177,4.1024841834769177e-07,0.0017656523268669844,0.0005850487505085766,7.258936966536567e-05,0.0006162072531878948,0.0004482168878894299,0.0003524520725477487,0.00012015277752652764,4.170643660472706e-05,3.145447408314794e-05,0.00024400875554420054,0.00021214003209024668,0.00021443470905069262,1.8476619516150095e-05,6.32254159427248e-05,0.000414291862398386,0.0007091989391483366,0.00022179490770213306,0.0003706040442921221,0.0,0.00026704350602813065,0.0012142803752794862,0.0008896598592400551,8.522206189809367e-05,7.799237209837884e-06,0.00023968324239831418,0.00015310976596083492,4.415274452185258e-05,0.00031611806480214,0.0001448939583497122,0.0003351564519107342,0.00011730651749530807,4.1535033233230934e-05,0.0008832902531139553,0.00017092366761062294,5.261399564915337e-05,0.00016854278510436416,0.0001677394611760974,0.0014186504995450377,5.451014294521883e-05,2.9659231586265378e-05,5.7290966651635244e-05,0.0005573022062890232,0.0006401321152225137,0.002379179233685136,3.716690116561949e-05,0.00034782724105753005,0.0005587090272456408,0.0004750634834636003,8.344485650013667e-06,5.902103293919936e-05,0.00045132002560421824,9.931344538927078e-05,2.929028960352298e-05,0.0
17520.0,2.0119496184634045e-05,0.0038066920824348927,0.001363482791930437,0.00046208937419578433,0.0001516179327154532,4.0551728375248786e-07,0.00174780935049057,0.0005789345595985651,7.181639375630766e-05,0.0006098460289649665,0.00044358146260492504,0.0003487769281491637,0.00011886479478562251,4.1253864765167236e-05,3.110991747234948e-05,0.00024145812494680285,0.00020990792836528271,0.0002122343285009265,1.8268285202793777e-05,6.253460742300376e-05,0.00040999302291311324,0.0007019016775302589,0.00021945612388662994,0.0003668536082841456,0.0,0.0002642528561409563,0.0012021739967167377,0.0008808329002931714,8.433365292148665e-05,7.71143731981283e-06,0.00023714771668892354,0.0001514987670816481,4.3679374357452616e-05,0.00031275878427550197,0.00014335747982840985,0.00033155648270621896,0.0001160465253633447,4.107401764485985e-05,0.0008745950763113797,0.00016916084859985858,5.20395151397679e-05,0.00016674454673193395,0.0001659681147430092,0.0014044863637536764,5.3903801017440856e-05,2.932712777692359e-05,5.666725701303221e-05,0.0005514994263648987,0.0006334849167615175,0.002355308970436454,3.6761994124390185e-05,0.000344158208463341,0.0005530014168471098,0.00047019997145980597,8.251807230408303e-06,5.83886394451838e-05,0.0004467155958991498,9.825668530538678e-05,2.8974613087484613e-05,0.0
17580.0,1.9892826458089985e-05,0.0037688990123569965,0.0013496516039595008,0.0004573688202071935,0.00015001058636698872,4.0078614915728394e-07,0.0017299663741141558,0.0005728203686885536,7.104341057129204e-05,0.0006034848047420382,0.00043894603732042015,0.0003451017546467483,0.00011757680476875976,4.0801289287628606e-05,3.0765364499529824e-05,0.00023890749434940517,0.00020767582464031875,0.0002100339625030756,1.8059949070448056e-05,6.184379890328273e-05,0.00040569418342784047,0.0006946043577045202,0.00021711734007112682,0.00036310317227616906,0.0,0.0002614622062537819,0.0011900675017386675,0.0008720059413462877,8.344524394487962e-05,7.623637884535128e-06,0.00023461217642761767,0.0001498877682024613,4.320600419305265e-05,0.0003093995328526944,0.0001418210013071075,0.0003279564843978733,0.00011478654050733894,4.061300205648877e-05,0.0008658998995088041,0.00016739802958909422,5.146503826836124e-05,0.00016494630835950375,0.00016419676830992103,0.0013903221115469933,5.329745908966288e-05,2.89950239675818e-05,5.604354737442918e-05,0.0005456966464407742,0.0006268377765081823,0.0023314389400184155,3.635708708316088e-05,0.0003404891467653215,0.0005472938064485788,0.00046533645945601165,8.15912881080294e-06,5.775624595116824e-05,0.00044211113709025085,9.719991794554517e-05,2.8658936571446247e-05,0.0
17640.0,1.966615855053533e-05,0.0037311057094484568,0.0013358202995732427,0.0004526482953224331,0.00014840324001852423,3.9605501456208003e-07,0.0017121233977377415,0.000566706177778542,7.027042738627642e-05,0.0005971236387267709,0.00043431061203591526,0.00034142661024816334,0.00011628882202785462,4.0348713810089976e-05,3.0420806069741957e-05,0.00023635686375200748,0.0002054437209153548,0.00020783358195330948,1.7851614757091738e-05,6.115299765951931e-05,0.0004013953439425677,0.0006873070960864425,0.0002147785562556237,0.00035935273626819253,0.0,0.000258671585470438,0.001177961123175919,0.000863179040607065,8.255684224423021e-05,7.535838449257426e-06,0.00023207665071822703,0.0001482767693232745,4.273263402865268e-05,0.0003060402814298868,0.00014028452278580517,0.00032435651519335806,0.00011352654837537557,4.0151986468117684e-05,0.0008572047227062285,0.0001656352251302451,5.0890557758975774e-05,0.00016314806998707354,0.00016242542187683284,0.001376157975755632,5.2691117161884904e-05,2.8662920158240013e-05,5.541983773582615e-05,0.0005398938665166497,0.0006201905780471861,0.0023075686767697334,3.595218004193157e-05,0.00033682011417113245,0.0005415861960500479,0.0004604729183483869,8.066450391197577e-06,5.712384881917387e-05,0.0004375066782813519,9.614315058570355e-05,2.8343260055407882e-05,0.0
17700.0,1.9455013898550533e-05,0.0036956078838557005,0.0013228466268628836,0.0004482223594095558,0.00014689982344862074,3.9165882981251343e-07,0.0016953933518379927,0.000560985878109932,6.954815034987405e-05,0.0005911673652008176,0.00042997082346118987,0.00033798767253756523,0.0001150858515757136,3.992636629845947e-05,3.009947067766916e-05,0.00023397056793328375,0.00020335635053925216,0.00020577247778419405,1.7657714124652557e-05,6.0508631577249616e-05,0.0003973715356551111,0.0006804729346185923,0.00021259172353893518,0.0003558365278877318,0.0,0.0002560606808401644,0.0011666000355035067,0.0008548930054530501,8.172552770702168e-05,7.454112619598163e-06,0.00022970637655816972,0.0001467702240915969,4.2290514102205634e-05,0.00030290090944617987,0.0001388484233757481,0.0003209946444258094,0.00011234989506192505,3.972243575844914e-05,0.0008490384207107127,0.0001639845286263153,5.0354672566754743e-05,0.00016146799316629767,0.00016076932661235332,0.0013628670712932944,5.2126244554528967e-05,2.8353673769743182e-05,5.483791392180137e-05,0.0005344635574147105,0.0006139689940027893,0.002285177120938897,3.557441959856078e-05,0.0003333895583637059,0.0005362383089959621,0.00045591656817123294,7.980101145221852e-06,5.6533182942075655e-05,0.0004331920645199716,9.515565034234896e-05,2.8048529202351347e-05,0.0
17760.0,1.9245282601332292e-05,0.0036603189073503017,0.0013099508360028267,0.0004438232281245291,0.00014540583651978523,3.872931131354562e-07,0.0016787644708529115,0.0005553013179451227,6.883047899464145e-05,0.0005852479371242225,0.00042565789772197604,0.00033457024255767465,0.00011389061546651646,3.950676546082832e-05,2.978024713229388e-05,0.00023159923148341477,0.00020128212054260075,0.00020372404833324254,1.7465126802562736e-05,5.986848918837495e-05,0.0003933727275580168,0.0006736808572895825,0.00021041872969362885,0.00035234165261499584,0.0,0.000253466161666438,0.0011553067015483975,0.0008466561557725072,8.089940092759207e-05,7.372939307970228e-06,0.0002273511199746281,0.00014527318126056343,4.185123907518573e-05,0.0002997815317939967,0.00013742144801653922,0.00031765439780429006,0.00011118080874439329,3.929574813810177e-05,0.0008409201400354505,0.0001623440330149606,4.9822298024082556e-05,0.00015979867021087557,0.00015912370872683823,0.001349655562080443,5.1565140893217176e-05,2.80465046671452e-05,5.42597881576512e-05,0.000529067125171423,0.0006077860598452389,0.002262919908389449,3.51991257048212e-05,0.00032998068490996957,0.0005309231346473098,0.000451388128567487,7.894327609392349e-06,5.594630420091562e-05,0.00042890378972515464,9.417444380233064e-05,2.7755702831200324e-05,0.0
17820.0,1.9035549485124648e-05,0.0036250296980142593,0.0012970550451427698,0.00043942409683950245,0.00014391186414286494,3.829273680366896e-07,0.0016621354734525084,0.0005496168159879744,6.811280763940886e-05,0.0005793285672552884,0.0004213449719827622,0.00033115281257778406,0.00011269537208136171,3.908716462319717e-05,2.9461021767929196e-05,0.00022922788048163056,0.00019920790509786457,0.0002016756043303758,1.7272539480472915e-05,5.9228346799500287e-05,0.0003893739194609225,0.0006668887799605727,0.00020824572129640728,0.00034884674823842943,0.0,0.0002508716133888811,0.0011440134840086102,0.0008384193060919642,8.007328142412007e-05,7.291765996342292e-06,0.0002249958779430017,0.00014377613842952996,4.141196041018702e-05,0.0002966621541418135,0.0001359944581054151,0.00031431415118277073,0.00011001172970281914,3.88690568797756e-05,0.0008328018593601882,0.00016070352285169065,4.928992348141037e-05,0.00015812933270353824,0.00015747809084132314,0.0013364439364522696,5.1004037231905386e-05,2.773933556454722e-05,5.368166239350103e-05,0.0005236706929281354,0.0006016031256876886,0.002240662695840001,3.482383181108162e-05,0.0003265717823524028,0.0005256079602986574,0.00044685968896374106,7.808554073562846e-06,5.535942909773439e-05,0.00042461551493033767,9.319323726231232e-05,2.7462874641059898e-05,0.0
17880.0,1.8825818187906407e-05,0.0035897407215088606,0.0012841591378673911,0.0004350249655544758,0.00014241787721402943,3.785616513596324e-07,0.0016455065924674273,0.0005439323140308261,6.739513628417626e-05,0.0005734091391786933,0.00041703201713971794,0.000327735353494063,0.00011150013597216457,3.8667567423544824e-05,2.9141796403564513e-05,0.00022685652947984636,0.00019713368965312839,0.00019962716032750905,1.7079952158383094e-05,5.858820441062562e-05,0.0003853751113638282,0.000660096702631563,0.00020607271289918572,0.000345351843861863,0.0,0.0002482770651113242,0.0011327201500535011,0.0008301824564114213,7.924715464469045e-05,7.2105926847143564e-06,0.00022264062135946006,0.0001422790955984965,4.097268174518831e-05,0.00029354277648963034,0.00013456748274620622,0.0003109739045612514,0.00010884264338528737,3.8442365621449426e-05,0.000824683578684926,0.00015906302724033594,4.875754893873818e-05,0.00015646000974811614,0.00015583247295580804,0.001323232427239418,5.0442933570593596e-05,2.7432166461949237e-05,5.3103536629350856e-05,0.0005182742606848478,0.0005954202497377992,0.002218405483290553,3.444853791734204e-05,0.0003231629088986665,0.0005202927859500051,0.0004423312493599951,7.72277962823864e-06,5.4772553994553164e-05,0.0004203272401355207,9.221203799825162e-05,2.7170048269908875e-05,0.0
17940.0,1.8616085071698762e-05,0.003554451512172818,0.0012712633470073342,0.0004306258342694491,0.00014092390483710915,3.7419590626086574e-07,0.001628877711482346,0.0005382478120736778,6.667746492894366e-05,0.0005674897111020982,0.0004127190914005041,0.00032431792351417243,0.00011030489258700982,3.824796658591367e-05,2.8822572858189233e-05,0.00022448517847806215,0.0001950594742083922,0.00019757873087655753,1.688736301730387e-05,5.794806202175096e-05,0.0003813763032667339,0.0006533046253025532,0.00020389970450196415,0.0003418569394852966,0.0,0.0002456825168337673,0.001121426816098392,0.0008219456067308784,7.842102786526084e-05,7.129419373086421e-06,0.00022028537932783365,0.00014078205276746303,4.05334030801896e-05,0.0002904234279412776,0.00013314050738699734,0.0003076336579397321,0.00010767355706775561,3.801567436312325e-05,0.0008165652980096638,0.00015742253162898123,4.8225174396065995e-05,0.0001547906722407788,0.00015418685507029295,0.0013100209180265665,4.9881829909281805e-05,2.712499917834066e-05,5.2525410865200683e-05,0.0005128778284415603,0.0005892373155802488,0.002196148270741105,3.4073244023602456e-05,0.0003197540354449302,0.0005149776116013527,0.0004378028097562492,7.637006092409138e-06,5.4185678891371936e-05,0.0004160389653407037,9.12308314582333e-05,2.6877221898757853e-05,0.0
18000.0,1.8420418200548738e-05,0.0035212659277021885,0.0012591519625857472,0.00042649602983146906,0.00013952460722066462,3.7013259657214803e-07,0.0016132661839947104,0.0005329222767613828,6.600592314498499e-05,0.0005619397852569818,0.00040867587085813284,0.0003211158327758312,0.00010918696352746338,3.7855817936360836e-05,2.8524418667075224e-05,0.00022226362489163876,0.0001931170845637098,0.00019565744150895625,1.670783785812091e-05,5.7350072893314064e-05,0.0003776283410843462,0.000646935252007097,0.00020186508481856436,0.0003385761519894004,0.0,0.0002432518231216818,0.0011108157923445106,0.0008142040460370481,7.764695328660309e-05,7.053743047436001e-06,0.0002180805749958381,0.00013938015035819262,4.0122540667653084e-05,0.0002875041391234845,0.00013180488895159215,0.0003045098565053195,0.00010658023529686034,3.761750122066587e-05,0.0008089315961115062,0.00015588435053359717,4.77278335893061e-05,0.00015322884428314865,0.00015264618559740484,0.001297608483582735,4.935829929308966e-05,2.6838528356165625e-05,5.198522558202967e-05,0.0005078210378997028,0.0005834425101056695,0.0021752435714006424,3.3722593798302114e-05,0.0003165623056702316,0.0005099910194985569,0.0004335548437666148,7.5569682849163655e-06,5.363674426916987e-05,0.0004120154189877212,9.031264926306903e-05,2.6603429432725534e-05,0.0
18060.0,1.8226030078949407e-05,0.0034882717300206423,0.0012471117079257965,0.0004223907017149031,0.00013813390978612006,3.660967422547401e-07,0.0015977472066879272,0.0005276293959468603,6.533857231261209e-05,0.0005564235034398735,0.00040465715574100614,0.0003179333289153874,0.00010807605576701462,3.746616857824847e-05,2.8228181690792553e-05,0.00022005567734595388,0.00019118667114526033,0.0001937477063620463,1.6529498680029064e-05,5.675591455656104e-05,0.0003739031672012061,0.0006406042957678437,0.0001998430525418371,0.0003353148349560797,0.0,0.00024083601601887494,0.001100266701541841,0.0008065075380727649,7.687760808039457e-05,6.978566489124205e-06,0.00021588944946415722,0.0001379869063384831,3.97142612200696e-05,0.0002846030693035573,0.00013047756510786712,0.0003014057583641261,0.00010549379658186808,3.722191831911914e-05,0.0008013419574126601,0.00015435546811204404,4.723367965198122e-05,0.00015167678066063672,0.00015111506218090653,0.0012852688087150455,4.883818837697618e-05,2.6553938369033858e-05,5.144848910276778e-05,0.0005027950974181294,0.0005776830366812646,0.002154461806640029,3.337418820592575e-05,0.0003133903373964131,0.0005050342297181487,0.0004293323727324605,7.477451617887709e-06,5.309126208885573e-05,0.0004080159415025264,8.940019324654713e-05,2.633136864460539e-05,0.0
18120.0,1.8031640138360672e-05,0.003455277532339096,0.0012350715696811676,0.0004182853735983372,0.00013674322690349072,3.620609163590416e-07,0.001582228229381144,0.0005223365151323378,6.46712287561968e-05,0.0005509071634151042,0.00040063844062387943,0.00031475082505494356,0.00010696515528252348,3.70765155821573e-05,2.7931944714509882e-05,0.000217847729800269,0.0001892562722787261,0.00019183798576705158,1.635116132092662e-05,5.616175985778682e-05,0.000370177993318066,0.0006342733395285904,0.00019782102026510984,0.00033205351792275906,0.0,0.00023842020891606808,0.0010897176107391715,0.0007988110301084816,7.610827015014365e-05,6.903389930812409e-06,0.00021369832393247634,0.00013659366231877357,3.930598177248612e-05,0.00028170199948363006,0.00012915025581605732,0.00029830163111910224,0.00010440735786687583,3.682633541757241e-05,0.0007937522605061531,0.0001528265856904909,4.673952571465634e-05,0.00015012470248620957,0.000149583924212493,0.001272929017432034,4.831807382288389e-05,2.626934838190209e-05,5.091175262350589e-05,0.0004977690987288952,0.0005719235050491989,0.0021336800418794155,3.3025778975570574e-05,0.0003102183691225946,0.0005000774981454015,0.00042510993080213666,7.397934950859053e-06,5.254577627056278e-05,0.0004040164640173316,8.848774450598285e-05,2.605930967547465e-05,0.0
18180.0,1.783725201676134e-05,0.003422283101826906,0.0012230314314365387,0.00041418004548177123,0.00013535252946894616,3.580250904633431e-07,0.0015667092520743608,0.0005170435761101544,6.400387792382389e-05,0.0005453908815979958,0.00039661972550675273,0.00031156832119449973,0.00010585424752207473,3.668686258606613e-05,2.7635705919237807e-05,0.00021563978225458413,0.00018732585886027664,0.00018992825062014163,1.6172822142834775e-05,5.5567601521033794e-05,0.00036645284853875637,0.0006279423832893372,0.00019579898798838258,0.00032879217178560793,0.0,0.0002360044018132612,0.001079168519936502,0.0007911144639365375,7.533892494393513e-05,6.828213372500613e-06,0.00021150719840079546,0.0001352004037471488,3.8897705962881446e-05,0.00027880092966370285,0.00012782294652424753,0.00029519753297790885,0.00010332091187592596,3.643075251602568e-05,0.000786162621807307,0.00015129770326893777,4.624536813935265e-05,0.00014857263886369765,0.0001480528007959947,0.0012605893425643444,4.77979592687916e-05,2.5984760213759728e-05,5.0375016144244e-05,0.0004927431582473218,0.0005661639734171331,0.002112898277118802,3.26773697452154e-05,0.0003070464008487761,0.0004951207083649933,0.00042088745976798236,7.318418283830397e-06,5.2000294090248644e-05,0.0004000169865321368,8.757528848946095e-05,2.5787248887354508e-05,0.0
18240.0,1.764286389516201e-05,0.00338928890414536,0.0012109912931919098,0.0004100747173652053,0.00013396184658631682,3.5398926456764457e-07,0.0015511902747675776,0.0005117506952956319,6.333652709145099e-05,0.0005398745415732265,0.000392601010389626,0.0003083858173340559,0.00010474333976162598,3.629721322795376e-05,2.7339468942955136e-05,0.00021343183470889926,0.0001853954599937424,0.00018801851547323167,1.5994484783732332e-05,5.497344318428077e-05,0.0003627276746556163,0.0006216114270500839,0.00019377695571165532,0.00032553085475228727,0.0,0.00023358859471045434,0.0010686194291338325,0.0007834179559722543,7.45695797377266e-05,6.7530368141888175e-06,0.00020931607286911458,0.00013380715972743928,3.8489426515297964e-05,0.00027589985984377563,0.0001264956226805225,0.000292093405732885,0.0001022344731609337,3.6035169614478946e-05,0.0007785729831084609,0.00014976883539929986,4.575121420202777e-05,0.00014702057524118572,0.00014652166282758117,0.0012482496676966548,4.727784835267812e-05,2.570017022662796e-05,4.983828330296092e-05,0.0004877172177657485,0.0005604044417850673,0.0020921165123581886,3.232896051486023e-05,0.0003038744325749576,0.0004901639185845852,0.00041666498873382807,7.23890116205439e-06,5.14548082719557e-05,0.00039601753815077245,8.666283974889666e-05,2.5515188099234365e-05,0.0
18300.0,1.7461243260186166e-05,0.0033582253381609917,0.0011996697867289186,0.0004062160151079297,0.00013265757297631353,3.50227082890342e-07,0.0015366029692813754,0.0005067855818197131,6.271123129408807e-05,0.0005346960388123989,0.0003888287756126374,0.00030540002626366913,0.00010370287054684013,3.5932545870309696e-05,2.706238956307061e-05,0.00021136064606253058,0.00018358536181040108,0.00018622507923282683,1.5827990864636377e-05,5.4417621868196875e-05,0.000359231693437323,0.000615666969679296,0.0001918811904033646,0.0003224656102247536,0.0,0.00023132239584811032,0.001058695837855339,0.0007761757005937397,7.384776836261153e-05,6.682846105832141e-06,0.00020726218644995242,0.0001325007324339822,3.810703492490575e-05,0.0002731812419369817,0.00012525163765531033,0.00028918645693920553,0.00010121704690391198,3.566548184608109e-05,0.0007714280509389937,0.00014833349268883467,4.52889253210742e-05,0.0001455664896639064,0.0001450862764613703,0.0012366424780339003,4.679185076383874e-05,2.543436312407721e-05,4.9336063966620713e-05,0.000483001465909183,0.0005549995694309473,0.0020725741051137447,3.200297578587197e-05,0.00030090060317888856,0.0004855077713727951,0.00041269909706898034,7.164593171182787e-06,5.0943894166266546e-05,0.00039226029184646904,8.580784196965396e-05,2.5260462280130014e-05,0.0
18360.0,1.7280784959439188e-05,0.003327337559312582,0.0011884135892614722,0.0004023797228001058,0.00013136117195244879,3.46489770208791e-07,0.0015221004141494632,0.000501850328873843,6.20897626504302e-05,0.0005295482114888728,0.0003850789798889309,0.00030243207584135234,0.00010266879689879715,3.5570148611441255e-05,2.6787054594024085e-05,0.00020930191385559738,0.00018178619211539626,0.000184442222234793,1.5662575606256723e-05,5.386528937378898e-05,0.0003557565505616367,0.0006097576697356999,0.00018999689200427383,0.00031941814813762903,0.0,0.00022906978847458959,0.0010488290572538972,0.0007689747726544738,7.31302861822769e-05,6.613108780584298e-06,0.00020522077102214098,0.0001312022068304941,3.772699710680172e-05,0.00027047921321354806,0.0001240152050741017,0.0002862974361050874,0.00010020588524639606,3.5298151487950236e-05,0.0007643235148862004,0.00014690664829686284,4.482953227125108e-05,0.00014412130985874683,0.00014365959214046597,0.0012251019943505526,4.6308956370921806e-05,2.5170262233586982e-05,4.883698420599103e-05,0.0004783139447681606,0.0005496268859133124,0.002053144620731473,3.167902468703687e-05,0.00029794478905387223,0.00048087892355397344,0.0004087565466761589,7.090759027050808e-06,5.043612327426672e-05,0.00038852510624565184,8.495807560393587e-05,2.5007311705849133e-05,0.0
18420.0,1.710032665869221e-05,0.0032964497804641724,0.0011771575082093477,0.00039854345959611237,0.00013006477092858404,3.4275248594894947e-07,0.001507597859017551,0.0004969150177203119,6.146828673081473e-05,0.0005244003841653466,0.000381329155061394,0.000299464154522866,0.00010163473052671179,3.5207751352572814e-05,2.6511717805988155e-05,0.00020724316709674895,0.00017998703697230667,0.00018265935068484396,1.5497158528887667e-05,5.331295324140228e-05,0.0003522814076859504,0.0006038483115844429,0.0001881126081570983,0.0003163707151543349,0.0,0.00022681719565298408,0.0010389623930677772,0.0007617738447152078,7.241280400194228e-05,6.543371455336455e-06,0.00020317935559432954,0.00012990368122700602,3.73469629266765e-05,0.00026777718449011445,0.00012277878704480827,0.00028340841527096927,9.919473086483777e-05,3.493082112981938e-05,0.0007572190370410681,0.00014547980390489101,4.437013922142796e-05,0.00014267613005358726,0.00014223290781956166,0.0012135615106672049,4.582606197800487e-05,2.490616316208616e-05,4.8337904445361346e-05,0.0004736263945233077,0.0005442542023956776,0.0020337149035185575,3.135507722618058e-05,0.0002949889749288559,0.00047625007573515177,0.000404813967179507,7.016924428171478e-06,4.9928352382266894e-05,0.0003847898915410042,8.410830196226016e-05,2.4754162950557657e-05,0.0
18480.0,1.6919868357945234e-05,0.0032655620016157627,0.0011659013107419014,0.0003947071672882885,0.00012876835535280406,3.390151732673985e-07,0.0014930953038856387,0.0004919797065667808,6.0846814449178055e-05,0.0005192525568418205,0.00037757933023385704,0.0002964962332043797,0.00010060065687866881,3.484535409370437e-05,2.623638283694163e-05,0.00020518442033790052,0.00017818786727730185,0.0001808764791348949,1.533174145151861e-05,5.276062074699439e-05,0.0003488062648102641,0.0005979390116408467,0.00018622832430992275,0.0003133232821710408,0.0,0.00022456460283137858,0.0010290956124663353,0.0007545729167759418,7.169531454565004e-05,6.4736336753412616e-06,0.0002011379401665181,0.00012860515562351793,3.696692510857247e-05,0.00026507515576668084,0.00012154236173955724,0.00028051939443685114,9.818356920732185e-05,3.456349077168852e-05,0.0007501145591959357,0.00014405297406483442,4.391074617160484e-05,0.0001412309502484277,0.00014080622349865735,0.0012020210269838572,4.534316758508794e-05,2.4642062271595933e-05,4.7838821046752855e-05,0.00046893887338228524,0.0005388815188780427,0.002014285186305642,3.103112612734549e-05,0.00029203316080383956,0.00047162125702016056,0.0004008714167866856,6.943089829292148e-06,4.942057785228826e-05,0.000381054705940187,8.325852832058445e-05,2.4501012376276776e-05,0.0
18540.0,1.6739410057198256e-05,0.0032346739899367094,0.001154645113274455,0.00039087090408429503,0.00012747195432893932,3.3527788900755695e-07,0.0014785927487537265,0.0004870444245170802,6.0225342167541385e-05,0.0005141047295182943,0.00037382953451015055,0.00029352831188589334,9.956659050658345e-05,3.448295683483593e-05,2.59610460489057e-05,0.00020312568813096732,0.00017638869758229703,0.00017909362213686109,1.5166326193138957e-05,5.220828461460769e-05,0.0003453311219345778,0.0005920296534895897,0.00018434404046274722,0.00031027584918774664,0.0,0.00022231199545785785,0.0010192288318648934,0.0007473719888366759,7.097783236531541e-05,6.403896350093419e-06,0.00019909652473870665,0.00012730663002002984,3.658688729046844e-05,0.0002623731270432472,0.0001203059364343062,0.000277630373602733,9.717241482576355e-05,3.4196156775578856e-05,0.0007430100231431425,0.0001426261296728626,4.345135312178172e-05,0.00013978577044326812,0.00013937953917775303,0.0011904804268851876,4.486027319217101e-05,2.4377961381105706e-05,4.733974128612317e-05,0.00046425132313743234,0.0005335088353604078,0.0019948554690927267,3.07071786664892e-05,0.00028907734667882323,0.0004669924092013389,0.0003969288372900337,6.8692552304128185e-06,4.8912806960288435e-05,0.0003773194912355393,8.240876195486635e-05,2.4247861801995896e-05,0.0
18600.0,1.6570567822782323e-05,0.0032055615447461605,0.001144048641435802,0.0003872608649544418,0.00012625458475667983,3.3178872627104283e-07,0.0014649449149146676,0.0004824089992325753,5.964227602817118e-05,0.0005092662759125233,0.0003703053807839751,0.000290740339551121,9.85968072200194e-05,3.4143344237236306e-05,2.57031661021756e-05,0.0002011920587392524,0.00017469952581450343,0.00017741729971021414,1.5011673895060085e-05,5.16908876306843e-05,0.00034206578857265413,0.0005864743725396693,0.00018257518240716308,0.00030740824877284467,0.0,0.00022019626339897513,0.0010099365608766675,0.0007405884098261595,7.030383858364075e-05,6.3386905821971595e-06,0.00019718051771633327,0.0001260874851141125,3.623048178269528e-05,0.0002598377759568393,0.00011914563947357237,0.00027492130175232887,9.622423385735601e-05,3.385239324416034e-05,0.0007363143959082663,0.00014128495240584016,4.302099841879681e-05,0.00013843005581293255,0.00013804037007503211,0.0011796127073466778,4.440842167241499e-05,2.4130940801114775e-05,4.6872126404196024e-05,0.0004598476516548544,0.0005284606595523655,0.0019765635952353477,3.0403665732592344e-05,0.00028630264569073915,0.00046263905824162066,0.00039322138763964176,6.800160463171778e-06,4.843659189646132e-05,0.00037380633875727654,8.161146979546174e-05,2.4010527340578847e-05,0.0
18660.0,1.6402780602220446e-05,0.00317661021836102,0.001133512007072568,0.000383671373128891,0.00012504440383054316,3.283221587935259e-07,0.0014513748465105891,0.00047780084423720837,5.906269871047698e-05,0.0005044558783993125,0.00036680177436210215,0.00028796872356906533,9.763287380337715e-05,3.380579801159911e-05,2.5446872314205393e-05,0.0001992697943933308,0.00017302035121247172,0.00017575065430719405,1.485800021328032e-05,5.11766666022595e-05,0.00033881948911584914,0.000580951280426234,0.00018081680173054338,0.00030455697560682893,0.0,0.00021809295867569745,0.00100069644395262,0.0007338427822105587,6.963380292290822e-05,6.2738963606534526e-06,0.00019527591939549893,0.00012487555795814842,3.587622632039711e-05,0.0002573175879660994,0.00011799226194852963,0.0002722285862546414,9.528177906759083e-05,3.35107724822592e-05,0.0007296559051610529,0.0001399515604134649,4.259328852640465e-05,0.00013708247570320964,0.0001367091463180259,0.0011688059894368052,4.3959389586234465e-05,2.388547181908507e-05,4.640737461159006e-05,0.00045546976616606116,0.0005234420532360673,0.0019583748653531075,3.010200998687651e-05,0.00028354438836686313,0.0004583107656799257,0.0003895353293046355,6.731496796419378e-06,4.7963247197913006e-05,0.00037031335523352027,8.081895066425204e-05,2.3774631699780002e-05,0.0
18720.0,1.6234995200647973e-05,0.0031476588919758797,0.001122975372709334,0.00038008191040717065,0.0001238342229044065,3.2485559131600894e-07,0.0014378046616911888,0.000473192660138011,5.8483125030761585e-05,0.0004996454808861017,0.0003632981679402292,0.0002851971366908401,9.66689403867349e-05,3.346825542394072e-05,2.519058034522459e-05,0.00019734754459932446,0.00017134117661044002,0.0001740840234560892,1.4704326531500556e-05,5.06624455738347e-05,0.0003355732187628746,0.0005754281301051378,0.0001790584356058389,0.00030170573154464364,0.0,0.00021598966850433499,0.0009914563270285726,0.0007270971545949578,6.896376726217568e-05,6.209102139109746e-06,0.0001933713210746646,0.00012366363080218434,3.552196722012013e-05,0.000254797370871529,0.00011683887714752927,0.00026953587075695395,9.433932427782565e-05,3.316914808237925e-05,0.0007229974144138396,0.00013861816842108965,4.2165574996033683e-05,0.00013573491014540195,0.00013537792256101966,0.0011579993879422545,4.351036113803275e-05,2.364000101806596e-05,4.5942619181005284e-05,0.00045109190978109837,0.000518423446919769,0.001940186251886189,2.980035606015008e-05,0.00028078616014681756,0.0004539824731182307,0.00038584924186579883,6.662832674919628e-06,4.748989886138588e-05,0.00036682040081359446,8.002643153304234e-05,2.3538736058981158e-05,0.0
18780.0,1.6067207980086096e-05,0.003118707798421383,0.0011124388547614217,0.00037649241858161986,0.00012262404197826982,3.21389023838492e-07,0.0014242345932871103,0.00046858450514264405,5.790355135104619e-05,0.000494835083372891,0.0003597945615183562,0.00028242552070878446,9.570500697009265e-05,3.313070919830352e-05,2.493428655725438e-05,0.00019542529480531812,0.0001696620020084083,0.00017241737805306911,1.4550652849720791e-05,5.01482245454099e-05,0.0003323269193060696,0.0005699050379917026,0.00017730005492921919,0.0002988544583786279,0.0,0.00021388637833297253,0.000982216210104525,0.000720351526979357,6.829373160144314e-05,6.1443083723133896e-06,0.00019146670820191503,0.00012245170364622027,3.516771175782196e-05,0.00025227718288078904,0.00011568549962248653,0.0002668431552592665,9.339687676401809e-05,3.282752732047811e-05,0.0007163388654589653,0.0001372847764287144,4.173786146566272e-05,0.00013438733003567904,0.00013404669880401343,0.0011471927864477038,4.3061329051852226e-05,2.3394532036036253e-05,4.547786375042051e-05,0.0004467140242923051,0.0005134047823958099,0.0019219976384192705,2.949870213342365e-05,0.000278027931926772,0.0004496541805565357,0.0003821631835307926,6.594169008167228e-06,4.7016554162837565e-05,0.0003633274172898382,7.923391240183264e-05,2.330283859919291e-05,0.0
18840.0,1.5899422578513622e-05,0.0030897564720362425,0.0011019022203981876,0.0003729029558598995,0.00012141385377617553,3.179224279392656e-07,0.00141066440846771,0.0004639763501472771,5.7323977671330795e-05,0.0004900247440673411,0.00035629095509648323,0.00027965393383055925,9.47410735534504e-05,3.279316661064513e-05,2.4677994588273577e-05,0.00019350303045939654,0.0001679828274063766,0.00017075074720196426,1.4396979167941026e-05,4.9633999879006296e-05,0.0003290806489530951,0.0005643818876706064,0.0001755416888045147,0.0002960032143164426,0.0,0.00021178307360969484,0.0009729760931804776,0.0007136058993637562,6.76236959407106e-05,6.079514150769683e-06,0.0001895621098810807,0.0001212397837662138,3.4813452657544985e-05,0.0002497569948900491,0.00011453211482148618,0.0002641504106577486,9.245442197425291e-05,3.248590655857697e-05,0.0007096803747117519,0.00013595138443633914,4.131015157327056e-05,0.00013303974992595613,0.0001327154750470072,0.0011363861849531531,4.26122969656717e-05,2.3149063054006547e-05,4.5013111957814544e-05,0.0004423361679073423,0.0005083861760795116,0.001903809024952352,2.9197048206697218e-05,0.000275269674602896,0.00044532588799484074,0.0003784770960919559,6.525504886667477e-06,4.654320582631044e-05,0.0003598344628699124,7.844139327062294e-05,2.3066942958394065e-05,0.0
18900.0,1.5742223695269786e-05,0.0030624400824308395,0.00109197199344635,0.0003695213235914707,0.0001202760759042576,3.1468138672607893e-07,0.001397879677824676,0.0004596429644152522,5.67795432289131e-05,0.000485498079797253,0.0003529943060129881,0.00027704727835953236,9.383592987433076e-05,3.2476433261763304e-05,2.443763514747843e-05,0.00019169542065355927,0.00016640439571347088,0.0001691818906692788,1.4253106201067567e-05,4.915167664876208e-05,0.0003260267258156091,0.0005591835943050683,0.00017388901324011385,0.00029331716359592974,0.0,0.00020980519184377044,0.0009642643271945417,0.0007072443258948624,6.699352525174618e-05,6.01884676143527e-06,0.00018777231161948293,0.00012010056525468826,3.448080678936094e-05,0.00024738931097090244,0.00011344841186655685,0.00026162221911363304,9.156954911304638e-05,3.2165771699510515e-05,0.000703398312907666,0.00013469657278619707,4.090895163244568e-05,0.00013177402433939278,0.00013146437413524836,0.0011261982144787908,4.219156471663155e-05,2.2919153707334772e-05,4.457709292182699e-05,0.0004382184997666627,0.000503665127325803,0.0018866662867367268,2.8914057111251168e-05,0.0002726772800087929,0.00044125053682364523,0.00037500684265978634,6.461162683990551e-06,4.6098717575659975e-05,0.00035654535167850554,7.769689545966685e-05,2.28455028263852e-05,0.0
18960.0,1.558598887640983e-05,0.003035272005945444,0.0010820969473570585,0.0003661586088128388,0.00011914487549802288,3.1146083756539156e-07,0.001385166309773922,0.00045533457887358963,5.6238306569866836e-05,0.0004809972015209496,0.0003497165162116289,0.0002744556113611907,9.293612674809992e-05,3.2161591661861166e-05,2.4198723622248508e-05,0.00018989824457094073,0.0001648351171752438,0.00016762191080488265,1.4110125448496547e-05,4.867225288762711e-05,0.00032299026497639716,0.0005540148122236133,0.00017224594193976372,0.000290646159555763,0.0,0.0002078387187793851,0.0009556005825288594,0.0007009176188148558,6.636697798967361e-05,5.958554538665339e-06,0.00018599294708110392,0.0001189679533126764,3.415012179175392e-05,0.00024503550957888365,0.00011237103899475187,0.00025910898693837225,9.068991494132206e-05,3.1847590435063466e-05,0.0006971504772081971,0.00013344890612643212,4.0510167309548706e-05,0.00013051573478151113,0.0001302205491811037,0.0011160664726048708,4.1773404518608004e-05,2.2690659534418955e-05,4.414368959260173e-05,0.000434124463936314,0.0004989711451344192,0.0018696185434237123,2.8632761313929223e-05,0.00027009996119886637,0.0004371981485746801,0.00037155617610551417,6.39721292827744e-06,4.565685230772942e-05,0.0003532748087309301,7.695675594732165e-05,2.2625377823715098e-05,0.0
19020.0,1.542975405754987e-05,0.0030081041622906923,0.0010722217848524451,0.0003627958649303764,0.00011801368236774579,3.082402884047042e-07,0.001372452825307846,0.0004510261642280966,5.5697066272841766e-05,0.00047649635234847665,0.0003464386973064393,0.000271863944362849,9.20363308978267e-05,3.1846753699937835e-05,2.3959813916007988e-05,0.00018810105393640697,0.00016326582408510149,0.00016606194549240172,1.3967143786430825e-05,4.819282912649214e-05,0.00031995383324101567,0.0005488460301421583,0.0001706028706394136,0.0002879751264117658,0.0,0.0002058722311630845,0.0009469368378631771,0.0006945909699425101,6.574043072760105e-05,5.898262315895408e-06,0.00018421359709464014,0.00011783534137066454,3.38194404321257e-05,0.00024268169363494962,0.00011129366612294689,0.00025659575476311147,8.981028076959774e-05,3.152940917061642e-05,0.0006909026415087283,0.0001322012540185824,4.0111379348672926e-05,0.00012925744522362947,0.00012897672422695905,0.0011059348471462727,4.135524432058446e-05,2.246216536150314e-05,4.371028262539767e-05,0.0004300304572097957,0.0004942771047353745,0.0018525709165260196,2.835146733559668e-05,0.00026752264238893986,0.0004331457894295454,0.00036810553865507245,6.33326317256433e-06,4.521498703979887e-05,0.0003500042366795242,7.621662371093407e-05,2.2405251002055593e-05,0.0
19080.0,1.527351741970051e-05,0.0029809363186359406,0.0010623467387631536,0.0003594331501517445,0.00011688248923746869,3.050197392440168e-07,0.001359739457257092,0.00044671777868643403,5.51558259758167e-05,0.00047199547407217324,0.00034316087840124965,0.0002692722773645073,9.113652777159587e-05,3.15319121000357e-05,2.3720904209767468e-05,0.0001863038633018732,0.0001616965455468744,0.0001645019801799208,1.3824162124365102e-05,4.771340172737837e-05,0.00031691737240180373,0.0005436773062683642,0.00016895978478714824,0.0002853040932677686,0.0,0.00020390575809869915,0.0009382730931974947,0.0006882642628625035,6.51138907414861e-05,5.8379700931254774e-06,0.00018243423255626112,0.00011670272942865267,3.348875543451868e-05,0.0002403278776910156,0.0001102162932511419,0.0002540825225878507,8.893064659787342e-05,3.121122790616937e-05,0.0006846547476015985,0.00013095358735881746,3.971259138779715e-05,0.00012799915566574782,0.00012773291382472962,0.0010958031052723527,4.093708412256092e-05,2.2233671188587323e-05,4.327687929617241e-05,0.00042593645048327744,0.0004895831225439906,0.001835523289628327,2.807017335726414e-05,0.00026494532357901335,0.00042909340118058026,0.00036465490120463073,6.269313416851219e-06,4.477312177186832e-05,0.0003467336646281183,7.547649147454649e-05,2.218512599938549e-05,0.0
19140.0,1.5117282600840554e-05,0.002953768242150545,0.001052471692673862,0.00035607043537311256,0.00011575128883123398,3.0179919008332945e-07,0.001347026089206338,0.000442409364040941,5.4614589316770434e-05,0.0004674946248997003,0.00033988308859989047,0.00026668061036616564,9.023673192132264e-05,3.121707050013356e-05,2.3481992684537545e-05,0.00018450668721925467,0.00016012726700864732,0.00016294200031552464,1.368118046229938e-05,4.72339779662434e-05,0.00031388094066642225,0.0005385085241869092,0.0001673167134867981,0.0002826330892276019,0.0,0.00020193927048239857,0.0009296094067394733,0.0006819376139901578,6.448734347941354e-05,5.7776778703555465e-06,0.00018065488256979734,0.00011557011748664081,3.3158074074890465e-05,0.0002379740762989968,0.00010913892037933692,0.0002515692904125899,8.805100515019149e-05,3.089304664172232e-05,0.0006784069119021297,0.0001297059206990525,3.9313807064900175e-05,0.00012674086610786617,0.00012648908887058496,0.0010856714798137546,4.0518923924537376e-05,2.2005175196682103e-05,4.2843472328968346e-05,0.0004218424146529287,0.00048488908214494586,0.0018184755463153124,2.7788879378931597e-05,0.0002623680338729173,0.00042504104203544557,0.00036120423465035856,6.205364115885459e-06,4.433126014191657e-05,0.00034346309257671237,7.473635923815891e-05,2.1964999177725986e-05,0.0
19200.0,1.4970715710660443e-05,0.0029281077440828085,0.0010431548580527306,0.00035289896186441183,0.0001146865397458896,2.9878398777327675e-07,0.0013350354274734855,0.0004383531922940165,5.4105559684103355e-05,0.00046325442963279784,0.0003367954050190747,0.00026424037059769034,8.9390785433352e-05,3.0921273719286546e-05,2.3257653083419427e-05,0.00018281473603565246,0.0001586504076840356,0.0001614719076314941,1.354714095214149e-05,4.678373079514131e-05,0.0003110211400780827,0.0005336382309906185,0.00016577058704569936,0.00028011409449391067,0.0,0.0002000879030674696,0.0009214323363266885,0.0006759648094885051,6.389739428414032e-05,5.7211509556509554e-06,0.00017898080113809556,0.00011450420424807817,3.284718331997283e-05,0.00023576007515657693,0.00010812542313942686,0.00024920672876760364,8.722411439521238e-05,3.059449591091834e-05,0.0006725061684846878,0.0001285304460907355,3.8939273508731276e-05,0.00012555757712107152,0.00012531875108834356,0.0010761097073554993,4.012660792795941e-05,2.1790883693029173e-05,4.243636067258194e-05,0.00041798732127062976,0.0004804683558177203,0.0018023909069597721,2.752466025413014e-05,0.0002599428116809577,0.0004212212224956602,0.0003579519980121404,6.145361567178043e-06,4.3915832065977156e-05,0.0003403800365049392,7.404023926937953e-05,2.1758110960945487e-05,0.0
19260.0,1.4825029211351648e-05,0.002902584383264184,0.0010338887805119157,0.0003497449215501547,0.00011362782242940739,2.957874585263198e-07,0.0013231104239821434,0.00043431995436549187,5.359945498639718e-05,0.00045903795398771763,0.00033372503821738064,0.0002618138969410211,8.85497429408133e-05,3.0627212254330516e-05,2.3034639525576495e-05,0.00018113234546035528,0.00015718194481451064,0.00016000999312382191,1.3413913620752282e-05,4.633613207261078e-05,0.0003081774339079857,0.0005287951207719743,0.000164233279065229,0.0002776089240796864,0.0,0.00019824701303150505,0.0009132995619438589,0.0006700241938233376,6.33107774774544e-05,5.664966010954231e-06,0.00017731629486661404,0.00011344435915816575,3.25380933645647e-05,0.00023355879238806665,0.00010711773938965052,0.0002468578750267625,8.640201122034341e-05,3.0297727789729834e-05,0.0006666369736194611,0.0001273615489481017,3.8566944567719474e-05,0.00012438111298251897,0.00012415509263519198,0.001066599739715457,3.973663842771202e-05,2.157788367185276e-05,4.2031639168271795e-05,0.0004141539102420211,0.0004760724550578743,0.0017863938119262457,2.7261992727289908e-05,0.00025753144291229546,0.00041742256144061685,0.00035471777664497495,6.085717814130476e-06,4.350280505605042e-05,0.00033731397707015276,7.334812835324556e-05,2.1552426915150136e-05,0.0
19320.0,1.4679341802548151e-05,0.0028770610224455595,0.0010246227029711008,0.0003465908521320671,0.00011256910511292517,2.927909292793629e-07,0.0013111855369061232,0.00043028671643696725,5.3093353926669806e-05,0.0004548214783426374,0.0003306546714156866,0.0002593874523881823,8.7708693172317e-05,3.033314715139568e-05,2.281162414874416e-05,0.0001794499548850581,0.00015571346739307046,0.0001585480640642345,1.3280687198857777e-05,4.588853335008025e-05,0.00030533369863405824,0.0005239520105533302,0.0001626959565328434,0.00027510375366546214,0.0,0.00019640610844362527,0.0009051667875610292,0.0006640836363658309,6.272415339481086e-05,5.6087815210048575e-06,0.0001756517740432173,0.00011238450679229572,3.222900704713538e-05,0.0002313575241714716,0.00010611004836391658,0.0002445090503897518,8.557991532143205e-05,3.0000959668541327e-05,0.0006607677787542343,0.0001261926518054679,3.819461562670767e-05,0.00012320464884396642,0.0001229914341820404,0.0010570896556600928,3.934667256544344e-05,2.136488546966575e-05,4.162691402598284e-05,0.00041032052831724286,0.00047167655429802835,0.0017703966004773974,2.6999325200449675e-05,0.00025512007414363325,0.0004136239003855735,0.00035148358438163996,6.02607451583026e-06,4.308978168410249e-05,0.0003342479467391968,7.265601016115397e-05,2.134674105036538e-05,0.0
19380.0,1.4533654393744655e-05,0.0028515374287962914,0.001015356625430286,0.0003434367827139795,0.00011151039507240057,2.89794400032406e-07,0.001299260533414781,0.00042625347850844264,5.2587252866942436e-05,0.0004506050026975572,0.0003275842755101621,0.000256960978731513,8.68676434038207e-05,3.0039083867450245e-05,2.2588608771911822e-05,0.00017776757886167616,0.0001542450045235455,0.00015708613500464708,1.314745986746857e-05,4.544093826552853e-05,0.0003024899633601308,0.000519108900334686,0.00016115864855237305,0.00027259858325123787,0.0,0.00019456521840766072,0.0008970340131781995,0.0006581430207006633,6.213753658812493e-05,5.552596576308133e-06,0.0001739872677717358,0.00011132466170238331,3.191991709172726e-05,0.00022915624140296131,0.00010510236461414024,0.0002421601820969954,8.475781214656308e-05,2.970419154735282e-05,0.0006548985256813467,0.0001250237546628341,3.782229032367468e-05,0.00012202818470541388,0.00012182777572888881,0.0010475796880200505,3.895670670317486e-05,2.1151885448489338e-05,4.1222192521672696e-05,0.00040648714639246464,0.0004672806535381824,0.001754399505443871,2.6736657673609443e-05,0.0002527086762711406,0.00040982523933053017,0.00034824939211830497,5.966430762782693e-06,4.2676754674175754e-05,0.0003311819164082408,7.196389196906239e-05,2.1141055185580626e-05,0.0
19440.0,1.4387966984941158e-05,0.002826014067977667,0.0010060906643047929,0.00034028274239972234,0.00011045167775591835,2.8679787078544905e-07,0.0012873356463387609,0.000422220240579918,5.208114816923626e-05,0.00044638849794864655,0.0003245139087084681,0.00025453450507484376,8.6026600911282e-05,2.9745018764515407e-05,2.236559521406889e-05,0.00017608518828637898,0.00015277654165402055,0.00015562422049697489,1.3014233445574064e-05,4.4993339542998e-05,0.00029964622808620334,0.0005142657901160419,0.0001596213405719027,0.0002700934128370136,0.0,0.00019272431381978095,0.0008889012387953699,0.0006522024050354958,6.1550919781439e-05,5.4964120863587596e-06,0.00017232276150025427,0.00011026480933651328,3.161082713631913e-05,0.00022695495863445103,0.0001040946735884063,0.0002398113429080695,8.393570897169411e-05,2.9407425245153718e-05,0.0006490293308161199,0.0001238548575202003,3.744996138266288e-05,0.00012085172056686133,0.00012066411727573723,0.0010380697203800082,3.856674084090628e-05,2.0938885427312925e-05,4.081747101736255e-05,0.00040265373536385596,0.00046288478188216686,0.0017384024104103446,2.647399014676921e-05,0.00025029730750247836,0.00040602654917165637,0.0003450151707511395,5.906787009735126e-06,4.2263731302227825e-05,0.00032811585697345436,7.12717737769708e-05,2.0935371139785275e-05,0.0
19500.0,1.4251125321607105e-05,0.002801882801577449,0.0009973393753170967,0.00033730495488271117,0.00010945402755169198,2.8398869744705735e-07,0.0012760767713189125,0.0004184188728686422,5.160461660125293e-05,0.00044241189607419074,0.00032161848503164947,0.0002522472641430795,8.523496944690123e-05,2.946841595985461e-05,2.2155927581479773e-05,0.00017449955339543521,0.00015139300376176834,0.00015424503362737596,1.2889177924080286e-05,4.457247268874198e-05,0.0002969650086015463,0.0005096974200569093,0.00015817309031262994,0.00026772834826260805,0.0,0.0001909892598632723,0.0008812174783088267,0.0006465884507633746,6.099795427871868e-05,5.443669124360895e-06,0.00017075495270546526,0.00010926624963758513,3.1319901609094813e-05,0.0002248820528620854,0.00010314564860891551,0.00023760073236189783,8.316199819091707e-05,2.9128619644325227e-05,0.0006434806273318827,0.00012275240442249924,3.70998568541836e-05,0.0001197441088152118,0.00011956796515733004,0.0010290854843333364,3.820042184088379e-05,2.073887299047783e-05,4.043684384669177e-05,0.0003990400582551956,0.00045874022180214524,0.001723293331451714,2.6226971385767683e-05,0.0002480256953276694,0.00040244206320494413,0.00034196366323158145,5.850755769643001e-06,4.187496597296558e-05,0.0003252224996685982,7.062007352942601e-05,2.074182702926919e-05,0.0
19560.0,1.4115088561084121e-05,0.002777877962216735,0.000988634885288775,0.00033434320357628167,0.00010846193617908284,2.8119654871261446e-07,0.0012648784322664142,0.0004146386054344475,5.113076986162923e-05,0.0004384571220725775,0.00031873895204626024,0.00024997268337756395,8.444783452432603e-05,2.91933974949643e-05,2.1947475033812225e-05,0.00017292270786128938,0.00015001717838458717,0.0001528733700979501,1.2764866369252559e-05,4.41540360043291e-05,0.0002942985447589308,0.0005051540210843086,0.00015673294547013938,0.0002653760020621121,0.0,0.0001892638101708144,0.0008735745796002448,0.0006410041241906583,6.044804831617512e-05,5.39123902854044e-06,0.0001691959478193894,0.00010827326332218945,3.1030627724248916e-05,0.00022282083227764815,0.00010220196418231353,0.0002354027092223987,8.2392682088539e-05,2.885144749598112e-05,0.0006379610858857632,0.00012165599036961794,3.675177140394226e-05,0.00011864274711115286,0.0001184779466711916,0.0010201489785686135,3.78362528863363e-05,2.054004289675504e-05,4.0058406739262864e-05,0.0003954463463742286,0.0004546185373328626,0.0017082649283111095,2.598137507447973e-05,0.00024576677242293954,0.00039887704770080745,0.0003389287448953837,5.795052402390866e-06,4.148840525886044e-05,0.0003223448293283582,6.997204036451876e-05,2.0549387045321055e-05,0.0
19620.0,1.3979050891066436e-05,0.0027538733556866646,0.0009799303952604532,0.00033138145226985216,0.00010746983753051609,2.7840439997817157e-07,0.0012536802096292377,0.0004108583088964224,5.0656926759984344e-05,0.00043450231896713376,0.000315859419060871,0.00024769813171587884,8.366069960175082e-05,2.8918380849063396e-05,2.1739020667155273e-05,0.00017134586232714355,0.000148641353007406,0.00015150172112043947,1.2640554814424831e-05,4.373559931991622e-05,0.0002916320809163153,0.0005006106221117079,0.0001552927860757336,0.0002630236849654466,0.0,0.0001875383750302717,0.0008659316226840019,0.000635419855825603,5.989814599161036e-05,5.338808932719985e-06,0.00016763692838139832,0.00010728027700679377,3.074135383940302e-05,0.0002207596116932109,0.00010125827247975394,0.00023320467153098434,8.162336598616093e-05,2.857427352864761e-05,0.0006324415444396436,0.00012055957631673664,3.6403685953700915e-05,0.00011754139268305153,0.00011738792090909556,0.0010112124728038907,3.74720839317888e-05,2.034121280303225e-05,3.967997326981276e-05,0.0003918526053894311,0.00045049685286358,0.0016932366415858269,2.573577694420237e-05,0.00024350783496629447,0.00039531203219667077,0.000335893826559186,5.73934903513873e-06,4.1101844544755295e-05,0.00031946715898811817,6.932400719961151e-05,2.035694706137292e-05,0.0
19680.0,1.384301322104875e-05,0.0027298685163259506,0.0009712259052321315,0.00032841970096342266,0.00010647773888194934,2.7561222282201925e-07,0.0012424818705767393,0.0004070780414622277,5.018308002036065e-05,0.00043054751586169004,0.00031297991517931223,0.0002454235509503633,8.2873557403218e-05,2.864336420316249e-05,2.1530568119487725e-05,0.0001697690022410825,0.00014726552763022482,0.0001501300575910136,1.2516243259597104e-05,4.3317166273482144e-05,0.0002889656461775303,0.0004960672231391072,0.00015385264123324305,0.00026067133876495063,0.0,0.0001858129253378138,0.0008582886657677591,0.0006298355874605477,5.93482400290668e-05,5.28637883689953e-06,0.00016607790894340724,0.00010628729069139808,3.045207995455712e-05,0.00021869837655685842,0.00010031458077719435,0.00023100664839148521,8.085405715974048e-05,2.8297101380303502e-05,0.0006269220029935241,0.00011946316226385534,3.605560414143838e-05,0.0001164400382549502,0.00011629790242295712,0.0010022759670391679,3.71079113392625e-05,2.014238270930946e-05,3.9301536162383854e-05,0.0003882588935084641,0.0004463751392904669,0.0016782082384452224,2.5490180632914416e-05,0.00024124891206156462,0.0003917470166925341,0.00033285890822298825,5.683646122633945e-06,4.071528383065015e-05,0.00031658948864787817,6.867597403470427e-05,2.0164505258435383e-05,0.0
19740.0,1.3706976460525766e-05,0.0027058636769652367,0.0009625214734114707,0.00032545794965699315,0.00010548564023338258,2.7282007408757636e-07,0.001231283531524241,0.000403297774028033,4.970923328073695e-05,0.00042659271275624633,0.000310100382193923,0.00024314898473676294,8.20864224806428e-05,2.8368347557261586e-05,2.1322113752830774e-05,0.00016819215670693666,0.00014588970225304365,0.00014875839406158775,1.2391931704769377e-05,4.289872958906926e-05,0.0002862991823349148,0.0004915238241665065,0.0001524124963907525,0.00025831902166828513,0.0,0.0001840874901972711,0.0008506457670591772,0.0006242512608878314,5.879833406652324e-05,5.233948741079075e-06,0.00016451888950541615,0.0001052943043760024,3.0162806069711223e-05,0.00021663715597242117,9.937088907463476e-05,0.00022880861070007086,8.008474105736241e-05,2.8019929231959395e-05,0.0006214024033397436,0.00011836675548693165,3.570751869119704e-05,0.00011533867655089125,0.00011520788393681869,0.000993339461274445,3.6743742384715006e-05,1.9943550796597265e-05,3.8923099054954946e-05,0.0003846651816274971,0.0004422534548211843,0.0016631799517199397,2.5244584321626462e-05,0.00023898998915683478,0.00038818197208456695,0.0003298239898867905,5.6279427553818095e-06,4.032872311654501e-05,0.00031371181830763817,6.802794814575464e-05,1.997206527448725e-05,0.0
19800.0,1.3579045116784982e-05,0.0026831463910639286,0.0009542923071421683,0.0003226588887628168,0.00010454975563334301,2.7019916615245165e-07,0.0012207000982016325,0.00039973101229406893,4.926258043269627e-05,0.0004228590114507824,0.00030738208442926407,0.00024100263544823974,8.134470408549532e-05,2.810936166497413e-05,2.11259084608173e-05,0.0001667043979978189,0.00014459203521255404,0.00014746302622370422,1.2275101653358433e-05,4.250482743373141e-05,0.00028378242859616876,0.00048723374493420124,0.00015105429338291287,0.00025609598378650844,0.0,0.00018245949468109757,0.0008434176561422646,0.0006189688574522734,5.82794236834161e-05,5.1846704991476145e-06,0.0001630488404771313,0.00010435772855998948,2.989022686961107e-05,0.00021469399507623166,9.848115587374195e-05,0.00022673762578051537,7.935988833196461e-05,2.7759222575696185e-05,0.0006161792553029954,0.00011733158316928893,3.537983138812706e-05,0.00011430062295403332,0.00011417997302487493,0.0009848886402323842,3.6401248507900164e-05,1.975662053155247e-05,3.856678449665196e-05,0.00038127379957586527,0.0004383633204270154,0.0016489715781062841,2.5013350750668906e-05,0.00023685966152697802,0.0003848144842777401,0.0003269575536251068,5.575550403591478e-06,3.996445593656972e-05,0.0003109934041276574,6.741707329638302e-05,1.979077933356166e-05,0.0
19860.0,1.3451851373247337e-05,0.0026605462189763784,0.0009461064473725855,0.00031987461261451244,0.00010361898603150621,2.675938333140948e-07,0.001210172544233501,0.0003961836628150195,4.881839413428679e-05,0.0004191453626845032,0.0003046784258913249,0.0002388679567957297,8.060711115831509e-05,2.785183460218832e-05,2.0930816390318796e-05,0.0001652247301535681,0.00014330146950669587,0.0001461745850974694,1.2158952813479118e-05,4.211315172142349e-05,0.000281279266346246,0.00048296665772795677,0.0001497035555075854,0.00025388473295606673,0.0,0.0001808403612812981,0.000836227263789624,0.0006137138698250055,5.776332909590565e-05,5.135678293299861e-06,0.00016158688231371343,0.00010342627501813695,2.961916288768407e-05,0.00021276155894156545,9.759633394423872e-05,0.00022467818052973598,7.86390810390003e-05,2.7500012947712094e-05,0.0006109829992055893,0.00011630197695922107,3.5053999454248697e-05,0.00011326831736369058,0.00011315770825603977,0.0009764819405972958,3.606071913964115e-05,1.957076892722398e-05,3.82124817406293e-05,0.00037790084024891257,0.0004344942281022668,0.0016348378267139196,2.47834250330925e-05,0.00023474101908504963,0.0003814649535343051,0.00032410642597824335,5.523459094547434e-06,3.960221874876879e-05,0.0003082894836552441,6.6809581767302e-05,1.9610508388723247e-05,0.0
19920.0,1.332465762970969e-05,0.0026379458140581846,0.0009379205293953419,0.00031709036557003856,0.0001026882091537118,2.6498847205402853e-07,0.0011996448738500476,0.00039263631333597004,4.837421147385612e-05,0.00041543174302205443,0.0003019747673533857,0.00023673327814321965,7.986952550709248e-05,2.7594307539402507e-05,2.0735724319820292e-05,0.0001637450623093173,0.0001420109038008377,0.0001448861585231498,1.2042803973599803e-05,4.1721479647094384e-05,0.0002787761332001537,0.0004786995705217123,0.00014835281763225794,0.00025167345302179456,0.0,0.00017922124243341386,0.0008290368714369833,0.0006084588821977377,5.7247238146374e-05,5.086686542199459e-06,0.00016012490959838033,0.00010249482147628441,2.9348100724746473e-05,0.00021082913735881448,9.671150473877788e-05,0.00022261874983087182,7.791827374603599e-05,2.7240803319728002e-05,0.0006057867431081831,0.0001152723707491532,3.472816388239153e-05,0.00011223601177334785,0.00011213544348720461,0.0009680752409622073,3.5720193409360945e-05,1.9384919141884893e-05,3.785817898460664e-05,0.0003745278518181294,0.00043062513577751815,0.0016207040753215551,2.455349749652669e-05,0.00023262237664312124,0.00037811542279087007,0.0003212552983313799,5.471367785503389e-06,3.923998156096786e-05,0.0003055855631828308,6.620209023822099e-05,1.943023562489543e-05,0.0
19980.0,1.3197463886172045e-05,0.0026153456419706345,0.0009297346114180982,0.0003143060894217342,0.00010175743227591738,2.6238311079396226e-07,0.001189117319881916,0.0003890889638569206,4.7930025175446644e-05,0.00041171812335960567,0.0002992711088154465,0.00023459858493879437,7.913193257991225e-05,2.7336780476616696e-05,2.054063224932179e-05,0.0001622653944650665,0.00014072033809497952,0.00014359771739691496,1.1926655133720487e-05,4.1329807572765276e-05,0.0002762730000540614,0.00047443248331546783,0.00014700207975693047,0.0002494621730875224,0.0,0.0001776021090336144,0.0008218465372920036,0.0006032038363628089,5.673114355886355e-05,5.037694336351706e-06,0.00015866295143496245,0.00010156336793443188,2.9077036742819473e-05,0.0002088967157760635,9.582668280927464e-05,0.00022055930458009243,7.719746645307168e-05,2.698159369174391e-05,0.000600590487010777,0.00011424277181504294,3.4402331948513165e-05,0.00011120371345896274,0.00011111317871836945,0.0009596685413271189,3.537966767908074e-05,1.9199069356545806e-05,3.750387259060517e-05,0.0003711548924911767,0.0004267560434527695,0.0016065704403445125,2.432357177895028e-05,0.00023050373420119286,0.00037476589204743505,0.000318404141580686,5.419276476459345e-06,3.8877744373166934e-05,0.0003028816427104175,6.559459870913997e-05,1.924996468005702e-05,0.0
20040.0,1.30702701426344e-05,0.0025927452370524406,0.0009215487516485155,0.00031152184237726033,0.00010082666267408058,2.597777779556054e-07,0.0011785897659137845,0.00038554161437787116,4.7485842515015975e-05,0.0004080045036971569,0.0002965674502775073,0.00023246390628628433,7.839434692868963e-05,2.707925159484148e-05,2.0345540178823285e-05,0.0001607857266208157,0.00013942977238912135,0.00014230927627068013,1.181050538434647e-05,4.093813549843617e-05,0.00027376983780413866,0.00047016539610922337,0.000145651341881603,0.0002472508931532502,0.0,0.00017598297563381493,0.000814656144939363,0.0005979488487355411,5.6215052609331906e-05,4.9887021305039525e-06,0.00015720097871962935,0.00010063192166853696,2.8805974579881877e-05,0.0002069642796413973,9.49418536038138e-05,0.00021849987388122827,7.647665188414976e-05,2.672238406375982e-05,0.0005953942309133708,0.00011321316560497507,3.4076496376655996e-05,0.00011017140786862001,0.0001100909139495343,0.0009512618416920304,3.5039141948800534e-05,1.901321957120672e-05,3.714956983458251e-05,0.00036778190406039357,0.0004228869511280209,0.001592436688952148,2.409364424238447e-05,0.00022838509175926447,0.000371416361304,0.0003155530139338225,5.3671851674153e-06,3.8515507185366005e-05,0.0003001777222380042,6.498710718005896e-05,1.9069691916229203e-05,0.0
20100.0,1.2950516975251958e-05,0.0025713371578603983,0.0009138023597188294,0.00030888794572092593,9.9947712442372e-05,2.5732919084475725e-07,0.0011686304351314902,0.0003821911523118615,4.706669642473571e-05,0.00040449490188620985,0.00029401257052086294,0.00023044749104883522,7.76985616539605e-05,2.683646926016081e-05,2.0161704014753923e-05,0.00015938820433802903,0.0001382112386636436,0.00014109128096606582,1.1701218681992032e-05,4.056901525473222e-05,0.00027140480233356357,0.00046613209997303784,0.00014437612844631076,0.00024515914265066385,0.0,0.00017445371486246586,0.0008078495156951249,0.000592973199672997,5.572754525928758e-05,4.9426012083131354e-06,0.00015582097694277763,9.975245484383777e-05,2.8550277420436032e-05,0.0002051406045211479,9.410673374077305e-05,0.0002165573532693088,7.579677185276523e-05,2.6478293875698e-05,0.0005904724239371717,0.0001122400863096118,3.3769414585549384e-05,0.0001091973899747245,0.0001091258818632923,0.0009433043887838721,3.471851232461631e-05,1.8838287360267714e-05,3.6815607018070295e-05,0.0003645955875981599,0.0004192314518149942,0.0015790612669661641,2.387692620686721e-05,0.0002263849601149559,0.00036824928247369826,0.0003128574462607503,5.318133844411932e-06,3.817379547399469e-05,0.0002976209216285497,6.441383447963744e-05,1.8899683709605597e-05,0.0
20160.0,1.2831441381422337e-05,0.002550037344917655,0.0009060960146598518,0.0003062677278649062,9.907346975523978e-05,2.5489487143204315e-07,0.0011587227927520871,0.0003788586182054132,4.6649827709188685e-05,0.0004010038683190942,0.0002914711949415505,0.00022844181512482464,7.700658170506358e-05,2.6595027520670556e-05,1.9978891941718757e-05,0.0001579981471877545,0.0001369992533000186,0.000139879688504152,1.159255589300301e-05,4.020194319309667e-05,0.0002690523397177458,0.0004621200787369162,0.0001431077835150063,0.0002430782187730074,0.0,0.0001729326177155599,0.0008010778110474348,0.0005880229873582721,5.524263542611152e-05,4.89676267534378e-06,0.00015444844029843807,9.887772466754541e-05,2.829597724485211e-05,0.00020332681015133858,9.327613224741071e-05,0.00021462547010742128,7.512060983572155e-05,2.623557702463586e-05,0.0005855755298398435,0.00011127214384032413,3.346403536852449e-05,0.00010822866897797212,0.00010816605208674446,0.0009353877976536751,3.4399690775899217e-05,1.866434649855364e-05,3.6483492294792086e-05,0.0003614262386690825,0.0004155954229645431,0.0015657548792660236,2.3661406885366887e-05,0.00022439559688791633,0.0003650987637229264,0.0003101760521531105,5.2693585530505516e-06,3.78339464077726e-05,0.0002950774796772748,6.384368316503242e-05,1.873060864454601e-05,0.0
20220.0,1.2712364878098015e-05,0.0025287377648055553,0.0008983896113932133,0.00030364751000888646,9.819923434406519e-05,2.5246058044103847e-07,0.001148815150372684,0.00037552605499513447,4.623296263162047e-05,0.0003975128347519785,0.0002889298484660685,0.0002264361537527293,7.631460175616667e-05,2.6353583962190896e-05,1.9796081687672995e-05,0.00015660809003748,0.00013578726793639362,0.00013866809604223818,1.1483893104013987e-05,3.9834871131461114e-05,0.000266699877101928,0.000458108086604625,0.00014183943858370185,0.00024099730944726616,0.0,0.00017141152056865394,0.0007943061063997447,0.0005830727168358862,5.4757729230914265e-05,4.850924142374424e-06,0.00015307588910218328,9.800298721529543e-05,2.804167706926819e-05,0.00020151303033344448,9.244553803000599e-05,0.00021269358694553375,7.444444054272026e-05,2.5992860173573717e-05,0.0005806786939501762,0.00011030420864699408,3.3158659789478406e-05,0.00010725995525717735,0.00010720622231019661,0.0009274711483158171,3.408086922718212e-05,1.8490407455828972e-05,3.615137393353507e-05,0.0003582568606361747,0.00041195936501026154,0.0015524483751505613,2.3445887563866563e-05,0.00022240623366087675,0.00036194827407598495,0.00030749462894164026,5.220583716436522e-06,3.749410097952932e-05,0.00029253403772599995,6.327352457446977e-05,1.8561533579486422e-05,0.0
20280.0,1.2593289284268394e-05,0.002507437951862812,0.0008906832081265748,0.0003010272921528667,9.732499165693298e-05,2.5002626102832437e-07,0.0011389075079932809,0.0003721934917848557,4.581609391607344e-05,0.00039402180118486285,0.00028638847288675606,0.00022443049238063395,7.562262180726975e-05,2.611214222270064e-05,1.961326961463783e-05,0.00015521803288720548,0.00013457529712468386,0.00013745648902840912,1.1375230315024965e-05,3.946780270780437e-05,0.00026434738538227975,0.00045409606536850333,0.0001405710936523974,0.00023891640012152493,0.0,0.00016989042342174798,0.0007875344017520547,0.0005781224463135004,5.427282303571701e-05,4.805085609405069e-06,0.0001517033379059285,9.712825703900307e-05,2.7787376893684268e-05,0.00019969923596363515,9.161493653664365e-05,0.00021076170378364623,7.376827852567658e-05,2.5750143322511576e-05,0.000575781799852848,0.00010933626617770642,3.2853280572453514e-05,0.00010629123426042497,0.00010624639253364876,0.0009195545571856201,3.376205131644383e-05,1.8316468413104303e-05,3.581925921025686e-05,0.0003550875117070973,0.00040832330705597997,0.0015391419874504209,2.323036824236624e-05,0.00022041687043383718,0.0003587977553252131,0.00030481320573017,5.171808425075142e-06,3.715425555128604e-05,0.00028999062487855554,6.270336598390713e-05,1.8392458514426835e-05,0.0
20340.0,1.2474212780944072e-05,0.0024861381389200687,0.0008829768048599362,0.000298407074296847,9.645075624575838e-05,2.4759194161561027e-07,0.001128999749198556,0.00036886095767840743,4.5399225200526416e-05,0.0003905307676177472,0.0002838471264112741,0.00022242481645662338,7.493063458241522e-05,2.5870700483210385e-05,1.9430457541602664e-05,0.00015382797573693097,0.00013336331176105887,0.0001362448965664953,1.1266567526035942e-05,3.910073064616881e-05,0.00026199492276646197,0.0004500840441323817,0.00013930274872109294,0.0002368354907957837,0.0,0.00016836932627484202,0.0007807626971043646,0.0005731722339987755,5.378791320254095e-05,4.759247531183064e-06,0.0001503307867096737,9.62535195867531e-05,2.7533076718100347e-05,0.00019788544159382582,9.078433504328132e-05,0.0002088298206217587,7.30921165086329e-05,2.5507426471449435e-05,0.0005708849057555199,0.00010836832370841876,3.254790135542862e-05,0.00010532251326367259,0.00010528656275710091,0.000911637966055423,3.3443229767726734e-05,1.8142529370379634e-05,3.548714448697865e-05,0.00035191813367418945,0.0004046872491016984,0.0015258354833349586,2.301485073985532e-05,0.0002184275072067976,0.00035564726567827165,0.00030213178251869977,5.123033133713761e-06,3.6814406485063955e-05,0.00028744718292728066,6.213320739334449e-05,1.8223383449367248e-05,0.0
20400.0,1.2361978406261187e-05,0.002465943805873394,0.0008756774477660656,0.00029592603095807135,9.562436025589705e-05,2.453014076309046e-07,0.001119618071243167,0.00036571023520082235,4.500545037444681e-05,0.0003872282977681607,0.00028144323732703924,0.00022052838176023215,7.427719538100064e-05,2.5642839318607002e-05,1.9258006432210095e-05,0.00015251377772074193,0.0001322178286500275,0.00013509843847714365,1.1164208444824908e-05,3.875442416756414e-05,0.0002597700513433665,0.00044628814794123173,0.00013810410746373236,0.00023486517602577806,0.0,0.00016693121870048344,0.000774346524849534,0.0005684808129444718,5.332940781954676e-05,4.716064722742885e-06,0.00014903387636877596,9.542677435092628e-05,2.729294283199124e-05,0.00019617196812760085,8.999959391076118e-05,0.00020700570894405246,7.245367305586115e-05,2.5278613975387998e-05,0.0005662424373440444,0.00010745262989075854,3.2259787985822186e-05,0.0001044075470417738,0.00010437954915687442,0.0009041374432854354,3.31427036144305e-05,1.7978623873204924e-05,3.5173761716578156e-05,0.00034892119583673775,0.00040124854422174394,0.0015132313128560781,2.2811493181507103e-05,0.0002165475016226992,0.0003526654909364879,0.00029959421954117715,5.077053629065631e-06,3.649348218459636e-05,0.0002850398304872215,6.159461918286979e-05,1.8063765310216695e-05,0.0
20460.0,1.2250366125954315e-05,0.0024458500556647778,0.000868415052536875,0.00029345761868171394,9.480231528868899e-05,2.430239476325369e-07,0.0011102842399850488,0.00036257601459510624,4.4613774662138894e-05,0.0003839429991785437,0.0002790518628899008,0.0002186418860219419,7.362726319115609e-05,2.5416213247808628e-05,1.9086499378317967e-05,0.0001512064627604559,0.00013107838458381593,0.0001339578884653747,1.106242234527599e-05,3.841000216198154e-05,0.0002575567923486233,0.00044251192593947053,0.00013691181084141135,0.0002329049166291952,0.0,0.00016550066357012838,0.0007679626578465104,0.0005638129659928381,5.287330350256525e-05,4.673123839893378e-06,0.00014774383453186601,9.460439468966797e-05,2.7054096790379845e-05,0.00019446760416030884,8.921902190195397e-05,0.00020519140525721014,7.181865657912567e-05,2.5051065676962025e-05,0.0005616231355816126,0.0001065416872734204,3.197324258508161e-05,0.00010349747026339173,0.00010347733041271567,0.0008966747554950416,3.284384365542792e-05,1.7815631508710794e-05,3.486208152025938e-05,0.0003459399158600718,0.0003978277964051813,0.001500690937973559,2.2609241568716243e-05,0.000214677449548617,0.0003496990539133549,0.00029706975328736007,5.031328328186646e-06,3.617427501012571e-05,0.00028264481807127595,6.105889769969508e-05,1.7905009372043423e-05,0.0
20520.0,1.2138752936152741e-05,0.002425756072625518,0.0008611526573076844,0.000290989235509187,9.398027032148093e-05,2.407465160558786e-07,0.0011009502923116088,0.0003594418230932206,4.4222102587809786e-05,0.0003806576714850962,0.00027666048845276237,0.00021675537573173642,7.297732372535393e-05,2.5189587177010253e-05,1.8914990505436435e-05,0.0001498991623520851,0.00012993894051760435,0.00013281733845360577,1.0960637155221775e-05,3.806558015639894e-05,0.00025534353335388005,0.00043873570393770933,0.00013571951421909034,0.00023094465723261237,0.0,0.0001640700938878581,0.0007615788490511477,0.0005591451190412045,5.241719918558374e-05,4.63018250229652e-06,0.00014645379269495606,9.378201502840966e-05,2.681525074876845e-05,0.00019276325474493206,8.843844989314675e-05,0.0002033771015703678,7.118364737834781e-05,2.4823517378536053e-05,0.0005570037756115198,0.00010563074465608224,3.168669718434103e-05,0.00010258738620905206,0.00010257511894451454,0.0008892121259123087,3.2544980058446527e-05,1.7652639144216664e-05,3.45503976859618e-05,0.0003429586358834058,0.0003944070194847882,0.0014881504466757178,2.2406989955925383e-05,0.0002128073974745348,0.00034673261689022183,0.000294545287033543,4.985603027307661e-06,3.585507147363387e-05,0.0002802498347591609,6.0523179854499176e-05,1.7746251614880748e-05,0.0
20580.0,1.202714065584587e-05,0.0024056623224169016,0.0008538902620784938,0.00028852085233666003,9.315822535427287e-05,2.384690560575109e-07,0.0010916164610534906,0.00035630763159133494,4.383042687550187e-05,0.00037737234379164875,0.00027426911401562393,0.00021486887999344617,7.232739153550938e-05,2.496296110621188e-05,1.8743481632554904e-05,0.00014859186194371432,0.00012879949645139277,0.00013167678844183683,1.0858851055672858e-05,3.772116178879514e-05,0.0002531302743591368,0.00043495948193594813,0.00013452721759676933,0.00022898439783602953,0.0,0.00016263953875750303,0.0007551949820481241,0.0005544772720895708,5.196109486860223e-05,4.5872411646996625e-06,0.00014516375085804611,9.295963536715135e-05,2.657640288816765e-05,0.00019105889077764004,8.765787788433954e-05,0.00020156278333161026,7.054863090161234e-05,2.459596908011008e-05,0.000552384473849088,0.00010471980203874409,3.140015542157926e-05,0.00010167730215471238,0.0001016729002003558,0.0008817494381219149,3.2246116461465135e-05,1.7489646779722534e-05,3.423871748964302e-05,0.00033997735590673983,0.0003909862716682255,0.0014756100717931986,2.2204738343134522e-05,0.00021093734540045261,0.00034376620897091925,0.00029202079167589545,4.939877726428676e-06,3.553586793714203e-05,0.0002778548514470458,5.998746200930327e-05,1.7587493857718073e-05,0.0
20640.0,1.1915528375538997e-05,0.0023855683393776417,0.0008466278668493032,0.0002860524400603026,9.233618038706481e-05,2.361915960591432e-07,0.0010822825133800507,0.0003531734400894493,4.3438751163193956e-05,0.00037408704520203173,0.00027187771047465503,0.0002129823697032407,7.167745206970721e-05,2.4736335035413504e-05,1.8571974578662775e-05,0.00014728456153534353,0.0001276600523851812,0.0001305362384300679,1.075706495612394e-05,3.737673978321254e-05,0.0002509170153643936,0.00043118325993418694,0.00013333492097444832,0.0002270241384394467,0.0,0.00016120896907523274,0.0007488111150451005,0.0005498094251379371,5.150499055162072e-05,4.5443002818501554e-06,0.0001438737235730514,9.213724842993543e-05,2.6337556846556254e-05,0.00018935452681034803,8.687730587553233e-05,0.00019974847964476794,6.991362170083448e-05,2.4368420781684108e-05,0.0005477651138789952,0.00010380885214544833,3.111361002083868e-05,0.00010076722537633032,0.00010077068873215467,0.000874286750331521,3.194725650246255e-05,1.7326654415228404e-05,3.392703729332425e-05,0.00033699607593007386,0.0003875655238516629,0.0014630696969106793,2.2002486730343662e-05,0.0002090672787744552,0.0003407997719477862,0.00028949632542207837,4.894151970802341e-06,3.521666076267138e-05,0.00027545986813493073,5.945174052612856e-05,1.7428736100555398e-05,0.0
20700.0,1.1810216165031306e-05,0.002366500673815608,0.0008397428318858147,0.0002837130450643599,9.155837324215099e-05,2.34046240166208e-07,0.0010734361130744219,0.0003502073814161122,4.306840855861083e-05,0.0003709762531798333,0.00026961357798427343,0.00021119689336046576,7.106309931259602e-05,2.452223634463735e-05,1.8410019038128667e-05,0.00014604740135837346,0.000126582061056979,0.0001294559915550053,1.0661079613782931e-05,3.7051464460091665e-05,0.0002488218015059829,0.0004276070976629853,0.0001322070456808433,0.00022516636818181723,0.0,0.0001598551607457921,0.0007427569944411516,0.0005453817429952323,5.107330798637122e-05,4.503802756516961e-06,0.00014265356003306806,9.135923028225079e-05,2.611178751976695e-05,0.0001877428439911455,8.613909449195489e-05,0.00019803365285042673,6.931342795724049e-05,2.41536781686591e-05,0.0005433820188045502,0.00010294626554241404,3.084298441535793e-05,9.99067779048346e-05,9.991728438762948e-05,0.0008672100375406444,3.166524402331561e-05,1.717289887892548e-05,3.363263022038154e-05,0.00033417425584048033,0.0003843273443635553,0.0014511804329231381,2.1811451006215066e-05,0.00020729830430354923,0.0003379895933903754,0.00028710506740026176,4.851001449424075e-06,3.4914926800411195e-05,0.0002731909044086933,5.894517744309269e-05,1.7278709492529742e-05,0.0
20760.0,1.170547602669103e-05,0.0023475263733416796,0.0008328920812346041,0.0002813853498082608,9.07845824258402e-05,2.3191289244550717e-07,0.0010646339505910873,0.0003472566313575953,4.270000135875307e-05,0.0003678813227452338,0.0002673609706107527,0.00020942061382811517,7.045198435662314e-05,2.4309278160217218e-05,1.824893115554005e-05,0.00014481662947218865,0.00012550967221613973,0.00012838123075198382,1.056562177836895e-05,3.672792809084058e-05,0.00024673735606484115,0.00042404915438964963,0.0001310850348090753,0.00022331791114993393,0.0,0.00015850832278374583,0.0007367329089902341,0.0005409758887253702,5.064384458819404e-05,4.463528057385702e-06,0.00014143975568003953,9.058524301508442e-05,2.5887207812047563e-05,0.00018613957217894495,8.540474664187059e-05,0.00019632787734735757,6.871639925520867e-05,2.3940101527841762e-05,0.0005390202859416604,0.00010208807361777872,3.05738030874636e-05,9.905084880301729e-05,9.906831110129133e-05,0.0008601683657616377,3.138476313324645e-05,1.7019983715726994e-05,3.33397947542835e-05,0.0003313669585622847,0.0003811057540588081,0.001439350307919085,2.162143573514186e-05,0.00020553851209115237,0.0003351936466060579,0.00028472591657191515,4.808084668184165e-06,3.46147789969109e-05,0.00027093340759165585,5.844126644660719e-05,1.712947414489463e-05,0.0
20820.0,1.1600736797845457e-05,0.002328552072867751,0.0008260413305833936,0.0002790576545521617,9.00107916095294e-05,2.2977954472480633e-07,0.0010558317881077528,0.000344305852195248,4.233159779687412e-05,0.0003647864214144647,0.0002651083923410624,0.00020764431974384934,6.984086212469265e-05,2.4096318156807683e-05,1.808784327295143e-05,0.0001435858430340886,0.00012443728337530047,0.00012730646994896233,1.0470163033460267e-05,3.640439172158949e-05,0.00024465288151986897,0.0004204911820124835,0.00012996300938539207,0.00022146945411805063,0.0,0.00015716147026978433,0.0007307087653316557,0.000536570034455508,5.0214381190016866e-05,4.423252903507091e-06,0.00014022596587892622,8.981124847196043e-05,2.5662628104328178e-05,0.0001845363003667444,8.467039151582867e-05,0.0001946221018442884,6.811937055317685e-05,2.372652306803502e-05,0.0005346586112864316,0.0001012298816931434,3.030462539754808e-05,9.819491970119998e-05,9.821933781495318e-05,0.0008531267521902919,3.1104282243177295e-05,1.6867066733539104e-05,3.304695928818546e-05,0.00032855963218025863,0.0003778841928578913,0.001427520182915032,2.143142046406865e-05,0.0002037787198787555,0.0003323976998217404,0.00028234676574356854,4.765168341691606e-06,3.4314631193410605e-05,0.0002686759107746184,5.7937355450121686e-05,1.6980238797259517e-05,0.0
20880.0,1.1495996659505181e-05,0.0023095777723938227,0.000819190579932183,0.0002767299592960626,8.923700806917623e-05,2.276461970041055e-07,0.0010470296256244183,0.00034135510213673115,4.1963190597016364e-05,0.0003616914909798652,0.0002628557849675417,0.0002058680256595835,6.922974716871977e-05,2.3883359972387552e-05,1.7926757209352218e-05,0.0001423550711479038,0.00012336487998254597,0.0001262316945940256,1.0374704288551584e-05,3.6080855352338403e-05,0.00024256842152681202,0.0004169332387391478,0.00012884099851362407,0.00021962099708616734,0.0,0.00015581463230773807,0.0007246846798807383,0.0005321642383933067,4.978491779183969e-05,4.3829777496284805e-06,0.00013901216152589768,8.903726120479405e-05,2.5438048396608792e-05,0.00018293302855454385,8.393603638978675e-05,0.00019291632634121925,6.752234912710264e-05,2.3512946427217685e-05,0.0005302969366312027,0.00010037168976850808,3.0035445888643153e-05,9.733899059938267e-05,9.737037180457264e-05,0.0008460850804112852,3.082379771512933e-05,1.671415157034062e-05,3.2754120184108615e-05,0.000325752334902063,0.0003746626025531441,0.0014156901743263006,2.1241405192995444e-05,0.00020201892766635865,0.0003296017530374229,0.00027996761491522193,4.722251560451696e-06,3.401448338991031e-05,0.0002664184139575809,5.743344081565738e-05,1.6831005268613808e-05,0.0
20940.0,1.1391256521164905e-05,0.0022906034719198942,0.0008123398292809725,0.0002744022640399635,8.846321725286543e-05,2.2551284928340465e-07,0.0010382275795564055,0.00033840432297438383,4.1594787035137415e-05,0.0003585965605452657,0.0002606032066978514,0.00020409173157531768,6.861862493678927e-05,2.3670399968978018e-05,1.77656693267636e-05,0.00014112428470980376,0.0001222924911417067,0.00012515693379100412,1.0279246453137603e-05,3.5757318983087316e-05,0.00024048394698183984,0.0004133752954658121,0.00012771898764185607,0.00021777254005428404,0.0,0.0001544677943456918,0.0007186605362221599,0.0005277583841234446,4.935545439366251e-05,4.34270259574987e-06,0.00013779835717286915,8.826327393762767e-05,2.5213468688889407e-05,0.0001813297567423433,8.320168126374483e-05,0.00019121055083815008,6.692532042507082e-05,2.3299367967410944e-05,0.0005259352619759738,9.951349784387276e-05,2.976626819872763e-05,9.648305422160774e-05,9.652139851823449e-05,0.0008390434668399394,3.0543316825060174e-05,1.6561236407142133e-05,3.2461284718010575e-05,0.00032294500852003694,0.00037144104135222733,0.0014038600493222475,2.1051388102932833e-05,0.0002002591354539618,0.00032680577714927495,0.0002775884640868753,4.6793352339591365e-06,3.3714335586410016e-05,0.00026416091714054346,5.6929529819171876e-05,1.6681769920978695e-05,0.0
21000.0,1.1292327144474257e-05,0.002272582845762372,0.0008058393723331392,0.00027219424373470247,8.773038280196488e-05,2.2350104700308293e-07,0.0010298776905983686,0.0003356092784088105,4.124610859435052e-05,0.0003556633892003447,0.0002584684989415109,0.00020240900630597025,6.804040458519012e-05,2.3469014195143245e-05,1.7613401723792776e-05,0.00013995845802128315,0.00012127698573749512,0.0001241380668943748,1.018913280859124e-05,3.5451463190838695e-05,0.0002385088591836393,0.00041000277269631624,0.0001266565959667787,0.00021601916523650289,0.0,0.00015319201338570565,0.0007129426812753081,0.0005235756398178637,4.894860467175022e-05,4.3046798055002e-06,0.00013664922153111547,8.753034489927813e-05,2.500097980373539e-05,0.00017981219571083784,8.250652172137052e-05,0.0001895967434393242,6.636048055952415e-05,2.3097603843780234e-05,0.0005217930884100497,9.87001258181408e-05,2.9511787943192758e-05,9.567302913637832e-05,9.571759437676519e-05,0.0008323601796291769,3.027837556146551e-05,1.6416835933341645e-05,3.218440542696044e-05,0.00032028541318140924,0.00036838860251009464,0.0013926343526691198,2.0871730157523416e-05,0.00019859288295265287,0.00032415473833680153,0.0002753328299149871,4.638793143385556e-06,3.343034040881321e-05,0.00026202030130662024,5.6452587159583345e-05,1.654060179134831e-05,0.0
21060.0,1.1193925274710637e-05,0.0022546490654349327,0.0007993706967681646,0.0002699970791582018,8.700126636540517e-05,2.2150028655687493e-07,0.0010215690126642585,0.00033282837830483913,4.0899223677115515e-05,0.0003527448861859739,0.0002563445013947785,0.00020073479390703142,6.746517465217039e-05,2.3268681616173126e-05,1.7461934476159513e-05,0.00013879853941034526,0.00012026665353914723,0.00012312427861616015,1.0099504834215622e-05,3.5147211747244e-05,0.00023654371034353971,0.0004066471301484853,0.00012559961760416627,0.00021427443425636739,0.0,0.00015192270802799612,0.000707252649590373,0.0005194132099859416,4.854381404584274e-05,4.266861651558429e-06,0.00013550596486311406,8.680114842718467e-05,2.4789589588181116e-05,0.00017830243450589478,8.181492739822716e-05,0.0001879912888398394,6.579856562893838e-05,2.2896912923897617e-05,0.0005176708800718188,9.789082105271518e-05,2.925864464486949e-05,9.486718045081943e-05,9.491789387539029e-05,0.0008257095469161868,3.00148476526374e-05,1.6273210349027067e-05,3.1908974051475525e-05,0.0003176392347086221,0.0003653515304904431,0.0013814636040478945,2.0693014448625036e-05,0.00019693514332175255,0.000321516883559525,0.00027308842982165515,4.598467512550997e-06,3.314781133667566e-05,0.00025989030837081373,5.5978096497710794e-05,1.6400168533436954e-05,0.0
21120.0,1.1095523404947016e-05,0.0022367152851074934,0.000792902079410851,0.0002677999436855316,8.627214992884547e-05,2.1949952611066692e-07,0.0010132603347301483,0.0003300474490970373,4.055234239785932e-05,0.00034982641227543354,0.0002542205329518765,0.00019906056695617735,6.688993744319305e-05,2.3068349037203006e-05,1.731046722852625e-05,0.00013763862079940736,0.00011925631406484172,0.00012211049033794552,1.0009876859840006e-05,3.48429566656705e-05,0.00023457856150344014,0.00040329148760065436,0.00012454263924155384,0.0002125297178281471,0.0,0.00015065338811837137,0.0007015626761130989,0.0005152507801540196,4.8139023419935256e-05,4.229043042869307e-06,0.00013436270819511265,8.607195195509121e-05,2.457819937262684e-05,0.00017679267330095172,8.112333307508379e-05,0.00018638584879226983,6.52366506983526e-05,2.2696222004015e-05,0.000513548671733588,9.708151628728956e-05,2.9005501346546225e-05,9.406132448930293e-05,9.4118200649973e-05,0.0008190588559955359,2.9751317924819887e-05,1.612958476471249e-05,3.163354267599061e-05,0.0003149930271320045,0.00036231448757462204,0.0013702928554266691,2.0514298739726655e-05,0.000195277389138937,0.00031887899967841804,0.0002708440297283232,4.558141881716438e-06,3.286528226453811e-05,0.0002577603154350072,5.5503602197859436e-05,1.6259733456536196e-05,0.0
21180.0,1.0997121535183396e-05,0.002218781504780054,0.0007864334620535374,0.0002656028082128614,8.554304076824337e-05,2.1749876566445892e-07,0.0010049515403807163,0.00032726654899306595,4.020545748062432e-05,0.0003469079383648932,0.0002520965354051441,0.0001973863400053233,6.631470751017332e-05,2.2868014639243484e-05,1.715900179988239e-05,0.00013647870218846947,0.00011824598186649382,0.0001210967093356885,9.92024979495909e-06,3.4538705222075805e-05,0.00023261339811142534,0.0003999358450528234,0.00012348567543085665,0.0002107849868480116,0.0,0.0001493840682087466,0.0006958726444281638,0.0005110883503220975,4.7734232794027776e-05,4.191224888927536e-06,0.00013321945152711123,8.534275548299775e-05,2.4366809157072566e-05,0.00017528291209600866,8.043173875194043e-05,0.00018478039419278502,6.467473576776683e-05,2.249553108413238e-05,0.0005094264633953571,9.627221152186394e-05,2.8752359867212363e-05,9.325547580374405e-05,9.33185001485981e-05,0.0008124081650748849,2.9487790015991777e-05,1.5985959180397913e-05,3.13581113005057e-05,0.00031234684865921736,0.0003592774155549705,0.0013591221068054438,2.0335583030828275e-05,0.00019361964950803667,0.0003162411449011415,0.0002685996296349913,4.517815796134528e-06,3.258275319240056e-05,0.0002556303224992007,5.5029111535986885e-05,1.6119300198624842e-05,0.0
21240.0,1.0898720574914478e-05,0.002200847724452615,0.0007799648446962237,0.0002634056727401912,8.481392433168367e-05,2.154980052182509e-07,0.0009966428624466062,0.0003244856488890946,3.9858572563389316e-05,0.00034398946445435286,0.00024997253785841167,0.00019571212760638446,6.57394775771536e-05,2.2667682060273364e-05,1.7007534552249126e-05,0.00013531878357753158,0.00011723564966814592,0.00012008292105747387,9.830621820583474e-06,3.423445377848111e-05,0.00023064824927132577,0.00039658023160882294,0.00012242869706824422,0.00020904027041979134,0.0,0.00014811476285103709,0.0006901826127432287,0.0005069259204901755,4.7329442168120295e-05,4.153406734985765e-06,0.0001320761803071946,8.461355901090428e-05,2.4155418941518292e-05,0.0001737731508910656,7.974014442879707e-05,0.00018317493959330022,6.411282811313868e-05,2.2294841983239166e-05,0.0005053042550571263,9.546290675643831e-05,2.8499216568889096e-05,9.244961984222755e-05,9.25187996472232e-05,0.0008057575323618948,2.9224260288174264e-05,1.5842331777093932e-05,3.1082679925020784e-05,0.0003097006701864302,0.00035624034353531897,0.0013479514745995402,2.0156867321929894e-05,0.00019196189532522112,0.00031360326102003455,0.00026635522954165936,4.477490165299969e-06,3.230022412026301e-05,0.0002535003295633942,5.4554620874114335e-05,1.5978865121724084e-05,0.0
21300.0,1.0805683814396616e-05,0.0021838017273694277,0.0007738217827863991,0.00026131971389986575,8.412276656599715e-05,2.136092405180534e-07,0.0009887543274089694,0.00032184910378418863,3.9529961213702336e-05,0.00034122104989364743,0.0002479579416103661,0.00019412467372603714,6.519469752674922e-05,2.2478054233943112e-05,1.686422183411196e-05,0.0001342190953437239,0.00011627804633462802,0.00011912102490896359,9.745926035975572e-06,3.394654777366668e-05,0.00022878455638419837,0.00039339668001048267,0.00012142697960371152,0.00020738388411700726,0.0,0.00014691133401356637,0.0006847773329354823,0.0005029710009694099,4.69456244900357e-05,4.117667231184896e-06,0.00013099283387418836,8.3922415797133e-05,2.3955220967764035e-05,0.0001723427849356085,7.908485713414848e-05,0.00018165461369790137,6.358070822898299e-05,2.210506318078842e-05,0.0005013862391933799,9.469519136473536e-05,2.8259664759389125e-05,9.168627730105072e-05,9.176095045404509e-05,0.0007994400220923126,2.897508420574013e-05,1.570656786498148e-05,3.082200782955624e-05,0.0003071914834436029,0.0003533601702656597,0.0013373425463214517,1.998773223021999e-05,0.00019039082690142095,0.0003110999532509595,0.00026422549854032695,4.439358235686086e-06,3.2032650779001415e-05,0.00025147886481136084,5.410510493675247e-05,1.5845896996324882e-05,0.0
21360.0,1.0713135452533606e-05,0.002166836289688945,0.0007677082903683186,0.00025924385408870876,8.343506488017738e-05,2.117306650006867e-07,0.0009809040930122137,0.00031922568450681865,3.920300878235139e-05,0.0003384662850294262,0.0002459532697685063,0.0001925451069837436,6.465268961619586e-05,2.2289399566943757e-05,1.6721649444662035e-05,0.00013312487863004208,0.00011532523058122024,0.0001181638435809873,9.661678632255644e-06,3.366012606420554e-05,0.00022693008941132575,0.0003902288153767586,0.0001204302825499326,0.00020573553047142923,0.0,0.00014571390056516975,0.0006793980137445033,0.0004990349407307804,4.656371311284602e-05,4.082116902281996e-06,0.00012991492985747755,8.323472866322845e-05,2.375603980908636e-05,0.00017091963673010468,7.843287312425673e-05,0.000180142029421404,6.305129500105977e-05,2.1916275727562606e-05,0.0004974868497811258,9.393125219503418e-05,2.8021349862683564e-05,9.092679829336703e-05,9.100690658669919e-05,0.0007931528380140662,2.872721233870834e-05,1.557151881570462e-05,3.056267451029271e-05,0.00030469472403638065,0.0003504942578729242,0.0013267846079543233,1.981946661544498e-05,0.00018882764561567456,0.00030860883998684585,0.00026210618671029806,4.401425485411892e-06,3.176643076585606e-05,0.0002494672662578523,5.3657862736145034e-05,1.5713607353973202e-05,0.0
21420.0,1.0620587090670597e-05,0.002149870852008462,0.000761594797950238,0.00025716799427755177,8.27473631943576e-05,2.098520752724653e-07,0.0009730537422001362,0.0003166022652294487,3.887605635100044e-05,0.000335711520165205,0.00024394858337473124,0.00019096552568953484,6.411067442968488e-05,2.2100746718933806e-05,1.657907705521211e-05,0.00013203066191636026,0.00011437241482781246,0.00011720666225301102,9.577432138030417e-06,3.337370799272321e-05,0.0002250756078865379,0.000387060921639204,0.00011943358549615368,0.0002040871768258512,0.0,0.00014451646711677313,0.0006740186363458633,0.0004950988804921508,4.6181801735656336e-05,4.046566118631745e-06,0.00012883704039268196,8.254704880528152e-05,2.355686046939809e-05,0.00016949647397268564,7.778088911436498e-05,0.00017862944514490664,6.252188177313656e-05,2.1727490093326196e-05,0.0004935874603688717,9.316731302533299e-05,2.7783034965978004e-05,9.016731928568333e-05,9.025286271935329e-05,0.0007868656539358199,2.847934047167655e-05,1.5436469766427763e-05,3.0303339372039773e-05,0.00030219799373298883,0.00034762834548018873,0.0013162267860025167,1.965120100066997e-05,0.00018726446432992816,0.00030611775582656264,0.00025998687488026917,4.363492735137697e-06,3.150021439068951e-05,0.0002474556677043438,5.32106205355376e-05,1.558131589263212e-05,0.0
21480.0,1.0528038728807587e-05,0.002132905414327979,0.0007554813055321574,0.0002550921344663948,8.205966150853783e-05,2.079734997550986e-07,0.0009652034495957196,0.0003139788459520787,3.85491039196495e-05,0.0003329567553009838,0.00024194391153287143,0.0001893859589472413,6.356866651913151e-05,2.191209205193445e-05,1.6436504665762186e-05,0.00013093644520267844,0.00011341959907440469,0.00011624948092503473,9.493184734310489e-06,3.3087286283262074e-05,0.0002232211409136653,0.00038389305700547993,0.00011843688844237477,0.00020243880862835795,0.0,0.0001433190336683765,0.0006686392589472234,0.0004911628202535212,4.5799890358466655e-05,4.011015334981494e-06,0.00012775913637597114,8.185936167137697e-05,2.3357679310720414e-05,0.00016807332576718181,7.712890510447323e-05,0.00017711686086840928,6.199247582117096e-05,2.1538702640100382e-05,0.0004896880709566176,9.240338113158941e-05,2.7544720069272444e-05,8.940784027799964e-05,8.949881885200739e-05,0.0007805785280652344,2.823146860464476e-05,1.5301420717150904e-05,3.004400605277624e-05,0.00029970123432576656,0.00034476243308745325,0.0013056689640507102,1.948293538589496e-05,0.00018570126849226654,0.000303626642562449,0.0002578675630502403,4.325560439610854e-06,3.123399801552296e-05,0.0002454440400470048,5.276337469695136e-05,1.544902625028044e-05,0.0
21540.0,1.0435490366944578e-05,0.0021159399766474962,0.0007493678713217378,0.00025301630375906825,8.137195982271805e-05,2.060949242377319e-07,0.000957353156991303,0.0003113554266747087,3.822215148829855e-05,0.0003302019613329321,0.0002399392396910116,0.00018780639220494777,6.302665860857815e-05,2.1723437384935096e-05,1.6293932276312262e-05,0.0001298422139370814,0.00011246678332099691,0.00011529229959705845,9.408937330590561e-06,3.2800864573800936e-05,0.00022136665938887745,0.0003807251632679254,0.00011744019138859585,0.00020079045498277992,0.0,0.00014212160021997988,0.0006632598815485835,0.0004872267600148916,4.541798261925578e-05,3.9754645513312425e-06,0.00012668123235926032,8.117168181343004e-05,2.3158499971032143e-05,0.000166650177561678,7.647692109458148e-05,0.0001756042765919119,6.146306259324774e-05,2.1349917005863972e-05,0.0004857886815443635,9.163944196188822e-05,2.7306405172566883e-05,8.864836127031595e-05,8.87447822606191e-05,0.0007742913439869881,2.7983598556602374e-05,1.5166371667874046e-05,2.9784672733512707e-05,0.0002972044749185443,0.0003418964915908873,0.0012951110256835818,1.9314669771119952e-05,0.00018413808720652014,0.00030113555840216577,0.0002557482512202114,4.287627689336659e-06,3.0967781640356407e-05,0.00024343245604541153,5.2316132496343926e-05,1.531673660792876e-05,0.0
21600.0,1.0347904208174441e-05,0.0020998013205826283,0.0007435572915710509,0.00025104384985752404,8.071948832366616e-05,2.0431969005585415e-07,0.0009498937870375812,0.000308866030536592,3.791214112425223e-05,0.0003275866329204291,0.00023803616932127625,0.00018630738486535847,6.25128741376102e-05,2.1544699848163873e-05,1.6158908692887053e-05,0.00012880390568170696,0.00011156289838254452,0.00011438334331614897,9.329248314315919e-06,3.25295768561773e-05,0.0002196064160671085,0.00037771722418256104,0.00011649476073216647,0.00019922426145058125,0.0,0.0001409853430232033,0.0006581455818377435,0.00048348394921049476,4.505554534262046e-05,3.941835075238487e-06,0.00012565890210680664,8.051931217778474e-05,2.2969694327912293e-05,0.0001653006620472297,7.585861749248579e-05,0.00017417059279978275,6.096126890042797e-05,2.1171224943827838e-05,0.00048207954387180507,9.091413812711835e-05,2.7080675863544457e-05,8.792829612502828e-05,8.802956290310249e-05,0.0007683142903260887,2.774900167423766e-05,1.5038590390759055e-05,2.9539005481638014e-05,0.0002948349283542484,0.00033917627297341824,0.0012850760249421,1.915527718665544e-05,0.0001826553198043257,0.00029876953340135515,0.00025373551761731505,4.25172402174212e-06,3.0715425964444876e-05,0.00024152174592018127,5.1892053306801245e-05,1.5191364582278766e-05,0.0
21660.0,1.0260769158776384e-05,0.002083738101646304,0.000737774302251637,0.00024908079649321735,8.00702182459645e-05,2.0255386345979787e-07,0.0009424698655493557,0.00030638882890343666,3.7603673263220116e-05,0.0003249839646741748,0.00023614232486579567,0.00018481569713912904,6.200165807968006e-05,2.136686453013681e-05,1.6024569049477577e-05,0.00012777069059666246,0.00011066345905419439,0.00011347876716172323,9.249973118130583e-06,3.225966793252155e-05,0.00021785472927149385,0.0003747238079085946,0.00011555399396456778,0.00019766554760280997,0.0,0.00013985463010612875,0.0006530553800985217,0.0004797586880158633,4.469487612368539e-05,3.908380222128471e-06,0.00012464163592085242,7.98701512394473e-05,2.2781832740292884e-05,0.00016395784041378647,7.524336979258806e-05,0.00017274406854994595,6.046198177500628e-05,2.099344965245109e-05,0.0004783877229783684,9.019234857987612e-05,2.6856092517846264e-05,8.72118107508868e-05,8.731787966098636e-05,0.0007623654673807323,2.75156107818475e-05,1.4911470316292252e-05,2.929457878053654e-05,0.00029247693601064384,0.000336469296598807,0.0012750884052366018,1.8996688595507294e-05,0.00018117987201549113,0.0002964148879982531,0.0002517324755899608,4.216004981572041e-06,3.0464327210211195e-05,0.00023962021805346012,5.147007686900906e-05,1.5066621926962398e-05,0.0
21720.0,1.0173634109378327e-05,0.00206767488270998,0.0007319912547245622,0.0002471177722327411,7.942095544422045e-05,2.0078803686374158e-07,0.0009350460022687912,0.0003039116272702813,3.7295201764209196e-05,0.00032238126732409,0.00023424849496223032,0.0001833240094128996,6.149044202174991e-05,2.118902739312034e-05,1.5890231225057505e-05,0.00012673746095970273,0.00010976401972584426,0.00011257419100729749,9.17069883143995e-06,3.1989755370886996e-05,0.00021610305702779442,0.0003717303916346282,0.00011461321992101148,0.00019610681920312345,0.0,0.00013872393174096942,0.0006479651783592999,0.00047603342682123184,4.4334210542729124e-05,3.874925369018456e-06,0.0001236243697348982,7.922099030110985e-05,2.2593969333684072e-05,0.000162615004228428,7.462812936864793e-05,0.00017131755885202438,5.996269464958459e-05,2.0815674361074343e-05,0.00047469590208493173,8.94705590326339e-05,2.6631507353158668e-05,8.649533265270293e-05,8.660618914291263e-05,0.0007564166444353759,2.7282219889457338e-05,1.478435024182545e-05,2.905015389842447e-05,0.0002901189436670393,0.0003337623202241957,0.0012651009019464254,1.8838101823348552e-05,0.00017970442422665656,0.0002940602134913206,0.0002497294335626066,4.180285941401962e-06,3.021323209395632e-05,0.00023771867563482374,5.104810406919569e-05,1.494187927164603e-05,0.0
21780.0,1.008649905998027e-05,0.0020516114309430122,0.0007262082654051483,0.00024515471886843443,7.87716853665188e-05,1.990222102676853e-07,0.0009276221389882267,0.0003014343965332955,3.698673390317708e-05,0.0003197785990778357,0.00023235465050674975,0.00018183230713475496,6.097922960179858e-05,2.1011192075093277e-05,1.5755893400637433e-05,0.000125704231322743,0.00010886458039749414,0.00011166961485287175,9.091423635254614e-06,3.171984644723125e-05,0.00021435137023217976,0.00036873697536066175,0.00011367245315341279,0.00019454809080343693,0.0,0.0001375932333758101,0.0006428749766200781,0.0004723081656266004,4.397354132379405e-05,3.8414705159084406e-06,0.000122607103548944,7.85718293627724e-05,2.2406107746064663e-05,0.00016127218259498477,7.40128816687502e-05,0.0001698910491541028,5.9463407524162903e-05,2.0637899069697596e-05,0.00047100408119149506,8.874876948539168e-05,2.640692218847107e-05,8.577884727856144e-05,8.58945059007965e-05,0.0007504678214900196,2.704883081605658e-05,1.4657230167358648e-05,2.8805727197322994e-05,0.0002877609513234347,0.0003310553729534149,0.0012551132822409272,1.8679513232200406e-05,0.00017822897643782198,0.00029170556808821857,0.0002477263624314219,4.144566901231883e-06,2.9962135158712044e-05,0.00023581714776810259,5.0626127631403506e-05,1.481713570683496e-05,0.0
21840.0,9.999364010582212e-06,0.002035548212006688,0.0007204252178780735,0.00024319168005604297,7.812242256477475e-05,1.97256383671629e-07,0.0009201982175000012,0.00029895719490014017,3.667826604214497e-05,0.00031717593083158135,0.0002304608206031844,0.00018034061940852553,6.046801354386844e-05,2.0833356757066213e-05,1.562155557621736e-05,0.00012467100168578327,0.00010796514106914401,0.000110765038698446,9.012148439069279e-06,3.144993388559669e-05,0.0002125996834365651,0.0003657435590866953,0.0001127316863858141,0.00019298936240375042,0.0,0.00013646252045873553,0.0006377847748808563,0.00046858290443196893,4.361287574283779e-05,3.8080154354247497e-06,0.00012158983008703217,7.792266842443496e-05,2.221824433945585e-05,0.00015992936096154153,7.339764124481007e-05,0.000168464524904266,5.896412403672002e-05,2.046012377832085e-05,0.0004673122602980584,8.802697993814945e-05,2.6182337023783475e-05,8.506236918037757e-05,8.518282265868038e-05,0.0007445189403370023,2.6815439923666418e-05,1.4530110092891846e-05,2.8561302315210924e-05,0.00028540295897983015,0.00032834839657880366,0.0012451257789507508,1.8520926460041665e-05,0.0001767535286489874,0.00028935089358128607,0.00024572332040406764,4.108847861061804e-06,2.9711038223467767e-05,0.0002339156053494662,5.020415483159013e-05,1.4692393051518593e-05,0.0
21900.0,9.916823728417512e-06,0.0020202561281621456,0.000714924419298768,0.0002413249312667176,7.750589429633692e-05,1.955860682301136e-07,0.0009131383267231286,0.00029660455766133964,3.638552880147472e-05,0.0003147029201500118,0.0002286614617332816,0.00017892381583806127,5.998299820930697e-05,2.0664718249463476e-05,1.5494213585043326e-05,0.00012368973693810403,0.00010711116919992492,0.00010990532609866932,8.937091479310766e-06,3.119405300822109e-05,0.00021093561372254044,0.0003628989215940237,0.00011183854076080024,0.00019150714797433466,0.0,0.00013538867642637342,0.0006329416064545512,0.0004650377668440342,4.32703091064468e-05,3.7763381897093495e-06,0.00012062417954439297,7.730632205493748e-05,2.2040012481738813e-05,0.00015865490422584116,7.281367288669571e-05,0.00016711122589185834,5.849046283401549e-05,2.029169991146773e-05,0.00046379785635508597,8.734112634556368e-05,2.5969420676119626e-05,8.438247459707782e-05,8.450719906250015e-05,0.0007388591766357422,2.6594343580654822e-05,1.4409719369723462e-05,2.8329548513283953e-05,0.0002831632154993713,0.00032577686943113804,0.0012356252409517765,1.8370565157965757e-05,0.00017535279039293528,0.0002871126343961805,0.00024381946423090994,4.075008291692939e-06,2.9472805181285366e-05,0.0002321079809917137,4.9803686124505475e-05,1.4574068700312637e-05,0.0
21960.0,9.834700904320925e-06,0.002005034126341343,0.0007094492320902646,0.00023946694273035973,7.68923491705209e-05,1.9392443562082917e-07,0.0009061115561053157,0.0002942632418125868,3.609421764849685e-05,0.00031224172562360764,0.0002268707030452788,0.0001775138225639239,5.950036575086415e-05,2.0496914657996967e-05,1.5367508240160532e-05,0.00012271320156287402,0.00010626132279867306,0.00010904969531111419,8.862418326316401e-06,3.0939449061406776e-05,0.00020927951845806092,0.000360067788278684,0.00011094972433056682,0.00019003188936039805,0.0,0.0001343199983239174,0.0006281209061853588,0.0004615090147126466,4.292939047445543e-05,3.744822834050865e-06,0.00011966322199441493,7.66929515521042e-05,2.1862653738935478e-05,0.00015738667570985854,7.22325494280085e-05,0.00016576459165662527,5.80191335757263e-05,2.0124123693676665e-05,0.00046029960503801703,8.665853965794668e-05,2.5757564799278043e-05,8.370591240236536e-05,8.383486419916153e-05,0.0007332256063818932,2.6374364097137004e-05,1.4289939826994669e-05,2.8098946131649427e-05,0.00028093421133235097,0.0003232176823075861,0.0012261689407750964,1.8220951460534707e-05,0.0001739588478812948,0.0002848849690053612,0.00024192460114136338,4.041339707328007e-06,2.923574356827885e-05,0.00023030888405628502,4.9405174650019035e-05,1.4456328244705219e-05,0.0
22020.0,9.75257898971904e-06,0.001989812357351184,0.000703974103089422,0.00023760895419400185,7.627879676874727e-05,1.9226280301154475e-07,0.0008990847272798419,0.00029192192596383393,3.580291013349779e-05,0.0003097805310972035,0.00022507994435727596,0.00017610382928978652,5.9017733292421326e-05,2.0329112885519862e-05,1.5240801985783037e-05,0.000121736666187644,0.00010541147639742121,0.00010819406452355906,8.787744263827335e-06,3.0684841476613656e-05,0.00020762340864166617,0.0003572366840671748,0.0001100609079003334,0.00018855661619454622,0.0,0.00013325132022146136,0.0006233002059161663,0.000457980262581259,4.258847184246406e-05,3.713307251018705e-06,0.00011870227172039449,7.607958832522854e-05,2.1685294996132143e-05,0.00015611843264196068,7.165142596932128e-05,0.00016441794286947697,5.754780431743711e-05,1.99565474758856e-05,0.00045680138282477856,8.597595297032967e-05,2.554570892243646e-05,8.30293502076529e-05,8.31625220598653e-05,0.000727592094335705,2.615438643260859e-05,1.4170160284265876e-05,2.78683437500149e-05,0.00027870520716533065,0.0003206584951840341,0.0012167127570137382,1.8071337763103656e-05,0.0001725649053696543,0.0002826573036145419,0.00024002975260373205,4.007670668215724e-06,2.8998680136282928e-05,0.00022850980167277157,4.9006663175532594e-05,1.4338587789097801e-05,0.0
22080.0,9.670456165622454e-06,0.001974590355530381,0.0006984989158809185,0.00023575096565764397,7.566524436697364e-05,1.9060117040226032e-07,0.000892057956662029,0.0002895805810112506,3.551160261849873e-05,0.0003073193074669689,0.00022328918566927314,0.00017469383601564914,5.85350971959997e-05,2.0161309294053353e-05,1.5114095731405541e-05,0.00012076013081241399,0.00010456162999616936,0.00010733843373600394,8.713070201338269e-06,3.0430237529799342e-05,0.00020596729882527143,0.00035440557985566556,0.0001091720987460576,0.00018708135758060962,0.0,0.00013218264211900532,0.0006184795056469738,0.0004544515104498714,4.224755321047269e-05,3.6817918953602202e-06,0.00011774131417041644,7.546621782239527e-05,2.150793807231821e-05,0.00015485020412597805,7.107030251063406e-05,0.0001630713086342439,5.7076475059147924e-05,1.9788973077083938e-05,0.0004533031315077096,8.529336628271267e-05,2.533385304559488e-05,8.235278073698282e-05,8.249018719652668e-05,0.000721958524081856,2.593440694909077e-05,1.4050380741537083e-05,2.7637741368380375e-05,0.00027647620299831033,0.00031809930806048214,0.001207256456837058,1.7921722246683203e-05,0.0001711709628580138,0.0002804296091198921,0.00023813490406610072,3.974002083850792e-06,2.8761616704287007e-05,0.0002267107047373429,4.8608151701046154e-05,1.4220846423995681e-05,0.0
22140.0,9.58833425102057e-06,0.001959368586540222,0.0006930237868800759,0.0002338929771212861,7.505169924115762e-05,1.889395377929759e-07,0.0008850311278365552,0.00028723926516249776,3.5220295103499666e-05,0.00030485811294056475,0.00022149841242935508,0.00017328384274151176,5.8052464737556875e-05,1.9993507521576248e-05,1.4987390386522748e-05,0.00011978359543718398,0.0001037117835949175,0.00010648280294844881,8.638397048343904e-06,3.017563358298503e-05,0.0002043112035607919,0.0003515744465403259,0.00010828328231582418,0.00018560609896667302,0.0,0.0001311139640165493,0.0006136588053777814,0.00045092275831848383,4.1906634578481317e-05,3.65027631232806e-06,0.0001167803566204384,7.485284731956199e-05,2.1330579329514876e-05,0.0001535819610580802,7.048917905194685e-05,0.00016172467439901084,5.660514216287993e-05,1.9621396859292872e-05,0.0004498048801906407,8.461077959509566e-05,2.5121997168753296e-05,8.167621854227036e-05,8.181784505723044e-05,0.0007163250120356679,2.5714429284562357e-05,1.393060119880829e-05,2.740713898674585e-05,0.00027424722793512046,0.0003155401209369302,0.0011978002730756998,1.7772108549252152e-05,0.00016977702034637332,0.0002782019437290728,0.00023624005552846938,3.940333044738509e-06,2.852455509128049e-05,0.00022491160780191422,4.8209640226559713e-05,1.4103105968388263e-05,0.0
22200.0,9.510472409601789e-06,0.001944866613484919,0.0006878117565065622,0.000232124759349972,7.446861127391458e-05,1.8736629670002003e-07,0.0008783437078818679,0.0002850138698704541,3.4943608625326306e-05,0.00030251764110289514,0.00021979563462082297,0.00017194353858940303,5.759417763329111e-05,1.983424590434879e-05,1.486717792431591e-05,0.00011885541607625782,0.00010290421778336167,0.00010566896526142955,8.567631084588356e-06,2.99340517813107e-05,0.00020273665722925216,0.00034888190566562116,0.00010743876191554591,0.0001842021447373554,0.0,0.0001300981966778636,0.0006090685492381454,0.0004475620808079839,4.158255978836678e-05,3.620408506321837e-06,0.00011586741311475635,7.426999945892021e-05,2.1162170014576986e-05,0.00015237729530781507,6.993713759584352e-05,0.00016044605581555516,5.6157623475883156e-05,1.946249176398851e-05,0.0004464722878765315,8.39616623125039e-05,2.492097337380983e-05,8.10336641734466e-05,8.117905235849321e-05,0.00071096105966717,2.550584940763656e-05,1.3817058970744256e-05,2.718830364756286e-05,0.00027212826535105705,0.00031310704071074724,0.0011887982254847884,1.763013278832659e-05,0.00016845256322994828,0.0002760827192105353,0.00023443759710062295,3.908407052222174e-06,2.8299446057644673e-05,0.00022320002608466893,4.783112308359705e-05,1.3991328160045668e-05,0.0
22260.0,9.432998012925964e-06,0.0019304302986711264,0.0006826237076893449,0.00023036470520310104,7.388828817056492e-05,1.8580109895083297e-07,0.0008716870797798038,0.0002827990101650357,3.466825364739634e-05,0.0003001881705131382,0.00021810084581375122,0.00017060957907233387,5.713810242014006e-05,1.9675760995596647e-05,1.4747555724170525e-05,0.00011793163139373064,0.00010210050822934136,0.0001048589256242849,8.497221642755903e-06,2.969365414173808e-05,0.00020116953237447888,0.0003462019667495042,0.0001065982723957859,0.00018280468066222966,0.0,0.0001290872460231185,0.0006044992478564382,0.00044421671191230416,4.1260020225308836e-05,3.590690312194056e-06,0.00011495882790768519,7.368993101408705e-05,2.099457196891308e-05,0.00015117840666789562,6.938774458831176e-05,0.00015917363634798676,5.57122693862766e-05,1.9304376110085286e-05,0.00044315477134659886,8.331558638019487e-05,2.472093365213368e-05,8.039420208660886e-05,8.054330828599632e-05,0.0007056216709315777,2.529830817366019e-05,1.3704083357879426e-05,2.6970536055159755e-05,0.0002700193435885012,0.00031068542739376426,0.0011798373889178038,1.748885006236378e-05,0.00016713442164473236,0.0002739733608905226,0.0002326435351278633,3.876639766531298e-06,2.8075424779672176e-05,0.0002214963751612231,4.7454421292059124e-05,1.388009241054533e-05,0.0
22320.0,9.355523616250139e-06,0.0019159938674420118,0.0006774356006644666,0.00022860465105623007,7.330797234317288e-05,1.8423588699079119e-07,0.0008650304516777396,0.0002805841504596174,3.4392898669466376e-05,0.0002978586999233812,0.00021640605700667948,0.00016927560500334948,5.6682027206989005e-05,1.9517276086844504e-05,1.4627933524025138e-05,0.00011700784671120346,0.00010129679139936343,0.00010404888598714024,8.426811291428749e-06,2.945325650216546e-05,0.0001996024075197056,0.0003435219987295568,0.00010575778287602589,0.0001814072165871039,0.0,0.00012807628081645817,0.000599929946474731,0.000440871313912794,4.093748066225089e-05,3.5609721180662746e-06,0.00011405024270061404,7.310985529329628e-05,2.0826975742238574e-05,0.00014997951802797616,6.883834430482239e-05,0.00015790121688041836,5.526691529667005e-05,1.914625863719266e-05,0.0004398372257128358,8.266950317192823e-05,2.4520895749446936e-05,7.975473999977112e-05,7.990756421349943e-05,0.0007002822239883244,2.5090765120694414e-05,1.3591108654509299e-05,2.675276846275665e-05,0.0002679104218259454,0.00030826381407678127,0.001170876668766141,1.734756733640097e-05,0.00016581628005951643,0.00027186397346667945,0.00023084947315510362,3.844872480840422e-06,2.785140350169968e-05,0.00021979273878969252,4.7077723138500005e-05,1.3768856661044993e-05,0.0
22380.0,9.278049219574314e-06,0.0019015575526282191,0.0006722475518472493,0.00022684458235744387,7.272765651578084e-05,1.826706750307494e-07,0.0008583738817833364,0.00027836929075419903,3.411754369153641e-05,0.0002955292002297938,0.00021471128275152296,0.00016794164548628032,5.622595199383795e-05,1.9358789359102957e-05,1.4508312233374454e-05,0.00011608406202867627,0.0001004930745693855,0.00010323884634999558,8.356400940101594e-06,2.9212860681582242e-05,0.0001980352826649323,0.00034084205981343985,0.00010491729335626587,0.00018000976706389338,0.0,0.00012706531560979784,0.0005953607033006847,0.0004375259450171143,4.061494109919295e-05,3.5312539239384932e-06,0.00011314165749354288,7.252978684846312e-05,2.065937951556407e-05,0.0001487806293880567,6.828895129729062e-05,0.00015662878286093473,5.4821561207063496e-05,1.8988142983289436e-05,0.00043651970918290317,8.20234272396192e-05,2.4320856027770787e-05,7.9115285188891e-05,7.927181286504492e-05,0.000694942835252732,2.4883223886718042e-05,1.347813395113917e-05,2.6535000870353542e-05,0.0002658014709595591,0.0003058422007597983,0.0011619159486144781,1.720628461043816e-05,0.00016449815302621573,0.00026975461514666677,0.00022905541118234396,3.813104967775871e-06,2.7627380404737778e-05,0.00021808910241816193,4.670102134696208e-05,1.3657620911544655e-05,0.0
22440.0,9.200574822898488e-06,0.0018871212378144264,0.0006670595030300319,0.0002250845282105729,7.214733341243118e-05,1.8110547728156234e-07,0.0008517172536812723,0.0002761544310487807,3.384218871360645e-05,0.0002931997296400368,0.0002130164939444512,0.00016660767141729593,5.576988041866571e-05,1.9200304450350814e-05,1.4388690033229068e-05,0.00011516027734614909,9.968935773940757e-05,0.00010242880671285093,8.285990588774439e-06,2.8972463042009622e-05,0.00019646815781015903,0.0003381621208973229,0.00010407680383650586,0.00017861230298876762,0.0,0.00012605436495505273,0.0005907914019189775,0.0004341805470176041,4.0292401536135e-05,3.501535729810712e-06,0.00011223307228647172,7.194971112767234e-05,2.0491783288889565e-05,0.00014758174074813724,6.773955101380125e-05,0.00015535636339336634,5.437620711745694e-05,1.883002551039681e-05,0.0004332021635491401,8.137735130731016e-05,2.412081630609464e-05,7.847582310205325e-05,7.863606879254803e-05,0.0006896033883094788,2.4675680833752267e-05,1.3365158338274341e-05,2.6317233277950436e-05,0.00026369254919700325,0.0003034205874428153,0.0011529552284628153,1.706500188447535e-05,0.0001631800114409998,0.0002676452568266541,0.00022726136376149952,3.78133745471132e-06,2.740335912676528e-05,0.00021638546604663134,4.6324319555424154e-05,1.3546385162044317e-05,0.0
22500.0,9.127056728175376e-06,0.0018733578035607934,0.0006621170905418694,0.00022340824943967164,7.159538654377684e-05,1.7962216247724427e-07,0.0008453773334622383,0.0002740475465543568,3.358044341439381e-05,0.0002909828326664865,0.00021140370517969131,0.00016533864254597574,5.533645526156761e-05,1.9049759430345148e-05,1.4275102330429945e-05,0.00011428153811721131,9.892502566799521e-05,0.00010165773710468784,8.219206392823253e-06,2.8744168957928196e-05,0.0001949770376086235,0.0003356113447807729,0.00010327756172046065,0.00017728139937389642,0.0,0.00012509268708527088,0.0005864373524673283,0.0004309921932872385,3.998555985162966e-05,3.4733461689029355e-06,0.00011136917601106688,7.139806257328019e-05,2.0332510757725686e-05,0.00014644202019553632,6.721722456859425e-05,0.00015414721565321088,5.3953001042827964e-05,1.867996070359368e-05,0.0004300394793972373,8.076247468125075e-05,2.3930844690767117e-05,7.786801143083721e-05,7.803156040608883e-05,0.0006845157477073371,2.447872429911513e-05,1.3257972568680998e-05,2.6110401449841447e-05,0.0002616861602291465,0.0003011164953932166,0.0011444184929132462,1.693081867415458e-05,0.00016192658222280443,0.00026563703431747854,0.00022555346367880702,3.751188614842249e-06,2.7190459150006063e-05,0.00021476345136761665,4.596622966346331e-05,1.344069551123539e-05,0.0
22560.0,9.053896974364761e-06,0.0018596557201817632,0.0006571970880031586,0.0002217395813204348,7.104602264007553e-05,1.7814630837165168e-07,0.0008390662260353565,0.0002719504991546273,3.331993502797559e-05,0.0002887761511374265,0.00020979838154744357,0.00016407552175223827,5.490508920047432e-05,1.889993654913269e-05,1.4162063052935991e-05,0.00011340690252836794,9.816427336772904e-05,0.00010089021816384047,8.15275234344881e-06,2.8516977181425318e-05,0.00019349282956682146,0.00033307235571555793,0.00010248206672258675,0.000175956534803845,0.0,0.0001241355057572946,0.000582102860789746,0.00042781810043379664,3.9680144254816696e-05,3.445295533310855e-06,0.00011050935427192599,7.084899698384106e-05,2.0173994926153682e-05,0.00014530766929965466,6.669736467301846e-05,0.00015294383047148585,5.3531810408458114e-05,1.8530627130530775e-05,0.00042689082329161465,8.015042840270326e-05,2.3741788027109578e-05,7.726307376287878e-05,7.742988236714154e-05,0.0006794510409235954,2.4282728190883063e-05,1.315131248702528e-05,2.5904564608936198e-05,0.00025968908448703587,0.00029882308444939554,0.0011359204072505236,1.6797279386082664e-05,0.0001606790319783613,0.0002636380086187273,0.00022385342163033783,3.7211866583675146e-06,2.697857235034462e-05,0.0002131488436134532,4.5609827793668956e-05,1.3335509720491245e-05,0.0
22620.0,8.980738130048849e-06,0.0018459535203874111,0.0006522770272567868,0.0002200709277531132,7.049665146041662e-05,1.7667044005520438e-07,0.0008327551186084747,0.00026985345175489783,3.3059426641557366e-05,0.0002865694696083665,0.00020819305791519582,0.0001628124009585008,5.447372677735984e-05,1.8750113667920232e-05,1.4049023775442038e-05,0.00011253225966356695,9.740352106746286e-05,0.00010012269194703549,8.086297384579666e-06,2.8289783585933037e-05,0.00019200863607693464,0.0003305333375465125,0.00010168657900067046,0.00017463168478570879,0.0,0.00012317830987740308,0.0005777684273198247,0.00042464403668418527,3.937473229598254e-05,3.417244897718774e-06,0.00010964952525682747,7.029993139440194e-05,2.001547909458168e-05,0.00014417333295568824,6.617749750148505e-05,0.00015174044528976083,5.3110616136109456e-05,1.8381295376457274e-05,0.00042374219628982246,7.953838940011337e-05,2.355273136345204e-05,7.665814337087795e-05,7.682821160415187e-05,0.0006743862759321928,2.40867339016404e-05,1.3044652405369561e-05,2.569872776803095e-05,0.0002576920378487557,0.00029652967350557446,0.0011274222051724792,1.6663741917000152e-05,0.0001594314817339182,0.00026163901202380657,0.00022215336502995342,3.69118470189278e-06,2.6766683731693774e-05,0.000211534250411205,4.525342956185341e-05,1.3230323929747101e-05,0.0
22680.0,8.907579285732936e-06,0.001832251320593059,0.0006473569665104151,0.00021840225963387638,6.994728755671531e-05,1.751945859496118e-07,0.000826443952973932,0.00026775640435516834,3.279891825513914e-05,0.0002843627880793065,0.00020658773428294808,0.0001615492656128481,5.404236071626656e-05,1.8600292605697177e-05,1.3935984497948084e-05,0.00011165761679876596,9.664276149123907e-05,9.935516573023051e-05,8.019842425710522e-06,2.806259180943016e-05,0.0001905244280351326,0.00032799431937746704,0.00010089108400279656,0.00017330682021565735,0.0,0.0001222211285494268,0.0005734339356422424,0.00042146994383074343,3.9069316699169576e-05,3.3891942621266935e-06,0.00010878969624172896,6.975086580496281e-05,1.9856963263009675e-05,0.00014303898205980659,6.565763760590926e-05,0.0001505370601080358,5.2689425501739606e-05,1.823196180339437e-05,0.00042059356928803027,7.892635039752349e-05,2.33636746997945e-05,7.605320570291951e-05,7.62265408411622e-05,0.0006693215691484511,2.3890737793408334e-05,1.2937993233208545e-05,2.54928909271257e-05,0.00025569499121047556,0.0002942362625617534,0.0011189241195097566,1.6530202628928237e-05,0.00015818393148947507,0.00025963998632505536,0.000220453308429569,3.6611827454180457e-06,2.6554795113042928e-05,0.00020991965720895678,4.4897027692059055e-05,1.3125138139002956e-05,0.0
22740.0,8.834419531922322e-06,0.001818549120798707,0.0006424369639717042,0.00021673359151463956,6.9397923653014e-05,1.737187318440192e-07,0.0008201328455470502,0.00026565935695543885,3.253840986872092e-05,0.0002821561065502465,0.00020498241065070033,0.00016028614481911063,5.361099465517327e-05,1.845046972448472e-05,1.382294522045413e-05,0.00011078298120992258,9.58820091909729e-05,9.858764678938314e-05,7.953388376336079e-06,2.783539821393788e-05,0.00018904021999333054,0.00032545533031225204,0.00010009558900492266,0.00017198197019752115,0.0,0.0001212639399454929,0.0005690994439646602,0.0004182958509773016,3.876390110235661e-05,3.3611438539082883e-06,0.00010792986722663045,6.920180021552369e-05,1.969844743143767e-05,0.00014190464571584016,6.513777043437585e-05,0.00014933367492631078,5.2268234867369756e-05,1.8082628230331466e-05,0.0004174449131824076,7.8314304118976e-05,2.3174618036136962e-05,7.544827531091869e-05,7.562486280221492e-05,0.0006642568041570485,2.3694743504165672e-05,1.2831333151552826e-05,2.528705408622045e-05,0.00025369791546836495,0.0002919428516179323,0.001110426033847034,1.639666334085632e-05,0.00015693638124503195,0.00025764096062630415,0.0002187532518291846,3.6311810163169866e-06,2.6342906494392082e-05,0.00020830504945479333,4.454062946024351e-05,1.3019952348258812e-05,0.0
22800.0,8.764937774685677e-06,0.0018054766114801168,0.0006377465324476361,0.00021514319814741611,6.887500785524026e-05,1.7231884896773408e-07,0.0008141176076605916,0.00026366300880908966,3.229057983844541e-05,0.0002800544898491353,0.00020345361554063857,0.0001590835745446384,5.320072523318231e-05,1.8308037397218868e-05,1.3715520253754221e-05,0.00010995034972438589,9.515797137282789e-05,9.785650036064908e-05,7.890302185842302e-06,2.7619469619821757e-05,0.00018762693798635155,0.00032303688931278884,9.933855471899733e-05,0.00017071928596124053,0.0,0.0001203527208417654,0.0005649661761708558,0.00041526861605234444,3.847312837024219e-05,3.334513394293026e-06,0.00010711169306887314,6.867923366371542e-05,1.954768413270358e-05,0.0001408254320267588,6.464313628384843e-05,0.00014818922500126064,5.1867671572836116e-05,1.7940781617653556e-05,0.0004144411359447986,7.773138349875808e-05,2.2994929167907685e-05,7.487282709917054e-05,7.50523031456396e-05,0.0006594274309463799,2.350858812860679e-05,1.2730052731058095e-05,2.509139449102804e-05,0.0002517965331207961,0.0002897591039072722,0.0011023242259398103,1.6269732441287488e-05,0.00015574914868921041,0.0002557364059612155,0.00021713365276809782,3.60268359145266e-06,2.614137702039443e-05,0.00020676666463259608,4.420156983542256e-05,1.2919930668431334e-05,0.0
22860.0,8.695788892509881e-06,0.0017924613784998655,0.000633076939266175,0.00021355992066673934,6.83545003994368e-05,1.7092588677769527e-07,0.000808129261713475,0.00026167582836933434,3.2043906685430557e-05,0.0002779624192044139,0.00020193177624605596,0.00015788653399795294,5.2792376664001495e-05,1.816627809603233e-05,1.3608604604087304e-05,0.00010912154539255425,9.443727321922779e-05,9.712866449262947e-05,7.82752158556832e-06,2.740456329775043e-05,0.00018622010247781873,0.0003206294495612383,9.85850056167692e-05,0.00016946224786806852,0.0,0.00011944567813770846,0.0005608512437902391,0.00041225471068173647,3.818368713837117e-05,3.30801185555174e-06,0.00010629730968503281,6.815907545387745e-05,1.9397626601858065e-05,0.0001397512387484312,6.415079405996948e-05,0.00014705013018101454,5.1468985475366935e-05,1.7799615307012573e-05,0.00041145048453472555,7.715110405115411e-05,2.2816091586719267e-05,7.430006371578202e-05,7.448239193763584e-05,0.0006546194781549275,2.3323325876845047e-05,1.2629261618712917e-05,2.4896660761442035e-05,0.0002499038237147033,0.0002875853097066283,0.001094258390367031,1.614339998923242e-05,0.00015456740220542997,0.0002538404369261116,0.00021552135876845568,3.5743230455409503e-06,2.5940789782907814e-05,0.00020523522107396275,4.3864085455425084e-05,1.2820378287869971e-05,0.0
22920.0,8.626640919828787e-06,0.0017794460291042924,0.0006284074042923748,0.00021197662863414735,6.783400021959096e-05,1.6953292458765645e-07,0.0008021409157663584,0.000259688647929579,3.1797229894436896e-05,0.0002758703485596925,0.00020040992239955813,0.00015668947889935225,5.238402445684187e-05,1.8024516975856386e-05,1.350168986391509e-05,0.00010829274106072262,9.371656778967008e-05,9.640082862460986e-05,7.764740985294338e-06,2.71896569756791e-05,0.0001848132669692859,0.0003182219807058573,9.783146379049867e-05,0.00016820522432681173,0.0,0.00011853864270960912,0.0005567363114096224,0.0004092408053111285,3.7894245906500146e-05,3.2815105441841297e-06,0.00010548292630119249,6.763891724403948e-05,1.924756907101255e-05,0.00013867704547010362,6.365845911204815e-05,0.00014591103536076844,5.107029573991895e-05,1.7658447177382186e-05,0.0004084598331246525,7.657082460355014e-05,2.263725400553085e-05,7.372729305643588e-05,7.391248072963208e-05,0.0006498115253634751,2.313806544407271e-05,1.252847050636774e-05,2.470192703185603e-05,0.00024801111430861056,0.0002854115155059844,0.0010861926712095737,1.6017069356166758e-05,0.00015338565572164953,0.00025194446789100766,0.00021390906476881355,3.5459624996292405e-06,2.5740202545421198e-05,0.0002037037629634142,4.35265974374488e-05,1.2720825907308608e-05,0.0
22980.0,8.557492947147693e-06,0.0017664306797087193,0.0006237378111109138,0.00021039335115347058,6.731349276378751e-05,1.6813996239761764e-07,0.0007961525698192418,0.0002577014674898237,3.155055674142204e-05,0.0002737782779149711,0.00019888808310497552,0.00015549242380075157,5.1975675887661055e-05,1.7882757674669847e-05,1.3394775123742875e-05,0.00010746392945293337,9.299586963606998e-05,9.567300003254786e-05,7.701961294515058e-06,2.697475065360777e-05,0.00018340643146075308,0.0003158145409543067,9.707791468827054e-05,0.00016694818623363972,0.0,0.00011763160000555217,0.0005526213208213449,0.000406226929044351,3.7604801036650315e-05,3.2550092328165192e-06,0.00010466854291735217,6.71187590342015e-05,1.9097511540167034e-05,0.0001376028376398608,6.31661168881692e-05,0.00014477195509243757,5.0671609642449766e-05,1.7517280866741203e-05,0.0004054692108184099,7.599055243190378e-05,2.245841642434243e-05,7.315452967304736e-05,7.33425622456707e-05,0.0006450035143643618,2.295280501130037e-05,1.2427679394022562e-05,2.4507193302270025e-05,0.0002461184049025178,0.00028323772130534053,0.0010781268356367946,1.589073690411169e-05,0.00015220389468595386,0.0002500484697520733,0.00021229677076917142,3.5176019537175307e-06,2.5539615307934582e-05,0.00020217230485286564,4.318911305745132e-05,1.2621274436241947e-05,0.0
23040.0,8.4883449744666e-06,0.001753415446728468,0.0006190682761371136,0.0002088100736727938,6.679298530798405e-05,1.6674700020757882e-07,0.0007901642238721251,0.0002557142870500684,3.130387995042838e-05,0.0002716862072702497,0.00019736624381039292,0.00015429536870215088,5.156732368050143e-05,1.7740998373483308e-05,1.3287859474075958e-05,0.00010663512512110174,9.227516420651227e-05,9.494516416452825e-05,7.639180694241077e-06,2.6759844331536442e-05,0.00018199959595222026,0.0003134070720989257,9.632437286200002e-05,0.00016569116269238293,0.0,0.00011672455730149522,0.0005485063884407282,0.000403213023673743,3.731535980477929e-05,3.2285079214489087e-06,0.00010385415225755423,6.659860082436353e-05,1.8947454009321518e-05,0.00013652864436153322,6.267377466429025e-05,0.00014363286027219146,5.027291990700178e-05,1.737611455610022e-05,0.0004024785594083369,7.541027298429981e-05,2.2279578843154013e-05,7.258175901370123e-05,7.277265103766695e-05,0.0006401955615729094,2.2767542759538628e-05,1.2326888281677384e-05,2.431245957268402e-05,0.0002442257246002555,0.00028106392710469663,0.0010700611164793372,1.5764404452056624e-05,0.0001510221482021734,0.00024815250071696937,0.0002106844913214445,3.489241407805821e-06,2.5339028070447966e-05,0.0002006408612942323,4.2851628677453846e-05,1.2521722055680584e-05,0.0
23100.0,8.422618520853575e-06,0.0017409897409379482,0.0006146135274320841,0.0002072999777738005,6.629717245232314e-05,1.654246091220557e-07,0.0007844525389373302,0.00025382114108651876,3.106903386651538e-05,0.00026969227474182844,0.00019591588352341205,0.00015315487689804286,5.117864566273056e-05,1.7606125766178593e-05,1.3186173418944236e-05,0.00010584554547676817,9.158873581327498e-05,9.425132884643972e-05,7.579532848467352e-06,2.6555428121355362e-05,0.00018065898620989174,0.00031111229327507317,9.560670878272504e-05,0.00016449227405246347,0.0,0.00011586044274736196,0.0005445797578431666,0.0004003365756943822,3.703959009726532e-05,3.2033271963882726e-06,0.00010307863703928888,6.610317359445617e-05,1.8804625142365694e-05,0.0001355058775516227,6.220497016329318e-05,0.00014254871348384768,4.9893464165506884e-05,1.7241914974874817e-05,0.0003996235318481922,7.485719834221527e-05,2.2109468773123808e-05,7.203649875009432e-05,7.222990097943693e-05,0.0006356078665703535,2.259143911942374e-05,1.2231102118676063e-05,2.41272082348587e-05,0.00024242233484983444,0.0002789925201795995,0.0010623660637065768,1.5644227460143156e-05,0.0001498966885264963,0.0002463448035996407,0.00020914738706778735,3.4622810289874906e-06,2.514809966669418e-05,0.00019918064936064184,4.25303187512327e-05,1.2426983630575705e-05,0.0
23160.0,8.357203114428557e-06,0.0017286177026107907,0.0006101782782934606,0.00020579654665198177,6.5803607867565e-05,1.6410865555371856e-07,0.0007787660579197109,0.00025193655164912343,3.083526098635048e-05,0.0002677072479855269,0.00019447201339062303,0.00015201952192001045,5.079175389255397e-05,1.7471880710218102e-05,1.3084962120046839e-05,0.00010505952377570793,9.090541425393894e-05,9.35605785343796e-05,7.520170129282633e-06,2.6351968699600548e-05,0.00017932441551238298,0.0003088277589995414,9.489231160841882e-05,0.0001632986677577719,0.0,0.00011500022083055228,0.0005406701820902526,0.0003974726132582873,3.676506457850337e-05,3.178266752001946e-06,0.00010230665793642402,6.560999463545159e-05,1.8662454749573953e-05,0.00013448778190650046,6.173830479383469e-05,0.00014146957255434245,4.95157582918182e-05,1.7108348401961848e-05,0.0003967808443121612,7.430659752571955e-05,2.1940149963484146e-05,7.149373413994908e-05,7.168962474679574e-05,0.000631040136795491,2.2416168576455675e-05,1.2135770703025628e-05,2.394281909801066e-05,0.00024062709417194128,0.00027693042648024857,0.0010547047713771462,1.552461071696598e-05,0.00014877635112497956,0.00024454513913951814,0.00020761712221428752,3.435448206801084e-06,2.4958051653811708e-05,0.000197726913029328,4.2210478568449616e-05,1.233268267242238e-05,0.0
23220.0,8.29178770800354e-06,0.0017162456642836332,0.0006057430291548371,0.00020429311553016305,6.531004328280687e-05,1.627926877745267e-07,0.0007730795769020915,0.0002500519622117281,3.060148810618557e-05,0.00026572225033305585,0.00019302815780974925,0.00015088416694197804,5.040486212237738e-05,1.7337633835268207e-05,1.2983751730644144e-05,0.00010427350935060531,9.02220926946029e-05,9.28698354982771e-05,7.460806955350563e-06,2.614850745885633e-05,0.000177989830262959,0.00030654322472400963,9.4177907158155e-05,0.00016210506146308035,0.0,0.0001141399989137426,0.0005367606645449996,0.00039460865082219243,3.649053905974142e-05,3.153206307615619e-06,0.00010153467155760154,6.5116815676447e-05,1.8520284356782213e-05,0.00013346970081329346,6.12716467003338e-05,0.00014039043162483722,4.913805241812952e-05,1.697478182904888e-05,0.0003939381567761302,7.375599670922384e-05,2.1770832972833887e-05,7.095096225384623e-05,7.114934851415455e-05,0.0006264724652282894,2.2240896214498207e-05,1.2040440196869895e-05,2.375842996116262e-05,0.0002388318389421329,0.0002748683327808976,0.0010470434790477157,1.5404993973788805e-05,0.0001476559991715476,0.00024274547467939556,0.00020608684280887246,3.408615384614677e-06,2.4768001821939833e-05,0.00019627317669801414,4.189063474768773e-05,1.2238381714269053e-05,0.0
23280.0,8.226372301578522e-06,0.0017038736259564757,0.0006013077800162137,0.0002027896698564291,6.481647869804874e-05,1.6147673420618958e-07,0.0007673930376768112,0.0002481673436705023,3.0367717045010068e-05,0.00026373722357675433,0.00019158428767696023,0.00014974881196394563,5.001797035220079e-05,1.7203388779307716e-05,1.2882540431746747e-05,0.00010348749492550269,8.953877841122448e-05,9.217908518621698e-05,7.401443781418493e-06,2.594504621811211e-05,0.00017665525956545025,0.0003042586613446474,9.346350998384878e-05,0.00016091145516838878,0.0,0.00011327978427289054,0.0005328511469997466,0.00039174468838609755,3.621600990300067e-05,3.1281458632292924e-06,0.00010076269245473668,6.462363671744242e-05,1.837811214500107e-05,0.00013245160516817123,6.080498133087531e-05,0.00013931127614341676,4.8760346544440836e-05,1.684121525613591e-05,0.0003910954692400992,7.320539589272812e-05,2.1601514163194224e-05,7.040819764370099e-05,7.060907228151336e-05,0.0006219047354534268,2.2065625671530142e-05,1.194510878121946e-05,2.357404082431458e-05,0.0002370365837123245,0.00027280623908154666,0.001039382186718285,1.5285375411622226e-05,0.00014653566177003086,0.00024094581021927297,0.00020455657795537263,3.3817825624282705e-06,2.457795199006796e-05,0.0001948194403667003,4.1570794564904645e-05,1.2144080756115727e-05,0.0
23340.0,8.160955985658802e-06,0.0016915014712139964,0.0005968725308775902,0.00020128623873461038,6.432291411329061e-05,1.6016076642699772e-07,0.0007617065566591918,0.00024628275423310697,3.013394416484516e-05,0.00026175222592428327,0.00019014043209608644,0.00014861345698591322,4.963108222000301e-05,1.706914190435782e-05,1.2781330042344052e-05,0.00010270148050040007,8.885545685188845e-05,9.148834215011448e-05,7.342081062233774e-06,2.5741584977367893e-05,0.00017532067431602627,0.00030197412706911564,9.274911280954257e-05,0.00015971784887369722,0.0,0.00011241956235608086,0.0005289416294544935,0.00038888072595000267,3.594148438423872e-05,3.1030854188429657e-06,9.99907060759142e-05,6.413045775843784e-05,1.8235941752209328e-05,0.000131433509523049,6.033831959939562e-05,0.00013823213521391153,4.8382637032773346e-05,1.6707648683222942e-05,0.0003882527817040682,7.26547950762324e-05,2.1432197172543965e-05,6.986543303355575e-05,7.006879604887217e-05,0.0006173370638862252,2.1890355128562078e-05,1.1849777365569025e-05,2.338965168746654e-05,0.0002352413284825161,0.00027074417448602617,0.0010317208943888545,1.516575866844505e-05,0.00014541532436851412,0.00023914613120723516,0.0002030263131018728,3.3549495128681883e-06,2.4387902158196084e-05,0.00019336570403538644,4.125095438212156e-05,1.2049779797962401e-05,0.0
23400.0,8.098728358163498e-06,0.0016796821728348732,0.0005926384474150836,0.0001998513180296868,6.385242159012705e-05,1.589104527965901e-07,0.0007562790997326374,0.0002444860292598605,2.9911216188338585e-05,0.0002598589926492423,0.00018876339890994132,0.00014753095456399024,4.926255132886581e-05,1.6941321518970653e-05,1.268499454454286e-05,0.0001019521223497577,8.820414950605482e-05,9.082939504878595e-05,7.28563463781029e-06,2.5547908080625348e-05,0.00017404802201781422,0.0002997949777636677,9.20682359719649e-05,0.00015857866674195975,0.0,0.00011159946006955579,0.0005252084811218083,0.00038614554796367884,3.5679739085026085e-05,3.0792548386671115e-06,9.92550267255865e-05,6.366038724081591e-05,1.8100519810104743e-05,0.0001304634497500956,5.9893638535868376e-05,0.00013720427523367107,4.802288094651885e-05,1.6580575902480632e-05,0.00038553719059564173,7.212963100755587e-05,2.127101834048517e-05,6.934834527783096e-05,6.955389835638925e-05,0.0006129756802693009,2.1723615645896643e-05,1.1759108019759879e-05,2.3214108296087943e-05,0.00023352958669420332,0.0002687778032850474,0.0010244068689644337,1.5051881746330764e-05,0.00014434756303671747,0.000237429077969864,0.0002015663922065869,3.3294215882051503e-06,2.420687087578699e-05,0.00019197863002773374,4.094621544936672e-05,1.1959971743635833e-05,0.0
23460.0,8.03679085947806e-06,0.0016679129330441356,0.0005884226411581039,0.00019842262554448098,6.338403181871399e-05,1.5766610772516287e-07,0.000750875158701092,0.0002426973223919049,2.9689492293982767e-05,0.0002579741121735424,0.00018739246297627687,0.00014645326882600784,4.889569027000107e-05,1.6814085029182024e-05,1.2589101970661432e-05,0.00010120609658770263,8.755575981922448e-05,9.017334377858788e-05,7.2294533310923725e-06,2.5355118850711733e-05,0.00017278100131079555,0.00029762540361844003,9.139040048466995e-05,0.00015744443226139992,0.0,0.00011078299576183781,0.0005214913981035352,0.0003834220697171986,3.5419150663074106e-05,3.0555361263395753e-06,9.852265066001564e-05,6.319241947494447e-05,1.796570904843975e-05,0.00012949775555171072,5.945095472270623e-05,0.0001361810864182189,4.7664758312748745e-05,1.645409247430507e-05,0.00038283318281173706,7.160678796935827e-05,2.1110578018124215e-05,6.883358582854271e-05,6.904130714247003e-05,0.0006086330395191908,2.155765105271712e-05,1.1668861588987056e-05,2.3039368898025714e-05,0.0002318254264537245,0.0002668201632332057,0.001017124392092228,1.4938526874175295e-05,0.00014328457473311573,0.00023571951896883547,0.00020011285960208625,3.3040121252270183e-06,2.402665813860949e-05,0.00019059762416873127,4.064284803462215e-05,1.187057114293566e-05,0.0
23520.0,7.97485245129792e-06,0.0016561438096687198,0.0005842067766934633,0.00019699393305927515,6.291564204730093e-05,1.5642176265373564e-07,0.0007454712176695466,0.0002409085864201188,2.9467768399626948e-05,0.000256089202594012,0.0001860215124906972,0.00014537558308802545,4.8528829211136326e-05,1.668684672040399e-05,1.2493209396780003e-05,0.00010046007082564756,8.690736285643652e-05,8.95172925083898e-05,7.173272024374455e-06,2.5162331439787522e-05,0.00017151396605186164,0.00029545582947321236,9.071257227333263e-05,0.0001563101977808401,0.0,0.00010996653873007745,0.0005177743150852621,0.00038069862057454884,3.5158565879100934e-05,3.031817414012039e-06,9.779027459444478e-05,6.272444443311542e-05,1.7830900105764158e-05,0.00012853206135332584,5.900827454752289e-05,0.00013515788305085152,4.730663204099983e-05,1.6327607227140106e-05,0.00038012914592400193,7.108393765520304e-05,2.0950139514752664e-05,6.831883365521207e-05,6.85287086525932e-05,0.0006042903987690806,2.1391688278527e-05,1.1578616067708936e-05,2.286462768097408e-05,0.0002301212662132457,0.0002648624940775335,0.0010098417988047004,1.4825172002019826e-05,0.00014222160098142922,0.00023400995996780694,0.0001986593269975856,3.278602662248886e-06,2.3846445401431993e-05,0.00018921660375781357,4.0339484257856384e-05,1.1781170542235486e-05,0.0
23580.0,7.912914952612482e-06,0.001644374686293304,0.0005799909704364836,0.00019556524057406932,6.244725227588788e-05,1.551774175823084e-07,0.0007400672766380012,0.00023911986500024796,2.924604450527113e-05,0.0002542043221183121,0.00018465056200511754,0.00014429789735004306,4.816197179025039e-05,1.6559610230615363e-05,1.2397317732393276e-05,9.97140450635925e-05,8.625897316960618e-05,8.886124123819172e-05,7.117090717656538e-06,2.496954402886331e-05,0.00017024694534484297,0.0002932862553279847,9.00347440619953e-05,0.00015517596330028027,0.0,0.00010915008169831708,0.0005140572320669889,0.0003779751423280686,3.489798109512776e-05,3.008098701684503e-06,9.70578912529163e-05,6.225647666724399e-05,1.7696091163088568e-05,0.00012756636715494096,5.856559073436074e-05,0.00013413469423539937,4.694850940722972e-05,1.6201123798964545e-05,0.00037742513814009726,7.056108734104782e-05,2.078969919239171e-05,6.780407420592383e-05,6.801611743867397e-05,0.0005999476998113096,2.122572550433688e-05,1.1488370546430815e-05,2.2689888282911852e-05,0.00022841710597276688,0.00026290485402569175,0.0010025593219324946,1.4711817129864357e-05,0.00014115861267782748,0.0002323004009667784,0.00019720579439308494,3.2531934266444296e-06,2.3666232664254494e-05,0.0001878355978988111,4.003611684311181e-05,1.1691770851030014e-05,0.0
23640.0,7.850976544432342e-06,0.0016326055629178882,0.0005757751641795039,0.0001941365480888635,6.197886250447482e-05,1.5393307251088117e-07,0.0007346633356064558,0.0002373311435803771,2.902432061091531e-05,0.00025231941253878176,0.0001832796260714531,0.00014322019706014544,4.779511073138565e-05,1.6432373740826733e-05,1.2301425158511847e-05,9.896801930153742e-05,8.561057620681822e-05,8.820518996799365e-05,7.0609094109386206e-06,2.47767566179391e-05,0.0001689799246378243,0.000291116681182757,8.935691585065797e-05,0.00015404172881972045,0.0,0.0001083336173905991,0.0005103401490487158,0.0003752516640815884,3.463739631115459e-05,2.9843799893569667e-06,9.632551518734545e-05,6.178850162541494e-05,1.7561282220412977e-05,0.00012660067295655608,5.812290692119859e-05,0.00013311149086803198,4.659038677345961e-05,1.6074640370788984e-05,0.00037472110125236213,7.003824430285022e-05,2.0629258870030753e-05,6.728932203259319e-05,6.750352622475475e-05,0.0005956050590611994,2.1059760911157355e-05,1.1398124115657993e-05,2.251514706586022e-05,0.00022671294573228806,0.00026094718487001956,0.000995276728644967,1.4598462257708889e-05,0.00014009563892614096,0.00023059084196574986,0.0001957522617885843,3.2277839636662975e-06,2.3486018108087592e-05,0.0001864545774878934,3.973275306634605e-05,1.1602370250329841e-05,0.0
23700.0,7.792012183927e-06,0.0016213549533858895,0.0005717478925362229,0.00019277204410173,6.153205322334543e-05,1.5274986253643874e-07,0.0007295021205209196,0.0002356246259296313,2.8812919481424615e-05,0.00025052044657059014,0.0001819712488213554,0.00014219197328202426,4.744540638057515e-05,1.6311136278091e-05,1.221008369611809e-05,9.825629240367562e-05,8.499212708557025e-05,8.757891191635281e-05,7.0074465838843025e-06,2.4593102352810092e-05,0.00016777084965724498,0.0002890457690227777,8.871043246472254e-05,0.00015295848425012082,0.0,0.00010755468247225508,0.0005067884339950979,0.0003726489667315036,3.438876592554152e-05,2.9618076951010153e-06,9.562708146404475e-05,6.134214345365763e-05,1.7432777895010076e-05,0.0001256798714166507,5.770077768829651e-05,0.00013213622150942683,4.624903158401139e-05,1.595421417732723e-05,0.0003721363318618387,6.953920819796622e-05,2.0476418285397813e-05,6.679856596747413e-05,6.701466190861538e-05,0.0005914558423683047,2.0901756215607747e-05,1.1312225069559645e-05,2.234866587969009e-05,0.00022508692927658558,0.00025907912640832365,0.0009883197490125895,1.4490467037830967e-05,0.00013908182154409587,0.00022895864094607532,0.00019436460570432246,3.203591631972813e-06,2.3314230929827318e-05,0.00018513599934522063,3.94435046473518e-05,1.1517166058183648e-05,0.0
23760.0,7.733317943348084e-06,0.0016101514920592308,0.0005677376757375896,0.00019141337543260306,6.108720845077187e-05,1.5157219479533524e-07,0.0007243629661388695,0.0002339256025152281,2.860245695046615e-05,0.0002487292804289609,0.00018066854681819677,0.00014116824604570866,4.70972663606517e-05,1.619044633116573e-05,1.211915605381364e-05,9.754767961567268e-05,8.437639189651236e-05,8.695534779690206e-05,6.954231139388867e-06,2.4410277546849102e-05,0.00016656705702189356,0.000286983820842579,8.806680125417188e-05,0.00015187988174147904,0.0,0.00010677915997803211,0.0005032517365179956,0.000370057241525501,3.414122693357058e-05,2.9393397653620923e-06,9.493173274677247e-05,6.089774615247734e-05,1.7304846551269293e-05,0.00012476315896492451,5.728051473852247e-05,0.00013116528862155974,4.590920434566215e-05,1.5834337318665348e-05,0.00036956238909624517,6.904234032845125e-05,2.0324267097748816e-05,6.630998541368172e-05,6.652795855188742e-05,0.0005873242043890059,2.0744473658851348e-05,1.1226721653656568e-05,2.2182934117154218e-05,0.0002234679996035993,0.0002572192170191556,0.000981392222456634,1.4382959307113197e-05,0.00013807248615194112,0.00022733346850145608,0.00019298293045721948,3.1795100312592695e-06,2.314321136509534e-05,0.0001838230964494869,3.915553679689765e-05,1.1432343853812199e-05,0.0
23820.0,7.674622793274466e-06,0.001598948030732572,0.0005637275171466172,0.00019005472131539136,6.064236367819831e-05,1.5039452705423173e-07,0.0007192238117568195,0.00023222656454890966,2.8391994419507682e-05,0.00024693808518350124,0.00017936585936695337,0.00014014450425747782,4.6749122702749446e-05,1.606975456525106e-05,1.202822841150919e-05,9.683907410362735e-05,8.376066398341209e-05,8.63317764014937e-05,6.901015694893431e-06,2.4227454559877515e-05,0.0001653632498346269,0.00028492187266238034,8.74231627676636e-05,0.00015080126468092203,0.0,0.00010600364475976676,0.0004997150972485542,0.00036746548721566796,3.389368430362083e-05,2.9168718356231693e-06,9.423638402950019e-05,6.045334885129705e-05,1.717691520752851e-05,0.0001238464319612831,5.686025178874843e-05,0.00013019437028560787,4.55693771073129e-05,1.5714460460003465e-05,0.0003669884754344821,6.854547245893627e-05,2.017211591009982e-05,6.582141213584691e-05,6.604124791920185e-05,0.0005831925664097071,2.0587192921084352e-05,1.114121732825879e-05,2.2017204173607752e-05,0.00022184906993061304,0.00025535927852615714,0.0009744647541083395,1.4275451576395426e-05,0.00013706315075978637,0.00022570831060875207,0.00019160126976203173,3.155428430545726e-06,2.2972189981373958e-05,0.0001825101935537532,3.8867572584422305e-05,1.134752164944075e-05,0.0
23880.0,7.61592855269555e-06,0.0015877445694059134,0.0005597173585556448,0.00018869605264626443,6.019751890562475e-05,1.4921685931312823e-07,0.0007140846573747694,0.00023052752658259124,2.8181530069559813e-05,0.000245146919041872,0.00017806315736379474,0.0001391207770211622,4.640097904484719e-05,1.5949064618325792e-05,1.1937301678699441e-05,9.613046131562442e-05,8.314493607031181e-05,8.570821228204295e-05,6.847800250397995e-06,2.4044629753916524e-05,0.00016415944264736027,0.00028285992448218167,8.677953155711293e-05,0.00014972266217228025,0.0,0.00010522812226554379,0.000496178399771452,0.00036487376200966537,3.364614167367108e-05,2.8944039058842463e-06,9.35410353122279e-05,6.000895155011676e-05,1.704898568277713e-05,0.0001229297195095569,5.6439988838974386e-05,0.000129223451949656,4.522954623098485e-05,1.5594583601341583e-05,0.00036441453266888857,6.80486045894213e-05,2.0019964722450823e-05,6.53328315820545e-05,6.555454456247389e-05,0.0005790608702227473,2.0429910364327952e-05,1.1055713912355714e-05,2.185147241107188e-05,0.000220230154809542,0.0002534993691369891,0.0009675372275523841,1.4167943845677655e-05,0.00013605380081571639,0.00022408313816413283,0.00019021959451492876,3.1313470572058577e-06,2.2801168597652577e-05,0.00018119729065801948,3.8579604733968154e-05,1.1262699445069302e-05,0.0
23940.0,7.557233857369283e-06,0.0015765411080792546,0.0005557071999646723,0.00018733739852905273,5.975267413305119e-05,1.4803920578287943e-07,0.0007089455029927194,0.0002288284886162728,2.7971067538601346e-05,0.0002433557529002428,0.00017676046991255134,0.00013809703523293138,4.6052835386944935e-05,1.582837285241112e-05,1.1846374036394991e-05,9.542184852762148e-05,8.252920088125393e-05,8.508464088663459e-05,6.794584805902559e-06,2.3861806766944937e-05,0.00016295563546009362,0.00028079800540581346,8.613590034656227e-05,0.00014864404511172324,0.0,0.00010445259977132082,0.0004926417605020106,0.0003622820368036628,3.339860268170014e-05,2.8719359761453234e-06,9.284568659495562e-05,5.9564554248936474e-05,1.6921054339036345e-05,0.00012201299978187308,5.6019725889200345e-05,0.00012825253361370414,4.488971899263561e-05,1.54747067426797e-05,0.00036184058990329504,6.755173671990633e-05,1.9867813534801826e-05,6.484425830421969e-05,6.506783392978832e-05,0.0005749292322434485,2.0272629626560956e-05,1.0970209586957935e-05,2.1685742467525415e-05,0.00021861122513655573,0.0002516394597478211,0.0009606097592040896,1.4060436114959884e-05,0.00013504446542356163,0.00022245798027142882,0.00018883791926782578,3.107265456492314e-06,2.2630147213931195e-05,0.00017988438776228577,3.829164052149281e-05,1.1177876331203151e-05,0.0
24000.0,7.501315394620178e-06,0.001565824612043798,0.0005518739344552159,0.0001860389456851408,5.932803833275102e-05,1.4691850935832917e-07,0.000704033940564841,0.00022720644483342767,2.777026384137571e-05,0.00024164507340174168,0.00017551638302393258,0.00013711962674278766,4.572074249153957e-05,1.5713290849816985e-05,1.1759698281821329e-05,9.474535181652755e-05,8.194149995688349e-05,8.448898734059185e-05,6.743906396877719e-06,2.3687518478254788e-05,0.000161806121468544,0.00027882852009497583,8.552160579711199e-05,0.00014761326019652188,0.0,0.00010371221287641674,0.0004892602446489036,0.00035980367101728916,3.316225775051862e-05,2.850537839549361e-06,9.218211198458448e-05,5.914038774790242e-05,1.679902197793126e-05,0.00012113829143345356,5.56186969333794e-05,0.00012732642062474042,4.456557871890254e-05,1.5360485122073442e-05,0.000359378638677299,6.707718421239406e-05,1.972276186279487e-05,6.437813135562465e-05,6.460333679569885e-05,0.0005709790857508779,2.012277764151804e-05,1.0888763426919468e-05,2.1527730496018194e-05,0.00021706547704525292,0.00024986345670185983,0.0009539875900372863,1.3957937881059479e-05,0.0001340811577392742,0.00022090532002039254,0.00018751798779703677,3.0843204967823112e-06,2.2467005692305975e-05,0.00017863002722151577,3.801688217208721e-05,1.1096978596469853e-05,0.0
24060.0,7.445648861903464e-06,0.0015551523538306355,0.0005480566760525107,0.0001847459643613547,5.8905239711748436e-05,1.4580301410660468e-07,0.0006991431000642478,0.00022559140052180737,2.757033689704258e-05,0.00023994171351660043,0.00017427763668820262,0.00013614642375614494,4.539010478765704e-05,1.5598718164255843e-05,1.1673409971990623e-05,9.407178004039451e-05,8.135635289363563e-05,8.389586582779884e-05,6.693458544759778e-06,2.3514006898039952e-05,0.0001606615405762568,0.00027686741668730974,8.490998880006373e-05,0.0001465868263039738,0.0,0.0001029750274028629,0.00048589290236122906,0.00035733560798689723,3.292693509138189e-05,2.829237018886488e-06,9.152141865342855e-05,5.871806206414476e-05,1.667752439971082e-05,0.00012026740296278149,5.521941420738585e-05,0.00012640439672395587,4.424286089488305e-05,1.5246778275468387e-05,0.00035692687379196286,6.660465442109853e-05,1.957835593202617e-05,6.391404895111918e-05,6.414086237782612e-05,0.0005670454120263457,1.9973602320533246e-05,1.0807685612235218e-05,2.137042065442074e-05,0.0002155263937311247,0.00024809507885947824,0.0009473931859247386,1.385589439450996e-05,0.00013312202645465732,0.00021935926633886993,0.0001862036733655259,3.0614787647209596e-06,2.2304582671495155e-05,0.00017738097812980413,3.774332799366675e-05,1.101643738365965e-05,0.0
24120.0,7.3899827839341015e-06,0.0015444799792021513,0.0005442394758574665,0.00018345298303756863,5.848244472872466e-05,1.4468750464402547e-07,0.0006942522595636547,0.00022397635621018708,2.7370411771698855e-05,0.00023823835363145918,0.00017303887580055743,0.00013517322076950222,4.5059470721753314e-05,1.54841454786947e-05,1.1587121662159916e-05,9.339820098830387e-05,8.077119855443016e-05,8.330274431500584e-05,6.643010237894487e-06,2.3340493498835713e-05,0.00015951695968396962,0.0002749063423834741,8.429836452705786e-05,0.00014556037785951048,0.0,0.00010223784192930907,0.0004825255600735545,0.0003548675449565053,3.269160879426636e-05,2.8079364255972905e-06,9.086073259823024e-05,5.82957363803871e-05,1.6556026821490377e-05,0.00011939652176806703,5.482013148139231e-05,0.0001254823582712561,4.392014307086356e-05,1.5133071428863332e-05,0.00035447507980279624,6.613213190576062e-05,1.9433951820246875e-05,6.344995927065611e-05,6.36783879599534e-05,0.0005631117965094745,1.982442699954845e-05,1.0726607797550969e-05,2.1213108993833885e-05,0.00021398729586508125,0.00024632670101709664,0.000940798781812191,1.3753851817455143e-05,0.00013216289517004043,0.00021781321265734732,0.00018488935893401504,3.0386372600332834e-06,2.2142159650684334e-05,0.00017613191448617727,3.746977017726749e-05,1.0935895261354744e-05,0.0
24180.0,7.3343167059647385e-06,0.0015338077209889889,0.0005404222174547613,0.00018216000171378255,5.8059646107722074e-05,1.4357199518144625e-07,0.0006893614190630615,0.00022236131189856678,2.7170484827365726e-05,0.00023653499374631792,0.00017180012946482748,0.0001342000177828595,4.4728833017870784e-05,1.536957461212296e-05,1.150083335232921e-05,9.272462193621323e-05,8.018604421522468e-05,8.270962280221283e-05,6.592562385776546e-06,2.3166981918620877e-05,0.00015837237879168242,0.0002729452680796385,8.368674025405198e-05,0.0001445339439669624,0.0,0.00010150065645575523,0.0004791581886820495,0.00035239948192611337,3.2456282497150823e-05,2.7866356049344176e-06,9.020003926707432e-05,5.787340705865063e-05,1.643453106225934e-05,0.00011852563329739496,5.442085239337757e-05,0.00012456033437047154,4.3597428884822875e-05,1.5019363672763575e-05,0.0003520233149174601,6.56596093904227e-05,1.9289545889478177e-05,6.298587686615065e-05,6.321591354208067e-05,0.0005591781227849424,1.9675251678563654e-05,1.064552998286672e-05,2.1055799152236432e-05,0.00021244821255095303,0.00024455832317471504,0.0009342043776996434,1.3651809240400326e-05,0.00013120376388542354,0.00021626714442390949,0.00018357502995058894,3.0157955279719317e-06,2.197973481088411e-05,0.00017488286539446563,3.719621236086823e-05,1.0855354048544541e-05,0.0
24240.0,7.278650173248025e-06,0.0015231354627758265,0.000536605017259717,0.00018086702038999647,5.763684748671949e-05,1.4245648571886704e-07,0.0006844705785624683,0.0002207462675869465,2.6970557883032598e-05,0.00023483163386117667,0.00017056138312909752,0.00013322681479621679,4.439819895196706e-05,1.5255001926561818e-05,1.1414544133003801e-05,9.20510501600802e-05,7.960089715197682e-05,8.211650128941983e-05,6.542114533658605e-06,2.299347033840604e-05,0.00015722779789939523,0.00027098419377580285,8.307512325700372e-05,0.00014350749552249908,0.0,0.0001007634709822014,0.00047579084639437497,0.00034993141889572144,3.2220959838014096e-05,2.7653347842715448e-06,8.953934593591839e-05,5.7451081374892965e-05,1.6313033484038897e-05,0.00011765474482672289,5.402156966738403e-05,0.00012363829591777176,4.3274711060803384e-05,1.490565682615852e-05,0.00034957152092829347,6.518707959912717e-05,1.9145141777698882e-05,6.252179446164519e-05,6.275343184825033e-05,0.0005552444490604103,1.952607635757886e-05,1.0564453077677172e-05,2.089848931063898e-05,0.00021090911468490958,0.00024278994533233345,0.0009276099735870957,1.3549765753850807e-05,0.00013024463260080665,0.00021472109074238688,0.00018226071551907808,2.99295379591058e-06,2.181731179007329e-05,0.00017363381630275398,3.6922658182447776e-05,1.0774812835734338e-05,0.0
24300.0,7.225578428915469e-06,0.0015129208331927657,0.0005329538253135979,0.00017963054415304214,5.7232988183386624e-05,1.4139415327463212e-07,0.0006797934183850884,0.0002192034007748589,2.6779678591992706e-05,0.00023320376931224018,0.0001693775993771851,0.00013229703472461551,4.408258610055782e-05,1.5145678844419308e-05,1.133223395299865e-05,9.140757174463943e-05,7.904200901975855e-05,8.154955867212266e-05,6.494036369986134e-06,2.282794230268337e-05,0.00015613411960657686,0.00026910981978289783,8.249098755186424e-05,0.00014252593973651528,0.0,0.00010005922376876697,0.0004725692851934582,0.00034756987588480115,3.199613274773583e-05,2.745033725659596e-06,8.890841854736209e-05,5.704770956072025e-05,1.619705835764762e-05,0.00011682320473482832,5.36403022124432e-05,0.00012275822518859059,4.296667975722812e-05,1.479723687225487e-05,0.00034722499549388885,6.473548273788765e-05,1.9007378796231933e-05,6.20787322986871e-05,6.231176666915417e-05,0.0005514812655746937,1.9383847757126205e-05,1.0487166036909912e-05,2.0748400856973603e-05,0.00020943862909916788,0.00024110024969559163,0.0009213023004122078,1.3452409802994225e-05,0.00012932863319292665,0.0002132430818164721,0.00018100433226209134,2.97117480840825e-06,2.1662266590283252e-05,0.0001724396861391142,3.6661473131971434e-05,1.0697944162529893e-05,0.0
24360.0,7.1727422437106725e-06,0.0015027477638795972,0.0005293177673593163,0.00017839921929407865,5.683085328200832e-05,1.4033665252100036e-07,0.0006751356995664537,0.00021766708232462406,2.6589619665173814e-05,0.00023158275871537626,0.00016819880693219602,0.00013137121277395636,4.3768341129180044e-05,1.5036832337500528e-05,1.12502839328954e-05,9.07668363652192e-05,7.848550740163773e-05,8.098499529296532e-05,6.4461733018106315e-06,2.266314004373271e-05,0.0001550450688228011,0.00026724336203187704,8.190936205210164e-05,0.00014154847303871065,0.0,9.935797424986959e-05,0.00046936096623539925,0.0003452179953455925,3.177225880790502e-05,2.7248231617704732e-06,8.828019781503826e-05,5.6646062148502097e-05,1.6081585272331722e-05,0.00011599524441407993,5.326067184796557e-05,0.00012188196706119925,4.265998359187506e-05,1.4689297131553758e-05,0.00034488801611587405,6.428579217754304e-05,1.8870217900257558e-05,6.163758371258155e-05,6.187198596308008e-05,0.0005477335653267801,1.9242248527007177e-05,1.0410224604129326e-05,2.0598969058482908e-05,0.00020797437173314393,0.00023941771360114217,0.0009150206460617483,1.3355480405152775e-05,0.00012841654825024307,0.00021177124290261418,0.00017975320224650204,2.949492227344308e-06,2.1507892597583123e-05,0.00017125054728239775,3.6401408578967676e-05,1.0621409273881e-05,0.0
24420.0,7.119906513253227e-06,0.0014925748109817505,0.0005256817094050348,0.00017716789443511516,5.642871474265121e-05,1.392791375565139e-07,0.000670477980747819,0.00021613076387438923,2.639956073835492e-05,0.00022996176267042756,0.00016702001448720694,0.00013044537627138197,4.345409615780227e-05,1.4927985830581747e-05,1.1168334822286852e-05,9.012610098579898e-05,7.792900578351691e-05,8.04204391897656e-05,6.39831068838248e-06,2.2498339603771456e-05,0.00015395601803902537,0.0002653768751770258,8.132772927638143e-05,0.00014057100634090602,0.0,9.865671745501459e-05,0.0004661526472773403,0.0003428660857025534,3.154838486807421e-05,2.704612825255026e-06,8.765197708271444e-05,5.624441473628394e-05,1.5966112187015824e-05,0.00011516727681737393,5.288104512146674e-05,0.00012100570893380791,4.2353287426522e-05,1.4581357390852645e-05,0.00034255103673785925,6.383610161719844e-05,1.8733058823272586e-05,6.119643512647599e-05,6.14322125329636e-05,0.0005439858650788665,1.9100651115877554e-05,1.033328317134874e-05,2.0449537259992212e-05,0.0002065101289190352,0.0002377351775066927,0.0009087389917112887,1.3258550097816624e-05,0.0001275044633075595,0.00021029941854067147,0.00017850207223091274,2.927809646280366e-06,2.1353518604882993e-05,0.0001700614084256813,3.6141347663942724e-05,1.0544875294726808e-05,0.0
24480.0,7.06707032804843e-06,0.001482401741668582,0.0005220456514507532,0.00017593655502423644,5.6026579841272905e-05,1.3822163680288213e-07,0.0006658202037215233,0.0002145944454241544,2.620950181153603e-05,0.00022834075207356364,0.00016584123659413308,0.0001295195397688076,4.3139851186424494e-05,1.4819139323662966e-05,1.1086384802183602e-05,8.948536560637876e-05,7.737251144135371e-05,7.985587581060827e-05,6.350447620206978e-06,2.2333537344820797e-05,0.00015286696725524962,0.000263510417426005,8.074610377661884e-05,0.00013959352509118617,0.0,9.79554679361172e-05,0.00046294432831928134,0.00034051420516334474,3.1324514566222206e-05,2.684402488739579e-06,8.7023749074433e-05,5.584276732406579e-05,1.5850639101699926e-05,0.00011433931649662554,5.2501414756989107e-05,0.00012012944353045896,4.204659126116894e-05,1.4473417650151532e-05,0.00034021405735984445,6.338640378089622e-05,1.8595899746287614e-05,6.075528290239163e-05,6.099243910284713e-05,0.0005402381648309529,1.8959051885758527e-05,1.0256341738568153e-05,2.0300105461501516e-05,0.00020504587155301124,0.00023605262686032802,0.00090245739556849,1.3161619790480472e-05,0.0001265923783648759,0.00020882757962681353,0.00017725094221532345,2.906127065216424e-06,2.1199144612182863e-05,0.00016887226956896484,3.588128674891777e-05,1.0468340406077914e-05,0.0
24540.0,7.014234597590985e-06,0.0014722286723554134,0.0005184095934964716,0.00017470523016527295,5.5624441301915795e-05,1.3716413604925037e-07,0.0006611624849028885,0.00021305812697391957,2.6019442884717137e-05,0.0002267197414766997,0.000164662444149144,0.0001285937032662332,4.282560621504672e-05,1.4710293726238888e-05,1.1004435691575054e-05,8.884462295100093e-05,7.681600982323289e-05,7.929131970740855e-05,6.302585006778827e-06,2.216873508587014e-05,0.00015177791647147387,0.00026164393057115376,8.016447100089863e-05,0.00013861605839338154,0.0,9.725421841721982e-05,0.0004597360093612224,0.0003381623246241361,3.1100640626391396e-05,2.664192152224132e-06,8.639552834210917e-05,5.5441119911847636e-05,1.5735166016384028e-05,0.00011351135617587715,5.212178439251147e-05,0.00011925318540306762,4.1739891457837075e-05,1.436547790945042e-05,0.00033787707798182964,6.293671322055161e-05,1.8458740669302642e-05,6.031413431628607e-05,6.055266203475185e-05,0.0005364905227907002,1.8817454474628903e-05,1.0179399396292865e-05,2.015067366301082e-05,0.00020358161418698728,0.00023437009076587856,0.0008961757412180305,1.3064690392639022e-05,0.00012568029342219234,0.00020735575526487082,0.00017599982675164938,2.8844442567788064e-06,2.1044770619482733e-05,0.00016768313071224838,3.562122583389282e-05,1.0391806426923722e-05,0.0
24600.0,6.96382585374522e-06,0.001462486106902361,0.0005149295902810991,0.00017352699069306254,5.524007065105252e-05,1.3615628802199353e-07,0.0006567055243067443,0.00021158951858524233,2.5837864086497575e-05,0.00022516959870699793,0.0001635352527955547,0.00012770861212629825,4.2525443859631196e-05,1.460636303818319e-05,1.0926210052275565e-05,8.823213283903897e-05,7.62841445975937e-05,7.875134178902954e-05,6.2569379224441946e-06,2.2011410692357458e-05,0.00015073663962539285,0.00025985887623392045,7.960862421896309e-05,0.00013768074859399348,0.0,9.658386261435226e-05,0.00045666471123695374,0.00033591059036552906,3.088661833317019e-05,2.644916548888432e-06,8.579521818319336e-05,5.505725130205974e-05,1.5624867955921218e-05,0.00011272028496023268,5.1759045163635164e-05,0.00011841623927466571,4.144695776631124e-05,1.4262485819926951e-05,0.0003356390807311982,6.25066677457653e-05,1.8327802536077797e-05,5.989269266137853e-05,6.0132399084977806e-05,0.0005329030682332814,1.8682354493648745e-05,1.0106004083354492e-05,2.0008006686111912e-05,0.00020218173449393362,0.00023276139108929783,0.0008901635883376002,1.2972149306733627e-05,0.0001248086482519284,0.00020594781381078064,0.00017480309179518372,2.8637559807975776e-06,2.0897312424494885e-05,0.0001665455783950165,3.537276279530488e-05,1.0318713066226337e-05,0.0
24660.0,6.913637662364636e-06,0.0014527826569974422,0.0005114637897349894,0.00017235359700862318,5.4857315262779593e-05,1.3515297325739084e-07,0.000652266782708466,0.0002101270656567067,2.5657056539785117e-05,0.00022362590243574232,0.00016241274715866894,0.00012682723172474653,4.222655843477696e-05,1.4502879821520764e-05,1.0848323654499836e-05,8.76222038641572e-05,7.575452036689967e-05,7.821359758963808e-05,6.211492745933356e-06,2.18547647818923e-05,0.0001496996992500499,0.00025808121426962316,7.905512029537931e-05,0.00013674928050022572,0.0,9.591632260708138e-05,0.000453605898655951,0.00033366793650202453,3.067348734475672e-05,2.625725755933672e-06,8.519744005752727e-05,5.4675001592841e-05,1.5515039194724523e-05,0.00011193256796104833,5.139784479979426e-05,0.00011758287291740999,4.1155271901516244e-05,1.4159943020786159e-05,0.00033341007656417787,6.207840488059446e-05,1.8197428289568052e-05,5.947304089204408e-05,5.9713911468861625e-05,0.0005293301655910909,1.854784568422474e-05,1.0032931641035248e-05,1.9865952708642e-05,0.000200787719222717,0.00023115939984563738,0.0008841758826747537,1.288000748900231e-05,0.00012394068471621722,0.0002045456931227818,0.0001736113044898957,2.8431577447918244e-06,2.075048178085126e-05,0.00016541271179448813,3.5125354770570993e-05,1.0245933481201064e-05,0.0
24720.0,6.863449925731402e-06,0.0014430793235078454,0.0005079979891888797,0.0001711801887722686,5.447455987450667e-05,1.3414964428193343e-07,0.0006478280411101878,0.00020866459817625582,2.547624899307266e-05,0.0002220822061644867,0.00016129024152178317,0.00012594583677127957,4.1927676647901535e-05,1.4399396604858339e-05,1.0770436347229406e-05,8.701227488927543e-05,7.522489613620564e-05,7.767585339024663e-05,6.166047114675166e-06,2.1698120690416545e-05,0.00014866275887470692,0.0002563035814091563,7.850162364775315e-05,0.00013581781240645796,0.0,9.524878987576813e-05,0.0004505470860749483,0.00033142531174235046,3.0460361813311465e-05,2.606535190352588e-06,8.459966193186119e-05,5.429274824564345e-05,1.540521225251723e-05,0.00011114484368590638,5.103664079797454e-05,0.00011674949928419665,4.0863586036721244e-05,1.4057399312150665e-05,0.00033118107239715755,6.165014201542363e-05,1.8067054043058306e-05,5.905338912270963e-05,5.9295423852745444e-05,0.0005257572629489005,1.8413336874800734e-05,9.959858289221302e-06,1.9723898731172085e-05,0.00019939368939958513,0.00022955740860197693,0.0008781881770119071,1.2787865671270993e-05,0.00012307272118050605,0.00020314357243478298,0.00017241951718460768,2.8225597361597465e-06,2.0603651137207635e-05,0.00016427984519395977,3.48779431078583e-05,1.0173152986681089e-05,0.0
24780.0,6.813261734350817e-06,0.0014333758736029267,0.00050453218864277,0.000170006780535914,5.409180448623374e-05,1.3314632951733074e-07,0.0006433893577195704,0.00020720214524772018,2.5295439627370797e-05,0.00022053849534131587,0.0001601677358848974,0.00012506445636972785,4.16287912230473e-05,1.4295913388195913e-05,1.0692549949453678e-05,8.640234591439366e-05,7.469527190551162e-05,7.713810919085518e-05,6.120601483416976e-06,2.1541474779951386e-05,0.00014762581849936396,0.00025452591944485903,7.794811972416937e-05,0.0001348863443126902,0.0,9.458124986849725e-05,0.0004474882734939456,0.00032918265787884593,3.0247234462876804e-05,2.5873443973978283e-06,8.400188380619511e-05,5.391049853642471e-05,1.5295383491320536e-05,0.00011035712668672204,5.0675440434133634e-05,0.0001159161256509833,4.0571900171926245e-05,1.3954856513009872e-05,0.00032895206823013723,6.122187915025279e-05,1.793667979654856e-05,5.863373735337518e-05,5.8876932598650455e-05,0.00052218436030671,1.827882806537673e-05,9.886784937407356e-06,1.9581846572691575e-05,0.00019799965957645327,0.00022795541735831648,0.0008722005295567214,1.2695723853539675e-05,0.00012220475764479488,0.00020174143719486892,0.00017122772987931967,2.8019617275276687e-06,2.045682049356401e-05,0.0001631469785934314,3.4630535083124414e-05,1.0100372492161114e-05,0.0
24840.0,6.7630739977175836e-06,0.001423672423698008,0.0005010663880966604,0.00016883337229955941,5.3709049097960815e-05,1.3214300054187333e-07,0.0006389506161212921,0.00020573969231918454,2.511463208065834e-05,0.00021899479907006025,0.00015904523024801165,0.0001241830614162609,4.1329909436171874e-05,1.4192430171533488e-05,1.0614662642183248e-05,8.57924169395119e-05,7.416564039885998e-05,7.660036499146372e-05,6.075155852158787e-06,2.1384828869486228e-05,0.000146588878124021,0.00025274825748056173,7.73946158005856e-05,0.00013395487621892244,0.0,9.391370986122638e-05,0.0004444294609129429,0.00032694003311917186,3.003410529345274e-05,2.568153831816744e-06,8.340410568052903e-05,5.3528245189227164e-05,1.5185555639618542e-05,0.0001095694096875377,5.031423643231392e-05,0.00011508275929372758,4.0280214307131246e-05,1.385231371386908e-05,0.00032672309316694736,6.079361992306076e-05,1.7806307369028218e-05,5.821408558404073e-05,5.8458444982534274e-05,0.0005186115158721805,1.8144319255952723e-05,9.813712495088112e-06,1.943979259522166e-05,0.0001966056297533214,0.00022635344066657126,0.0008662128238938749,1.2603582035808358e-05,0.0001213367868331261,0.0002003393165068701,0.00017003592802211642,2.781363718895591e-06,2.0309991668909788e-05,0.00016201409744098783,3.438312342041172e-05,1.002759290713584e-05,0.0
24900.0,6.715154995617922e-06,0.0014143736334517598,0.0004977470962330699,0.0001677098189247772,5.3342948376666754e-05,1.3118604158535163e-07,0.0006347003509290516,0.00020434071484487504,2.4941768060671166e-05,0.00021751757594756782,0.0001579711097292602,0.00012333987979218364,4.104421168449335e-05,1.4093548998062033e-05,1.0540260518610012e-05,8.520896517438814e-05,7.365911005763337e-05,7.608568557770923e-05,6.031781140336534e-06,2.123518061125651e-05,0.00014559672854375094,0.00025104699307121336,7.686528260819614e-05,0.00013306300388649106,0.0,9.327514271717519e-05,0.00044149940367788076,0.00032479147193953395,2.9830214771209285e-05,2.5498366085230373e-06,8.283247734652832e-05,5.316266106092371e-05,1.5080573575687595e-05,0.00010881625348702073,4.996885763830505e-05,0.000114286202006042,4.000141780124977e-05,1.3754396604781505e-05,0.00032458710484206676,6.038378705852665e-05,1.768175388860982e-05,5.781289655715227e-05,5.8058245485881343e-05,0.0005151891382411122,1.8015887690125965e-05,9.743954251462128e-06,1.9304068700876087e-05,0.00019527197582647204,0.00022482068743556738,0.0008604782051406801,1.251554840564495e-05,0.0001205067164846696,0.00019899714970961213,0.00016889518883544952,2.761695213848725e-06,2.0169636627542786e-05,0.00016092964506242424,3.414657840039581e-05,9.958034752344247e-06,0.0
24960.0,6.667442903562915e-06,0.0014051116304472089,0.0004944411921314895,0.00016659079119563103,5.297835741657764e-05,1.3023330325268034e-07,0.0006304672569967806,0.00020294749992899597,2.4769624360487796e-05,0.00021604637731797993,0.00015690139844082296,0.00012250016152393073,4.075971446582116e-05,1.3995086192153394e-05,1.0466174899192993e-05,8.462792175123468e-05,7.315466791624203e-05,7.557310163974762e-05,5.988594693917548e-06,2.108616718032863e-05,0.00014460866805166006,0.0002493526553735137,7.633813947904855e-05,0.0001321747258771211,0.0,9.263920219382271e-05,0.0004385810170788318,0.0003226514672860503,2.962716098409146e-05,2.5315989660157356e-06,8.226322825066745e-05,5.27985866938252e-05,1.4976032616687007e-05,0.00010806623322423548,4.9624919483903795e-05,0.00011349299893481657,3.9723789086565375e-05,1.365690059174085e-05,0.0003224595857318491,5.997563130222261e-05,1.7557729734107852e-05,5.7413381000515074e-05,5.7659704907564446e-05,0.0005117804394103587,1.788800727808848e-05,9.674497050582431e-06,1.9168921426171437e-05,0.00019394379341974854,0.00022329423518385738,0.0008547665784135461,1.2427887668309268e-05,0.00011968010221607983,0.0001976604398805648,0.00016775907715782523,2.742111291809124e-06,2.0029872757731937e-05,0.0001598495728103444,3.391101927263662e-05,9.888769454846624e-06,0.0
25020.0,6.619730811507907e-06,0.001395849627442658,0.0004911352880299091,0.00016547176346648484,5.261377009446733e-05,1.2928056492000906e-07,0.0006262341630645096,0.00020155429956503212,2.459748247929383e-05,0.00021457519324030727,0.0001558316871523857,0.00012166045053163543,4.047521360917017e-05,1.3896622476750053e-05,1.0392089279775973e-05,8.404687832808122e-05,7.265023305080831e-05,7.506051770178601e-05,5.9454082474985626e-06,2.093715374940075e-05,0.00014362059300765395,0.00024765831767581403,7.581099634990096e-05,0.0001312864333158359,0.0,9.200326894642785e-05,0.0004356626595836133,0.0003205114626325667,2.942410901596304e-05,2.5133610961347586e-06,8.169397915480658e-05,5.24345159647055e-05,1.487149165768642e-05,0.00010731622023740783,4.9280984967481345e-05,0.00011269978858763352,3.944616037188098e-05,1.3559403669205494e-05,0.00032033209572546184,5.956747554591857e-05,1.7433705579605885e-05,5.701386908185668e-05,5.7261167967226356e-05,0.0005083717405796051,1.7760126866050996e-05,9.605040759197436e-06,1.9033774151466787e-05,0.00019261561101302505,0.00022176778293214738,0.0008490549516864121,1.2340226930973586e-05,0.00011885348067153245,0.0001963237300515175,0.00016662296548020095,2.722527369769523e-06,1.9890107068931684e-05,0.00015876951511017978,3.367546378285624e-05,9.819505066843703e-06,0.0
25080.0,6.572018264705548e-06,0.0013865875080227852,0.0004878293548244983,0.0001643527502892539,5.224918277235702e-05,1.2832782658733777e-07,0.0006220010691322386,0.00020016108464915305,2.4425340598099865e-05,0.0002131040091626346,0.00015476197586394846,0.00012082073953934014,4.019071639049798e-05,1.3798159670841414e-05,1.0318003660358954e-05,8.346583490492776e-05,7.214579090941697e-05,7.45479337638244e-05,5.902221801079577e-06,2.0788142137462273e-05,0.00014263253251556307,0.00024596397997811437,7.528385322075337e-05,0.00013039815530646592,0.0,9.136733569903299e-05,0.00043274430208839476,0.00031837145797908306,2.922105704783462e-05,2.495123453627457e-06,8.11247227829881e-05,5.207044159760699e-05,1.4766950698685832e-05,0.00010656619997462258,4.893704681308009e-05,0.00011190658551640809,3.916853165719658e-05,1.346190765616484e-05,0.00031820457661524415,5.915931615163572e-05,1.7309681425103918e-05,5.6614353525219485e-05,5.686262738890946e-05,0.0005049630417488515,1.763224645401351e-05,9.53558355831774e-06,1.8898625057772733e-05,0.00019128744315821677,0.00022024133068043739,0.000843343383166939,1.2252566193637904e-05,0.00011802685912698507,0.00019498702022247016,0.00016548685380257666,2.7029432203562465e-06,1.9750343199120834e-05,0.00015768945741001517,3.343990465509705e-05,9.75023976934608e-06,0.0
