,01e43y44,01y33,01y40,01y43N,01y43S,01y44,01y46,02y33,02y34,02y35,02y39,02y40,02y43,02y44,02y46,02y47N,02y47S,02y48,02y532,03y32,03y33,03y37,03y38,03y39,03y43,03y44N,03y44S,03y45,03y46,03y47,03y48,03y49,03y51,04y32,04y36,04y37,04y44N,04y44S,04y48,05e48y49,05y32,05y33,05y34,05y35,05y36,05y37,05y38,05y39,05y41,05y42,05y43,05y44,05y46,05y47,05y48,05y49,05y50,05y51,05yD77,Cierre
2003-10-01 00:01:00,16.079999923706055,8.229999542236328,14.890000343322754,16.8799991607666,16.34000015258789,15.579999923706055,12.40999984741211,5.670000076293945,8.100000381469727,10.0600004196167,12.470000267028809,14.170000076293945,16.209999084472656,11.119999885559082,11.890000343322754,12.970000267028809,17.15999984741211,17.68000030517578,6.590000152587891,5.059999942779541,5.579999923706055,8.949999809265137,9.970000267028809,11.180000305175781,15.460000038146973,14.260000228881836,10.3100004196167,15.319999694824219,15.890000343322754,16.450000762939453,16.899999618530273,17.40999984741211,18.579999923706055,4.519999980926514,6.75,7.849999904632568,13.3100004196167,9.390000343322754,17.93000030517578,17.600000381469727,0.25,3.7300000190734863,4.170000076293945,4.610000133514404,5.03000020980835,5.619999885559082,6.010000228881836,6.409999847412109,7.159999847412109,7.659999847412109,8.029999732971191,8.300000190734863,16.1299991607666,16.65999984741211,17.149999618530273,17.790000915527344,18.15999984741211,18.760000228881836,12.9399995803833,-0.1899999976158142
2003-10-01 00:02:00,16.079999923706055,8.229999542236328,14.890000343322754,16.8799991607666,16.34000015258789,15.579999923706055,12.40999984741211,5.670000076293945,8.100000381469727,10.0600004196167,12.470000267028809,14.170000076293945,16.209999084472656,11.119999885559082,11.890000343322754,12.970000267028809,17.15999984741211,17.68000030517578,6.590000152587891,5.059999942779541,5.579999923706055,8.949999809265137,9.970000267028809,11.180000305175781,15.460000038146973,14.260000228881836,10.3100004196167,15.319999694824219,15.890000343322754,16.450000762939453,16.899999618530273,17.40999984741211,18.579999923706055,4.519999980926514,6.75,7.849999904632568,13.3100004196167,9.390000343322754,17.93000030517578,17.600000381469727,0.25,3.7300000190734863,4.170000076293945,4.610000133514404,5.03000020980835,5.619999885559082,6.010000228881836,6.409999847412109,7.159999847412109,7.659999847412109,8.029999732971191,8.300000190734863,16.1299991607666,16.65999984741211,17.149999618530273,17.790000915527344,18.15999984741211,18.760000228881836,12.9399995803833,-0.1899999976158142
2003-10-01 00:03:00,16.079999923706055,8.229999542236328,14.890000343322754,16.8799991607666,16.34000015258789,15.579999923706055,12.40999984741211,5.670000076293945,8.100000381469727,10.0600004196167,12.470000267028809,14.170000076293945,16.209999084472656,11.119999885559082,11.890000343322754,12.970000267028809,17.15999984741211,17.68000030517578,6.590000152587891,5.059999942779541,5.579999923706055,8.949999809265137,9.970000267028809,11.180000305175781,15.460000038146973,14.260000228881836,10.3100004196167,15.319999694824219,15.890000343322754,16.450000762939453,16.899999618530273,17.40999984741211,18.579999923706055,4.519999980926514,6.75,7.849999904632568,13.3100004196167,9.390000343322754,17.93000030517578,17.600000381469727,0.25,3.7300000190734863,4.170000076293945,4.610000133514404,5.03000020980835,5.619999885559082,6.010000228881836,6.409999847412109,7.159999847412109,7.659999847412109,8.029999732971191,8.300000190734863,16.1299991607666,16.65999984741211,17.149999618530273,17.790000915527344,18.15999984741211,18.760000228881836,12.9399995803833,-0.1899999976158142
2003-10-01 00:04:00,16.079999923706055,8.229999542236328,14.890000343322754,16.8799991607666,16.34000015258789,15.579999923706055,12.40999984741211,5.670000076293945,8.100000381469727,10.0600004196167,12.470000267028809,14.170000076293945,16.209999084472656,11.119999885559082,11.890000343322754,12.970000267028809,17.15999984741211,17.68000030517578,6.590000152587891,5.059999942779541,5.579999923706055,8.949999809265137,9.970000267028809,11.180000305175781,15.460000038146973,14.260000228881836,10.3100004196167,15.319999694824219,15.890000343322754,16.450000762939453,16.899999618530273,17.40999984741211,18.579999923706055,4.519999980926514,6.75,7.849999904632568,13.3100004196167,9.390000343322754,17.93000030517578,17.600000381469727,0.25,3.7300000190734863,4.170000076293945,4.610000133514404,5.03000020980835,5.619999885559082,6.010000228881836,6.409999847412109,7.159999847412109,7.659999847412109,8.029999732971191,8.300000190734863,16.1299991607666,16.65999984741211,17.149999618530273,17.790000915527344,18.15999984741211,18.760000228881836,12.9399995803833,-0.1899999976158142
2003-10-01 00:05:00,16.079999923706055,8.229999542236328,14.890000343322754,16.8799991607666,16.34000015258789,15.579999923706055,12.40999984741211,5.670000076293945,8.100000381469727,10.0600004196167,12.470000267028809,14.170000076293945,16.209999084472656,11.119999885559082,11.890000343322754,12.970000267028809,17.15999984741211,17.68000030517578,6.590000152587891,5.059999942779541,5.579999923706055,8.949999809265137,9.970000267028809,11.180000305175781,15.460000038146973,14.260000228881836,10.3100004196167,15.319999694824219,15.890000343322754,16.450000762939453,16.899999618530273,17.40999984741211,18.579999923706055,4.519999980926514,6.75,7.849999904632568,13.3100004196167,9.390000343322754,17.93000030517578,17.600000381469727,0.25,3.7300000190734863,4.170000076293945,4.610000133514404,5.03000020980835,5.619999885559082,6.010000228881836,6.409999847412109,7.159999847412109,7.659999847412109,8.029999732971191,8.300000190734863,16.1299991607666,16.65999984741211,17.149999618530273,17.790000915527344,18.15999984741211,18.760000228881836,12.9399995803833,-0.1899999976158142
2003-10-01 00:06:00,16.081329345703125,8.23177719116211,14.89115047454834,16.880483627319336,16.340566635131836,15.580371856689453,12.411773681640625,5.67189884185791,8.100506782531738,10.061259269714355,12.47097110748291,14.171051979064941,16.21109390258789,11.1206636428833,11.890820503234863,12.970793724060059,17.160890579223633,17.68035888671875,6.5926079750061035,5.061417579650879,5.581014633178711,8.95126724243164,9.9710054397583,11.18039608001709,15.460001945495605,14.260843276977539,10.310815811157227,15.320526123046875,15.890251159667969,16.45099449157715,16.901248931884766,17.4106388092041,18.580406188964844,4.521945953369141,6.750885009765625,7.85335111618042,13.311189651489258,9.392184257507324,17.93042755126953,17.600341796875,0.25127023458480835,3.7311644554138184,4.170812129974365,4.611052989959717,5.033219814300537,5.622661590576172,6.0110578536987305,6.411577224731445,7.161611080169678,7.661956787109375,8.030712127685547,8.301621437072754,16.13079071044922,16.660734176635742,17.15045166015625,17.790529251098633,18.16062355041504,18.760658264160156,12.940357208251953,-0.18996375799179077
2003-10-01 00:07:00,16.085832595825195,8.237502098083496,14.894939422607422,16.882112503051758,16.342416763305664,15.581649780273438,12.417549133300781,5.678472518920898,8.102320671081543,10.065364837646484,12.474152565002441,14.174619674682617,16.214773178100586,11.122882843017578,11.89371395111084,12.973448753356934,17.163883209228516,17.68156623840332,6.600034713745117,5.066318035125732,5.584344387054443,8.95517349243164,9.974300384521484,11.181758880615234,15.46003246307373,14.263535499572754,10.313464164733887,15.322264671325684,15.891100883483887,16.454402923583984,16.905452728271484,17.41274642944336,18.581769943237305,4.527034282684326,6.7544755935668945,7.861903190612793,13.315349578857422,9.397870063781738,17.93186378479004,17.60150146484375,0.2560000419616699,3.734523057937622,4.173563003540039,4.614973068237305,5.043738842010498,5.629140853881836,6.014499187469482,6.416016578674316,7.166703224182129,7.667452335357666,8.033059120178223,8.307268142700195,16.133390426635742,16.6632022857666,17.15195655822754,17.792316436767578,18.162734985351562,18.762853622436523,12.941659927368164,-0.1898082196712494
2003-10-01 00:08:00,16.092931747436523,8.243444442749023,14.901002883911133,16.884870529174805,16.34532928466797,15.584104537963867,12.426376342773438,5.6889166831970215,8.10551643371582,10.07172679901123,12.479265213012695,14.178794860839844,16.22032928466797,11.125757217407227,11.897282600402832,12.97790813446045,17.168893814086914,17.683616638183594,6.6068878173828125,5.072429656982422,5.588279724121094,8.959335327148438,9.978718757629395,11.184347152709961,15.460329055786133,14.26758861541748,10.317286491394043,15.325016021728516,15.89261245727539,16.45938491821289,16.911991119384766,17.416139602661133,18.58407211303711,4.531458377838135,6.758785247802734,7.869405269622803,13.322977066040039,9.40286636352539,17.93429946899414,17.6035099029541,0.2612098455429077,3.738176107406616,4.177604675292969,4.619956970214844,5.055016994476318,5.634990692138672,6.018406391143799,6.420039176940918,7.171834945678711,7.67251443862915,8.036527633666992,8.316650390625,16.137441635131836,16.6673583984375,17.15443992614746,17.795394897460938,18.1663818359375,18.766483306884766,12.944320678710938,-0.18960680067539215
2003-10-01 00:09:00,16.099590301513672,8.248464584350586,14.908369064331055,16.888607025146484,16.34892463684082,15.588595390319824,12.43404483795166,5.699702262878418,8.10908317565918,10.078826904296875,12.485331535339355,14.182974815368652,16.225566864013672,11.128315925598145,11.901375770568848,12.983061790466309,17.17502784729004,17.68648910522461,6.613471984863281,5.078747272491455,5.591843128204346,8.963150024414062,9.982608795166016,11.187578201293945,15.46143627166748,14.27181339263916,10.320874214172363,15.327532768249512,15.89523696899414,16.464523315429688,16.918804168701172,17.420480728149414,18.587215423583984,4.535648345947266,6.763348579406738,7.876660346984863,13.33233642578125,9.407712936401367,17.9376277923584,17.606481552124023,0.2666015923023224,3.741055488586426,4.18140172958374,4.625580787658691,5.064549922943115,5.640833377838135,6.021958827972412,6.423980236053467,7.176568508148193,7.6774983406066895,8.039916038513184,8.32564926147461,16.142122268676758,16.672456741333008,17.157747268676758,17.79986000061035,18.17167091369629,18.77119255065918,12.94767951965332,-0.18936553597450256
2003-10-01 00:10:00,16.10608673095703,8.253108024597168,14.915390014648438,16.892492294311523,16.352691650390625,15.5934419631958,12.440312385559082,5.711603164672852,8.113173484802246,10.084512710571289,12.490635871887207,14.187651634216309,16.230628967285156,11.130956649780273,11.90613079071045,12.98758316040039,17.18080711364746,17.689908981323242,6.619745254516602,5.0856428146362305,5.59545373916626,8.966814994812012,9.986342430114746,11.191084861755371,15.46399974822998,14.274741172790527,10.324416160583496,15.329761505126953,15.899447441101074,16.470455169677734,16.92606544494629,17.425294876098633,18.590587615966797,4.539764404296875,6.76845121383667,7.883845329284668,13.342686653137207,9.412518501281738,17.941574096679688,17.6106014251709,0.27235591411590576,3.7435619831085205,4.185344696044922,4.632208347320557,5.073349952697754,5.646482944488525,6.0254011154174805,6.427985191345215,7.181175231933594,7.6825385093688965,8.04350471496582,8.334336280822754,16.146299362182617,16.67759895324707,17.161741256713867,17.80589485168457,18.178651809692383,18.77634620666504,12.951700210571289,-0.18906882405281067
2003-10-01 00:11:00,16.112903594970703,8.258427619934082,14.922295570373535,16.896516799926758,16.35698699951172,15.598442077636719,12.447000503540039,5.726012229919434,8.117813110351562,10.090047836303711,12.496541976928711,14.193119049072266,16.23633575439453,11.134092330932617,11.911703109741211,12.9923095703125,17.18708610534668,17.693668365478516,6.626338005065918,5.093490123748779,5.599823474884033,8.970874786376953,9.990508079528809,11.195196151733398,15.46834945678711,14.276923179626465,10.32847785949707,15.332208633422852,15.906271934509277,16.477487564086914,16.93462371826172,17.430927276611328,18.594003677368164,4.544397830963135,6.77445650100708,7.891887187957764,13.355724334716797,9.417654991149902,17.945981979370117,17.616878509521484,0.2788674831390381,3.7463340759277344,4.190038681030273,4.640227317810059,5.082711696624756,5.652151107788086,6.029176712036133,6.432528495788574,7.1867356300354,7.6879096031188965,8.0479736328125,8.343976020812988,16.15032958984375,16.683612823486328,17.166748046875,17.81447982788086,18.188034057617188,18.78205108642578,12.95644760131836,-0.18868258595466614
2003-10-01 00:12:00,16.120710372924805,8.264899253845215,14.929837226867676,16.901073455810547,16.36200523376465,15.603902816772461,12.454800605773926,5.744094371795654,8.12330436706543,10.096121788024902,12.503538131713867,14.199807167053223,16.243194580078125,11.137969970703125,11.918569564819336,12.997588157653809,17.194272994995117,17.697927474975586,6.6332902908325195,5.10287618637085,5.6054558753967285,8.975735664367676,9.99549674987793,11.200430870056152,15.47322940826416,14.278544425964355,10.333518981933594,15.335410118103027,15.915060997009277,16.486295700073242,16.945133209228516,17.43739128112793,18.597904205322266,4.55002498626709,6.781701564788818,7.901334762573242,13.372631072998047,9.423406600952148,17.95109748840332,17.62653923034668,0.2866937220096588,3.7496676445007324,4.195988655090332,4.649844169616699,5.0933613777160645,5.658452033996582,6.033595561981201,6.437999725341797,7.1936354637146,7.694112300872803,8.054055213928223,8.355036735534668,16.154634475708008,16.69113540649414,17.17347526550293,17.826780319213867,18.199193954467773,18.788204193115234,12.962491035461426,-0.1881421059370041
2003-10-01 00:13:00,16.12880516052246,8.271583557128906,14.936805725097656,16.90595245361328,16.366914749145508,15.61007022857666,12.462382316589355,5.764834403991699,8.129530906677246,10.101696968078613,12.510836601257324,14.207449913024902,16.250471115112305,11.142778396606445,11.926776885986328,13.003067970275879,17.201749801635742,17.702505111694336,6.640144348144531,5.113527774810791,5.612499713897705,8.981230735778809,10.001214027404785,11.206859588623047,15.478872299194336,14.27831745147705,10.339439392089844,15.339567184448242,15.925424575805664,16.49680519104004,16.956771850585938,17.443038940429688,18.602012634277344,4.556586742401123,6.7899298667907715,7.911284446716309,13.393698692321777,9.429489135742188,17.956485748291016,17.638694763183594,0.2958430051803589,3.753195285797119,4.2034687995910645,4.660954475402832,5.105432033538818,5.665213584899902,6.038479804992676,6.444247245788574,7.201324462890625,7.701181888580322,8.061738014221191,8.36732292175293,16.158905029296875,16.699819564819336,17.182649612426758,17.841541290283203,18.21017074584961,18.793682098388672,12.969639778137207,-0.1873963177204132
2003-10-01 00:14:00,16.136764526367188,8.277965545654297,14.942814826965332,16.910818099975586,16.371017456054688,15.616791725158691,12.4690580368042,5.787292957305908,8.13610553741455,10.106447219848633,12.518196105957031,14.215539932250977,16.257966995239258,11.148757934570312,11.936074256896973,13.00859546661377,17.209115982055664,17.707143783569336,6.646800994873047,5.125063419342041,5.620998382568359,8.987200736999512,10.007794380187988,11.214305877685547,15.485146522521973,14.275641441345215,10.346534729003906,15.344625473022461,15.937505722045898,16.508941650390625,16.968814849853516,17.447513580322266,18.606096267700195,4.563870906829834,6.7990403175354,7.92120885848999,13.41893196105957,9.435726165771484,17.96187973022461,17.6529541015625,0.3064502477645874,3.7569212913513184,4.212856292724609,4.67360258102417,5.11830472946167,5.672316074371338,6.0437846183776855,6.451403617858887,7.209774971008301,7.709033012390137,8.071174621582031,8.380165100097656,16.162885665893555,16.709823608398438,17.194114685058594,17.855754852294922,18.220109939575195,18.79806900024414,12.977997779846191,-0.1863643229007721
2003-10-01 00:15:00,16.14447593688965,8.28386116027832,14.947834968566895,16.91546058654785,16.37421417236328,15.623941421508789,12.474761009216309,5.810287952423096,8.142645835876465,10.110458374023438,12.525311470031738,14.223685264587402,16.265399932861328,11.155974388122559,11.946040153503418,13.013846397399902,17.216136932373047,17.711673736572266,6.653135776519775,5.137399196624756,5.631024360656738,8.993609428405762,10.015237808227539,11.222448348999023,15.49228572845459,14.269134521484375,10.355085372924805,15.35061264038086,15.951423645019531,16.52229118347168,16.9805850982666,17.45086097717285,18.610092163085938,4.571640968322754,6.808982849121094,7.930896282196045,13.448659896850586,9.442488670349121,17.96714210510254,17.66805076599121,0.3187103569507599,3.761277914047241,4.224205017089844,4.687575340270996,5.1316094398498535,5.679604530334473,6.049722194671631,6.459457874298096,7.2189555168151855,7.717575550079346,8.082281112670898,8.392827987670898,16.16684913635254,16.72148323059082,17.2070369720459,17.86841583251953,18.228689193725586,18.80150604248047,12.987287521362305,-0.18492412567138672
2003-10-01 00:16:00,16.15167236328125,8.289935111999512,14.953038215637207,16.920175552368164,16.37704849243164,15.631481170654297,12.480578422546387,5.833229064941406,8.149048805236816,10.114611625671387,12.532357215881348,14.231807708740234,16.272844314575195,11.164380073547363,11.956266403198242,13.019017219543457,17.223159790039062,17.71632194519043,6.658928394317627,5.150518894195557,5.642885684967041,9.001062393188477,10.02365493774414,11.231094360351562,15.499921798706055,14.26082992553711,10.36542797088623,15.357828140258789,15.966852188110352,16.536359786987305,16.991992950439453,17.453832626342773,18.61405372619629,4.579843521118164,6.81957483291626,7.940415859222412,13.481881141662598,9.449949264526367,17.972515106201172,17.68299102783203,0.3328811824321747,3.766524314880371,4.237857818603516,4.702491760253906,5.145467281341553,5.686941146850586,6.056514739990234,6.468532085418701,7.228995323181152,7.7271246910095215,8.0946044921875,8.406291007995605,16.1715087890625,16.73525047302246,17.22039031982422,17.879606246948242,18.236591339111328,18.8048095703125,12.997736930847168,-0.18278510868549347
2003-10-01 00:17:00,16.15831756591797,8.29645824432373,14.958810806274414,16.925151824951172,16.38018035888672,15.638946533203125,12.486839294433594,5.8560709953308105,8.155484199523926,10.119178771972656,12.539777755737305,14.240096092224121,16.280460357666016,11.173763275146484,11.966856956481934,13.024256706237793,17.230382919311523,17.72117805480957,6.664187908172607,5.164474010467529,5.656567096710205,9.010028839111328,10.03307056427002,11.239973068237305,15.50786304473877,14.264046669006348,10.378193855285645,15.366279602050781,15.983154296875,16.550884246826172,17.003355026245117,17.4569034576416,18.6180419921875,4.588771820068359,6.830716133117676,7.950222492218018,13.513402938842773,9.458478927612305,17.978256225585938,17.697433471679688,0.3486226797103882,3.772723436355591,4.253902912139893,4.718190670013428,5.159546375274658,5.69440221786499,6.0644001960754395,6.478841781616211,7.240331649780273,7.737943649291992,8.108134269714355,8.420751571655273,16.17694091796875,16.751039505004883,17.232975006103516,17.88995933532715,18.244722366333008,18.808271408081055,13.009696006774902,-0.1766085922718048
2003-10-01 00:18:00,16.164615631103516,8.302937507629395,14.964421272277832,16.930095672607422,16.38332748413086,15.646025657653809,12.49255657196045,5.877314567565918,8.161877632141113,10.12358570098877,12.547224044799805,14.248432159423828,16.288034439086914,11.183903694152832,11.977702140808105,13.029492378234863,17.23756217956543,17.72606658935547,6.668944835662842,5.179375648498535,5.672031402587891,9.020035743713379,10.043068885803223,11.248888969421387,15.516127586364746,14.26133918762207,10.393178939819336,15.375594139099121,15.999811172485352,16.565643310546875,17.014392852783203,17.45978546142578,18.621971130371094,4.598237037658691,6.84219217300415,7.960341453552246,13.552218437194824,9.468401908874512,17.984079360961914,17.7111759185791,0.36407271027565,3.7798216342926025,4.271770477294922,4.734672546386719,5.17402982711792,5.701851844787598,6.073582172393799,6.490359783172607,7.252241134643555,7.750339508056641,8.122945785522461,8.43612003326416,16.182382583618164,16.767864227294922,17.244150161743164,17.89974021911621,18.25286865234375,18.81146240234375,13.023346900939941,-0.16069626808166504
2003-10-01 00:19:00,16.170568466186523,8.30908203125,14.969597816467285,16.934898376464844,16.386260986328125,15.652668952941895,12.497664451599121,5.8961639404296875,8.168028831481934,10.127623558044434,12.55424976348877,14.256580352783203,16.29549217224121,11.194432258605957,11.988478660583496,13.034544944763184,17.2445125579834,17.730878829956055,6.673316478729248,5.195326805114746,5.688528537750244,9.031041145324707,10.053272247314453,11.257793426513672,15.52435302734375,14.264659881591797,10.410051345825195,15.385316848754883,16.01640510559082,16.580400466918945,17.024898529052734,17.46246337890625,18.625782012939453,4.608047008514404,6.853983402252197,7.9705610275268555,13.592618942260742,9.479957580566406,17.98981285095215,17.72426414489746,0.3794700503349304,3.787921905517578,4.291291236877441,4.7510786056518555,5.188352108001709,5.709997177124023,6.084205627441406,6.502760410308838,7.264893531799316,7.764227867126465,8.138931274414062,8.453372955322266,16.187395095825195,16.78485679626465,17.253753662109375,17.90913200378418,18.260793685913086,18.814273834228516,13.0385160446167,-0.14962023496627808
2003-10-01 00:20:00,16.176082611083984,8.314849853515625,14.974365234375,16.939517974853516,16.389087677001953,15.659076690673828,12.502167701721191,5.912628173828125,8.173908233642578,10.131402969360352,12.560986518859863,14.264368057250977,16.302650451660156,11.20486831665039,11.999024391174316,13.039288520812988,17.251197814941406,17.735515594482422,6.677398204803467,5.212299823760986,5.704829692840576,9.042496681213379,10.063460350036621,11.266261100769043,15.532584190368652,14.260680198669434,10.428146362304688,15.395065307617188,16.03252410888672,16.594959259033203,17.034778594970703,17.465023040771484,18.629425048828125,4.618331432342529,6.865941047668457,7.981298446655273,13.63327407836914,9.49339771270752,17.995384216308594,17.736835479736328,0.39684104919433594,3.796876907348633,4.3117756843566895,4.767392158508301,5.202991962432861,5.7188262939453125,6.096242427825928,6.516037464141846,7.278808116912842,7.779406547546387,8.156329154968262,8.472685813903809,16.191734313964844,16.80139923095703,17.262012481689453,17.91817283630371,18.26834487915039,18.816768646240234,13.054817199707031,-0.1351325660943985
2003-10-01 00:21:00,16.181297302246094,8.32094955444336,14.979686737060547,16.944150924682617,16.39229393005371,15.665139198303223,12.50684642791748,5.928063869476318,8.179553031921387,10.135586738586426,12.567811965942383,14.271993637084961,16.30977439880371,11.214978218078613,12.009224891662598,13.043997764587402,17.2579345703125,17.740198135375977,6.681202411651611,5.2297682762146,5.720082759857178,9.053970336914062,10.073433876037598,11.274369239807129,15.540547370910645,14.260577201843262,10.446980476379395,15.404720306396484,16.04816436767578,16.609146118164062,17.044389724731445,17.46786880493164,18.632999420166016,4.629042148590088,6.8781914710998535,7.992771625518799,13.659687995910645,9.508599281311035,18.001117706298828,17.74928855895996,0.41586410999298096,3.806230068206787,4.333156585693359,4.783684730529785,5.218267917633057,5.728377342224121,6.109879970550537,6.53048038482666,7.294281482696533,7.796017646789551,8.175911903381348,8.49782943725586,16.195758819580078,16.817487716674805,17.269289016723633,17.927230834960938,18.276121139526367,18.8194580078125,13.071917533874512,-0.11416789889335632
2003-10-01 00:22:00,16.18648910522461,8.327662467956543,14.98574447631836,16.949024200439453,16.396087646484375,15.670772552490234,12.512300491333008,5.943937301635742,8.185293197631836,10.140266418457031,12.574695587158203,14.279852867126465,16.316980361938477,11.224628448486328,12.019305229187012,13.048863410949707,17.264989852905273,17.745058059692383,6.684794902801514,5.247200965881348,5.73419189453125,9.065348625183105,10.0831937789917,11.282411575317383,15.548418998718262,14.265727996826172,10.465970993041992,15.414191246032715,16.06332778930664,16.623130798339844,17.054344177246094,17.471088409423828,18.63658905029297,4.640175819396973,6.89082670211792,8.005163192749023,13.68150520324707,9.525135040283203,18.007308959960938,17.762210845947266,0.43671369552612305,3.8158278465270996,4.354986667633057,4.800163745880127,5.234896659851074,5.738848686218262,6.125215530395508,6.54622220993042,7.31193733215332,7.814639091491699,8.199462890625,8.529130935668945,16.199413299560547,16.83329200744629,17.27606201171875,17.936927795410156,18.28474998474121,18.822248458862305,13.08974552154541,-0.09168152511119843
2003-10-01 00:23:00,16.19169044494629,8.33437442779541,14.99165153503418,16.95397186279297,16.399871826171875,15.676092147827148,12.517775535583496,5.960271835327148,8.191071510314941,10.144774436950684,12.581506729125977,14.287822723388672,16.32416534423828,11.233702659606934,12.029297828674316,13.053768157958984,17.2720947265625,17.749929428100586,6.688236713409424,5.264106750488281,5.747342586517334,9.076371192932129,10.092812538146973,11.290322303771973,15.556123733520508,14.261988639831543,10.484009742736816,15.423287391662598,16.078041076660156,16.63714599609375,17.064510345458984,17.474201202392578,18.640111923217773,4.651101589202881,6.904094696044922,8.017593383789062,13.700092315673828,9.54733657836914,18.013675689697266,17.775880813598633,0.45937514305114746,3.825131893157959,4.377335548400879,4.817233562469482,5.252435684204102,5.750363826751709,6.142209053039551,6.563559532165527,7.3310065269470215,7.836489200592041,8.227007865905762,8.556190490722656,16.202545166015625,16.848796844482422,17.282644271850586,17.947296142578125,18.293569564819336,18.824647903442383,13.107977867126465,-0.06086598336696625
2003-10-01 00:24:00,16.196788787841797,8.340879440307617,14.997245788574219,16.958816528320312,16.403322219848633,15.681203842163086,12.522900581359863,5.976612091064453,8.196756362915039,10.149003982543945,12.588327407836914,14.295722007751465,16.33131217956543,11.242429733276367,12.039214134216309,13.058549880981445,17.279159545898438,17.7547664642334,6.691534996032715,5.280356407165527,5.759965896606445,9.086984634399414,10.102119445800781,11.298066139221191,15.563694953918457,14.270263671875,10.50040340423584,15.432013511657715,16.092517852783203,16.651235580444336,17.07467269897461,17.477067947387695,18.643545150756836,4.661734104156494,6.917469024658203,8.029887199401855,13.713189125061035,9.568639755249023,18.020076751708984,17.790462493896484,0.48285818099975586,3.834372043609619,4.400234699249268,4.834944725036621,5.271407604217529,5.763167858123779,6.161157608032227,6.582431793212891,7.353108882904053,7.861066818237305,8.255690574645996,8.58635425567627,16.205360412597656,16.864093780517578,17.28922462463379,17.958057403564453,18.302181243896484,18.82676124572754,13.126373291015625,-0.024618342518806458
2003-10-01 00:25:00,16.201696395874023,8.34705638885498,15.0024995803833,16.963481903076172,16.40652084350586,15.686216354370117,12.527644157409668,5.992396354675293,8.20227336883545,10.152974128723145,12.594943046569824,14.30339527130127,16.338333129882812,11.25085735321045,12.048943519592285,13.063085556030273,17.286102294921875,17.759475708007812,6.694706916809082,5.29598331451416,5.772220611572266,9.097163200378418,10.111211776733398,11.305606842041016,15.571139335632324,14.263496398925781,10.516023635864258,15.440377235412598,16.10689926147461,16.665346145629883,17.084651947021484,17.47962188720703,18.646862030029297,4.672061443328857,6.930913925170898,8.041571617126465,13.726808547973633,9.584397315979004,18.02642250061035,17.805940628051758,0.5049023628234863,3.8437979221343994,4.423824310302734,4.853670597076416,5.2913055419921875,5.777529239654541,6.181842803955078,6.603417873382568,7.378195762634277,7.888243675231934,8.287288665771484,8.625326156616211,16.207929611206055,16.879276275634766,17.29578399658203,17.968944549560547,18.31046485900879,18.82864761352539,13.144817352294922,0.010690689086914062
2003-10-01 00:26:00,16.20659637451172,8.353875160217285,15.008622169494629,16.968372344970703,16.410316467285156,15.691143035888672,12.533255577087402,6.00822114944458,8.207741737365723,10.157597541809082,12.601633071899414,14.311118125915527,16.34543800354004,11.259020805358887,12.05843734741211,13.067747116088867,17.293399810791016,17.76432228088379,6.697967529296875,5.311171531677246,5.784314155578613,9.107224464416504,10.12020206451416,11.313100814819336,15.578365325927734,14.26162338256836,10.531912803649902,15.448617935180664,16.121095657348633,16.67966079711914,17.094825744628906,17.482460021972656,18.650209426879883,4.681948661804199,6.944037437438965,8.053234100341797,13.736974716186523,9.596369743347168,18.033212661743164,17.822860717773438,0.530098557472229,3.853238344192505,4.448509693145752,4.87337064743042,5.311864852905273,5.794304370880127,6.204657077789307,6.627033233642578,7.406332492828369,7.919261932373047,8.323143005371094,8.65771484375,16.210783004760742,16.894794464111328,17.302160263061523,17.980592727661133,18.319393157958984,18.831018447875977,13.163505554199219,0.02280263602733612
2003-10-01 00:27:00,16.21193504333496,8.361591339111328,15.015711784362793,16.974693298339844,16.414655685424805,15.696043014526367,12.53997802734375,6.025331974029541,8.213581085205078,10.162863731384277,12.608855247497559,14.319425582885742,16.35271453857422,11.266895294189453,12.068199157714844,13.072789192199707,17.301427841186523,17.7695369720459,6.701472759246826,5.32637882232666,5.796697616577148,9.11745834350586,10.129265785217285,11.320823669433594,15.585585594177246,14.26168441772461,10.548116683959961,15.456880569458008,16.13552474975586,16.694486618041992,17.10596466064453,17.485685348510742,18.653709411621094,4.69187068939209,6.957221031188965,8.065224647521973,13.746247291564941,9.609162330627441,18.04087257385254,17.842514038085938,0.5565231442451477,3.8626551628112793,4.474629878997803,4.8942341804504395,5.334066390991211,5.813509941101074,6.230082988739014,6.654135227203369,7.438878536224365,7.9531121253967285,8.354595184326172,8.679580688476562,16.213621139526367,16.910974502563477,17.308509826660156,17.994775772094727,18.32985496520996,18.8335018157959,13.18298625946045,0.03980147838592529
2003-10-01 00:28:00,16.217477798461914,8.369379997253418,15.022594451904297,16.9819393157959,16.4188289642334,15.700984001159668,12.546721458435059,6.043222427368164,8.219649314880371,10.167939186096191,12.616350173950195,14.328109741210938,16.360233306884766,11.27466106414795,12.078293800354004,13.077977180480957,17.309799194335938,17.77488899230957,6.705059051513672,5.341805934906006,5.809563636779785,9.127634048461914,10.138472557067871,11.328783988952637,15.59286880493164,14.260294914245605,10.564202308654785,15.465096473693848,16.150297164916992,16.710205078125,17.117759704589844,17.48865509033203,18.65725326538086,4.701592445373535,6.970435619354248,8.077354431152344,13.754904747009277,9.622200965881348,18.04905128479004,17.86676788330078,0.5830487012863159,3.872415065765381,4.502517223358154,4.91650390625,5.358399391174316,5.835292816162109,6.258800506591797,6.685017108917236,7.473531246185303,7.987279891967773,8.379816055297852,8.703481674194336,16.216245651245117,16.92765998840332,17.314619064331055,18.01290512084961,18.340667724609375,18.83545684814453,13.203388214111328,0.05923338234424591
2003-10-01 00:29:00,16.223005294799805,8.376920700073242,15.029040336608887,16.988752365112305,16.422643661499023,15.705998420715332,12.553129196166992,6.061029434204102,8.225741386413574,10.172707557678223,12.623653411865234,14.336869239807129,16.368297576904297,11.282479286193848,12.088526725769043,13.08308219909668,17.3183536529541,17.780290603637695,6.708645343780518,5.357696533203125,5.822813987731934,9.137773513793945,10.147735595703125,11.336946487426758,15.600314140319824,14.26268482208252,10.580087661743164,15.473283767700195,16.165517807006836,16.726871490478516,17.129709243774414,17.49119758605957,18.660778045654297,4.7111921310424805,6.98366641998291,8.089341163635254,13.762744903564453,9.634778022766113,18.057554244995117,17.899368286132812,0.6085466742515564,3.8829245567321777,4.532252311706543,4.940441131591797,5.384522438049316,5.860467433929443,6.291232585906982,6.719051361083984,7.508525848388672,8.018925666809082,8.402634620666504,8.729347229003906,16.2186222076416,16.944692611694336,17.320192337036133,18.039609909057617,18.35053825378418,18.837249755859375,13.224842071533203,0.0836850106716156
2003-10-01 00:30:00,16.22840118408203,8.38413143157959,15.03513240814209,16.994094848632812,16.426176071166992,15.71101188659668,12.5589017868042,6.078333377838135,8.231694221496582,10.177192687988281,12.630803108215332,14.345478057861328,16.375640869140625,11.290323257446289,12.098810195922852,13.087992668151855,17.326982498168945,17.785633087158203,6.712203502655029,5.373937606811523,5.836037635803223,9.147835731506348,10.157078742980957,11.344970703125,15.607865333557129,14.264904022216797,10.595966339111328,15.4815092086792,16.181182861328125,16.74434471130371,17.141504287719727,17.493410110473633,18.66424560546875,4.720989227294922,6.9967732429504395,8.101168632507324,13.769719123840332,9.646788597106934,18.066299438476562,18.037099838256836,0.6323319673538208,3.894235372543335,4.564163684844971,4.966113090515137,5.413412570953369,5.889564037322998,6.326899528503418,6.754696369171143,7.540863990783691,8.048604011535645,8.425543785095215,8.755095481872559,16.220815658569336,16.962209701538086,17.32969093322754,18.222869873046875,18.365211486816406,18.839279174804688,13.247527122497559,0.10952043533325195
2003-10-01 00:31:00,16.2341365814209,8.39255428314209,15.042825698852539,16.999774932861328,16.43074607849121,15.716085433959961,12.5659761428833,6.0962677001953125,8.237796783447266,10.182843208312988,12.63847541809082,14.354425430297852,16.383682250976562,11.298194885253906,12.10916519165039,13.09329891204834,17.33664321899414,17.79134750366211,6.716123104095459,5.3906354904174805,5.849319934844971,9.158327102661133,10.16659164428711,11.353034973144531,15.615327835083008,14.265382766723633,10.61231517791748,15.490013122558594,16.197175979614258,16.762922286987305,17.153982162475586,17.496295928955078,18.667922973632812,4.731085300445557,7.009931564331055,8.113516807556152,13.777155876159668,9.658889770507812,18.076309204101562,18.097116470336914,0.656384289264679,3.9064455032348633,4.59867525100708,4.994890213012695,5.446152210235596,5.9221110343933105,6.364843368530273,6.790219306945801,7.571417808532715,8.076940536499023,8.448833465576172,8.78046703338623,16.2238826751709,16.98324966430664,17.338430404663086,18.302215576171875,18.444791793823242,18.824325561523438,13.272492408752441,0.13787490129470825
2003-10-01 00:32:00,16.24087142944336,8.402488708496094,15.05199909210205,17.00638198852539,16.436094284057617,15.721542358398438,12.574939727783203,6.1170148849487305,8.24471378326416,10.189470291137695,12.646951675415039,14.364629745483398,16.392791748046875,11.306174278259277,12.120290756225586,13.099400520324707,17.348081588745117,17.797815322875977,6.720691680908203,5.4081878662109375,5.863491058349609,9.169475555419922,10.176661491394043,11.361846923828125,15.623215675354004,14.262670516967773,10.629593849182129,15.49889850616455,16.214004516601562,16.783580780029297,17.168691635131836,17.4998779296875,18.672033309936523,4.741751194000244,7.023722171783447,8.127140045166016,13.786043167114258,9.671700477600098,18.08857536315918,18.30671501159668,0.6820173859596252,3.919888734817505,4.63713264465332,5.027181148529053,5.481518745422363,5.958474636077881,6.403300762176514,6.824761390686035,7.600582599639893,8.105480194091797,8.472448348999023,8.80643081665039,16.227224349975586,17.009170532226562,17.35722541809082,18.601099014282227,18.88836669921875,18.87885856628418,13.302152633666992,0.16755414009094238
2003-10-01 00:33:00,16.2480411529541,8.41252613067627,15.060776710510254,17.012845993041992,16.44105339050293,15.72751235961914,12.58368968963623,6.139257907867432,8.25213623046875,10.195773124694824,12.655879020690918,14.375614166259766,16.40269660949707,11.314473152160645,12.13235092163086,13.105716705322266,17.360750198364258,17.804664611816406,6.725566387176514,5.426851749420166,5.878927707672119,9.18091869354248,10.187357902526855,11.371223449707031,15.631669044494629,14.267841339111328,10.647425651550293,15.508058547973633,16.23200035095215,16.80714225769043,17.18500518798828,17.5029354095459,18.67634391784668,4.7527618408203125,7.038231372833252,8.141345977783203,13.793770790100098,9.684927940368652,18.1029109954834,18.37883186340332,0.7080391645431519,3.934551239013672,4.680240631103516,5.0627851486206055,5.520613670349121,5.996452808380127,6.440767765045166,6.858009338378906,7.629735946655273,8.133727073669434,8.496594429016113,8.8333158493042,16.230493545532227,17.039758682250977,17.361783981323242,18.693096160888672,18.98921775817871,18.979087829589844,13.340002059936523,0.20491573214530945
2003-10-01 00:34:00,16.2552490234375,8.422327041625977,15.069066047668457,17.018882751464844,16.445568084716797,15.733781814575195,12.591789245605469,6.161438941955566,8.259675979614258,10.201683044433594,12.664877891540527,14.386797904968262,16.413082122802734,11.32335090637207,12.1448974609375,13.111949920654297,17.380491256713867,17.81171989440918,6.730522155761719,5.446834564208984,5.895288944244385,9.192663192749023,10.198469161987305,11.380976676940918,15.640650749206543,14.266202926635742,10.66582202911377,15.517420768737793,16.250490188598633,16.832021713256836,17.20233917236328,17.505266189575195,18.680723190307617,4.764167308807373,7.0533013343811035,8.155725479125977,13.80332088470459,9.698423385620117,18.11982536315918,18.737022399902344,0.7387147545814514,3.950181245803833,4.728063583374023,5.100592136383057,5.560746192932129,6.035124778747559,6.4765472412109375,6.890299320220947,7.658464431762695,8.162261962890625,8.521533012390137,8.860990524291992,16.233142852783203,17.07057762145996,17.370800018310547,19.210163116455078,19.709999084472656,19.82583236694336,13.52701473236084,0.22505611181259155
2003-10-01 00:35:00,16.26239776611328,8.431777954101562,15.07695198059082,17.02446746826172,16.449800491333008,15.740114212036133,12.59908676147461,6.182965278625488,8.267095565795898,10.207300186157227,12.673580169677734,14.397896766662598,16.423707962036133,11.332619667053223,12.157610893249512,13.11801815032959,17.398027420043945,17.8188419342041,6.735465049743652,5.4678544998168945,5.911684036254883,9.204622268676758,10.209855079650879,11.390722274780273,15.650059700012207,14.260781288146973,10.684952735900879,15.526653289794922,16.269393920898438,16.863086700439453,17.220335006713867,17.506784439086914,18.685083389282227,4.775998592376709,7.068669319152832,8.17017936706543,13.813082695007324,9.70989990234375,18.141321182250977,18.77745246887207,0.7731939554214478,3.9659879207611084,4.780003547668457,5.139406681060791,5.601152420043945,6.0729079246521,6.510847091674805,6.921943664550781,7.687433242797852,8.191468238830566,8.551424980163574,8.905590057373047,16.257402420043945,17.19649887084961,17.390090942382812,19.24393653869629,19.709999084472656,19.843692779541016,14.600279808044434,0.2533935308456421
2003-10-01 00:36:00,16.270584106445312,8.443960189819336,15.088459014892578,17.032028198242188,16.45638084411621,15.746685981750488,12.609519004821777,6.206974506378174,8.275093078613281,10.2156400680542,12.68370532989502,14.410109519958496,16.4355411529541,11.3420991897583,12.170781135559082,13.125299453735352,17.41681480407715,17.83199119567871,6.741364002227783,5.490019798278809,5.928536415100098,9.217696189880371,10.22182846069336,11.400839805603027,15.659869194030762,14.26920223236084,10.706116676330566,15.536739349365234,16.29096031188965,16.90415382385254,17.241756439208984,17.510456085205078,18.690093994140625,4.7888569831848145,7.084753036499023,8.1865234375,13.821442604064941,9.721677780151367,18.9621639251709,18.83563804626465,0.8093047142028809,3.9821598529815674,4.835094451904297,5.178210735321045,5.642287254333496,6.109996795654297,6.5444746017456055,6.9541120529174805,7.71881628036499,8.224822044372559,8.589099884033203,8.941661834716797,16.27454376220703,17.29676055908203,17.45895004272461,19.301837921142578,19.709999084472656,19.880977630615234,14.989895820617676,0.28687867522239685
2003-10-01 00:37:00,16.28103256225586,8.459188461303711,15.102713584899902,17.041852951049805,16.464519500732422,15.754375457763672,12.623347282409668,6.237728118896484,8.285172462463379,10.225770950317383,12.695945739746094,14.42538833618164,16.45012664794922,11.352090835571289,12.186269760131836,13.134267807006836,17.459945678710938,17.8404541015625,6.7488250732421875,5.514451503753662,5.948195934295654,9.232272148132324,10.23528003692627,11.412817001342773,15.670769691467285,14.282240867614746,10.729257583618164,15.548267364501953,16.32027816772461,17.084829330444336,17.28669548034668,17.51078987121582,18.696237564086914,4.80305814743042,7.102950096130371,8.20599365234375,13.831427574157715,9.738287925720215,19.149999618530273,18.898475646972656,0.8470904231071472,3.9981932640075684,4.89247989654541,5.218221664428711,5.684695720672607,6.146826267242432,6.579065322875977,6.9889302253723145,7.755585670471191,8.263489723205566,8.623908042907715,8.972360610961914,16.29599952697754,17.391523361206055,17.568145751953125,19.357751846313477,19.709999084472656,19.919143676757812,15.326319694519043,0.3252826929092407
2003-10-01 00:38:00,16.29265785217285,8.474711418151855,15.116093635559082,17.05140495300293,16.471712112426758,15.763221740722656,12.636399269104004,6.27138090133667,8.296427726745605,10.235196113586426,12.709020614624023,14.44264030456543,16.46691131591797,11.36326789855957,12.204120635986328,13.143702507019043,18.410818099975586,17.83517074584961,6.7569475173950195,5.54231071472168,5.971368789672852,9.247823715209961,10.250381469726562,11.426289558410645,15.683296203613281,14.296281814575195,10.75467300415039,15.562803268432617,16.35508155822754,17.852996826171875,18.76089859008789,17.49801254272461,18.70293617248535,4.818405628204346,7.123376846313477,8.22681713104248,13.842906951904297,9.75722599029541,19.149999618530273,19.07884407043457,0.8868103623390198,4.013009071350098,4.9520697593688965,5.259481906890869,5.729149341583252,6.184090614318848,6.616320610046387,7.027725696563721,7.796023845672607,8.303254127502441,8.654386520385742,9.007549285888672,16.349393844604492,17.554866790771484,17.86248779296875,19.440000534057617,19.709999084472656,19.96352195739746,15.7824068069458,0.36776435375213623
2003-10-01 00:39:00,16.30437660217285,8.489886283874512,15.128732681274414,17.05999755859375,16.47807502746582,15.772857666015625,12.64782428741455,6.304884433746338,8.307908058166504,10.243952751159668,12.722060203552246,14.460456848144531,16.48533058166504,11.375590324401855,12.223259925842285,13.153190612792969,18.5,17.868080139160156,6.765244960784912,5.573808193206787,5.996346950531006,9.264451026916504,10.26672649383545,11.440488815307617,15.697264671325684,14.310418128967285,10.783324241638184,15.578447341918945,16.395601272583008,17.333690643310547,17.691247940063477,17.68842315673828,18.709863662719727,4.835079193115234,7.145326614379883,8.248250007629395,13.855439186096191,9.777199745178223,19.149999618530273,19.085899353027344,0.9268059730529785,4.027082920074463,5.013833045959473,5.3028178215026855,5.775332927703857,6.223233222961426,6.657373905181885,7.069746494293213,7.836825847625732,8.342353820800781,8.686578750610352,9.046462059020996,16.429006576538086,17.492218017578125,17.82017707824707,19.440000534057617,19.709999084472656,20.01191520690918,16.02631378173828,0.4105410575866699
2003-10-01 00:40:00,16.31593894958496,8.504756927490234,15.140631675720215,17.067546844482422,16.48402976989746,15.782793998718262,12.657976150512695,6.337532997131348,8.319178581237793,10.252267837524414,12.734745979309082,14.478354454040527,16.505096435546875,11.388692855834961,12.242663383483887,13.162406921386719,18.5,17.922222137451172,6.77349328994751,5.607625961303711,6.020989418029785,9.281805038452148,10.283652305603027,11.454520225524902,15.712188720703125,14.324426651000977,10.81197738647461,15.589624404907227,16.41572380065918,17.42059326171875,17.847999572753906,17.858642578125,18.70926284790039,4.852950572967529,7.168242454528809,8.270119667053223,13.8685941696167,9.79896354675293,19.149999618530273,19.1741943359375,0.9714356064796448,4.039422988891602,5.07817268371582,5.349156379699707,5.825013160705566,6.264862060546875,6.701739311218262,7.113182544708252,7.8762736320495605,8.38192081451416,8.722387313842773,9.084991455078125,17.446895599365234,17.99236488342285,18.104114532470703,19.440000534057617,19.709999084472656,20.06808853149414,16.721025466918945,0.4459651708602905
2003-10-01 00:41:00,16.334060668945312,8.542356491088867,15.179398536682129,17.09137535095215,16.50527000427246,15.794095039367676,12.691183090209961,6.391983985900879,8.33537769317627,10.278460502624512,12.756912231445312,14.50567626953125,16.534496307373047,11.403913497924805,12.265800476074219,13.1795654296875,18.5,18.829999923706055,6.792687892913818,5.650174140930176,6.051665306091309,9.306212425231934,10.30482006072998,11.472546577453613,15.728849411010742,14.347244262695312,10.845871925354004,15.608294486999512,16.893590927124023,18.331119537353516,18.979999542236328,19.033193588256836,18.751482009887695,4.881307125091553,7.195323944091797,8.303293228149414,13.886441230773926,9.822515487670898,19.149999618530273,19.475461959838867,1.0192025899887085,4.053612232208252,5.148287773132324,5.40554666519165,5.882021903991699,6.311712265014648,6.749639987945557,7.1604905128479,7.922748565673828,8.430046081542969,8.764544486999512,9.141864776611328,18.5,19.15999984741211,19.299524307250977,19.440000534057617,19.709999084472656,20.139999389648438,17.775962829589844,0.4929842948913574
2003-10-01 00:42:00,16.366670608520508,8.603839874267578,15.23690414428711,17.13317108154297,16.53318214416504,15.81161117553711,12.743359565734863,6.497074127197266,8.36583137512207,10.313694953918457,12.792771339416504,14.557975769042969,16.590980529785156,11.42314624786377,12.306264877319336,13.207197189331055,18.5,18.829999923706055,6.827758312225342,5.715799331665039,6.107953071594238,9.34060287475586,10.33637809753418,11.50423812866211,15.75222396850586,14.37800407409668,10.902451515197754,15.638094902038574,16.85506248474121,18.24142837524414,18.979999542236328,19.260000228881836,19.92038345336914,4.924447536468506,7.235374927520752,8.356867790222168,13.91399097442627,9.858636856079102,19.149999618530273,19.5010929107666,1.0780004262924194,4.067530632019043,5.232085227966309,5.481371879577637,5.946228981018066,6.373702049255371,6.803999900817871,7.220057964324951,7.9865241050720215,8.49471378326416,8.820903778076172,9.20880126953125,18.5,19.15999984741211,19.349794387817383,19.440000534057617,19.709999084472656,20.139999389648438,17.79985809326172,0.5539705753326416
2003-10-01 00:43:00,16.405765533447266,8.672370910644531,15.289691925048828,17.248109817504883,16.554702758789062,15.836453437805176,12.78514575958252,6.602086067199707,8.40894889831543,10.342595100402832,12.832468032836914,14.630430221557617,17.237619400024414,11.451337814331055,12.363359451293945,13.237638473510742,18.5,18.829999923706055,6.868288040161133,5.8145246505737305,6.193984031677246,9.381952285766602,10.380743980407715,11.546046257019043,15.796683311462402,14.409160614013672,10.9635591506958,15.657341003417969,16.88068199157715,18.274232864379883,18.979999542236328,19.260000228881836,20.183349609375,4.97812032699585,7.2906718254089355,8.420187950134277,13.948315620422363,9.90855884552002,19.149999618530273,19.55376434326172,1.1482245922088623,4.080784320831299,5.333681106567383,5.568451881408691,6.040853977203369,6.450957298278809,6.867424488067627,7.295271873474121,8.065391540527344,8.573724746704102,8.890843391418457,9.29069709777832,18.5,19.15999984741211,19.389999389648438,19.440000534057617,19.709999084472656,20.139999389648438,17.832765579223633,0.6261691451072693
2003-10-01 00:44:00,16.446157455444336,8.752923965454102,15.342586517333984,18.44999885559082,16.574430465698242,15.865126609802246,12.8172025680542,6.747352600097656,8.433028221130371,10.372345924377441,12.863167762756348,14.744780540466309,18.04508399963379,11.492790222167969,12.426595687866211,13.26836109161377,18.5,18.829999923706055,6.909952163696289,5.943240165710449,6.290713310241699,9.43179702758789,10.433813095092773,11.587491989135742,15.896408081054688,14.452717781066895,11.027274131774902,15.674036026000977,16.91362953186035,18.312171936035156,18.979999542236328,19.260000228881836,20.25,5.042383193969727,7.354709625244141,8.490565299987793,13.989344596862793,9.957281112670898,19.149999618530273,19.605749130249023,1.2355389595031738,4.09257173538208,5.4624176025390625,5.710211753845215,6.1355180740356445,6.5104780197143555,6.955081939697266,7.384706020355225,8.157824516296387,8.668018341064453,8.978291511535645,9.39124584197998,18.5,19.15999984741211,19.389999389648438,19.440000534057617,19.709999084472656,20.139999389648438,17.865562438964844,0.7024989724159241
2003-10-01 00:45:00,16.48715591430664,10.971110343933105,17.639999389648438,18.44999885559082,16.595165252685547,15.89450454711914,12.845212936401367,6.985376358032227,8.452747344970703,10.406516075134277,12.945384979248047,16.659162521362305,18.33990478515625,11.542840957641602,12.488364219665527,13.298713684082031,18.5,18.829999923706055,6.963954448699951,6.077686309814453,6.421239852905273,9.485198020935059,10.487370491027832,11.635483741760254,16.334501266479492,14.49582576751709,11.102783203125,15.690370559692383,16.941835403442383,18.344287872314453,18.979999542236328,19.260000228881836,20.25,5.111464023590088,7.431107044219971,8.567893981933594,14.038122177124023,10.005880355834961,19.149999618530273,19.66353988647461,1.3282545804977417,4.105839252471924,5.615772724151611,5.833903789520264,6.245854377746582,6.609912395477295,7.058412075042725,7.496341705322266,8.255776405334473,8.799762725830078,9.067785263061523,9.50571060180664,18.5,19.15999984741211,19.389999389648438,19.440000534057617,19.709999084472656,20.139999389648438,17.892934799194336,0.8117910027503967
2003-10-01 00:46:00,16.51603126525879,10.953842163085938,17.639999389648438,18.44999885559082,16.598554611206055,15.920764923095703,12.845792770385742,7.033681869506836,8.493194580078125,10.407156944274902,12.947640419006348,16.641178131103516,18.26105499267578,11.590847969055176,12.5405912399292,13.317425727844238,18.5,18.829999923706055,6.95220947265625,6.6230926513671875,6.594741344451904,9.535094261169434,10.553046226501465,11.692831993103027,16.313796997070312,14.499663352966309,11.179207801818848,15.699117660522461,16.913867950439453,18.319122314453125,18.979999542236328,19.260000228881836,20.25,5.1662139892578125,7.508321285247803,8.633387565612793,14.084346771240234,10.06594467163086,19.149999618530273,19.642778396606445,1.4286396503448486,4.102716445922852,5.764692783355713,6.003052711486816,6.407288551330566,6.720497131347656,7.176932334899902,7.61497688293457,8.35659408569336,8.928104400634766,9.187736511230469,9.610828399658203,18.5,19.15999984741211,19.389999389648438,19.440000534057617,19.709999084472656,20.139999389648438,17.879871368408203,0.8903464674949646
2003-10-01 00:47:00,16.519071578979492,11.441337585449219,17.607030868530273,18.44999885559082,16.5953426361084,15.935786247253418,12.827412605285645,7.584104537963867,8.540273666381836,10.389753341674805,12.938145637512207,16.60851287841797,18.23854637145996,11.627904891967773,12.565502166748047,13.320703506469727,18.5,18.829999923706055,6.957174777984619,6.605790138244629,7.137523174285889,9.583904266357422,10.591525077819824,11.684183120727539,16.297040939331055,14.48062515258789,11.224607467651367,15.699816703796387,16.918704986572266,18.296398162841797,18.979999542236328,19.260000228881836,20.25,5.209738731384277,7.575493335723877,8.67293930053711,14.103130340576172,10.166869163513184,19.149999618530273,19.637109756469727,1.5114974975585938,4.117654323577881,5.9445481300354,6.254286766052246,6.542693138122559,6.835109233856201,7.289085865020752,7.713529109954834,8.472753524780273,9.030957221984863,9.326456069946289,9.671186447143555,18.5,19.15999984741211,19.389999389648438,19.440000534057617,19.709999084472656,20.139999389648438,17.87363052368164,0.9789872765541077
2003-10-01 00:48:00,16.511926651000977,11.469658851623535,17.513832092285156,18.44999885559082,16.593265533447266,15.939851760864258,12.819636344909668,7.646295070648193,8.598856925964355,10.366756439208984,12.941340446472168,16.52892303466797,18.200559616088867,11.65121841430664,12.568906784057617,13.318690299987793,18.5,18.829999923706055,6.979658126831055,6.657846450805664,7.199859619140625,9.596488952636719,10.579997062683105,11.671788215637207,16.29546356201172,14.470555305480957,11.226282119750977,15.698814392089844,16.904735565185547,18.28460121154785,18.979999542236328,19.260000228881836,20.25,5.204870223999023,7.558611869812012,8.720049858093262,14.104260444641113,10.293521881103516,19.149999618530273,19.630271911621094,1.5890213251113892,4.11126708984375,6.435635566711426,6.651845932006836,6.835926532745361,6.969213485717773,7.385332107543945,7.821588039398193,8.5889253616333,9.122029304504395,9.412565231323242,9.761756896972656,18.5,19.15999984741211,19.389999389648438,19.440000534057617,19.709999084472656,20.139999389648438,17.865631103515625,1.0430028438568115
2003-10-01 00:49:00,16.50183868408203,11.432951927185059,17.418502807617188,18.44999885559082,16.588634490966797,15.937750816345215,12.81789493560791,7.663616180419922,8.627891540527344,10.35682487487793,12.936711311340332,16.45128631591797,18.174781799316406,11.664886474609375,12.564104080200195,13.314858436584473,18.5,18.829999923706055,6.976743698120117,6.691412925720215,7.223069667816162,9.57072925567627,10.570670127868652,11.672046661376953,16.273534774780273,14.46693229675293,11.196403503417969,15.6974515914917,16.885353088378906,18.28011131286621,18.979999542236328,19.260000228881836,20.25,5.14176607131958,7.81041955947876,8.698894500732422,14.098901748657227,10.432821273803711,19.149999618530273,19.623537063598633,1.6463451385498047,4.113992691040039,6.963051795959473,7.58477783203125,8.08820629119873,8.26630687713623,8.089765548706055,7.963657855987549,8.683369636535645,9.201558113098145,9.509444236755371,9.842288970947266,18.5,19.15999984741211,19.389999389648438,19.440000534057617,19.709999084472656,20.139999389648438,17.858600616455078,1.0895605087280273
2003-10-01 00:50:00,16.490283966064453,11.385348320007324,17.3230037689209,18.44999885559082,16.58395767211914,15.932472229003906,12.81700325012207,7.663443088531494,8.642446517944336,10.350975036621094,12.931968688964844,16.371856689453125,18.145183563232422,11.674072265625,12.557012557983398,13.310449600219727,18.5,18.829999923706055,6.9612836837768555,6.710277557373047,7.231942653656006,9.528900146484375,10.572134017944336,11.668683052062988,16.266942977905273,14.465617179870605,11.174064636230469,15.695998191833496,16.88595199584961,18.252544403076172,18.979999542236328,19.260000228881836,20.25,5.0802388191223145,8.645261764526367,8.968935012817383,14.092268943786621,11.148700714111328,19.149999618530273,19.616912841796875,1.7010835409164429,4.119287490844727,7.122073650360107,7.62045955657959,8.072309494018555,8.397127151489258,8.746234893798828,9.110276222229004,9.715009689331055,10.066322326660156,10.28425407409668,10.498613357543945,18.5,19.15999984741211,19.389999389648438,19.440000534057617,19.709999084472656,20.139999389648438,17.850601196289062,1.141810417175293
2003-10-01 00:51:00,16.476638793945312,10.903307914733887,16.911548614501953,18.44999885559082,16.574357986450195,15.925328254699707,12.807415962219238,7.517423629760742,8.624665260314941,10.342596054077148,12.922025680541992,16.07011604309082,18.058300018310547,11.650898933410645,12.551957130432129,13.302898406982422,18.5,18.829999923706055,6.92738151550293,6.637050628662109,7.115972518920898,9.62896728515625,10.565078735351562,11.65666389465332,16.238956451416016,14.461427688598633,11.579245567321777,15.655271530151367,16.90945816040039,18.24917221069336,18.979999542236328,19.260000228881836,20.23133659362793,5.035472869873047,9.087322235107422,9.581803321838379,14.083425521850586,11.61204719543457,19.149999618530273,19.58781623840332,1.7191354036331177,4.127115726470947,7.315054416656494,7.939496040344238,8.502823829650879,8.942516326904297,9.386556625366211,9.811511993408203,10.497642517089844,10.893760681152344,11.139768600463867,11.370767593383789,18.5,19.15999984741211,19.36932373046875,19.440000534057617,19.709999084472656,20.139999389648438,17.833721160888672,1.1423976421356201
2003-10-01 00:52:00,16.458812713623047,10.400321006774902,16.534381866455078,18.44999885559082,16.562511444091797,15.915791511535645,12.795759201049805,7.333476543426514,8.557221412658691,10.339685440063477,12.90085506439209,15.781364440917969,17.97108268737793,11.914502143859863,12.512372016906738,13.291419982910156,18.5,18.829999923706055,6.8608622550964355,6.531844615936279,6.967034816741943,9.83842658996582,10.462393760681152,11.66352653503418,16.21128273010254,14.45516300201416,11.98141098022461,15.633313179016113,16.91071891784668,18.243257522583008,18.979999542236328,19.260000228881836,20.073097229003906,5.004395961761475,9.18793773651123,9.693526268005371,14.070882797241211,11.812138557434082,19.149999618530273,19.55228614807129,1.7279870510101318,4.118062496185303,7.389404296875,8.021732330322266,8.596521377563477,9.049260139465332,9.500825881958008,9.94281005859375,10.6434907913208,11.065177917480469,11.334381103515625,11.596638679504395,18.5,19.15999984741211,19.329395294189453,19.440000534057617,19.709999084472656,20.139999389648438,17.819530487060547,1.1435563564300537
2003-10-01 00:53:00,16.43910026550293,9.856403350830078,16.191566467285156,18.44999885559082,16.552045822143555,15.904010772705078,12.80712890625,7.090606689453125,8.479859352111816,10.341658592224121,12.868939399719238,15.522150039672852,17.888498306274414,12.36160659790039,12.410560607910156,13.278671264648438,18.5,18.829999923706055,6.779574871063232,6.388134956359863,6.779969215393066,9.961380004882812,10.367279052734375,11.689034461975098,16.166976928710938,14.449739456176758,12.228959083557129,15.629972457885742,16.888084411621094,18.213443756103516,18.979999542236328,19.260000228881836,19.93505859375,4.97644567489624,9.153958320617676,9.6907958984375,14.05635929107666,11.833257675170898,19.149999618530273,19.522380828857422,1.7258646488189697,4.1122589111328125,7.371049880981445,7.983530044555664,8.5406494140625,8.968338012695312,9.39874267578125,9.81203556060791,10.482461929321289,10.891288757324219,11.154706954956055,11.410367012023926,18.5,19.15999984741211,19.299388885498047,19.440000534057617,19.709999084472656,20.139999389648438,17.80276870727539,1.1371479034423828
2003-10-01 00:54:00,16.418920516967773,9.427010536193848,15.861311912536621,18.44999885559082,16.542186737060547,15.89078140258789,12.819146156311035,6.948358535766602,8.422554016113281,10.342814445495605,12.843701362609863,15.270729064941406,17.795989990234375,12.608100891113281,12.364578247070312,13.26531982421875,18.5,18.829999923706055,6.699151515960693,6.335159778594971,6.696159839630127,9.9175386428833,10.336655616760254,11.695697784423828,16.133930206298828,14.444611549377441,12.442362785339355,15.633604049682617,16.857009887695312,18.18457794189453,18.979999542236328,19.260000228881836,19.812692642211914,4.961605548858643,9.063169479370117,9.610042572021484,14.041227340698242,11.942483901977539,19.149999618530273,19.49969482421875,1.7128320932388306,4.115078926086426,7.296360969543457,7.901540756225586,8.453500747680664,8.871603012084961,9.30959701538086,9.729310989379883,10.42119026184082,10.843551635742188,11.129952430725098,11.401557922363281,18.5,19.15999984741211,19.272043228149414,19.440000534057617,19.709999084472656,20.139999389648438,17.790103912353516,1.120854139328003
2003-10-01 00:55:00,16.398780822753906,8.953109741210938,15.570731163024902,18.44999885559082,16.53265953063965,15.876543998718262,12.780036926269531,6.855032920837402,8.384286880493164,10.339694023132324,12.830364227294922,15.047538757324219,17.697423934936523,12.48962116241455,12.4567289352417,13.251815795898438,18.5,18.829999923706055,6.627757549285889,6.259239673614502,6.559635162353516,9.767773628234863,10.3607177734375,11.674127578735352,16.096843719482422,14.439348220825195,12.362476348876953,15.630230903625488,16.839725494384766,18.16517448425293,18.979999542236328,19.201143264770508,19.63880729675293,4.950028419494629,8.931137084960938,9.45537281036377,14.025882720947266,11.898641586303711,19.149999618530273,19.465232849121094,1.6984994411468506,4.114986419677734,7.220897674560547,7.812061786651611,8.350617408752441,8.779740333557129,9.219934463500977,9.646785736083984,10.359288215637207,10.806427001953125,11.11421012878418,11.41683578491211,18.5,19.15999984741211,19.24816131591797,19.440000534057617,19.709999084472656,20.139999389648438,17.77296257019043,1.1067371368408203
2003-10-01 00:56:00,16.38111114501953,8.858006477355957,15.483497619628906,18.09250259399414,16.527015686035156,15.862180709838867,12.716191291809082,6.773836135864258,8.371506690979004,10.333700180053711,12.831741333007812,14.9776029586792,17.434646606445312,12.319538116455078,12.563827514648438,13.240039825439453,18.5,18.829999923706055,6.599630832672119,6.212045192718506,6.467670440673828,9.580050468444824,10.417143821716309,11.63068675994873,16.008581161499023,14.432812690734863,12.187271118164062,15.619503021240234,16.847074508666992,18.169097900390625,18.979999542236328,19.170856475830078,19.584972381591797,4.945424556732178,8.783414840698242,9.272970199584961,14.011407852172852,11.728090286254883,19.149999618530273,19.471811294555664,1.683598518371582,4.11415958404541,7.142679214477539,7.715095043182373,8.239023208618164,8.660137176513672,9.096126556396484,9.512916564941406,10.211371421813965,10.652908325195312,10.957714080810547,11.256811141967773,18.5,19.15999984741211,19.245073318481445,19.440000534057617,19.709999084472656,20.139999389648438,17.765342712402344,1.0929152965545654
2003-10-01 00:57:00,16.368173599243164,8.80721378326416,15.409899711608887,17.835651397705078,16.52310562133789,15.84967041015625,12.680994987487793,6.715115070343018,8.37084674835205,10.324267387390137,12.841737747192383,14.944267272949219,17.233434677124023,12.268502235412598,12.563862800598145,13.230818748474121,18.5,18.829999923706055,6.602966785430908,6.143277168273926,6.394391059875488,9.403226852416992,10.459622383117676,11.591994285583496,15.959261894226074,14.426145553588867,12.100915908813477,15.61004638671875,16.838224411010742,18.15983009338379,18.979999542236328,19.15093231201172,19.50826644897461,4.933053016662598,8.579805374145508,9.048702239990234,13.998523712158203,11.57261848449707,19.149999618530273,19.4532470703125,1.6683459281921387,4.112226486206055,7.022152423858643,7.56540584564209,8.06525993347168,8.47447681427002,8.896913528442383,9.305086135864258,9.992009162902832,10.430076599121094,10.735660552978516,11.035385131835938,18.5,19.15999984741211,19.25006103515625,19.440000534057617,19.709999084472656,20.139999389648438,17.757755279541016,1.0786621570587158
2003-10-01 00:58:00,16.35717010498047,8.738082885742188,15.324663162231445,17.517759323120117,16.518089294433594,15.839095115661621,12.691744804382324,6.689828872680664,8.365910530090332,10.315193176269531,12.844810485839844,14.863408088684082,16.969289779663086,12.249075889587402,12.475351333618164,13.222363471984863,18.5,18.829999923706055,6.606564044952393,6.090252876281738,6.334617614746094,9.280406951904297,10.50121784210205,11.565086364746094,15.941462516784668,14.422731399536133,12.059303283691406,15.60265064239502,16.810752868652344,18.090312957763672,18.873674392700195,19.028291702270508,19.33249282836914,4.918018341064453,8.472055435180664,8.906869888305664,13.987165451049805,11.461568832397461,19.149999618530273,19.45267105102539,1.6496660709381104,4.114201545715332,6.933207988739014,7.465765953063965,7.953645706176758,8.351174354553223,8.761724472045898,9.159473419189453,9.832575798034668,10.26414966583252,10.567852020263672,10.867393493652344,18.5,19.15999984741211,19.23165512084961,19.440000534057617,19.709999084472656,20.139999389648438,17.749874114990234,1.0610594749450684
2003-10-01 00:59:00,16.346736907958984,8.70203971862793,15.243797302246094,17.333967208862305,16.512601852416992,15.829750061035156,12.722247123718262,6.643866062164307,8.361937522888184,10.306401252746582,12.842668533325195,14.769969940185547,16.833576202392578,12.170945167541504,12.374232292175293,13.214127540588379,18.5,18.829999923706055,6.61847448348999,6.04457950592041,6.293765544891357,9.33449649810791,10.503717422485352,11.547186851501465,15.914039611816406,14.419057846069336,11.962945938110352,15.595304489135742,16.776412963867188,18.037094116210938,18.798452377319336,18.933971405029297,19.19429588317871,4.905113220214844,8.228601455688477,8.627130508422852,13.977550506591797,11.35061264038086,19.149999618530273,19.435791015625,1.6302645206451416,4.112034320831299,6.811783790588379,7.312761306762695,7.77962589263916,8.176210403442383,8.590930938720703,8.990762710571289,9.671442031860352,10.110703468322754,10.426408767700195,10.738303184509277,18.5,19.15999984741211,19.243799209594727,19.440000534057617,19.709999084472656,20.139999389648438,17.742067337036133,1.0432331562042236
2003-10-01 01:00:00,16.33625030517578,8.684040069580078,15.19798755645752,17.274234771728516,16.506921768188477,15.821043014526367,12.74771785736084,6.597291469573975,8.362737655639648,10.295964241027832,12.837016105651855,14.738348960876465,16.788318634033203,12.038090705871582,12.297879219055176,13.205971717834473,18.5,18.829999923706055,6.630759239196777,6.002216339111328,6.246614933013916,9.447287559509277,10.44443130493164,11.549588203430176,15.888694763183594,14.412221908569336,11.819605827331543,15.587190628051758,16.765886306762695,18.009723663330078,18.753477096557617,18.877439498901367,19.092924118041992,4.893690586090088,7.993597984313965,8.387731552124023,13.967992782592773,11.190752983093262,19.149999618530273,19.4298095703125,1.6090970039367676,4.111564636230469,6.685451507568359,7.163907527923584,7.606010437011719,7.997950553894043,8.40599536895752,8.802596092224121,9.483317375183105,9.926712036132812,10.249202728271484,10.568626403808594,18.5,19.15999984741211,19.239070892333984,19.440000534057617,19.709999084472656,20.09629249572754,17.73825454711914,1.0241222381591797
2003-10-01 01:01:00,16.326614379882812,8.669042587280273,15.194331169128418,17.227148056030273,16.50279998779297,15.812594413757324,12.756646156311035,6.572800636291504,8.359992980957031,10.28790283203125,12.824726104736328,14.682581901550293,16.77239227294922,11.858098983764648,12.25922679901123,13.198585510253906,18.5,18.829999923706055,6.645549297332764,5.958496570587158,6.209178924560547,9.500014305114746,10.387884140014648,11.564366340637207,15.870613098144531,14.405487060546875,11.662818908691406,15.579158782958984,16.764663696289062,17.994449615478516,18.743064880371094,18.84431266784668,19.048612594604492,4.881810188293457,7.891165733337402,8.243748664855957,13.958196640014648,11.011341094970703,19.149999618530273,19.43478775024414,1.5875080823898315,4.113947868347168,6.600469589233398,7.073919296264648,7.512726783752441,7.890474319458008,8.28302001953125,8.664115905761719,9.318568229675293,9.746916770935059,10.059171676635742,10.366418838500977,18.460783004760742,19.15999984741211,19.231164932250977,19.440000534057617,19.709999084472656,20.063743591308594,17.695728302001953,1.0057015419006348
2003-10-01 01:02:00,16.31884765625,8.656716346740723,15.200179100036621,17.175037384033203,16.49939727783203,15.804915428161621,12.749037742614746,6.550268650054932,8.357379913330078,10.281314849853516,12.80744743347168,14.637601852416992,16.72409439086914,11.639358520507812,12.26315689086914,13.192216873168945,18.5,18.829999923706055,6.6630706787109375,5.919979095458984,6.186190128326416,9.508330345153809,10.364564895629883,11.568331718444824,15.8566312789917,14.400031089782715,11.501175880432129,15.571319580078125,16.744421005249023,17.955486297607422,18.687990188598633,18.79039192199707,18.96100616455078,4.869963645935059,7.667673587799072,8.240387916564941,13.949300765991211,10.840331077575684,19.149999618530273,19.426273345947266,1.5693812370300293,4.111042499542236,6.4965739250183105,6.940342903137207,7.35306453704834,7.723820686340332,8.110962867736816,8.487213134765625,9.133710861206055,9.555781364440918,9.865797996520996,10.171724319458008,18.332839965820312,19.053478240966797,19.14703941345215,19.440000534057617,19.709999084472656,20.027423858642578,17.579862594604492,0.9887775778770447
2003-10-01 01:03:00,16.31183624267578,8.645217895507812,15.201643943786621,17.128843307495117,16.495464324951172,15.798200607299805,12.730586051940918,6.529004096984863,8.35511302947998,10.274557113647461,12.793460845947266,14.609291076660156,16.668460845947266,11.434317588806152,12.299775123596191,13.18618106842041,18.5,18.829999923706055,6.678869724273682,5.889260292053223,6.168530464172363,9.463812828063965,10.362997055053711,11.556859970092773,15.843504905700684,14.394392967224121,11.318509101867676,15.58704662322998,16.67098045349121,17.891611099243164,18.615747451782227,18.70444679260254,18.89177894592285,4.8613457679748535,7.448828220367432,8.32883071899414,13.94111442565918,10.718113899230957,19.149999618530273,19.41743278503418,1.549696445465088,4.11182165145874,6.385990142822266,6.8139166831970215,7.209205150604248,7.578514099121094,7.961233139038086,8.331422805786133,8.975179672241211,9.396780014038086,9.709104537963867,10.017836570739746,18.182315826416016,18.923824310302734,19.035335540771484,19.440000534057617,19.709999084472656,19.993389129638672,17.444509506225586,0.9683508276939392
2003-10-01 01:04:00,16.304950714111328,8.634147644042969,15.198202133178711,17.09584617614746,16.49125099182129,15.79207706451416,12.707998275756836,6.505156517028809,8.351905822753906,10.267879486083984,12.786577224731445,14.589570999145508,16.649892807006836,11.367938041687012,12.332237243652344,13.180279731750488,18.5,18.829999923706055,6.691250324249268,5.86332893371582,6.150845527648926,9.40695858001709,10.367513656616211,11.539346694946289,15.829854011535645,14.38792610168457,10.977751731872559,15.624635696411133,16.631132125854492,17.851903915405273,18.56548309326172,18.65450096130371,18.865381240844727,4.854301929473877,7.301800727844238,8.375531196594238,13.933137893676758,10.531826972961426,19.149999618530273,19.393503189086914,1.5317065715789795,4.112559795379639,6.308698654174805,6.725397109985352,7.109715461730957,7.473604202270508,7.852753162384033,8.221626281738281,8.865114212036133,9.295257568359375,9.609912872314453,9.866243362426758,18.013273239135742,18.771442413330078,18.90390396118164,19.440000534057617,19.709999084472656,19.960582733154297,17.293474197387695,0.9515001177787781
2003-10-01 01:05:00,16.298093795776367,8.623616218566895,15.192547798156738,17.08147430419922,16.486846923828125,15.78615951538086,12.690427780151367,6.486001014709473,8.346246719360352,10.261747360229492,12.780729293823242,14.57341480255127,16.625165939331055,11.414955139160156,12.338216781616211,13.174349784851074,18.5,18.829999923706055,6.700378894805908,5.839188098907471,6.133330345153809,9.37263298034668,10.366654396057129,11.524393081665039,15.819599151611328,14.381255149841309,10.786436080932617,15.628506660461426,16.613183975219727,17.81403160095215,18.51042938232422,18.591379165649414,18.82643699645996,4.847083568572998,7.17024564743042,8.394540786743164,13.925052642822266,10.178706169128418,19.149999618530273,19.356983184814453,1.5159072875976562,4.112574100494385,6.239734649658203,6.642791748046875,7.016636371612549,7.3968586921691895,7.793547630310059,8.181096076965332,8.839548110961914,9.25705337524414,9.51283073425293,9.760635375976562,17.82765007019043,18.5987491607666,18.75272560119629,19.440000534057617,19.709999084472656,19.9298152923584,17.128292083740234,0.9370864033699036
2003-10-01 01:06:00,16.291603088378906,8.614052772521973,15.187036514282227,17.077882766723633,16.483373641967773,15.780370712280273,12.681862831115723,6.467607498168945,8.33993911743164,10.256928443908691,12.774358749389648,14.559643745422363,16.598365783691406,11.454265594482422,12.326727867126465,13.168828964233398,18.5,18.829999923706055,6.707458019256592,5.81627082824707,6.118293762207031,9.346308708190918,10.361544609069824,11.513215065002441,15.809743881225586,14.375701904296875,10.853837013244629,15.626837730407715,16.600784301757812,17.78449249267578,18.461793899536133,18.54082679748535,18.785884857177734,4.840210437774658,7.05608606338501,8.427787780761719,13.917407035827637,9.814274787902832,19.149999618530273,19.328100204467773,1.5010863542556763,4.1133713722229,6.177834987640381,6.569237232208252,6.93297815322876,7.329257965087891,7.7437214851379395,8.148234367370605,8.78373908996582,9.157537460327148,9.389322280883789,9.551559448242188,17.68183708190918,18.460384368896484,18.630828857421875,19.440000534057617,19.709999084472656,19.906517028808594,16.99869155883789,0.9240922331809998
2003-10-01 01:07:00,16.28603172302246,8.605263710021973,15.18182373046875,17.078781127929688,16.48048210144043,15.77497673034668,12.677952766418457,6.450784683227539,8.334121704101562,10.252801895141602,12.768372535705566,14.548016548156738,16.57448959350586,11.44477367401123,12.314257621765137,13.163965225219727,18.5,18.829999923706055,6.712770938873291,5.79526424407959,6.105288982391357,9.32141399383545,10.357260704040527,11.504040718078613,15.798635482788086,14.369976997375488,10.967249870300293,15.624166488647461,16.583436965942383,17.746206283569336,18.412593841552734,18.481536865234375,18.747817993164062,4.833691120147705,6.989870071411133,8.458086967468262,13.91040325164795,9.7305326461792,19.149999618530273,19.284805297851562,1.4878489971160889,4.115864276885986,6.15238094329834,6.547268390655518,6.903992652893066,7.298164367675781,7.708686351776123,8.105400085449219,8.664968490600586,9.005919456481934,9.173477172851562,9.33292007446289,17.52812957763672,18.312223434448242,18.499385833740234,19.440000534057617,19.709999084472656,19.885974884033203,16.86222267150879,0.9123358130455017
2003-10-01 01:08:00,16.280868530273438,8.596636772155762,15.17613697052002,17.080074310302734,16.47734260559082,15.770090103149414,12.673136711120605,6.434650421142578,8.328606605529785,10.248517990112305,12.76260757446289,14.537482261657715,16.55430030822754,11.41357707977295,12.306841850280762,13.159358024597168,18.5,18.729738235473633,6.7146711349487305,5.773858070373535,6.093685626983643,9.305296897888184,10.352805137634277,11.495749473571777,15.786623001098633,14.363053321838379,10.989434242248535,15.621118545532227,16.560157775878906,17.687450408935547,18.325237274169922,18.395174026489258,18.710491180419922,4.826178550720215,6.960195064544678,8.468125343322754,13.903491020202637,9.830041885375977,19.149999618530273,19.242589950561523,1.4789319038391113,4.116505146026611,6.146909713745117,6.541495323181152,6.885287284851074,7.261350631713867,7.656593322753906,8.0317964553833,8.529657363891602,8.818355560302734,8.988621711730957,9.23512077331543,17.37099266052246,18.1586971282959,18.362680435180664,19.440000534057617,19.709999084472656,19.869529724121094,16.72338104248047,0.9055141806602478
2003-10-01 01:09:00,16.275861740112305,8.58803653717041,15.170143127441406,17.08024787902832,16.473974227905273,15.76552963256836,12.666607856750488,6.418697357177734,8.323141098022461,10.24410629272461,12.756758689880371,14.527397155761719,16.53738021850586,11.394630432128906,12.3014497756958,13.154801368713379,18.333229064941406,18.541889190673828,6.7138285636901855,5.755400657653809,6.082592487335205,9.296843528747559,10.34596061706543,11.488396644592285,15.774560928344727,14.355184555053711,10.940411567687988,15.617145538330078,16.51158332824707,17.576318740844727,18.17160415649414,18.233510971069336,18.671770095825195,4.818443298339844,6.939623832702637,8.465861320495605,13.896354675292969,9.892913818359375,19.149999618530273,19.195131301879883,1.4714574813842773,4.117938995361328,6.139611721038818,6.532833576202393,6.863628387451172,7.222310543060303,7.5800886154174805,7.888088703155518,8.363718032836914,8.67844009399414,8.906068801879883,9.238177299499512,17.211002349853516,18.000301361083984,18.220874786376953,19.440000534057617,19.709999084472656,19.85494613647461,16.58257293701172,0.899165689945221
2003-10-01 01:10:00,16.270870208740234,8.579512596130371,15.163947105407715,17.079084396362305,16.470420837402344,15.761131286621094,12.65971851348877,6.402796745300293,8.317646026611328,10.239564895629883,12.750576972961426,14.517529487609863,16.522865295410156,11.391919136047363,12.294412612915039,13.150201797485352,18.108356475830078,18.315509796142578,6.711974143981934,5.7390828132629395,6.070945739746094,9.2891263961792,10.337618827819824,11.48181438446045,15.763028144836426,14.346946716308594,10.897462844848633,15.612117767333984,16.483444213867188,17.429195404052734,17.97997283935547,18.0322265625,18.634843826293945,4.811598300933838,6.923091411590576,8.461518287658691,13.888971328735352,9.870826721191406,19.149999618530273,19.14443016052246,1.464900255203247,4.11736536026001,6.118415355682373,6.505930423736572,6.795417785644531,7.142431259155273,7.466462135314941,7.742537498474121,8.213414192199707,8.623379707336426,8.895390510559082,9.23812198638916,17.050189971923828,17.839252471923828,18.07649803161621,19.440000534057617,19.709999084472656,19.837791442871094,16.44109535217285,0.893392026424408
2003-10-01 01:11:00,16.26607322692871,8.571746826171875,15.158658027648926,17.07750129699707,16.467578887939453,15.756847381591797,12.654382705688477,6.387618064880371,8.31230354309082,10.235795974731445,12.744617462158203,14.508184432983398,16.510345458984375,11.392297744750977,12.285518646240234,13.14590072631836,17.928892135620117,18.160551071166992,6.709748268127441,5.723177909851074,6.0593767166137695,9.281767845153809,10.32940673828125,11.475533485412598,15.752180099487305,14.339155197143555,10.884943008422852,15.609789848327637,16.453052520751953,17.31803321838379,17.844676971435547,17.908939361572266,18.604475021362305,4.805353164672852,6.936809062957764,8.447620391845703,13.881634712219238,9.837224006652832,19.149999618530273,19.07094955444336,1.4581012725830078,4.118544578552246,6.0932745933532715,6.428917407989502,6.712066173553467,7.022719860076904,7.332792282104492,7.598358631134033,8.108135223388672,8.621623039245605,8.8790922164917,9.196943283081055,16.91594696044922,17.70012092590332,17.946548461914062,19.399494171142578,19.709999084472656,19.834428787231445,16.323379516601562,0.8872951865196228
2003-10-01 01:12:00,16.261865615844727,8.56477165222168,15.15399169921875,17.075828552246094,16.465246200561523,15.752791404724121,12.650527954101562,6.373966217041016,8.30758285522461,10.232532501220703,12.739160537719727,14.49990463256836,16.49979019165039,11.3888521194458,12.276603698730469,13.142094612121582,17.868967056274414,18.113554000854492,6.707531929016113,5.707598686218262,6.048886775970459,9.278157234191895,10.321012496948242,11.469826698303223,15.742317199707031,14.33191204071045,10.880640029907227,15.606720924377441,16.425952911376953,17.29350471496582,17.81795310974121,17.882450103759766,18.5888671875,4.799393177032471,6.976127624511719,8.41880989074707,13.874696731567383,9.833148002624512,19.149999618530273,18.980682373046875,1.450655460357666,4.116838455200195,6.059953212738037,6.335789203643799,6.5822038650512695,6.896734237670898,7.2002363204956055,7.484971523284912,8.078241348266602,8.601609230041504,8.838062286376953,9.157822608947754,16.771242141723633,17.547853469848633,17.803220748901367,19.339693069458008,19.709999084472656,19.824377059936523,16.196596145629883,0.8801185488700867
2003-10-01 01:13:00,16.257963180541992,8.557987213134766,15.149070739746094,17.073566436767578,16.462736129760742,15.749037742614746,12.646648406982422,6.360956192016602,8.303201675415039,10.22912311553955,12.733925819396973,14.492250442504883,16.49066734313965,11.383343696594238,12.268470764160156,13.138467788696289,17.79584312438965,18.052047729492188,6.705319404602051,5.692673206329346,6.039484024047852,9.27849292755127,10.311834335327148,11.464791297912598,15.733485221862793,14.324929237365723,10.870295524597168,15.602686882019043,16.4064998626709,17.264490127563477,17.788022994995117,17.8422794342041,18.592357635498047,4.794219017028809,7.041750907897949,8.374016761779785,13.868095397949219,9.835290908813477,19.149999618530273,18.89394760131836,1.440471887588501,4.111958980560303,5.991183280944824,6.225203514099121,6.434803009033203,6.777281761169434,7.094853401184082,7.413242340087891,8.063706398010254,8.567996978759766,8.804107666015625,9.143261909484863,16.640119552612305,17.407541275024414,17.670841217041016,19.28443145751953,19.709999084472656,19.81352996826172,16.08212661743164,0.8704723715782166
2003-10-01 01:14:00,16.2541561126709,8.551200866699219,15.143933296203613,17.070756912231445,16.460081100463867,15.745502471923828,12.642358779907227,6.34810209274292,8.298917770385742,10.225598335266113,12.728593826293945,14.484869956970215,16.482393264770508,11.378040313720703,12.26086711883545,13.134919166564941,17.722225189208984,18.00179672241211,6.703090190887451,5.678084850311279,6.030602931976318,9.281975746154785,10.3017578125,11.460321426391602,15.725584030151367,14.318284034729004,10.857913970947266,15.598024368286133,16.391889572143555,17.23838233947754,17.74079132080078,17.798988342285156,18.606578826904297,4.791443824768066,7.1063055992126465,8.32080078125,13.861794471740723,9.827919960021973,19.149999618530273,18.83262062072754,1.4193187952041626,4.106481552124023,5.908238887786865,6.088980197906494,6.306459903717041,6.679250717163086,7.025919437408447,7.36682653427124,8.037248611450195,8.537206649780273,8.790826797485352,9.13479232788086,16.5766658782959,17.323070526123047,17.600217819213867,19.244827270507812,19.709999084472656,19.80392837524414,16.036720275878906,0.8495181202888489
2003-10-01 01:15:00,16.250394821166992,8.544459342956543,15.13864803314209,17.067567825317383,16.45733642578125,15.74206256866455,12.637787818908691,6.33517599105835,8.294629096984863,10.22199535369873,12.72319221496582,14.477578163146973,16.47458267211914,11.373017311096191,12.253451347351074,13.131353378295898,17.652606964111328,17.975618362426758,6.70083475112915,5.662820339202881,6.022019863128662,9.285906791687012,10.291312217712402,11.456104278564453,15.718453407287598,14.31193733215332,10.847042083740234,15.59338092803955,16.38045883178711,17.212013244628906,17.698942184448242,17.754003524780273,18.6256103515625,4.791199684143066,7.14270544052124,8.275131225585938,13.855743408203125,9.817752838134766,19.149999618530273,18.781108856201172,1.3888274431228638,4.098917484283447,5.813432693481445,5.957957744598389,6.184500217437744,6.623641014099121,6.977514266967773,7.329878807067871,8.010895729064941,8.51598834991455,8.783835411071777,9.119867324829102,16.558544158935547,17.281307220458984,17.567977905273438,19.209718704223633,19.709999084472656,19.79570198059082,16.070655822753906,0.8207471966743469
2003-10-01 01:16:00,16.246780395507812,8.538265228271484,15.13406753540039,17.064617156982422,16.45502281188965,15.738770484924316,12.633803367614746,6.322795391082764,8.290465354919434,10.218927383422852,12.718025207519531,14.470544815063477,16.467304229736328,11.367996215820312,12.24616527557373,13.128015518188477,17.595352172851562,17.946861267089844,6.698681831359863,5.646864414215088,6.013840675354004,9.28662109375,10.281683921813965,11.452007293701172,15.711736679077148,14.306096076965332,10.8367919921875,15.588838577270508,16.36851692199707,17.184005737304688,17.66512680053711,17.710338592529297,18.646514892578125,4.792723178863525,7.150791645050049,8.248601913452148,13.85008716583252,9.810213088989258,19.149999618530273,18.763671875,1.3519208431243896,4.0934906005859375,5.717555046081543,5.844940185546875,6.088983058929443,6.58927583694458,6.937244892120361,7.299949645996094,7.992764472961426,8.500856399536133,8.770801544189453,9.103774070739746,16.53400421142578,17.24633026123047,17.509559631347656,19.193723678588867,19.709999084472656,19.790258407592773,16.07624626159668,0.7863089442253113
2003-10-01 01:17:00,16.243558883666992,8.532642364501953,15.12997817993164,17.062053680419922,16.453102111816406,15.735661506652832,12.630518913269043,6.311773777008057,8.286717414855957,10.216283798217773,12.713349342346191,14.464214324951172,16.460783004760742,11.363130569458008,12.239374160766602,13.12503433227539,17.53116226196289,17.907716751098633,6.696728706359863,5.630706787109375,6.006648540496826,9.283609390258789,10.273886680603027,11.447978019714355,15.70543384552002,14.300695419311523,10.826557159423828,15.584813117980957,16.359712600708008,17.142793655395508,17.59895133972168,17.655315399169922,18.66051483154297,4.794762134552002,7.153903484344482,8.233450889587402,13.84489917755127,9.803637504577637,19.149999618530273,18.74762535095215,1.316978931427002,4.08624267578125,5.631241798400879,5.754568099975586,6.041248798370361,6.554558277130127,6.907003402709961,7.2774977684021,7.979641914367676,8.486327171325684,8.754766464233398,9.090914726257324,16.49390983581543,17.213586807250977,17.465652465820312,19.17892837524414,19.709999084472656,19.78470802307129,16.039390563964844,0.7450796961784363
2003-10-01 01:18:00,16.240571975708008,8.52709674835205,15.125718116760254,17.05939292907715,16.451086044311523,15.732767105102539,12.627049446105957,6.301273345947266,8.283217430114746,10.2135591506958,12.709027290344238,14.458333969116211,16.454811096191406,11.358501434326172,12.233098983764648,13.122175216674805,17.47733497619629,17.8700008392334,6.694876670837402,5.615154266357422,6.000462055206299,9.27877426147461,10.267650604248047,11.443780899047852,15.699674606323242,14.295391082763672,10.816896438598633,15.580894470214844,16.350360870361328,17.106103897094727,17.54070472717285,17.598249435424805,18.665401458740234,4.796959400177002,7.149051189422607,8.223398208618164,13.840034484863281,9.796716690063477,19.149999618530273,18.732528686523438,1.2829134464263916,4.082595348358154,5.561798095703125,5.686079502105713,6.004136562347412,6.524210453033447,6.886703968048096,7.259650230407715,7.9662017822265625,8.47121810913086,8.741145133972168,9.078815460205078,16.441375732421875,17.21047592163086,17.43763542175293,19.164371490478516,19.709999084472656,19.77906608581543,15.951778411865234,0.7128429412841797
2003-10-01 01:19:00,16.237651824951172,8.521618843078613,15.121335983276367,17.056547164916992,16.4489688873291,15.730045318603516,12.623329162597656,6.290735244750977,8.279816627502441,10.210732460021973,12.704878807067871,14.45261287689209,16.449188232421875,11.35414981842041,12.22709846496582,13.119346618652344,17.455732345581055,17.83423614501953,6.693082332611084,5.600397109985352,5.994693279266357,9.273272514343262,10.262203216552734,11.439474105834961,15.694334030151367,14.29024887084961,10.807577133178711,15.577008247375488,16.34250831604004,17.0882568359375,17.497817993164062,17.546833038330078,18.667695999145508,4.799489498138428,7.141706943511963,8.215903282165527,13.835384368896484,9.790291786193848,19.149999618530273,18.718826293945312,1.2516193389892578,4.078990936279297,5.506348133087158,5.631472110748291,5.97838830947876,6.500725746154785,6.8704514503479,7.2435078620910645,7.952032566070557,8.45645523071289,8.729401588439941,9.065444946289062,16.37815284729004,17.24747657775879,17.430034637451172,19.14833641052246,19.709999084472656,19.771347045898438,15.78858757019043,0.6845992207527161
2003-10-01 01:20:00,16.234718322753906,8.516115188598633,15.1168794631958,17.053531646728516,16.4467830657959,15.727428436279297,12.619437217712402,6.280246257781982,8.276416778564453,10.207829475402832,12.700760841369629,14.446924209594727,16.443801879882812,11.350082397460938,12.221149444580078,13.116506576538086,17.428476333618164,17.80360221862793,6.691310882568359,5.586409091949463,5.988804340362549,9.267630577087402,10.257057189941406,11.435094833374023,15.689247131347656,14.285122871398926,10.798544883728027,15.573576927185059,16.336952209472656,17.060956954956055,17.448705673217773,17.49623680114746,18.668397903442383,4.801643371582031,7.134283065795898,8.209161758422852,13.830926895141602,9.78466796875,19.149999618530273,18.714818954467773,1.2241907119750977,4.076084613800049,5.460632801055908,5.587976455688477,5.95897912979126,6.481874465942383,6.854547500610352,7.228168487548828,7.938009262084961,8.442283630371094,8.717060089111328,9.050538063049316,16.313762664794922,17.276119232177734,17.4437313079834,19.125417709350586,19.709999084472656,19.764514923095703,15.414374351501465,0.660871148109436
2003-10-01 01:21:00,16.23186683654785,8.511016845703125,15.1129732131958,17.050748825073242,16.44487762451172,15.724865913391113,12.615984916687012,6.270148277282715,8.273082733154297,10.205306053161621,12.696829795837402,14.441401481628418,16.438650131225586,11.346135139465332,12.215243339538574,13.113835334777832,17.387887954711914,17.779277801513672,6.6896138191223145,5.573019504547119,5.982834815979004,9.262113571166992,10.252086639404297,11.430744171142578,15.6843900680542,14.280241012573242,10.789998054504395,15.570483207702637,16.33065414428711,17.03011703491211,17.401689529418945,17.44618797302246,18.66819953918457,4.803254127502441,7.12714147567749,8.202773094177246,13.826642990112305,9.780017852783203,19.149999618530273,18.674806594848633,1.2002286911010742,4.0732831954956055,5.422511577606201,5.553277969360352,5.942048072814941,6.465264320373535,6.838650226593018,7.213505268096924,7.924352169036865,8.42811107635498,8.702686309814453,9.033547401428223,16.27719497680664,17.293550491333008,17.465797424316406,19.13479232788086,19.709999084472656,19.76084327697754,14.94373607635498,0.6407278180122375
2003-10-01 01:22:00,16.229249954223633,8.50634765625,15.109482765197754,17.048255920410156,16.443254470825195,15.722379684448242,12.613061904907227,6.2609944343566895,8.270048141479492,10.203076362609863,12.693142890930176,14.436359405517578,16.433866500854492,11.342266082763672,12.20963191986084,13.111422538757324,17.354412078857422,17.76316261291504,6.6880364418029785,5.56027889251709,5.977128028869629,9.256794929504395,10.247356414794922,11.426624298095703,15.679817199707031,14.275611877441406,10.781694412231445,15.567489624023438,16.32521629333496,17.027809143066406,17.37986946105957,17.42286491394043,18.66753387451172,4.804512977600098,7.120333194732666,8.196796417236328,13.822609901428223,9.77586841583252,19.149999618530273,18.676231384277344,1.1782937049865723,4.071110725402832,5.390492916107178,5.52397346496582,5.926297664642334,6.449595928192139,6.823428153991699,7.199286460876465,7.910566329956055,8.413155555725098,8.687084197998047,9.018675804138184,16.269426345825195,17.30008316040039,17.481861114501953,19.114065170288086,19.709999084472656,19.761791229248047,14.798272132873535,0.6247514486312866
2003-10-01 01:23:00,16.226823806762695,8.50174331665039,15.105886459350586,17.045732498168945,16.441570281982422,15.719980239868164,12.610039710998535,6.25227165222168,8.267194747924805,10.200782775878906,12.68966293334961,14.431585311889648,16.42937469482422,11.338520050048828,12.204353332519531,13.109101295471191,17.331995010375977,17.763662338256836,6.686522960662842,5.548261642456055,5.971745491027832,9.251676559448242,10.242855072021484,11.422677993774414,15.675498962402344,14.27102279663086,10.774035453796387,15.565226554870605,16.323026657104492,17.01006317138672,17.33731460571289,17.43566131591797,18.666576385498047,4.805787563323975,7.1138529777526855,8.190964698791504,13.818775177001953,9.770881652832031,19.149999618530273,18.643203735351562,1.1573851108551025,4.069389343261719,5.361966133117676,5.4983391761779785,5.91123628616333,6.434500217437744,6.808844566345215,7.184905052185059,7.895890235900879,8.397899627685547,8.673731803894043,9.008088111877441,16.266881942749023,17.301050186157227,17.488534927368164,19.077678680419922,19.66368865966797,19.711875915527344,14.743831634521484,0.608799397945404
2003-10-01 01:24:00,16.224454879760742,8.497179985046387,15.102249145507812,17.043182373046875,16.43983268737793,15.717691421508789,12.606890678405762,6.243630409240723,8.26439380645752,10.198448181152344,12.686260223388672,14.42690372467041,16.425098419189453,11.334786415100098,12.199296951293945,13.106815338134766,17.31403160095215,17.772666931152344,6.685041904449463,5.536990165710449,5.966592311859131,9.246788024902344,10.238483428955078,11.418895721435547,15.671358108520508,14.266446113586426,10.767441749572754,15.563153266906738,16.3189640045166,16.986103057861328,17.30040168762207,17.42340850830078,18.665437698364258,4.806171417236328,7.107617378234863,8.185279846191406,13.815069198608398,9.765802383422852,19.149999618530273,18.57137680053711,1.1416401863098145,4.066421985626221,5.336136817932129,5.475485801696777,5.896466255187988,6.41977596282959,6.794216156005859,7.170094966888428,7.881399631500244,8.383683204650879,8.663792610168457,8.99836254119873,16.264041900634766,17.290611267089844,17.480548858642578,18.971036911010742,19.51974868774414,19.565330505371094,14.675165176391602,0.591496467590332
2003-10-01 01:25:00,16.222082138061523,8.492560386657715,15.098556518554688,17.040546417236328,16.43803596496582,15.715473175048828,12.603580474853516,6.23492431640625,8.26159381866455,10.196054458618164,12.682815551757812,14.422223091125488,16.42080307006836,11.330994606018066,12.194334983825684,13.104520797729492,17.297773361206055,17.78705406188965,6.683559894561768,5.5267229080200195,5.96132230758667,9.242003440856934,10.234209060668945,11.415173530578613,15.66738510131836,14.2617826461792,10.761031150817871,15.560652732849121,16.312999725341797,16.96116828918457,17.262691497802734,17.417469024658203,18.6641788482666,4.804773330688477,7.101518154144287,8.17973804473877,13.811445236206055,9.761473655700684,19.149999618530273,18.503170013427734,1.1271369457244873,4.063741683959961,5.312090873718262,5.454263687133789,5.88193941116333,6.40512228012085,6.7792510986328125,7.155521392822266,7.868288993835449,8.371028900146484,8.655195236206055,8.98826789855957,16.260347366333008,17.26131820678711,17.45939064025879,18.872411727905273,19.383394241333008,19.425670623779297,14.595004081726074,0.5760666131973267
2003-10-01 01:26:00,16.21917724609375,8.487041473388672,15.093731880187988,17.03729248046875,16.435266494750977,15.713180541992188,12.599129676818848,6.225213050842285,8.258532524108887,10.192700386047363,12.678794860839844,14.417155265808105,16.415719985961914,11.327120780944824,12.189204216003418,13.101764678955078,17.282020568847656,17.801664352416992,6.681507110595703,5.517475605010986,5.95538330078125,9.236932754516602,10.229765892028809,11.411230087280273,15.66326904296875,14.269318580627441,10.753924369812012,15.557575225830078,16.306623458862305,16.946243286132812,17.225093841552734,17.419986724853516,18.66257095336914,4.800477981567383,7.095355033874512,8.17367172241211,13.805761337280273,9.757120132446289,19.149999618530273,18.387910842895508,1.1136778593063354,4.060591220855713,5.288924694061279,5.433942794799805,5.866672992706299,6.390366554260254,6.764447212219238,7.141693115234375,7.85641622543335,8.359315872192383,8.646183967590332,8.977082252502441,16.255231857299805,17.221080780029297,17.425777435302734,18.71749496459961,19.166419982910156,19.201343536376953,14.463958740234375,0.5621415376663208
2003-10-01 01:27:00,16.215118408203125,8.480534553527832,15.087928771972656,17.033926010131836,16.43169403076172,15.710433959960938,12.593382835388184,6.2132391929626465,8.254703521728516,10.188506126403809,12.673943519592285,14.411105155944824,16.40983009338379,11.323055267333984,12.183282852172852,13.098260879516602,17.27126693725586,17.808908462524414,6.678384780883789,5.508138179779053,5.948018550872803,9.23139762878418,10.224740028381348,11.406576156616211,15.658881187438965,14.268869400024414,10.745945930480957,15.554437637329102,16.30219268798828,16.92376136779785,17.1854305267334,17.432788848876953,18.660409927368164,4.795258522033691,7.088682651519775,8.166373252868652,13.801201820373535,9.752023696899414,19.149999618530273,18.31006622314453,1.0999367237091064,4.057563304901123,5.265892028808594,5.413496971130371,5.850595474243164,6.375638961791992,6.750274181365967,7.128429889678955,7.8448262214660645,8.347515106201172,8.635790824890137,8.965047836303711,16.24932861328125,17.170116424560547,17.379718780517578,18.60831069946289,19.027599334716797,19.069801330566406,14.306235313415527,0.5487452745437622
2003-10-01 01:28:00,16.210237503051758,8.473821640014648,15.082083702087402,17.030710220336914,16.428207397460938,15.707154273986816,12.587300300598145,6.19982385635376,8.250285148620605,10.184185981750488,12.668514251708984,14.404352188110352,16.40326690673828,11.318511009216309,12.176515579223633,13.094337463378906,17.268823623657227,17.80999183654785,6.6745219230651855,5.497748851776123,5.939189434051514,9.225440979003906,10.219021797180176,11.4012451171875,15.653778076171875,14.261693954467773,10.737567901611328,15.550840377807617,16.292518615722656,16.89052963256836,17.16026496887207,17.445844650268555,18.657878875732422,4.789538860321045,7.081219673156738,8.15835189819336,13.797626495361328,9.746438026428223,19.149999618530273,18.274303436279297,1.085749864578247,4.0542168617248535,5.242408752441406,5.39311408996582,5.834776401519775,6.361023902893066,6.736758708953857,7.115361213684082,7.832834720611572,8.335116386413574,8.624124526977539,8.951583862304688,16.243175506591797,17.11358070373535,17.336156845092773,18.571048736572266,18.991409301757812,19.04236602783203,14.136053085327148,0.5351491570472717
2003-10-01 01:29:00,16.204845428466797,8.466992378234863,15.07616901397705,17.02668571472168,16.42481231689453,15.703325271606445,12.581188201904297,6.185705661773682,8.245529174804688,10.179805755615234,12.662772178649902,14.397193908691406,16.396745681762695,11.313379287719727,12.169066429138184,13.090160369873047,17.271760940551758,17.808813095092773,6.670060157775879,5.485933303833008,5.929416179656982,9.218931198120117,10.212611198425293,11.395401954650879,15.648343086242676,14.264575958251953,10.727935791015625,15.54550838470459,16.277149200439453,16.8572998046875,17.147748947143555,17.452844619750977,18.655071258544922,4.783196926116943,7.072994709014893,8.149868965148926,13.791462898254395,9.740375518798828,19.06196403503418,18.232288360595703,1.0709445476531982,4.050732135772705,5.218586444854736,5.37309455871582,5.818833827972412,6.346818923950195,6.72331428527832,7.102052688598633,7.819900989532471,8.32198715209961,8.611246109008789,8.937434196472168,16.24052619934082,17.092689514160156,17.309125900268555,18.515981674194336,18.93360137939453,18.999696731567383,14.076224327087402,0.5207437872886658
2003-10-01 01:30:00,16.199203491210938,8.460036277770996,15.070147514343262,17.02223014831543,16.421354293823242,15.699002265930176,12.575128555297852,6.171139717102051,8.240527153015137,10.17530345916748,12.656834602355957,14.389752388000488,16.390005111694336,11.307854652404785,12.161064147949219,13.085824966430664,17.276350021362305,17.806198120117188,6.665104866027832,5.473006725311279,5.919228553771973,9.211755752563477,10.205707550048828,11.38924789428711,15.642614364624023,14.26067066192627,10.716329574584961,15.538503646850586,16.25910758972168,16.827686309814453,17.140087127685547,17.453903198242188,18.652057647705078,4.776100158691406,7.064273357391357,8.140852928161621,13.786298751831055,9.732877731323242,18.87474250793457,18.1806583404541,1.05617094039917,4.046953201293945,5.1945319175720215,5.353346347808838,5.802734375,6.3328351974487305,6.709420680999756,7.088251113891602,7.806133270263672,8.307897567749023,8.598079681396484,8.923250198364258,16.234628677368164,17.057735443115234,17.30392837524414,18.44760513305664,18.85456085205078,18.93765640258789,13.877288818359375,0.5057935118675232
2003-10-01 01:31:00,16.19376564025879,8.45378303527832,15.065123558044434,17.017911911010742,16.41875648498535,15.694438934326172,12.570124626159668,6.157095909118652,8.235570907592773,10.171618461608887,12.651185989379883,14.38248062133789,16.383466720581055,11.302286148071289,12.15285873413086,13.081745147705078,17.281234741210938,17.802959442138672,6.660304069519043,5.459545135498047,5.9090657234191895,9.204432487487793,10.198697090148926,11.383042335510254,15.636689186096191,14.264368057250977,10.703279495239258,15.530746459960938,16.240665435791016,16.802507400512695,17.134429931640625,17.451976776123047,18.64910888671875,4.768790245056152,7.055124282836914,8.131829261779785,13.779768943786621,9.724287986755371,18.74668312072754,18.133146286010742,1.0412660837173462,4.043079376220703,5.170434474945068,5.334200382232666,5.786369800567627,6.318817615509033,6.695111274719238,7.073986053466797,7.791880130767822,8.293238639831543,8.584053039550781,8.9053316116333,16.227397918701172,17.031282424926758,17.305723190307617,18.38140106201172,18.759817123413086,18.86448860168457,13.68278694152832,0.49151909351348877
2003-10-01 01:32:00,16.18917465209961,8.448359489440918,15.061012268066406,17.014034271240234,16.416929244995117,15.689971923828125,12.566344261169434,6.144808292388916,8.231171607971191,10.168717384338379,12.646109580993652,14.376035690307617,16.37757682800293,11.296956062316895,12.14509391784668,13.078208923339844,17.285602569580078,17.7996826171875,6.656190395355225,5.446411609649658,5.899723052978516,9.197315216064453,10.191959381103516,11.377233505249023,15.63093376159668,14.263544082641602,10.689775466918945,15.523008346557617,16.223678588867188,16.781885147094727,17.130176544189453,17.448871612548828,18.646472930908203,4.761497974395752,7.046081066131592,8.123512268066406,13.774544715881348,9.71544361114502,18.630582809448242,18.056673049926758,1.025997519493103,4.039305210113525,5.146496772766113,5.315522193908691,5.7698588371276855,6.304900646209717,6.6805009841918945,7.059488773345947,7.777358531951904,8.277947425842285,8.567752838134766,8.886295318603516,16.222097396850586,17.013273239135742,17.305814743041992,18.270360946655273,18.594396591186523,18.791339874267578,13.529338836669922,0.477347195148468
2003-10-01 01:33:00,16.185083389282227,8.443068504333496,15.05677318572998,17.010337829589844,16.41495704650879,15.685782432556152,12.562712669372559,6.133482456207275,8.227174758911133,10.165731430053711,12.641407012939453,14.370138168334961,16.372085571289062,11.292049407958984,12.137840270996094,13.074869155883789,17.287792205810547,17.79637336730957,6.652536869049072,5.434122562408447,5.891262531280518,9.190343856811523,10.185563087463379,11.371851921081543,15.625487327575684,14.263269424438477,10.676433563232422,15.515585899353027,16.208269119262695,16.763938903808594,17.125953674316406,17.445070266723633,18.64401626586914,4.7543206214904785,7.037413597106934,8.115478515625,13.769513130187988,9.706257820129395,18.519718170166016,17.993867874145508,1.0101571083068848,4.035510540008545,5.122570514678955,5.297397613525391,5.7536420822143555,6.290645122528076,6.665659427642822,7.04469108581543,7.762060165405273,8.261439323425293,8.550352096557617,8.86826229095459,16.21779441833496,16.998388290405273,17.299039840698242,18.181316375732422,18.43752098083496,18.760000228881836,13.441967010498047,0.4648680090904236
2003-10-01 01:34:00,16.181209564208984,8.437789916992188,15.052382469177246,17.006723403930664,16.412771224975586,15.681872367858887,12.558926582336426,6.12235164642334,8.223368644714355,10.162585258483887,12.636860847473145,14.364459037780762,16.36684799194336,11.287603378295898,12.130927085876465,13.07158374786377,17.2867488861084,17.79302215576172,6.649175643920898,5.4227423667907715,5.88338565826416,9.183619499206543,10.179526329040527,11.366777420043945,15.620291709899902,14.262496948242188,10.663741111755371,15.508522987365723,16.19416046142578,16.74834442138672,17.121227264404297,17.4410400390625,18.64165687561035,4.7475128173828125,7.028909683227539,8.107589721679688,13.764833450317383,9.696828842163086,18.4144287109375,17.966571807861328,0.9936667084693909,4.031771183013916,5.098821640014648,5.279666423797607,5.737267017364502,6.276120185852051,6.650498390197754,7.029162406921387,7.745421409606934,8.244364738464355,8.533652305603027,8.851576805114746,16.214168548583984,16.984603881835938,17.29684066772461,18.145736694335938,18.38691520690918,18.762121200561523,13.393959999084473,0.45116591453552246
2003-10-01 01:35:00,16.177453994750977,8.4324369430542,15.047839164733887,17.003122329711914,16.410402297973633,15.678160667419434,12.554895401000977,6.111155986785889,8.219598770141602,10.159317016601562,12.632271766662598,14.358838081359863,16.361732482910156,11.283406257629395,12.124199867248535,13.068284034729004,17.2839298248291,17.789609909057617,6.6459150314331055,5.412179946899414,5.875625133514404,9.177151679992676,10.17373275756836,11.361855506896973,15.6152982711792,14.261112213134766,10.651845932006836,15.501917839050293,16.182056427001953,16.73571014404297,17.115509033203125,17.437158584594727,18.63933753967285,4.741053104400635,7.020640850067139,8.099852561950684,13.76040267944336,9.687520980834961,18.31122589111328,17.93341827392578,0.977109968662262,4.027911186218262,5.075157165527344,5.262298583984375,5.720725059509277,6.261155605316162,6.634668350219727,7.012728691101074,7.728501796722412,8.227173805236816,8.518355369567871,8.836137771606445,16.211627960205078,16.97309684753418,17.296239852905273,18.099145889282227,18.340476989746094,18.765581130981445,13.380172729492188,0.43811583518981934
2003-10-01 01:36:00,16.17390251159668,8.427560806274414,15.043924331665039,16.999725341796875,16.408349990844727,15.674676895141602,12.551247596740723,6.100391387939453,8.215909957885742,10.156532287597656,12.627922058105469,14.353387832641602,16.356876373291016,11.279327392578125,12.117637634277344,13.0652437210083,17.280475616455078,17.78631591796875,6.642880916595459,5.402065277099609,5.86791467666626,9.171021461486816,10.168153762817383,11.357041358947754,15.610487937927246,14.263847351074219,10.640936851501465,15.49600887298584,16.171497344970703,16.72464370727539,17.109392166137695,17.434118270874023,18.637144088745117,4.735007286071777,7.012638092041016,8.092556953430176,13.7554292678833,9.6786527633667,18.24053192138672,17.925386428833008,0.960582435131073,4.0239763259887695,5.051419258117676,5.24535608291626,5.703744888305664,6.245715141296387,6.618016242980957,6.995899200439453,7.712037086486816,8.21062183380127,8.504491806030273,8.821662902832031,16.209848403930664,16.963411331176758,17.296247482299805,18.06827735900879,18.301620483398438,18.77400779724121,13.364428520202637,0.4250960946083069
2003-10-01 01:37:00,16.170793533325195,8.423263549804688,15.040623664855957,16.996671676635742,16.40673065185547,15.671415328979492,12.548343658447266,6.090797424316406,8.212594032287598,10.154228210449219,12.623912811279297,14.348481178283691,16.35249137878418,11.275352478027344,12.111471176147461,13.062580108642578,17.277057647705078,17.7833194732666,6.640242576599121,5.392371654510498,5.860659599304199,9.16528034210205,10.162881851196289,11.352557182312012,15.605903625488281,14.265085220336914,10.631035804748535,15.490739822387695,16.162002563476562,16.714712142944336,17.10394859313965,17.431930541992188,18.635181427001953,4.729239463806152,7.005046367645264,8.085949897766113,13.750950813293457,9.670624732971191,18.197866439819336,17.899688720703125,0.9443255662918091,4.019711971282959,5.027884006500244,5.228392124176025,5.686344623565674,6.2300615310668945,6.60097599029541,6.97944974899292,7.696600914001465,8.195042610168457,8.491631507873535,8.807701110839844,16.208545684814453,16.955930709838867,17.297128677368164,18.00827407836914,18.286457061767578,18.78536605834961,13.348031044006348,0.4130617380142212
2003-10-01 01:38:00,16.167987823486328,8.419095039367676,15.037280082702637,16.993785858154297,16.405094146728516,15.668405532836914,12.545553207397461,6.081905364990234,8.209556579589844,10.151923179626465,12.620183944702148,14.343939781188965,16.348419189453125,11.271438598632812,12.105720520019531,13.06009292602539,17.27365493774414,17.78050422668457,6.6378960609436035,5.383237361907959,5.85395622253418,9.159768104553223,10.157914161682129,11.348382949829102,15.601629257202148,14.26110553741455,10.621882438659668,15.485926628112793,16.153348922729492,16.705806732177734,17.099468231201172,17.429908752441406,18.633363723754883,4.723758220672607,6.997978210449219,8.079748153686523,13.748021125793457,9.663427352905273,18.173662185668945,17.87009620666504,0.9282950162887573,4.015299320220947,5.00437593460083,5.2114691734313965,5.669177055358887,6.214020252227783,6.584257125854492,6.96368932723999,7.681777000427246,8.180702209472656,8.479284286499023,8.794405937194824,16.207477569580078,16.949331283569336,17.294776916503906,17.957645416259766,18.292558670043945,18.790090560913086,13.332231521606445,0.3978966474533081
2003-10-01 01:39:00,16.165319442749023,8.414888381958008,15.033828735351562,16.990978240966797,16.403350830078125,15.665634155273438,12.542628288269043,6.073260307312012,8.206648826599121,10.14953899383545,12.616555213928223,14.339583396911621,16.34453010559082,11.267606735229492,12.100302696228027,13.057677268981934,17.270221710205078,17.777780532836914,6.635713577270508,5.374669551849365,5.847689151763916,9.154462814331055,10.153239250183105,11.344415664672852,15.597634315490723,14.263886451721191,10.613290786743164,15.481411933898926,16.145448684692383,16.697906494140625,17.095678329467773,17.42761993408203,18.63162612915039,4.718550205230713,6.9913177490234375,8.073709487915039,13.743521690368652,9.656723022460938,18.15924835205078,17.83530044555664,0.9141789674758911,4.010219573974609,4.980949401855469,5.194758415222168,5.652266502380371,6.197953701019287,6.568342208862305,6.948667526245117,7.667979717254639,8.167041778564453,8.46748161315918,8.781927108764648,16.206188201904297,16.941207885742188,17.285219192504883,17.934589385986328,18.303237915039062,18.786996841430664,13.317091941833496,0.38085585832595825
2003-10-01 01:40:00,16.162673950195312,8.410628318786621,15.030267715454102,16.988195419311523,16.401517868041992,15.663046836853027,12.539504051208496,6.064547538757324,8.203767776489258,10.147075653076172,12.61297607421875,14.335285186767578,16.34073257446289,11.263909339904785,12.0950927734375,13.055267333984375,17.266740798950195,17.775096893310547,6.633644104003906,5.3665924072265625,5.841639518737793,9.14932632446289,10.148773193359375,11.340520858764648,15.59382438659668,14.262686729431152,10.605024337768555,15.47721004486084,16.138309478759766,16.690839767456055,17.092256546020508,17.424943923950195,18.62993049621582,4.7135772705078125,6.984882831573486,8.067829132080078,13.740269660949707,9.650422096252441,18.1484317779541,17.81061553955078,0.9000861048698425,4.004988670349121,4.957922458648682,5.17854118347168,5.635717868804932,6.182153701782227,6.553308010101318,6.9344000816345215,7.6549272537231445,8.153923034667969,8.456267356872559,8.769927978515625,16.204254150390625,16.929553985595703,17.272132873535156,17.931062698364258,18.307470321655273,18.780668258666992,13.30189037322998,0.36497199535369873
2003-10-01 01:41:00,16.160110473632812,8.406702041625977,15.027127265930176,16.985557556152344,16.39990234375,15.66057300567627,12.536565780639648,6.0560503005981445,8.200963973999023,10.144905090332031,12.609545707702637,14.331093788146973,16.337114334106445,11.260366439819336,12.09007740020752,13.052963256835938,17.263425827026367,17.77253532409668,6.6317362785339355,5.3589630126953125,5.835617542266846,9.144468307495117,10.1444673538208,11.3367338180542,15.590167999267578,14.262887954711914,10.597223281860352,15.473344802856445,16.131879806518555,16.68441390991211,17.088672637939453,17.422346115112305,18.628328323364258,4.708837985992432,6.9787163734436035,8.06222915649414,13.736638069152832,9.644462585449219,18.136850357055664,17.796945571899414,0.885924756526947,3.999904155731201,4.935205936431885,5.162888526916504,5.6192216873168945,6.167191982269287,6.539129734039307,6.920840263366699,7.642527103424072,8.141345024108887,8.445575714111328,8.75812816619873,16.202041625976562,16.915897369384766,17.262367248535156,17.932880401611328,18.30528450012207,18.775442123413086,13.286033630371094,0.3509089946746826
2003-10-01 01:42:00,16.157777786254883,8.403197288513184,15.024453163146973,16.983163833618164,16.398588180541992,15.658220291137695,12.534079551696777,6.048379421234131,8.198393821716309,10.143084526062012,12.6063871383667,14.327264785766602,16.33379554748535,11.25689697265625,12.085366249084473,13.050873756408691,17.260465621948242,17.770200729370117,6.630053520202637,5.351661682128906,5.829832077026367,9.13991928100586,10.140403747558594,11.333115577697754,15.58669376373291,14.26234245300293,10.590069770812988,15.469820976257324,16.125940322875977,16.678434371948242,17.084806442260742,17.420286178588867,18.626869201660156,4.7043585777282715,6.9728851318359375,8.057052612304688,13.733226776123047,9.638988494873047,18.12635040283203,17.789642333984375,0.8714473843574524,3.9947268962860107,4.912906646728516,5.148136138916016,5.6038737297058105,6.153079032897949,6.525613784790039,6.908026218414307,7.630763530731201,8.129352569580078,8.435110092163086,8.746380805969238,16.199949264526367,16.903100967407227,17.25812339782715,17.932571411132812,18.300573348999023,18.772510528564453,13.269927978515625,0.3366200923919678
2003-10-01 01:43:00,16.15566062927246,8.399808883666992,15.021767616271973,16.980880737304688,16.39728546142578,15.655975341796875,12.531656265258789,6.041204929351807,8.196017265319824,10.141255378723145,12.603410720825195,14.323692321777344,16.3306827545166,11.25353717803955,12.080926895141602,13.048887252807617,17.257686614990234,17.76800537109375,6.6285295486450195,5.344594478607178,5.824435710906982,9.135583877563477,10.136526107788086,11.3297119140625,15.5834321975708,14.260360717773438,10.58332633972168,15.466530799865723,16.120309829711914,16.672706604003906,17.08065414428711,17.418598175048828,18.625505447387695,4.700170040130615,6.967400550842285,8.052106857299805,13.730700492858887,9.634031295776367,18.116859436035156,17.784238815307617,0.8571764826774597,3.989713668823242,4.891566276550293,5.134460926055908,5.5893659591674805,6.139599323272705,6.512771129608154,6.895803928375244,7.619211196899414,8.118024826049805,8.424667358398438,8.73513412475586,16.198246002197266,16.892601013183594,17.257171630859375,17.929405212402344,18.29559326171875,18.77110481262207,13.254262924194336,0.3224802613258362
2003-10-01 01:44:00,16.15369415283203,8.396406173706055,15.018964767456055,16.978639602661133,16.39589500427246,15.653839111328125,12.529135704040527,6.0342116355896,8.193726539611816,10.139358520507812,12.600491523742676,14.320245742797852,16.32771110534668,11.250309944152832,12.076699256896973,13.046940803527832,17.254987716674805,17.765880584716797,6.6271138191223145,5.33789587020874,5.819340705871582,9.131421089172363,10.132811546325684,11.326482772827148,15.58033561706543,14.266632080078125,10.576839447021484,15.463373184204102,16.114837646484375,16.66706085205078,17.076263427734375,17.417211532592773,18.62420654296875,4.696146488189697,6.9621405601501465,8.047332763671875,13.72730827331543,9.62938117980957,18.108274459838867,17.778675079345703,0.8431645631790161,3.9848928451538086,4.871201038360596,5.121737003326416,5.57562780380249,6.126657485961914,6.5005269050598145,6.884044170379639,7.608130931854248,8.106954574584961,8.414480209350586,8.724261283874512,16.196956634521484,16.88426971435547,17.256771087646484,17.924909591674805,18.291156768798828,18.7703800201416,13.239633560180664,0.3096914291381836
2003-10-01 01:45:00,16.151769638061523,8.392934799194336,15.01608943939209,16.976411819458008,16.394428253173828,15.65181827545166,12.526483535766602,6.027238368988037,8.191473007202148,10.137412071228027,12.597591400146484,14.316850662231445,16.32480812072754,11.247228622436523,12.07260513305664,13.045002937316895,17.2523136138916,17.763792037963867,6.625751495361328,5.3315749168396,5.814372539520264,9.127360343933105,10.129226684570312,11.323334693908691,15.577387809753418,14.262825965881348,10.570563316345215,15.460245132446289,16.109416961669922,16.66142463684082,17.071697235107422,17.41609001159668,18.622941970825195,4.6922783851623535,6.957081317901611,8.042712211608887,13.725342750549316,9.624872207641602,18.100526809692383,17.772708892822266,0.8296290040016174,3.9802136421203613,4.852027893066406,5.109757900238037,5.562132358551025,6.11421537399292,6.48876953125,6.872713088989258,7.597379207611084,8.096075057983398,8.404664039611816,8.713984489440918,16.195877075195312,16.877302169799805,17.255544662475586,17.92035484313965,18.287208557128906,18.769832611083984,13.226373672485352,0.29622378945350647
2003-10-01 01:46:00,16.14990234375,8.389721870422363,15.013522148132324,16.974306106567383,16.393117904663086,15.649890899658203,12.524062156677246,6.020392894744873,8.189286231994629,10.135666847229004,12.594816207885742,14.313544273376465,16.322006225585938,11.244280815124512,12.068603515625,13.043208122253418,17.249788284301758,17.761791229248047,6.624453067779541,5.325538158416748,5.809497356414795,9.12350082397461,10.125752449035645,11.320260047912598,15.574588775634766,14.260000228881836,10.56450080871582,15.457202911376953,16.103931427001953,16.655820846557617,17.06719398498535,17.415306091308594,18.62174415588379,4.6885905265808105,6.952213764190674,8.038291931152344,13.723230361938477,9.62047004699707,18.09371566772461,17.76683235168457,0.8171705603599548,3.9755759239196777,4.834015846252441,5.098044395446777,5.549026012420654,6.10238790512085,6.477491855621338,6.8617072105407715,7.586910724639893,8.08554458618164,8.395380973815918,8.70424747467041,16.19497299194336,16.871036529541016,17.253421783447266,17.916263580322266,18.283723831176758,18.769451141357422,13.214509963989258,0.28433099389076233
2003-10-01 01:47:00,16.14816665649414,8.386837005615234,15.011296272277832,16.972379684448242,16.392051696777344,15.648064613342285,12.522046089172363,6.014086723327637,8.18726634979248,10.134157180786133,12.592277526855469,14.310462951660156,16.31940269470215,11.241409301757812,12.064800262451172,13.041585922241211,17.247512817382812,17.75993537902832,6.62325382232666,5.319714069366455,5.804826736450195,9.119865417480469,10.122401237487793,11.317346572875977,15.571924209594727,14.26602840423584,10.558737754821777,15.4542236328125,16.09850311279297,16.6503849029541,17.06303596496582,17.414913177490234,18.620634078979492,4.685029029846191,6.947573661804199,8.0341796875,13.72102165222168,9.61620807647705,18.08783531188965,17.761402130126953,0.8054783940315247,3.971109628677368,4.8166823387146,5.086611270904541,5.536758899688721,6.091204643249512,6.466529846191406,6.851079940795898,7.576891899108887,8.075407981872559,8.38672161102295,8.69528865814209,16.194082260131836,16.86516571044922,17.25095558166504,17.912839889526367,18.280765533447266,18.769210815429688,13.20396900177002,0.27373677492141724
2003-10-01 01:48:00,16.14655303955078,8.384001731872559,15.009041786193848,16.970537185668945,16.3909854888916,15.64640998840332,12.520009994506836,6.008134365081787,8.185379028320312,10.132650375366211,12.589851379394531,14.307574272155762,16.31694221496582,11.238614082336426,12.061239242553711,13.040042877197266,17.245359420776367,17.7581787109375,6.622127532958984,5.314092636108398,5.8004150390625,9.116361618041992,10.11920166015625,11.31457233428955,15.569355010986328,14.266304016113281,10.553106307983398,15.45128345489502,16.093252182006836,16.645179748535156,17.059162139892578,17.414594650268555,18.619579315185547,4.6815290451049805,6.943182468414307,8.030232429504395,13.718189239501953,9.612080574035645,18.082612991333008,17.75650978088379,0.7935062646865845,3.966761589050293,4.799955368041992,5.075861930847168,5.525091648101807,6.080377578735352,6.455862998962402,6.840849876403809,7.567264080047607,8.065754890441895,8.378620147705078,8.686232566833496,16.193138122558594,16.859519958496094,17.248491287231445,17.909896850585938,18.27800178527832,18.768861770629883,13.194469451904297,0.26439568400382996
2003-10-01 01:49:00,16.14501953125,8.381153106689453,15.006733894348145,16.968734741210938,16.38985252380371,15.644861221313477,12.517858505249023,6.002359867095947,8.183565139770508,10.13111400604248,12.587501525878906,14.304783821105957,16.314579010009766,11.235980987548828,12.057859420776367,13.038531303405762,17.243268966674805,17.756486892700195,6.621055603027344,5.3087663650512695,5.796173095703125,9.112966537475586,10.116150856018066,11.3118896484375,15.566906929016113,14.260000228881836,10.547601699829102,15.448387145996094,16.088211059570312,16.64020347595215,17.055479049682617,17.414241790771484,18.61857032775879,4.678176403045654,6.938958168029785,8.026419639587402,13.717114448547363,9.60807991027832,18.077896118164062,17.752094268798828,0.7816845178604126,3.9625988006591797,4.7840094566345215,5.065670490264893,5.513791084289551,6.06988525390625,6.445574760437012,6.830972671508789,7.557945251464844,8.056682586669922,8.370676040649414,8.677510261535645,16.192142486572266,16.854080200195312,17.24624252319336,17.90714454650879,18.275232315063477,18.768461227416992,13.185844421386719,0.25492361187934875
2003-10-01 01:50:00,16.143518447875977,8.3782958984375,15.004372596740723,16.966936111450195,16.38865852355957,15.643397331237793,12.515588760375977,5.996628284454346,8.181758880615234,10.12951946258545,12.585168838500977,14.30202865600586,16.312294006347656,11.233541488647461,12.054558753967285,13.037027359008789,17.2412052154541,17.75482749938965,6.620023250579834,5.303668022155762,5.792038440704346,9.109650611877441,10.11320972442627,11.309277534484863,15.56455135345459,14.26511001586914,10.542218208312988,15.445573806762695,16.083354949951172,16.63544464111328,17.051939010620117,17.41377067565918,18.61758804321289,4.675018787384033,6.934865474700928,8.022719383239746,13.713493347167969,9.60416316986084,18.07352066040039,17.747940063476562,0.7702087759971619,3.958550214767456,4.768828868865967,5.055830955505371,5.502963066101074,6.05966329574585,6.435647964477539,6.821415901184082,7.549010753631592,8.048032760620117,8.362832069396973,8.668964385986328,16.191112518310547,16.848873138427734,17.244239807128906,17.904388427734375,18.272409439086914,18.768037796020508,13.177906036376953,0.24553251266479492
2003-10-01 01:51:00,16.14204978942871,8.375626564025879,15.002236366271973,16.96520233154297,16.387563705444336,15.641990661621094,12.513479232788086,5.991021156311035,8.179965019226074,10.12807846069336,12.582939147949219,14.299323081970215,16.31009864807129,11.231283187866211,12.051301002502441,13.035590171813965,17.239227294921875,17.753232955932617,6.619045734405518,5.298755645751953,5.787997245788574,9.106431007385254,10.110365867614746,11.306732177734375,15.562286376953125,14.261101722717285,10.53703784942627,15.442862510681152,16.07869529724121,16.63092041015625,17.048547744750977,17.413330078125,18.61665153503418,4.672008514404297,6.930965900421143,8.019185066223145,13.7114896774292,9.60030746459961,18.069528579711914,17.74401092529297,0.759495198726654,3.954576253890991,4.754252910614014,5.046321392059326,5.492318153381348,6.049727916717529,6.426066875457764,6.812290191650391,7.540555477142334,8.039554595947266,8.355220794677734,8.66073226928711,16.190170288085938,16.843963623046875,17.242338180541992,17.901620864868164,18.269725799560547,18.7677059173584,13.170562744140625,0.2365685999393463
2003-10-01 01:52:00,16.140657424926758,8.373194694519043,15.000349044799805,16.963592529296875,16.386634826660156,15.64063835144043,12.51168155670166,5.9857587814331055,8.178290367126465,10.126832008361816,12.580791473388672,14.296796798706055,16.308032989501953,11.229148864746094,12.048149108886719,13.03426742553711,17.237422943115234,17.75174331665039,6.618144512176514,5.294020175933838,5.784117221832275,9.103360176086426,10.107634544372559,11.304325103759766,15.560112953186035,14.26144790649414,10.532136917114258,15.440290451049805,16.07425880432129,16.626617431640625,17.045421600341797,17.413015365600586,18.61578369140625,4.669131755828857,6.927252292633057,8.01584243774414,13.709366798400879,9.59687614440918,18.065937042236328,17.7403507232666,0.7492675185203552,3.950613260269165,4.740231037139893,5.037148952484131,5.481894493103027,6.040133953094482,6.416910171508789,6.803584575653076,7.532382011413574,8.031364440917969,8.34724235534668,8.649614334106445,16.189266204833984,16.839393615722656,17.24049949645996,17.89904022216797,18.267349243164062,18.7674503326416,13.16380500793457,0.22847917675971985
2003-10-01 01:53:00,16.139339447021484,8.370797157287598,14.99846076965332,16.962047576904297,16.385746002197266,15.63934326171875,12.509976387023926,5.980775833129883,8.176724433898926,10.125600814819336,12.57873249053955,14.294414520263672,16.306055068969727,11.227066040039062,12.045129776000977,13.03300666809082,17.2357234954834,17.750320434570312,6.6173014640808105,5.289433002471924,5.780428886413574,9.100400924682617,10.105011940002441,11.302031517028809,15.558073043823242,14.261200904846191,10.527410507202148,15.437800407409668,16.070030212402344,16.622556686401367,17.042503356933594,17.412717819213867,18.614953994750977,4.666372299194336,6.923716068267822,8.012621879577637,13.707379341125488,9.593778610229492,18.062610626220703,17.73690414428711,0.7394701242446899,3.9466981887817383,4.726752281188965,5.028123378753662,5.471710205078125,6.0310845375061035,6.408199787139893,6.795172691345215,7.524388313293457,8.023124694824219,8.33845329284668,8.641639709472656,16.18836212158203,16.8350887298584,17.23872947692871,17.89666175842285,18.26510238647461,18.767202377319336,13.157557487487793,0.22090840339660645
2003-10-01 01:54:00,16.1380672454834,8.368407249450684,14.996524810791016,16.960540771484375,16.384843826293945,15.638107299804688,12.50825309753418,5.975907325744629,8.1752290725708,10.124322891235352,12.576738357543945,14.292107582092285,16.304136276245117,11.225042343139648,12.042230606079102,13.031770706176758,17.234071731567383,17.748933792114258,6.616501331329346,5.285041809082031,5.7768635749816895,9.09755802154541,10.10245418548584,11.299829483032227,15.55611801147461,14.265376091003418,10.522851943969727,15.435402870178223,16.066049575805664,16.618711471557617,17.03968620300293,17.412364959716797,18.614152908325195,4.663703441619873,6.920338153839111,8.009459495544434,13.70438003540039,9.590442657470703,18.059467315673828,17.733625411987305,0.729821503162384,3.9428627490997314,4.71376371383667,5.019273281097412,5.4624786376953125,6.022406578063965,6.39975118637085,6.786984443664551,7.51638650894165,8.014750480651855,8.330733299255371,8.635480880737305,16.187463760375977,16.83098030090332,17.237024307250977,17.8944034576416,18.262887954711914,18.766910552978516,13.151734352111816,0.21387192606925964
2003-10-01 01:55:00,16.136816024780273,8.365996360778809,14.994535446166992,16.95905303955078,16.383914947509766,15.636920928955078,12.5064697265625,5.971077919006348,8.173762321472168,10.123005867004395,12.5747709274292,14.28983211517334,16.3022518157959,11.2230806350708,12.039420127868652,13.03053092956543,17.232437133789062,17.747562408447266,6.615732192993164,5.280825138092041,5.773370742797852,9.094801902770996,10.099970817565918,11.297683715820312,15.554234504699707,14.264899253845215,10.518471717834473,15.433095932006836,16.0622501373291,16.615049362182617,17.03691291809082,17.41194725036621,18.61337661743164,4.661048889160156,6.917069911956787,8.00633430480957,13.702879905700684,9.587004661560059,18.056455612182617,17.730470657348633,0.7203502058982849,3.939207077026367,4.701076984405518,5.01103401184082,5.453490734100342,6.014028549194336,6.391496658325195,6.778944969177246,7.508370876312256,8.006638526916504,8.324454307556152,8.629344940185547,16.186546325683594,16.8270206451416,17.23539161682129,17.89216423034668,18.260650634765625,18.766586303710938,13.146245956420898,0.20709273219108582
2003-10-01 01:56:00,16.135591506958008,8.363723754882812,14.992709159851074,16.95762062072754,16.383058547973633,15.635775566101074,12.50480842590332,5.966343879699707,8.17232608795166,10.121800422668457,12.572890281677246,14.287588119506836,16.300424575805664,11.221177101135254,12.036684036254883,13.029332160949707,17.23086929321289,17.746240615844727,6.615002632141113,5.2767534255981445,5.769948482513428,9.092156410217285,10.097573280334473,11.295588493347168,15.552412033081055,14.264033317565918,10.514301300048828,15.430891990661621,16.058565139770508,16.611562728881836,17.03421974182129,17.411529541015625,18.612632751464844,4.658439636230469,6.913821220397949,8.003307342529297,13.701703071594238,9.58360767364502,18.053621292114258,17.72745132446289,0.7118200063705444,3.93548846244812,4.688900947570801,5.003301620483398,5.444655418395996,6.00590181350708,6.383405685424805,6.771008491516113,7.500638484954834,7.999156475067139,8.318909645080566,8.623188018798828,16.185699462890625,16.823253631591797,17.23377227783203,17.889955520629883,18.258520126342773,18.766307830810547,13.141070365905762,0.1946532428264618
2003-10-01 01:57:00,16.134428024291992,8.361641883850098,14.991089820861816,16.956287384033203,16.382328033447266,15.63467025756836,12.503341674804688,5.961910247802734,8.170955657958984,10.120743751525879,12.5711030960083,14.28547191619873,16.2987060546875,11.219327926635742,12.034070014953613,13.02820873260498,17.229413986206055,17.745012283325195,6.614353179931641,5.272809982299805,5.766647815704346,9.089625358581543,10.095268249511719,11.2935791015625,15.550646781921387,14.264898300170898,10.510357856750488,15.42879867553711,16.055070877075195,16.608224868774414,17.03167152404785,17.41119384765625,18.611940383911133,4.655906677246094,6.910637378692627,8.000454902648926,13.700361251831055,9.580360412597656,18.0510196685791,17.724607467651367,0.704125165939331,3.931752920150757,4.677455425262451,4.995708465576172,5.436148643493652,5.997958183288574,6.375499248504639,6.763248920440674,7.493351936340332,7.992433547973633,8.313594818115234,8.617239952087402,16.184892654418945,16.8196964263916,17.232173919677734,17.88788604736328,18.256595611572266,18.766098022460938,13.136232376098633,0.18476176261901855
2003-10-01 01:58:00,16.13332748413086,8.359591484069824,14.989481925964355,16.955005645751953,16.38162612915039,15.63360595703125,12.501850128173828,5.957691669464111,8.169636726379395,10.119712829589844,12.569404602050781,14.283465385437012,16.29707145690918,11.217543601989746,12.031596183776855,13.02712631225586,17.2280216217041,17.743839263916016,6.613762855529785,5.269009113311768,5.763518810272217,9.087165832519531,10.093070983886719,11.29162311553955,15.548945426940918,14.26041030883789,10.506586074829102,15.426776885986328,16.051738739013672,16.605039596557617,17.029253005981445,17.410879135131836,18.611282348632812,4.653445243835449,6.907606601715088,7.997743129730225,13.69990348815918,9.577282905578613,18.048559188842773,17.7219181060791,0.6965832710266113,3.9282021522521973,4.666573524475098,4.988178253173828,5.427988052368164,5.990128040313721,6.367749214172363,6.7557830810546875,7.486664772033691,7.9862565994262695,8.30837631225586,8.611427307128906,16.184085845947266,16.816286087036133,17.23063850402832,17.885948181152344,18.25474739074707,18.765926361083984,13.131680488586426,0.17507365345954895
2003-10-01 01:59:00,16.132299423217773,8.357552528381348,14.987833976745605,16.95374870300293,16.380874633789062,15.632575035095215,12.500295639038086,5.953545570373535,8.168354034423828,10.118659019470215,12.567770004272461,14.281521797180176,16.295495986938477,11.21585750579834,12.02920150756836,13.026062965393066,17.226661682128906,17.74270248413086,6.613211154937744,5.265374183654785,5.760532379150391,9.084744453430176,10.090959548950195,11.289716720581055,15.547300338745117,14.260308265686035,10.502918243408203,15.424806594848633,16.048566818237305,16.601985931396484,17.026920318603516,17.410545349121094,18.61064910888672,4.651068210601807,6.904725551605225,7.995140552520752,13.697549819946289,9.574370384216309,18.046194076538086,17.719348907470703,0.6893047094345093,3.9247336387634277,4.656052589416504,4.980813026428223,5.4199538230896,5.982466220855713,6.360252857208252,6.748800277709961,7.480546951293945,7.980307579040527,8.303255081176758,8.605764389038086,16.183265686035156,16.812999725341797,17.229188919067383,17.884077072143555,18.252897262573242,18.765792846679688,13.127352714538574,0.16598939895629883
2003-10-01 02:00:00,16.131345748901367,8.355496406555176,14.986148834228516,16.952497482299805,16.380062103271484,15.631564140319824,12.498672485351562,5.949423789978027,8.167089462280273,10.117574691772461,12.56616497039795,14.2796049118042,16.29395866394043,11.214241027832031,12.026851654052734,13.025006294250488,17.22532081604004,17.741579055786133,6.6126885414123535,5.261856555938721,5.757617473602295,9.082368850708008,10.088913917541504,11.287854194641113,15.545702934265137,14.261248588562012,10.499344825744629,15.422910690307617,16.04551887512207,16.599040985107422,17.024621963500977,17.410186767578125,18.610029220581055,4.648873805999756,6.901958465576172,7.992594242095947,13.695785522460938,9.571584701538086,18.04387664794922,17.71685218811035,0.6819174289703369,3.9214389324188232,4.645698547363281,4.9736809730529785,5.4119977951049805,5.975019931793213,6.353148460388184,6.742292404174805,7.47471284866333,7.974555969238281,8.298248291015625,8.60025405883789,16.182435989379883,16.80982780456543,17.2277774810791,17.882211685180664,18.251035690307617,18.765668869018555,13.12321662902832,0.15825486183166504
2003-10-01 02:01:00,16.130435943603516,8.353547096252441,14.984586715698242,16.95128059387207,16.379270553588867,15.630578994750977,12.497138023376465,5.945374488830566,8.16584300994873,10.116570472717285,12.564596176147461,14.277724266052246,16.29247283935547,11.212645530700684,12.024535179138184,13.023985862731934,17.224042892456055,17.74049186706543,6.61219596862793,5.258419036865234,5.754737377166748,9.080079078674316,10.086921691894531,11.28604507446289,15.544151306152344,14.26150894165039,10.495931625366211,15.421093940734863,16.042558670043945,16.596080780029297,17.021472930908203,17.41375732421875,18.60942840576172,4.6468119621276855,6.899291515350342,7.990104675292969,13.693943977355957,9.568880081176758,18.041667938232422,17.714431762695312,0.6744452714920044,3.9182369709014893,4.635566234588623,4.966734409332275,5.404122352600098,5.967926979064941,6.34655237197876,6.736122131347656,7.4690842628479,7.969005584716797,8.29338550567627,8.594884872436523,16.18166160583496,16.80678939819336,17.226388931274414,17.880367279052734,18.249258041381836,18.765602111816406,13.11927604675293,0.15009388327598572
2003-10-01 02:02:00,16.129562377929688,8.351749420166016,14.983184814453125,16.95012855529785,16.378555297851562,15.629632949829102,12.495787620544434,5.941531181335449,8.164671897888184,10.115679740905762,12.563096046447754,14.275921821594238,16.291059494018555,11.211064338684082,12.022286415100098,13.023029327392578,17.222856521606445,17.739463806152344,6.611738681793213,5.2550554275512695,5.7519354820251465,9.07789421081543,10.084996223449707,11.284321784973145,15.542652130126953,14.26121997833252,10.492679595947266,15.419337272644043,16.03955841064453,16.593233108520508,17.020038604736328,17.412246704101562,18.608854293823242,4.644834518432617,6.896728038787842,7.987696647644043,13.692420959472656,9.566290855407715,18.039609909057617,17.712135314941406,0.667202353477478,3.915032386779785,4.62570333480835,4.959834575653076,5.396717548370361,5.961324691772461,6.3403520584106445,6.730215072631836,7.463685989379883,7.963682174682617,8.288580894470215,8.589751243591309,16.18092918395996,16.803892135620117,17.225025177001953,17.87863540649414,18.24765396118164,18.76557731628418,13.11553955078125,0.14222773909568787
2003-10-01 02:03:00,16.128726959228516,8.349991798400879,14.981802940368652,16.949010848999023,16.377866744995117,15.628725051879883,12.494498252868652,5.937864303588867,8.16357421875,10.11479663848877,12.561630249023438,14.274200439453125,16.289690017700195,11.209503173828125,12.020118713378906,13.022110939025879,17.221717834472656,17.73847007751465,6.611307144165039,5.251775741577148,5.74923849105835,9.07579231262207,10.083136558532715,11.282668113708496,15.541215896606445,14.261377334594727,10.48952865600586,15.417614936828613,16.036745071411133,16.59067726135254,17.01835060119629,17.411100387573242,18.60830307006836,4.642910003662109,6.89426326751709,7.985340595245361,13.690661430358887,9.56379508972168,18.037641525268555,17.709945678710938,0.6601152420043945,3.9118130207061768,4.6161298751831055,4.953326225280762,5.389991760253906,5.9550251960754395,6.334404468536377,6.724545955657959,7.458503246307373,7.958510875701904,8.283886909484863,8.584829330444336,16.180198669433594,16.80109214782715,17.223726272583008,17.87701988220215,18.246137619018555,18.765512466430664,13.111982345581055,0.1347270905971527
2003-10-01 02:04:00,16.127920150756836,8.348214149475098,14.9804048538208,16.94791030883789,16.37717628479004,15.627852439880371,12.493206977844238,5.934312343597412,8.16252613067627,10.113885879516602,12.560198783874512,14.272528648376465,16.288354873657227,11.207974433898926,12.018026351928711,13.021217346191406,17.220603942871094,17.73750114440918,6.610895156860352,5.248598098754883,5.746647834777832,9.073777198791504,10.08130931854248,11.281067848205566,15.539852142333984,14.261438369750977,10.486455917358398,15.415955543518066,16.034156799316406,16.58827018737793,17.016508102416992,17.410207748413086,18.607765197753906,4.64102840423584,6.8918375968933105,7.983046531677246,13.689386367797852,9.561366081237793,18.03573226928711,17.707847595214844,0.6532040238380432,3.908684015274048,4.6070098876953125,4.947277545928955,5.383542060852051,5.949025630950928,6.328674793243408,6.719125270843506,7.453483581542969,7.953426361083984,8.279379844665527,8.580161094665527,16.17947006225586,16.79839324951172,17.222469329833984,17.87547492980957,18.244644165039062,18.76541519165039,13.108570098876953,0.12768396735191345
2003-10-01 02:05:00,16.12712287902832,8.346427917480469,14.978974342346191,16.94681739807129,16.376474380493164,15.627008438110352,12.491886138916016,5.930741786956787,8.161503791809082,10.112951278686523,12.558741569519043,14.270881652832031,16.287038803100586,11.206486701965332,12.015984535217285,13.020370483398438,17.21950340270996,17.736539840698242,6.610495567321777,5.245542526245117,5.744146347045898,9.071817398071289,10.079517364501953,11.279526710510254,15.538540840148926,14.262359619140625,10.483476638793945,15.414353370666504,16.031658172607422,16.58579444885254,17.01392936706543,17.4127197265625,18.607236862182617,4.639169216156006,6.889433860778809,7.98081636428833,13.687735557556152,9.558989524841309,18.033857345581055,17.705814361572266,0.6464622020721436,3.9057247638702393,4.5983805656433105,4.941591739654541,5.3772735595703125,5.943283557891846,6.323163032531738,6.713937759399414,7.448543548583984,7.948427677154541,8.27510929107666,8.575663566589355,16.178741455078125,16.795774459838867,17.22124671936035,17.873950958251953,18.24313735961914,18.765291213989258,13.105279922485352,0.12077003717422485
2003-10-01 02:06:00,16.126333236694336,8.344731330871582,14.97762680053711,16.945755004882812,16.375808715820312,15.626184463500977,12.490639686584473,5.9271931648254395,8.160502433776855,10.112076759338379,12.5573091506958,14.269268035888672,16.285751342773438,11.205038070678711,12.01399040222168,13.019567489624023,17.21843719482422,17.73560333251953,6.61011266708374,5.242604732513428,5.74169921875,9.069921493530273,10.077773094177246,11.278026580810547,15.537269592285156,14.261977195739746,10.480599403381348,15.412801742553711,16.0291690826416,16.583446502685547,17.012529373168945,17.411148071289062,18.606727600097656,4.637314796447754,6.887070655822754,7.978663444519043,13.686623573303223,9.556678771972656,18.03205680847168,17.7038516998291,0.6399739980697632,3.9029932022094727,4.590174674987793,4.936127185821533,5.371124267578125,5.937769412994385,6.317878246307373,6.708917140960693,7.443685531616211,7.943582534790039,8.271048545837402,8.571313858032227,16.178050994873047,16.793256759643555,17.220067977905273,17.872447967529297,18.24167251586914,18.765186309814453,13.102100372314453,0.11421895027160645
2003-10-01 02:07:00,16.125572204589844,8.343158721923828,14.976408004760742,16.94476890563965,16.375211715698242,15.625380516052246,12.489534378051758,5.923818111419678,8.159541130065918,10.111292839050293,12.555939674377441,14.267727851867676,16.284503936767578,11.203632354736328,12.012068748474121,13.01881217956543,17.217430114746094,17.734710693359375,6.609750747680664,5.239770889282227,5.739312171936035,9.068092346191406,10.07608413696289,11.276580810546875,15.536036491394043,14.261512756347656,10.477807998657227,15.411332130432129,16.026824951171875,16.58125877380371,17.010801315307617,17.410459518432617,18.60624122619629,4.635498523712158,6.884767055511475,7.9766154289245605,13.685754776000977,9.554426193237305,18.030359268188477,17.701967239379883,0.6337804794311523,3.9003801345825195,4.58234977722168,4.93076753616333,5.365262985229492,5.93245792388916,6.312839984893799,6.703994274139404,7.4389824867248535,7.938920021057129,8.267189979553223,8.567146301269531,16.17740249633789,16.790857315063477,17.218935012817383,17.871013641357422,18.240306854248047,18.76513671875,13.099063873291016,0.10808652639389038
2003-10-01 02:08:00,16.124835968017578,8.341622352600098,14.97520923614502,16.943822860717773,16.3746395111084,15.624597549438477,12.488472938537598,5.920607089996338,8.158604621887207,10.110527038574219,12.554622650146484,14.266250610351562,16.283300399780273,11.202274322509766,12.010226249694824,13.018086433410645,17.216461181640625,17.733848571777344,6.609404563903809,5.237034797668457,5.736998081207275,9.066303253173828,10.074450492858887,11.27518367767334,15.534842491149902,14.261049270629883,10.47507095336914,15.40992546081543,16.024555206298828,16.57900047302246,17.008827209472656,17.411680221557617,18.60577392578125,4.633725166320801,6.882534980773926,7.974656105041504,13.68506145477295,9.552205085754395,18.028724670410156,17.700176239013672,0.6278356313705444,3.8978469371795654,4.574837684631348,4.925580024719238,5.359759330749512,5.9272894859313965,6.307966709136963,6.699167728424072,7.434462547302246,7.934435844421387,8.26352596282959,8.563182830810547,16.17676544189453,16.78853416442871,17.21782112121582,17.869646072387695,18.238996505737305,18.765100479125977,13.096166610717773,0.10235783457756042
2003-10-01 02:09:00,16.124122619628906,8.340086936950684,14.9739990234375,16.942895889282227,16.374073028564453,15.6238374710083,12.487405776977539,5.917487621307373,8.157687187194824,10.109759330749512,12.553350448608398,14.264808654785156,16.28214454650879,11.200973510742188,12.008450508117676,13.01737117767334,17.21550750732422,17.733013153076172,6.609070301055908,5.234419822692871,5.734726905822754,9.064541816711426,10.072883605957031,11.273810386657715,15.533677101135254,14.260589599609375,10.472362518310547,15.408553123474121,16.02234649658203,16.57692527770996,17.00748634338379,17.4102840423584,18.605321884155273,4.632002353668213,6.880397796630859,7.972765922546387,13.684491157531738,9.550395965576172,18.027122497558594,17.698453903198242,0.6220735311508179,3.8953750133514404,4.567626476287842,4.9206013679504395,5.354391098022461,5.92229700088501,6.303168773651123,6.694458484649658,7.430052280426025,7.930196762084961,8.259849548339844,8.558156967163086,16.176128387451172,16.786277770996094,17.21673583984375,17.868314743041992,18.237716674804688,18.765043258666992,13.093382835388184,0.09696397185325623
2003-10-01 02:10:00,16.123422622680664,8.338539123535156,14.972761154174805,16.94197654724121,16.37350082397461,15.623096466064453,12.486307144165039,5.914401531219482,8.156778335571289,10.108980178833008,12.552104949951172,14.263379096984863,16.281023025512695,11.199745178222656,12.006721496582031,13.016654014587402,17.214561462402344,17.732194900512695,6.6087446212768555,5.231863498687744,5.732493877410889,9.06279468536377,10.071371078491211,11.272459030151367,15.532541275024414,14.26013469696045,10.469666481018066,15.40721607208252,16.02023696899414,16.574848175048828,17.005395889282227,17.4117488861084,18.604877471923828,4.630348205566406,6.878378391265869,7.970927715301514,13.684009552001953,9.548538208007812,18.02554702758789,17.6967716217041,0.6164782047271729,3.8929734230041504,4.560698986053467,4.915768623352051,5.349175930023193,5.917446136474609,6.298441410064697,6.689857006072998,7.425749778747559,7.926126003265381,8.255852699279785,8.554216384887695,16.175487518310547,16.784082412719727,17.2156925201416,17.867002487182617,18.236438751220703,18.764951705932617,13.090689659118652,0.09181568026542664
2003-10-01 02:11:00,16.122737884521484,8.337048530578613,14.971588134765625,16.941085815429688,16.372955322265625,15.62237548828125,12.485243797302246,5.911365509033203,8.15588092803955,10.108251571655273,12.550878524780273,14.261984825134277,16.279935836791992,11.198554039001465,12.005033493041992,13.015952110290527,17.213642120361328,17.73140525817871,6.608429431915283,5.229355335235596,5.730304718017578,9.061088562011719,10.069908142089844,11.271126747131348,15.5314359664917,14.261509895324707,10.467095375061035,15.405919075012207,16.018117904663086,16.572893142700195,17.004148483276367,17.410259246826172,18.604448318481445,4.628746032714844,6.876442909240723,7.969130039215088,13.682893753051758,9.546457290649414,18.024036407470703,17.695133209228516,0.6110594272613525,3.890599250793457,4.5540313720703125,4.911087512969971,5.344135761260986,5.91270637512207,6.293798446655273,6.68540096282959,7.421628952026367,7.922084331512451,8.2521333694458,8.550985336303711,16.17487907409668,16.781959533691406,17.21468162536621,17.865720748901367,18.235206604003906,18.76485824584961,13.088078498840332,0.08690926432609558
2003-10-01 02:12:00,16.1220760345459,8.335643768310547,14.970516204833984,16.94024085998535,16.37246322631836,15.621673583984375,12.484216690063477,5.908466339111328,8.155017852783203,10.107590675354004,12.549710273742676,14.260653495788574,16.278892517089844,11.197381019592285,12.003412246704102,13.015284538269043,17.21277618408203,17.730653762817383,6.608129501342773,5.226900100708008,5.728178977966309,9.0594482421875,10.068511962890625,11.26980209350586,15.530359268188477,14.261649131774902,10.464686393737793,15.404671669006348,16.01607894897461,16.570951461791992,17.002214431762695,17.411535263061523,18.604045867919922,4.627188682556152,6.8745856285095215,7.967378616333008,13.681761741638184,9.544289588928223,18.022611618041992,17.693553924560547,0.6057965159416199,3.888305902481079,4.547646522521973,4.906533718109131,5.33920955657959,5.908066749572754,6.289279937744141,6.681127548217773,7.417623996734619,7.918149948120117,8.248796463012695,8.54758071899414,16.174291610717773,16.779930114746094,17.213703155517578,17.864503860473633,18.23406219482422,18.764780044555664,13.085563659667969,0.08221817016601562
2003-10-01 02:13:00,16.121437072753906,8.33427906036377,14.969462394714355,16.939424514770508,16.371994018554688,15.620991706848145,12.483184814453125,5.905666351318359,8.154191017150879,10.106929779052734,12.548593521118164,14.25937557220459,16.277889251708984,11.19623851776123,12.001835823059082,13.01463794708252,17.211950302124023,17.72992515563965,6.607840538024902,5.224495887756348,5.726123332977295,9.05786418914795,10.067158699035645,11.2684965133667,15.529308319091797,14.261785507202148,10.462407112121582,15.403450012207031,16.01408576965332,16.569110870361328,17.001089096069336,17.410104751586914,18.603662490844727,4.625671863555908,6.872795581817627,7.965665340423584,13.681020736694336,9.542115211486816,18.021236419677734,17.692031860351562,0.6006983518600464,3.886136531829834,4.541515827178955,4.902035236358643,5.33432674407959,5.903536319732666,6.284914493560791,6.677009582519531,7.413726329803467,7.914380073547363,8.245658874511719,8.544183731079102,16.1737117767334,16.777971267700195,17.212766647338867,17.86334228515625,18.232959747314453,18.76469612121582,13.083135604858398,0.07774242758750916
2003-10-01 02:14:00,16.120819091796875,8.332919120788574,14.968393325805664,16.938621520996094,16.371530532836914,15.620328903198242,12.482132911682129,5.9029154777526855,8.153388977050781,10.106258392333984,12.547513008117676,14.258135795593262,16.27691650390625,11.195120811462402,12.000293731689453,13.01400089263916,17.211149215698242,17.72921371459961,6.607560634613037,5.2221503257751465,5.724142551422119,9.056325912475586,10.065837860107422,11.267218589782715,15.528280258178711,14.26159954071045,10.460237503051758,15.402226448059082,16.012165069580078,16.567276000976562,16.99935531616211,17.411117553710938,18.603286743164062,4.624189853668213,6.871069431304932,7.963965892791748,13.679957389831543,9.5399751663208,18.01988983154297,17.690555572509766,0.5957949161529541,3.884077787399292,4.535445213317871,4.897520542144775,5.329362869262695,5.899273872375488,6.280725955963135,6.673001289367676,7.409961223602295,7.910764217376709,8.242620468139648,8.540777206420898,16.17314338684082,16.77606773376465,17.211856842041016,17.862213134765625,18.23187255859375,18.764598846435547,13.08078384399414,0.07350108027458191
2003-10-01 02:15:00,16.120216369628906,8.331550598144531,14.967290878295898,16.937824249267578,16.37105369567871,15.619685173034668,12.481050491333008,5.9001874923706055,8.15260124206543,10.105574607849121,12.546457290649414,14.256917953491211,16.275962829589844,11.194023132324219,11.998779296875,13.0133695602417,17.210359573364258,17.7285099029541,6.6072869300842285,5.219871997833252,5.722211837768555,9.054835319519043,10.064531326293945,11.265965461730957,15.527276039123535,14.260417938232422,10.458133697509766,15.401009559631348,16.01030921936035,16.565563201904297,16.99761199951172,17.41187286376953,18.60291862487793,4.622738838195801,6.869374752044678,7.962287425994873,13.679380416870117,9.537884712219238,18.0185546875,17.689111709594727,0.5910528898239136,3.8819971084594727,4.529401779174805,4.893062114715576,5.324863910675049,5.895137310028076,6.276683807373047,6.669093132019043,7.406337738037109,7.9072675704956055,8.239583015441895,8.53726863861084,16.172578811645508,16.77420997619629,17.210948944091797,17.861099243164062,18.23077392578125,18.764488220214844,13.078516006469727,0.06946396827697754
2003-10-01 02:16:00,16.11963653564453,8.33023738861084,14.966242790222168,16.937047958374023,16.370569229125977,15.619060516357422,12.480001449584961,5.897493839263916,8.151825904846191,10.104927062988281,12.545433044433594,14.255721092224121,16.275035858154297,11.192944526672363,11.997289657592773,13.012754440307617,17.209590911865234,17.727825164794922,6.607021331787109,5.2176642417907715,5.7203168869018555,9.053399085998535,10.06323528289795,11.264744758605957,15.526293754577637,14.260331153869629,10.456086158752441,15.399828910827637,16.00851821899414,16.5638370513916,16.99662971496582,17.410541534423828,18.602561950683594,4.621309280395508,6.867681503295898,7.9606523513793945,13.678104400634766,9.535842895507812,18.017257690429688,17.687726974487305,0.5864250659942627,3.8798575401306152,4.523458003997803,4.888873100280762,5.320570945739746,5.891122341156006,6.272738933563232,6.665295124053955,7.402849197387695,7.90386438369751,8.236583709716797,8.533915519714355,16.17203712463379,16.772403717041016,17.210033416748047,17.860004425048828,18.229703903198242,18.764385223388672,13.076321601867676,0.06571891903877258
2003-10-01 02:17:00,16.119077682495117,8.329007148742676,14.965280532836914,16.936302185058594,16.370107650756836,15.61845588684082,12.479040145874023,5.8949055671691895,8.151077270507812,10.104334831237793,12.544452667236328,14.254570007324219,16.274145126342773,11.191886901855469,11.995834350585938,13.01216983795166,17.208860397338867,17.727169036865234,6.606767177581787,5.215518474578857,5.718466281890869,9.05201244354248,10.06196403503418,11.263566970825195,15.525337219238281,14.260201454162598,10.454096794128418,15.398713111877441,16.00678825378418,16.562179565429688,16.99501609802246,17.41134262084961,18.60222053527832,4.619948863983154,6.866007328033447,7.959078788757324,13.677973747253418,9.533849716186523,18.01602554321289,17.686397552490234,0.5817030668258667,3.877727746963501,4.517717361450195,4.884924411773682,5.316348552703857,5.887233734130859,6.268882751464844,6.661621570587158,7.399491310119629,7.9005584716796875,8.233651161193848,8.530739784240723,16.171512603759766,16.770662307739258,17.209148406982422,17.858949661254883,18.22870445251465,18.764301300048828,13.074204444885254,0.062200844287872314
2003-10-01 02:18:00,16.118532180786133,8.327802658081055,14.964336395263672,16.935575485229492,16.369651794433594,15.617873191833496,12.47811508178711,5.892414093017578,8.150359153747559,10.103740692138672,12.543512344360352,14.25345516204834,16.273279190063477,11.190848350524902,11.994420051574707,13.011604309082031,17.208154678344727,17.726531982421875,6.6065216064453125,5.213425636291504,5.716670036315918,9.05066204071045,10.060720443725586,11.262430191040039,15.524412155151367,14.261016845703125,10.452144622802734,15.397640228271484,16.005107879638672,16.56058692932129,16.99370002746582,17.411224365234375,18.60188865661621,4.618655681610107,6.8643622398376465,7.957558631896973,13.676704406738281,9.53188419342041,18.01483726501465,17.68510627746582,0.5770145654678345,3.8756906986236572,4.512205600738525,4.8811235427856445,5.312227725982666,5.883458137512207,6.26512336730957,6.658075332641602,7.3962578773498535,7.897351264953613,8.230764389038086,8.527694702148438,16.17099380493164,16.768972396850586,17.20830535888672,17.857933044433594,18.227739334106445,18.764219284057617,13.07215690612793,0.058540910482406616
2003-10-01 02:19:00,16.117998123168945,8.326601028442383,14.963387489318848,16.934852600097656,16.36919593811035,15.6173095703125,12.477193832397461,5.889975070953369,8.149670600891113,10.103135108947754,12.542612075805664,14.252350807189941,16.272432327270508,11.18983268737793,11.993042945861816,13.01104736328125,17.207462310791016,17.725908279418945,6.606283187866211,5.211389064788818,5.7149248123168945,9.049355506896973,10.059486389160156,11.261337280273438,15.523520469665527,14.261336326599121,10.45020866394043,15.396600723266602,16.003469467163086,16.558992385864258,16.992694854736328,17.410438537597656,18.601566314697266,4.617403030395508,6.862751007080078,7.956085205078125,13.675649642944336,9.529950141906738,18.013671875,17.683849334716797,0.5724570751190186,3.8737363815307617,4.5069074630737305,4.877415657043457,5.308224201202393,5.87978458404541,6.261473178863525,6.654659748077393,7.393117904663086,7.894221782684326,8.227938652038574,8.524733543395996,16.17047882080078,16.767330169677734,17.207496643066406,17.856945037841797,18.22679328918457,18.764122009277344,13.070164680480957,0.05500234663486481
2003-10-01 02:20:00,16.117473602294922,8.32538890838623,14.962428092956543,16.93412971496582,16.36873435974121,15.616761207580566,12.4762601852417,5.887565612792969,8.149001121520996,10.102516174316406,12.54172134399414,14.251250267028809,16.27159309387207,11.188844680786133,11.991697311401367,13.010496139526367,17.206775665283203,17.725290298461914,6.606047630310059,5.209428787231445,5.71319580078125,9.048078536987305,10.058266639709473,11.260282516479492,15.522656440734863,14.261743545532227,10.4483003616333,15.395586013793945,16.001867294311523,16.55745506286621,16.991273880004883,17.410961151123047,18.60124969482422,4.6161885261535645,6.861174583435059,7.954653263092041,13.675019264221191,9.52804183959961,18.012516021728516,17.682619094848633,0.5680452585220337,3.8718624114990234,4.5018310546875,4.873716831207275,5.304345607757568,5.8762102127075195,6.257943153381348,6.651376724243164,7.3900604248046875,7.8911309242248535,8.225179672241211,8.521804809570312,16.169965744018555,16.765727996826172,17.206714630126953,17.855974197387695,18.22585105895996,18.764001846313477,13.068221092224121,0.0516233891248703
2003-10-01 02:21:00,16.116954803466797,8.324206352233887,14.961519241333008,16.933422088623047,16.368288040161133,15.616230964660645,12.475364685058594,5.885201454162598,8.148347854614258,10.101926803588867,12.540821075439453,14.250160217285156,16.27076530456543,11.187884330749512,11.990378379821777,13.009958267211914,17.20610809326172,17.724687576293945,6.60581636428833,5.207526206970215,5.711484432220459,9.046833038330078,10.057073593139648,11.259267807006836,15.521817207336426,14.261683464050293,10.44643497467041,15.394598007202148,16.000303268432617,16.55596923828125,16.989877700805664,17.411401748657227,18.600942611694336,4.614985942840576,6.859635353088379,7.953262805938721,13.674844741821289,9.52616024017334,18.011396408081055,17.681415557861328,0.5637900829315186,3.8700432777404785,4.496915817260742,4.8700690269470215,5.300568580627441,5.87273645401001,6.25454568862915,6.6482367515563965,7.3870320320129395,7.88808012008667,8.22253704071045,8.519170761108398,16.16948127746582,16.764179229736328,17.205944061279297,17.85502815246582,18.22493553161621,18.76387596130371,13.066324234008789,0.048410966992378235
2003-10-01 02:22:00,16.116451263427734,8.323095321655273,14.960672378540039,16.9327449798584,16.367874145507812,15.61575984954834,12.4745454788208,5.882923603057861,8.147716522216797,10.1013822555542,12.539915084838867,14.249116897583008,16.269960403442383,11.186933517456055,11.989095687866211,13.009445190429688,17.20547103881836,17.724105834960938,6.605591297149658,5.205671787261963,5.709804534912109,9.04562759399414,10.055916786193848,11.258285522460938,15.521015167236328,14.261624336242676,10.44463062286377,15.393644332885742,15.998777389526367,16.55451774597168,16.9887638092041,17.411087036132812,18.60064697265625,4.613771438598633,6.8581366539001465,7.951921463012695,13.674687385559082,9.524312973022461,18.010330200195312,17.680252075195312,0.5596868991851807,3.8682262897491455,4.492149829864502,4.866545677185059,5.296825885772705,5.869359016418457,6.251287460327148,6.645201683044434,7.384034156799316,7.885115623474121,8.220060348510742,8.516648292541504,16.169029235839844,16.76268768310547,17.20517349243164,17.854124069213867,18.224069595336914,18.76375961303711,13.064485549926758,0.04536159336566925
2003-10-01 02:23:00,16.1159610748291,8.322021484375,14.959836959838867,16.932085037231445,16.367477416992188,15.615330696105957,12.473756790161133,5.880731105804443,8.147092819213867,10.100852012634277,12.53902816772461,14.248116493225098,16.269174575805664,11.186002731323242,11.987852096557617,13.00894832611084,17.204851150512695,17.72353744506836,6.605371952056885,5.203839302062988,5.708165168762207,9.044439315795898,10.054790496826172,11.257323265075684,15.52023983001709,14.2617769241333,10.44287395477295,15.392709732055664,15.997262001037598,16.55311393737793,16.987895965576172,17.410213470458984,18.600360870361328,4.612575531005859,6.856679439544678,7.950634479522705,13.673362731933594,9.522502899169922,18.009294509887695,17.679122924804688,0.5556933879852295,3.866454601287842,4.48753023147583,4.863114833831787,5.293182373046875,5.8660807609558105,6.2481865882873535,6.642219066619873,7.3810930252075195,7.8822479248046875,8.217720985412598,8.514017105102539,16.168581008911133,16.761234283447266,17.204418182373047,17.853256225585938,18.22322654724121,18.763641357421875,13.062702178955078,0.042441949248313904
2003-10-01 02:24:00,16.115478515625,8.320956230163574,14.95899486541748,16.931434631347656,16.36708641052246,15.614927291870117,12.472970962524414,5.878596782684326,8.146474838256836,10.100322723388672,12.538164138793945,14.247143745422363,16.26840591430664,11.185099601745605,11.98664665222168,13.008455276489258,17.204242706298828,17.722978591918945,6.605155944824219,5.202025890350342,5.706573486328125,9.04326057434082,10.053689956665039,11.256381034851074,15.519486427307129,14.261627197265625,10.441156387329102,15.391788482666016,15.995795249938965,16.5517635345459,16.98667335510254,17.410507202148438,18.600082397460938,4.61140251159668,6.855264663696289,7.949387550354004,13.671497344970703,9.520750045776367,18.008272171020508,17.67802619934082,0.5518120527267456,3.8647732734680176,4.48297119140625,4.859798431396484,5.28971529006958,5.862879753112793,6.245226860046387,6.639256954193115,7.3782453536987305,7.879459381103516,8.21533203125,8.51085376739502,16.168128967285156,16.75981330871582,17.20368766784668,17.852401733398438,18.22239112854004,18.763519287109375,13.060968399047852,0.03964550793170929
2003-10-01 02:25:00,16.114999771118164,8.319887161254883,14.958141326904297,16.930788040161133,16.366697311401367,15.61453914642334,12.472173690795898,5.876462936401367,8.14586067199707,10.0997896194458,12.537303924560547,14.246187210083008,16.267648696899414,11.184229850769043,11.985471725463867,13.007962226867676,17.203636169433594,17.72242546081543,6.60494327545166,5.200238227844238,5.7050395011901855,9.042081832885742,10.05261516571045,11.255460739135742,15.518747329711914,14.261490821838379,10.43947982788086,15.390865325927734,15.994383811950684,16.550447463989258,16.9854793548584,17.410730361938477,18.599809646606445,4.610250949859619,6.853888511657715,7.948173999786377,13.670044898986816,9.519074440002441,18.007259368896484,17.67694854736328,0.5480419397354126,3.8631045818328857,4.478497505187988,4.856635570526123,5.286342144012451,5.859771251678467,6.242342948913574,6.636324882507324,7.375486373901367,7.876694679260254,8.212747573852539,8.507660865783691,16.167673110961914,16.7584228515625,17.202978134155273,17.851552963256836,18.221555709838867,18.763389587402344,13.05928897857666,0.03697003424167633
2003-10-01 02:26:00,16.114524841308594,8.318856239318848,14.957320213317871,16.930156707763672,16.366321563720703,15.614163398742676,12.471403121948242,5.874332904815674,8.145251274108887,10.099281311035156,12.53643798828125,14.24524974822998,16.26690673828125,11.183396339416504,11.984314918518066,13.00748062133789,17.20304298400879,17.72188377380371,6.604734420776367,5.198489189147949,5.703551292419434,9.040901184082031,10.051570892333984,11.254570007324219,15.518021583557129,14.261360168457031,10.437846183776855,15.389954566955566,15.99301815032959,16.549165725708008,16.98430824279785,17.410919189453125,18.59954261779785,4.609123229980469,6.852550506591797,7.94699764251709,13.668901443481445,9.5174560546875,18.00627326965332,17.6759033203125,0.5443528890609741,3.861462354660034,4.474154949188232,4.853603363037109,5.283059597015381,5.856777191162109,6.239465713500977,6.633439064025879,7.372782230377197,7.873912811279297,8.21005630493164,8.50472354888916,16.167240142822266,16.75706672668457,17.202272415161133,17.850709915161133,18.22074317932129,18.76326560974121,13.05765438079834,0.03441685438156128
2003-10-01 02:27:00,16.114057540893555,8.317883491516113,14.956547737121582,16.9295654296875,16.365976333618164,15.613795280456543,12.470696449279785,5.872260570526123,8.144659042358398,10.098814010620117,12.53559398651123,14.244345664978027,16.266178131103516,11.18256950378418,11.983181953430176,13.007017135620117,17.20247459411621,17.721359252929688,6.604531288146973,5.196783065795898,5.702103137969971,9.039738655090332,10.050562858581543,11.253704071044922,15.51731014251709,14.26123046875,10.43628978729248,15.389067649841309,15.991698265075684,16.547916412353516,16.983177185058594,17.411096572875977,18.599285125732422,4.608022689819336,6.85123348236084,7.945853233337402,13.66800308227539,9.515891075134277,18.005334854125977,17.67490005493164,0.5407158136367798,3.8598709106445312,4.4699625968933105,4.8506927490234375,5.279906272888184,5.853856563568115,6.236598014831543,6.630606651306152,7.37010383605957,7.871115684509277,8.207413673400879,8.501999855041504,16.166826248168945,16.75575065612793,17.201581954956055,17.849895477294922,18.219980239868164,18.763153076171875,13.056071281433105,0.031977176666259766
2003-10-01 02:28:00,16.113601684570312,8.316930770874023,14.95578670501709,16.928998947143555,16.365644454956055,15.613432884216309,12.470015525817871,5.870248317718506,8.144083023071289,10.098359107971191,12.534771919250488,14.243470191955566,16.265466690063477,11.181739807128906,11.982075691223145,13.006566047668457,17.201919555664062,17.72085189819336,6.604333400726318,5.195119380950928,5.700693130493164,9.03859806060791,10.049586296081543,11.252860069274902,15.516608238220215,14.261100769042969,10.434792518615723,15.388200759887695,15.990413665771484,16.54669189453125,16.982105255126953,17.411191940307617,18.599037170410156,4.606948375701904,6.84998083114624,7.94472074508667,13.667295455932617,9.514383316040039,18.004426956176758,17.673925399780273,0.5371342301368713,3.8583412170410156,4.465924263000488,4.847870826721191,5.276803016662598,5.850985050201416,6.233747482299805,6.6278204917907715,7.367433071136475,7.8683247566223145,8.204907417297363,8.499424934387207,16.166414260864258,16.754470825195312,17.20092010498047,17.8491153717041,18.219236373901367,18.763044357299805,13.054533958435059,0.029614582657814026
2003-10-01 02:29:00,16.113155364990234,8.315980911254883,14.955021858215332,16.928442001342773,16.36532211303711,15.613075256347656,12.469339370727539,5.8682756423950195,8.143523216247559,10.09790325164795,12.533968925476074,14.24261474609375,16.264789581298828,11.180910110473633,11.980995178222656,13.006121635437012,17.201372146606445,17.720359802246094,6.60413932800293,5.193498134613037,5.699320316314697,9.037479400634766,10.048636436462402,11.252035140991211,15.515910148620605,14.260970115661621,10.433334350585938,15.38735294342041,15.989156723022461,16.545503616333008,16.981197357177734,17.410839080810547,18.598793029785156,4.605898857116699,6.848783493041992,7.9435882568359375,13.666730880737305,9.512925148010254,18.003530502319336,17.672969818115234,0.5336225032806396,3.8568713665008545,4.462042808532715,4.8450798988342285,5.273764610290527,5.848150730133057,6.230921268463135,6.625060081481934,7.364667892456055,7.865675926208496,8.202509880065918,8.497008323669434,16.166006088256836,16.753219604492188,17.200284957885742,17.848360061645508,18.21849250793457,18.7629337310791,13.053032875061035,0.02733050286769867
2003-10-01 02:30:00,16.112716674804688,8.315027236938477,14.954249382019043,16.92789077758789,16.364999771118164,15.61272144317627,12.468655586242676,5.866320610046387,8.142972946166992,10.097442626953125,12.533181190490723,14.241769790649414,16.264131546020508,11.180085182189941,11.979938507080078,13.005680084228516,17.200828552246094,17.719879150390625,6.603947639465332,5.191922664642334,5.697973728179932,9.036386489868164,10.04771614074707,11.251219749450684,15.515227317810059,14.26084041595459,10.431902885437012,15.386523246765137,15.987920761108398,16.544340133666992,16.98038673400879,17.41022300720215,18.59855079650879,4.604874610900879,6.847625255584717,7.942448616027832,13.666275978088379,9.51150894165039,18.002643585205078,17.67203712463379,0.5301923751831055,3.8554654121398926,4.458315849304199,4.842257499694824,5.270804405212402,5.845346450805664,6.228115558624268,6.622303009033203,7.361948490142822,7.863141059875488,8.200210571289062,8.494726181030273,16.165590286254883,16.752004623413086,17.199657440185547,17.84760856628418,18.21774673461914,18.7628231048584,13.051565170288086,0.025129929184913635
2003-10-01 02:31:00,16.112285614013672,8.314103126525879,14.953507423400879,16.927350997924805,16.36469078063965,15.612371444702148,12.467996597290039,5.864384651184082,8.14243221282959,10.097002983093262,12.532426834106445,14.240925788879395,16.263490676879883,11.179266929626465,11.978904724121094,13.005242347717285,17.200305938720703,17.719411849975586,6.603760242462158,5.190388202667236,5.696650505065918,9.03532886505127,10.046828269958496,11.250409126281738,15.514561653137207,14.260717391967773,10.430500984191895,15.385716438293457,15.986711502075195,16.54319190979004,16.97943687438965,17.410078048706055,18.59831428527832,4.603877544403076,6.84650182723999,7.941299915313721,13.66590404510498,9.510125160217285,18.00177574157715,17.671123504638672,0.526850700378418,3.85410475730896,4.454678535461426,4.839439392089844,5.2679057121276855,5.842566013336182,6.225325584411621,6.619575500488281,7.3593244552612305,7.860701084136963,8.198019027709961,8.492559432983398,16.165185928344727,16.750825881958008,17.199031829833984,17.846858978271484,18.21702003479004,18.762718200683594,13.050128936767578,0.02301567792892456
2003-10-01 02:32:00,16.111865997314453,8.313215255737305,14.952816009521484,16.926828384399414,16.364402770996094,15.612024307250977,12.467389106750488,5.8625168800354,8.141908645629883,10.09659481048584,12.53170108795166,14.240097999572754,16.262868881225586,11.178458213806152,11.977898597717285,13.004817008972168,17.199810028076172,17.718963623046875,6.603578090667725,5.188891410827637,5.695354461669922,9.034313201904297,10.045967102050781,11.249615669250488,15.513915061950684,14.260599136352539,10.42911434173584,15.384952545166016,15.985528945922852,16.542062759399414,16.97844886779785,17.410165786743164,18.598085403442383,4.602909564971924,6.845396995544434,7.940167427062988,13.665595054626465,9.508752822875977,18.00094223022461,17.67023468017578,0.5235917568206787,3.8527674674987793,4.451106071472168,4.836653709411621,5.2650604248046875,5.839805603027344,6.22256326675415,6.61691951751709,7.35683012008667,7.8583269119262695,8.195945739746094,8.490528106689453,16.164806365966797,16.74968147277832,17.198415756225586,17.84613037109375,18.21633529663086,18.762619018554688,13.04872989654541,0.020983204245567322
2003-10-01 02:33:00,16.1114559173584,8.312326431274414,14.952138900756836,16.926319122314453,16.364126205444336,15.611680030822754,12.466800689697266,5.860713005065918,8.141402244567871,10.096196174621582,12.53099250793457,14.239287376403809,16.26226234436035,11.177664756774902,11.976922988891602,13.004399299621582,17.199331283569336,17.718528747558594,6.603400230407715,5.187428951263428,5.694091796875,9.033333778381348,10.045126914978027,11.248839378356934,15.513287544250488,14.260483741760254,10.427724838256836,15.3842191696167,15.984373092651367,16.54095458984375,16.977500915527344,17.410228729248047,18.597862243652344,4.60196590423584,6.8442792892456055,7.939058780670166,13.66533088684082,9.507397651672363,18.00012969970703,17.669363021850586,0.5204024314880371,3.851445198059082,4.447597026824951,4.8339128494262695,5.262261867523193,5.837067127227783,6.219854831695557,6.614365577697754,7.35439920425415,7.856032371520996,8.193997383117676,8.488577842712402,16.164430618286133,16.748558044433594,17.19781494140625,17.845430374145508,18.21567726135254,18.762514114379883,13.047370910644531,0.019023030996322632
2003-10-01 02:34:00,16.11105728149414,8.311432838439941,14.951461791992188,16.92581558227539,16.363855361938477,15.611334800720215,12.466175079345703,5.858947277069092,8.140911102294922,10.095795631408691,12.53029727935791,14.238490104675293,16.261669158935547,11.176897048950195,11.975980758666992,13.003986358642578,17.19886589050293,17.71809959411621,6.6032257080078125,5.186004161834717,5.692859172821045,9.032381057739258,10.044315338134766,11.248065948486328,15.512676239013672,14.260371208190918,10.426346778869629,15.383504867553711,15.983237266540527,16.539867401123047,16.976598739624023,17.41022491455078,18.597640991210938,4.60104513168335,6.843158721923828,7.937979221343994,13.665102005004883,9.50605583190918,17.999326705932617,17.66851234436035,0.5172710418701172,3.8501393795013428,4.444151878356934,4.831203937530518,5.259261608123779,5.83444881439209,6.217218399047852,6.611900806427002,7.352035045623779,7.853822708129883,8.192157745361328,8.486669540405273,16.16404914855957,16.747447967529297,17.197229385375977,17.84475326538086,18.215028762817383,18.762401580810547,13.046045303344727,0.017126157879829407
2003-10-01 02:35:00,16.11066436767578,8.310532569885254,14.95077896118164,16.925315856933594,16.363582611083984,15.610989570617676,12.46550178527832,5.857200622558594,8.14043140411377,10.095380783081055,12.52961254119873,14.237701416015625,16.26108741760254,11.176167488098145,11.975057601928711,13.003576278686523,17.198406219482422,17.717676162719727,6.603054046630859,5.184630870819092,5.691632270812988,9.031454086303711,10.043527603149414,11.24728775024414,15.512081146240234,14.260346412658691,10.42498779296875,15.382803916931152,15.982125282287598,16.538799285888672,16.975725173950195,17.410179138183594,18.59741973876953,4.600147724151611,6.842045307159424,7.9369282722473145,13.664796829223633,9.50472640991211,17.99852752685547,17.667673110961914,0.5141903162002563,3.848846912384033,4.440751552581787,4.828463077545166,5.256343364715576,5.8319220542907715,6.2146735191345215,6.609503269195557,7.349743366241455,7.851693153381348,8.190398216247559,8.4847412109375,16.16366958618164,16.746355056762695,17.19666862487793,17.84408950805664,18.21438217163086,18.762283325195312,13.044747352600098,0.015286356210708618
2003-10-01 02:36:00,16.110280990600586,8.30966854095459,14.950124740600586,16.92482566833496,16.363319396972656,15.610645294189453,12.464822769165039,5.855465888977051,8.139962196350098,10.094974517822266,12.52894401550293,14.236922264099121,16.260515213012695,11.175470352172852,11.974143981933594,13.003172874450684,17.19795799255371,17.717260360717773,6.602885723114014,5.1832966804504395,5.69041109085083,9.030553817749023,10.042755126953125,11.246512413024902,15.511499404907227,14.260367393493652,10.423659324645996,15.382120132446289,15.98104190826416,16.53775405883789,16.974876403808594,17.410127639770508,18.59720230102539,4.599277973175049,6.840946197509766,7.935909748077393,13.66418743133545,9.503410339355469,17.99774742126465,17.66684913635254,0.5111555457115173,3.8475489616394043,4.437380313873291,4.825764179229736,5.253583908081055,5.829448699951172,6.212237358093262,6.607150077819824,7.347539901733398,7.849636554718018,8.188664436340332,8.482744216918945,16.16330337524414,16.745285034179688,17.196125030517578,17.843441009521484,18.213747024536133,18.762165069580078,13.04347038269043,0.013499334454536438
2003-10-01 02:37:00,16.109907150268555,8.308859825134277,14.94951343536377,16.924354553222656,16.36307144165039,15.61030387878418,12.4641752243042,5.853773593902588,8.139507293701172,10.094593048095703,12.528297424316406,14.236164093017578,16.259958267211914,11.174797058105469,11.973248481750488,13.00278377532959,17.19752311706543,17.71685791015625,6.60272216796875,5.181990623474121,5.6892008781433105,9.029681205749512,10.041996002197266,11.245748519897461,15.51092529296875,14.2608003616333,10.422372817993164,15.381455421447754,15.97998332977295,16.536725997924805,16.9740047454834,17.410232543945312,18.59699058532715,4.5984344482421875,6.839868545532227,7.934926509857178,13.663269996643066,9.502115249633789,17.99699592590332,17.66604995727539,0.5081636905670166,3.8462271690368652,4.434065341949463,4.823172092437744,5.250912666320801,5.827024936676025,6.209888458251953,6.604848384857178,7.345432758331299,7.847640514373779,8.186922073364258,8.480735778808594,16.162952423095703,16.744247436523438,17.195598602294922,17.842819213867188,18.213134765625,18.762052536010742,13.042221069335938,0.011762380599975586
2003-10-01 02:38:00,16.109542846679688,8.308073043823242,14.948908805847168,16.923892974853516,16.362831115722656,15.609975814819336,12.463539123535156,5.852133750915527,8.139065742492676,10.094219207763672,12.52765941619873,14.235432624816895,16.259414672851562,11.174132347106934,11.972378730773926,13.002403259277344,17.197099685668945,17.716463088989258,6.602562427520752,5.180706977844238,5.688007354736328,9.02883243560791,10.041242599487305,11.244997024536133,15.510361671447754,14.260336875915527,10.421121597290039,15.380805969238281,15.978946685791016,16.535722732543945,16.973033905029297,17.41069221496582,18.596784591674805,4.597611904144287,6.838816165924072,7.933974266052246,13.6629056930542,9.50084400177002,17.996267318725586,17.665273666381836,0.5052083730697632,3.844961643218994,4.430791854858398,4.820667266845703,5.248293876647949,5.824687957763672,6.207579612731934,6.602606773376465,7.343405723571777,7.84568452835083,8.18516731262207,8.478763580322266,16.162607192993164,16.743236541748047,17.19509506225586,17.842206954956055,18.212533950805664,18.761945724487305,13.04100227355957,0.010070130228996277
2003-10-01 02:39:00,16.10918617248535,8.307291984558105,14.948299407958984,16.923439025878906,16.36259651184082,15.609661102294922,12.46290111541748,5.850533485412598,8.138635635375977,10.09384536743164,12.527027130126953,14.23472785949707,16.25888442993164,11.173477172851562,11.971534729003906,13.002028465270996,17.196683883666992,17.71607780456543,6.602405548095703,5.179443359375,5.686836242675781,9.028005599975586,10.040486335754395,11.244255065917969,15.509808540344238,14.26040267944336,10.419898986816406,15.380166053771973,15.977936744689941,16.53474235534668,16.972185134887695,17.410825729370117,18.596580505371094,4.596806526184082,6.837789535522461,7.93304967880249,13.662496566772461,9.499598503112793,17.99555206298828,17.66451644897461,0.5023082494735718,3.8437340259552,4.427539348602295,4.8182454109191895,5.245758056640625,5.822423458099365,6.205303192138672,6.600430011749268,7.341437816619873,7.84375524520874,8.183415412902832,8.476835250854492,16.162263870239258,16.742250442504883,17.194608688354492,17.841602325439453,18.21193504333496,18.761838912963867,13.039819717407227,0.008430734276771545
2003-10-01 02:40:00,16.108837127685547,8.306509017944336,14.94768238067627,16.922988891601562,16.36236000061035,15.609356880187988,12.462254524230957,5.848938465118408,8.138213157653809,10.093465805053711,12.526407241821289,14.234040260314941,16.258359909057617,11.172834396362305,11.970709800720215,13.001657485961914,17.196271896362305,17.715694427490234,6.6022515296936035,5.178196907043457,5.685697555541992,9.027190208435059,10.039730072021484,11.243523597717285,15.50926399230957,14.260409355163574,10.41870403289795,15.379524230957031,15.976929664611816,16.533802032470703,16.971431732177734,17.410724639892578,18.596378326416016,4.596019744873047,6.836788654327393,7.932147026062012,13.661792755126953,9.498376846313477,17.994844436645508,17.663776397705078,0.4998685419559479,3.842461109161377,4.424337863922119,4.815915107727051,5.243308067321777,5.820212364196777,6.203064918518066,6.598315715789795,7.339510440826416,7.841844081878662,8.18167495727539,8.474907875061035,16.161922454833984,16.74128532409668,17.194124221801758,17.840999603271484,18.21133804321289,18.761734008789062,13.038666725158691,0.0004185140132904053
2003-10-01 02:41:00,16.108495712280273,8.305747985839844,14.9470853805542,16.922548294067383,16.362131118774414,15.609062194824219,12.461623191833496,5.8473286628723145,8.137802124023438,10.09308910369873,12.525805473327637,14.233366966247559,16.25784683227539,11.172205924987793,11.969902038574219,13.001293182373047,17.19586753845215,17.715316772460938,6.602100372314453,5.176970958709717,5.684598445892334,9.026384353637695,10.038978576660156,11.242805480957031,15.508726119995117,14.26036262512207,10.417539596557617,15.378877639770508,15.975945472717285,16.532886505126953,16.9707088470459,17.41054344177246,18.596179962158203,4.595250606536865,6.835813045501709,7.931263446807861,13.66122055053711,9.497180938720703,17.994150161743164,17.66305923461914,0.4978230595588684,3.841090679168701,4.421228885650635,4.813674449920654,5.2409186363220215,5.818047523498535,6.200870990753174,6.5962605476379395,7.3376145362854,7.8399529457092285,8.179943084716797,8.473017692565918,16.16159439086914,16.74034881591797,17.193618774414062,17.84039878845215,18.21075439453125,18.761632919311523,13.037540435791016,-0.003116399049758911
2003-10-01 02:42:00,16.1081600189209,8.305024147033691,14.946520805358887,16.922121047973633,16.361915588378906,15.608776092529297,12.461028099060059,5.84572172164917,8.13740348815918,10.092727661132812,12.525225639343262,14.232715606689453,16.257347106933594,11.171592712402344,11.969111442565918,13.00094223022461,17.195476531982422,17.714950561523438,6.601953029632568,5.175760746002197,5.683538913726807,9.025593757629395,10.038237571716309,11.242107391357422,15.508196830749512,14.260316848754883,10.416403770446777,15.378241539001465,15.974991798400879,16.531997680664062,16.970022201538086,17.41032600402832,18.595989227294922,4.594507694244385,6.834862232208252,7.9303998947143555,13.660752296447754,9.496009826660156,17.99348258972168,17.662363052368164,0.4958290159702301,3.8397393226623535,4.4182634353637695,4.811461925506592,5.238584518432617,5.8159260749816895,6.198726654052734,6.5942583084106445,7.335748195648193,7.838083267211914,8.178237915039062,8.471207618713379,16.161283493041992,16.73944091796875,17.1931095123291,17.839811325073242,18.2101993560791,18.76154136657715,13.036443710327148,-0.007359832525253296
2003-10-01 02:43:00,16.107858657836914,8.304313659667969,14.945953369140625,16.92170524597168,16.361705780029297,15.608482360839844,12.46044921875,5.8441267013549805,8.137015342712402,10.092371940612793,12.524663925170898,14.232086181640625,16.256858825683594,11.170994758605957,11.968339920043945,13.000598907470703,17.195093154907227,17.71459197998047,6.601808071136475,5.174556732177734,5.682512283325195,9.024826049804688,10.037497520446777,11.241430282592773,15.50767707824707,14.260271072387695,10.415291786193848,15.377617835998535,15.974061012268066,16.531131744384766,16.96935272216797,17.41009521484375,18.595800399780273,4.593789577484131,6.8339338302612305,7.929553508758545,13.660367965698242,9.494863510131836,17.992828369140625,17.661680221557617,0.4938563108444214,3.838441848754883,4.415416240692139,4.8092546463012695,5.236312389373779,5.81384801864624,6.196633338928223,6.5923027992248535,7.333910942077637,7.836232662200928,8.176596641540527,8.46944522857666,16.160978317260742,16.738550186157227,17.192607879638672,17.83924102783203,18.20966148376465,18.76145362854004,13.035374641418457,-0.011569395661354065
2003-10-01 02:44:00,16.10759162902832,8.303606986999512,14.945380210876465,16.92129135131836,16.361492156982422,15.608182907104492,12.45987319946289,5.842543125152588,8.136637687683105,10.092015266418457,12.524115562438965,14.23147201538086,16.25638198852539,11.170411109924316,11.967585563659668,13.000260353088379,17.19471549987793,17.714237213134766,6.6016645431518555,5.173367023468018,5.681511402130127,9.024073600769043,10.036757469177246,11.240772247314453,15.507166862487793,14.260226249694824,10.414201736450195,15.377007484436035,15.97314739227295,16.530288696289062,16.968454360961914,17.410560607910156,18.59561538696289,4.593087196350098,6.83302640914917,7.928725242614746,13.660049438476562,9.493741035461426,17.992183685302734,17.6610050201416,0.4919095039367676,3.837190866470337,4.412649154663086,4.807067394256592,5.234097957611084,5.811811447143555,6.194589138031006,6.590386867523193,7.332098007202148,7.834407806396484,8.175021171569824,8.46773624420166,16.160669326782227,16.7376766204834,17.19211769104004,17.838685989379883,18.209131240844727,18.76136589050293,13.03432846069336,-0.01556539535522461
2003-10-01 02:45:00,16.107345581054688,8.302897453308105,14.944798469543457,16.920879364013672,16.361270904541016,15.607889175415039,12.459294319152832,5.8409647941589355,8.136265754699707,10.091654777526855,12.523577690124512,14.230866432189941,16.255910873413086,11.169841766357422,11.966846466064453,12.99992561340332,17.194339752197266,17.713886260986328,6.601521968841553,5.172194957733154,5.6805315017700195,9.023332595825195,10.036023139953613,11.240131378173828,15.506669998168945,14.26018238067627,10.413129806518555,15.376407623291016,15.972249984741211,16.529460906982422,16.967716217041016,17.410612106323242,18.595434188842773,4.592397689819336,6.832139015197754,7.927911281585693,13.659782409667969,9.49263858795166,17.99154281616211,17.66033935546875,0.4899834990501404,3.8359744548797607,4.409943580627441,4.804909706115723,5.231938362121582,5.809816360473633,6.19258975982666,6.58850622177124,7.3303141593933105,7.832627296447754,8.173482894897461,8.466083526611328,16.160358428955078,16.736814498901367,17.191635131835938,17.8381404876709,18.208600997924805,18.761280059814453,13.033303260803223,-0.019387349486351013
2003-10-01 02:46:00,16.107114791870117,8.302206993103027,14.944234848022461,16.920473098754883,16.361047744750977,15.607603073120117,12.458730697631836,5.839396953582764,8.135899543762207,10.091306686401367,12.523050308227539,14.230269432067871,16.255443572998047,11.16928768157959,11.966118812561035,12.999597549438477,17.193971633911133,17.71354103088379,6.601381301879883,5.171041488647461,5.679569244384766,9.022603034973145,10.035299301147461,11.239508628845215,15.506184577941895,14.260140419006348,10.41208267211914,15.375821113586426,15.971370697021484,16.528642654418945,16.967092514038086,17.410362243652344,18.59525489807129,4.591716289520264,6.831270694732666,7.927112579345703,13.659557342529297,9.491540908813477,17.99091339111328,17.659687042236328,0.48807162046432495,3.8347854614257812,4.407291412353516,4.802793979644775,5.229828357696533,5.807860851287842,6.190632343292236,6.586660385131836,7.328567981719971,7.830897331237793,8.171977996826172,8.464513778686523,16.16006088256836,16.7359619140625,17.191164016723633,17.837604522705078,18.208084106445312,18.761198043823242,13.032296180725098,-0.02306477725505829
2003-10-01 02:47:00,16.10689353942871,8.301539421081543,14.943703651428223,16.920080184936523,16.360828399658203,15.607328414916992,12.458200454711914,5.837876796722412,8.135533332824707,10.090977668762207,12.52254581451416,14.229681968688965,16.254987716674805,11.168747901916504,11.96540641784668,12.999279975891113,17.193613052368164,17.713205337524414,6.601243019104004,5.16990852355957,5.678626537322998,9.021889686584473,10.034590721130371,11.238903999328613,15.505707740783691,14.260699272155762,10.411065101623535,15.375248908996582,15.970508575439453,16.52784538269043,16.966487884521484,17.410112380981445,18.595081329345703,4.5910139083862305,6.8304219245910645,7.926331043243408,13.658827781677246,9.49048137664795,17.990304946899414,17.6590518951416,0.48617351055145264,3.8336219787597656,4.404693603515625,4.800726890563965,5.2277655601501465,5.805942535400391,6.18871545791626,6.5848565101623535,7.326866149902344,7.829214096069336,8.170503616333008,8.462888717651367,16.159770965576172,16.735124588012695,17.190710067749023,17.837078094482422,18.20758628845215,18.761123657226562,13.031311988830566,-0.026598632335662842
2003-10-01 02:48:00,16.106678009033203,8.300869941711426,14.943183898925781,16.919692993164062,16.36060333251953,15.60706615447998,12.457684516906738,5.836405277252197,8.135168075561523,10.090658187866211,12.522059440612793,14.229100227355957,16.254539489746094,11.168222427368164,11.964709281921387,12.998970031738281,17.19326400756836,17.71287727355957,6.601106643676758,5.168798923492432,5.677705764770508,9.0211820602417,10.03389835357666,11.238320350646973,15.505242347717285,14.260907173156738,10.410069465637207,15.374689102172852,15.969664573669434,16.52706527709961,16.965681076049805,17.41048812866211,18.594911575317383,4.590298652648926,6.829591274261475,7.925571918487549,13.658195495605469,9.489462852478027,17.989707946777344,17.658432006835938,0.48427027463912964,3.832484006881714,4.402152061462402,4.798707485198975,5.225752353668213,5.804055213928223,6.186840534210205,6.58310079574585,7.32522439956665,7.827549457550049,8.16903305053711,8.461233139038086,16.159486770629883,16.734304428100586,17.19027328491211,17.836565017700195,18.20709800720215,18.76105499267578,13.03034782409668,-0.02973160147666931
2003-10-01 02:49:00,16.10646629333496,8.30019760131836,14.942667007446289,16.919309616088867,16.360370635986328,15.606815338134766,12.457169532775879,5.834964275360107,8.13480281829834,10.090340614318848,12.521580696105957,14.228522300720215,16.25409698486328,11.16771125793457,11.964027404785156,12.998663902282715,17.192920684814453,17.712554931640625,6.600971698760986,5.167715072631836,5.676806449890137,9.020475387573242,10.033224105834961,11.237753868103027,15.50478744506836,14.260880470275879,10.40909194946289,15.374137878417969,15.968838691711426,16.52629280090332,16.965024948120117,17.410478591918945,18.594745635986328,4.589582443237305,6.8287811279296875,7.924833297729492,13.657683372497559,9.488472938537598,17.989118576049805,17.657821655273438,0.48228153586387634,3.831382989883423,4.399669170379639,4.796733856201172,5.223771095275879,5.802199363708496,6.185014724731445,6.58140754699707,7.323588848114014,7.825903415679932,8.167553901672363,8.459583282470703,16.15920066833496,16.733497619628906,17.18985366821289,17.8360595703125,18.206615447998047,18.760986328125,13.029401779174805,-0.03305898606777191
2003-10-01 02:50:00,16.10625648498535,8.299520492553711,14.942147254943848,16.918926239013672,16.36013412475586,15.606574058532715,12.456650733947754,5.83353853225708,8.134439468383789,10.090022087097168,12.521105766296387,14.227948188781738,16.253660202026367,11.167213439941406,11.963358879089355,12.998360633850098,17.19257926940918,17.71223258972168,6.600838661193848,5.166656970977783,5.6759257316589355,9.01977252960205,10.03256607055664,11.237199783325195,15.504342079162598,14.260854721069336,10.408132553100586,15.373594284057617,15.968029022216797,16.525537490844727,16.9644775390625,17.410186767578125,18.594581604003906,4.588871479034424,6.8279900550842285,7.924107074737549,13.657262802124023,9.487508773803711,17.9885311126709,17.65721893310547,0.48031479120254517,3.830315113067627,4.397243022918701,4.794812202453613,5.221792221069336,5.80037784576416,6.183242321014404,6.579762935638428,7.321954727172852,7.824270248413086,8.1660795211792,8.457987785339355,16.158916473388672,16.732704162597656,17.18944549560547,17.835561752319336,18.206138610839844,18.760910034179688,13.028470039367676,-0.03637632727622986
2003-10-01 02:51:00,16.106048583984375,8.298857688903809,14.941646575927734,16.918546676635742,16.35989761352539,15.606341361999512,12.45614242553711,5.832124710083008,8.134078025817871,10.089715003967285,12.520636558532715,14.227377891540527,16.25322723388672,11.166729927062988,11.962699890136719,12.998064041137695,17.192243576049805,17.711915969848633,6.600706577301025,5.165627479553223,5.675057888031006,9.019068717956543,10.031926155090332,11.236656188964844,15.503905296325684,14.260828971862793,10.407191276550293,15.373061180114746,15.96723747253418,16.52480125427246,16.96372413635254,17.410476684570312,18.59442138671875,4.588171005249023,6.827217102050781,7.923402786254883,13.656917572021484,9.486566543579102,17.98795509338379,17.656627655029297,0.4783667027950287,3.8292829990386963,4.394870281219482,4.792932510375977,5.219819068908691,5.798594951629639,6.181525230407715,6.578153133392334,7.320324897766113,7.822650909423828,8.164629936218262,8.456459045410156,16.15864372253418,16.7319278717041,17.18904685974121,17.835073471069336,18.20567512512207,18.760831832885742,13.027552604675293,-0.03960078954696655
2003-10-01 02:52:00,16.1058406829834,8.298221588134766,14.941174507141113,16.918180465698242,16.35966682434082,15.60611629486084,12.45566177368164,5.830738544464111,8.133722305297852,10.089425086975098,12.520177841186523,14.226819038391113,16.252803802490234,11.16624641418457,11.962054252624512,12.99777603149414,17.19191551208496,17.711606979370117,6.600577354431152,5.164626598358154,5.674199104309082,9.018365859985352,10.031304359436035,11.236124992370605,15.5034761428833,14.260805130004883,10.40628719329834,15.372542381286621,15.966466903686523,16.524076461791992,16.963109970092773,17.410430908203125,18.59426498413086,4.5874857902526855,6.8264641761779785,7.9227190017700195,13.656631469726562,9.485645294189453,17.987398147583008,17.656047821044922,0.4764404594898224,3.8282790184020996,4.392543792724609,4.791089057922363,5.217916965484619,5.796835422515869,6.179880142211914,6.576551914215088,7.318706035614014,7.821053504943848,8.16322135925293,8.455004692077637,16.15838050842285,16.731172561645508,17.18865966796875,17.8346004486084,18.205230712890625,18.76075553894043,13.026652336120605,-0.04272240400314331
2003-10-01 02:53:00,16.105632781982422,8.297597885131836,14.940713882446289,16.91781997680664,16.359439849853516,15.605896949768066,12.455194473266602,5.829381465911865,8.133373260498047,10.089142799377441,12.51972770690918,14.226271629333496,16.25238800048828,11.165755271911621,11.961420059204102,12.997493743896484,17.19159507751465,17.7113037109375,6.600450038909912,5.163649559020996,5.673349857330322,9.017668724060059,10.030699729919434,11.235603332519531,15.50305461883545,14.260113716125488,10.405403137207031,15.372034072875977,15.965714454650879,16.52337074279785,16.96258544921875,17.4101505279541,18.5941104888916,4.58681583404541,6.825730800628662,7.922048091888428,13.656428337097168,9.484731674194336,17.98685646057129,17.655475616455078,0.47453540563583374,3.8272933959960938,4.390264987945557,4.7892985343933105,5.216047763824463,5.795108795166016,6.178295612335205,6.574946880340576,7.317106246948242,7.819479465484619,8.161870002746582,8.453604698181152,16.158123016357422,16.73043441772461,17.188283920288086,17.834144592285156,18.20479965209961,18.760677337646484,13.02576732635498,-0.045748427510261536
2003-10-01 02:54:00,16.105426788330078,8.296977043151855,14.940254211425781,16.917463302612305,16.359214782714844,15.605684280395508,12.454730987548828,5.8280487060546875,8.133030891418457,10.088862419128418,12.519285202026367,14.225732803344727,16.251977920532227,11.165266036987305,11.960787773132324,12.997222900390625,17.1912784576416,17.711002349853516,6.600324630737305,5.162691593170166,5.672511100769043,9.016979217529297,10.030109405517578,11.235090255737305,15.502640724182129,14.260774612426758,10.404516220092773,15.37153434753418,15.96497917175293,16.522682189941406,16.96186065673828,17.410430908203125,18.593961715698242,4.586160659790039,6.82501745223999,7.92138147354126,13.655723571777344,9.48383617401123,17.986326217651367,17.65491485595703,0.4726489782333374,3.826328992843628,4.388038635253906,4.787550926208496,5.21420955657959,5.7934250831604,6.176747798919678,6.573338985443115,7.315537452697754,7.817929267883301,8.160568237304688,8.452226638793945,16.157867431640625,16.72970962524414,17.18791961669922,17.833702087402344,18.204370498657227,18.760595321655273,13.024895668029785,-0.048687174916267395
2003-10-01 02:55:00,16.1052188873291,8.296355247497559,14.93979263305664,16.917110443115234,16.358989715576172,15.605475425720215,12.454269409179688,5.826732635498047,8.13269329071045,10.088580131530762,12.518847465515137,14.225201606750488,16.25157356262207,11.16478157043457,11.960150718688965,12.996980667114258,17.190963745117188,17.71070671081543,6.600200653076172,5.161750316619873,5.671683311462402,9.016298294067383,10.029531478881836,11.234583854675293,15.502237319946289,14.260335922241211,10.403632164001465,15.371038436889648,15.964268684387207,16.52199363708496,16.96126937866211,17.41037940979004,18.593812942504883,4.585517883300781,6.824323654174805,7.920710563659668,13.655261039733887,9.482953071594238,17.98579978942871,17.654359817504883,0.47078052163124084,3.8253872394561768,4.385861873626709,4.785841464996338,5.2124176025390625,5.7917890548706055,6.175204277038574,6.57173490524292,7.314005374908447,7.816401958465576,8.159307479858398,8.450864791870117,16.157615661621094,16.72900390625,17.187545776367188,17.833267211914062,18.203941345214844,18.76051139831543,13.02403736114502,-0.051543012261390686
2003-10-01 02:56:00,16.105012893676758,8.29574966430664,14.939345359802246,16.91676139831543,16.3587703704834,15.605271339416504,12.453824043273926,5.8254313468933105,8.13236141204834,10.088306427001953,12.51841926574707,14.224676132202148,16.251174926757812,11.164300918579102,11.959514617919922,12.996760368347168,17.190654754638672,17.71041488647461,6.600078105926514,5.160824775695801,5.670866012573242,9.015630722045898,10.02896499633789,11.234086036682129,15.501852989196777,14.26036262512207,10.402750015258789,15.370555877685547,15.963574409484863,16.52131462097168,16.96076202392578,17.410118103027344,18.59366798400879,4.584887981414795,6.82364559173584,7.920039653778076,13.654733657836914,9.482081413269043,17.98528289794922,17.6538143157959,0.4689300060272217,3.8244683742523193,4.383734703063965,4.784175395965576,5.210677146911621,5.790196895599365,6.173645973205566,6.570144176483154,7.312510013580322,7.814902305603027,8.158085823059082,8.449518203735352,16.157373428344727,16.728315353393555,17.187166213989258,17.832839965820312,18.203521728515625,18.76042938232422,13.023192405700684,-0.054319173097610474
2003-10-01 02:57:00,16.104806900024414,8.295184135437012,14.938922882080078,16.916423797607422,16.358558654785156,15.605071067810059,12.453407287597656,5.824148654937744,8.132036209106445,10.08804702758789,12.518001556396484,14.224163055419922,16.250783920288086,11.163824081420898,11.958883285522461,12.996554374694824,17.190353393554688,17.710128784179688,6.5999579429626465,5.159928321838379,5.670045375823975,9.014979362487793,10.028410911560059,11.233597755432129,15.501483917236328,14.260860443115234,10.401877403259277,15.370091438293457,15.962890625,16.520641326904297,16.96002769470215,17.41050148010254,18.59352684020996,4.5842719078063965,6.822986602783203,7.919361591339111,13.654361724853516,9.481219291687012,17.984783172607422,17.65328025817871,0.4670981764793396,3.823572874069214,4.381658554077148,4.782557487487793,5.208984375,5.788630962371826,6.172077655792236,6.568576335906982,7.31105375289917,7.813434600830078,8.156890869140625,8.448187828063965,16.157140731811523,16.727643966674805,17.18678855895996,17.832426071166992,18.203115463256836,18.760351181030273,13.02236270904541,-0.05701763927936554
2003-10-01 02:58:00,16.10460090637207,8.294635772705078,14.938508987426758,16.916093826293945,16.358352661132812,15.604874610900879,12.453006744384766,5.822896957397461,8.131718635559082,10.087794303894043,12.51758861541748,14.223661422729492,16.25040054321289,11.163352966308594,11.958260536193848,12.996356964111328,17.190059661865234,17.709848403930664,6.599839210510254,5.159056663513184,5.669216156005859,9.014344215393066,10.027868270874023,11.233120918273926,15.501123428344727,14.260014533996582,10.401012420654297,15.369645118713379,15.962215423583984,16.519975662231445,16.95954132080078,17.410280227661133,18.593387603759766,4.5836710929870605,6.822342395782471,7.918679237365723,13.654233932495117,9.480365753173828,17.984291076660156,17.65275764465332,0.4652869999408722,3.822713851928711,4.379621982574463,4.7809858322143555,5.207332134246826,5.787078380584717,6.170506954193115,6.567037105560303,7.309634208679199,7.811997890472412,8.155716896057129,8.44684886932373,16.156911849975586,16.726987838745117,17.18641471862793,17.832015991210938,18.20271873474121,18.76027488708496,13.021553993225098,-0.05963866412639618
2003-10-01 02:59:00,16.10439682006836,8.29409408569336,14.938096046447754,16.915767669677734,16.358150482177734,15.604681015014648,12.452613830566406,5.821677207946777,8.131407737731934,10.087541580200195,12.51717472076416,14.22316837310791,16.250024795532227,11.162887573242188,11.957647323608398,12.996161460876465,17.189767837524414,17.709571838378906,6.599722862243652,5.158199787139893,5.668385028839111,9.013723373413086,10.027336120605469,11.232656478881836,15.500768661499023,14.260004997253418,10.400161743164062,15.369208335876465,15.96155071258545,16.51932144165039,16.95903968811035,17.410118103027344,18.593252182006836,4.5830841064453125,6.821704864501953,7.917998313903809,13.653608322143555,9.479522705078125,17.983806610107422,17.65224266052246,0.46350759267807007,3.8219058513641357,4.377597332000732,4.779442310333252,5.2057061195373535,5.785533905029297,6.168942928314209,6.565530300140381,7.308249473571777,7.810586929321289,8.154557228088379,8.44548511505127,16.15666961669922,16.726341247558594,17.18604850769043,17.83160972595215,18.202327728271484,18.76019859313965,13.020771026611328,-0.062166884541511536
2003-10-01 03:00:00,16.10419273376465,8.293554306030273,14.937678337097168,16.915443420410156,16.35795021057129,15.604490280151367,12.452220916748047,5.82047176361084,8.131102561950684,10.087287902832031,12.516762733459473,14.22268295288086,16.249652862548828,11.162428855895996,11.957042694091797,12.995966911315918,17.189477920532227,17.70929718017578,6.599607467651367,5.157353401184082,5.667562484741211,9.013114929199219,10.026814460754395,11.232198715209961,15.500420570373535,14.260890007019043,10.399322509765625,15.368780136108398,15.960894584655762,16.518674850463867,16.95839500427246,17.410358428955078,18.59311866760254,4.5825090408325195,6.821053981781006,7.917322635650635,13.652501106262207,9.478689193725586,17.98332405090332,17.65174102783203,0.4617640972137451,3.8211119174957275,4.375609397888184,4.77789831161499,5.204118728637695,5.783997535705566,6.167395114898682,6.564056873321533,7.306894779205322,7.8091959953308105,8.15339183807373,8.444107055664062,16.15641975402832,16.7257080078125,17.185684204101562,17.831209182739258,18.201932907104492,18.760122299194336,13.02000617980957,-0.06460291147232056
2003-10-01 03:01:00,16.10399055480957,8.2930269241333,14.93726634979248,16.915122985839844,16.357755661010742,15.604302406311035,12.4518404006958,5.819268703460693,8.130802154541016,10.087041854858398,12.516356468200684,14.222206115722656,16.24928855895996,11.161977767944336,11.956445693969727,12.995773315429688,17.189191818237305,17.709026336669922,6.599493503570557,5.156518459320068,5.666756629943848,9.012521743774414,10.026302337646484,11.231748580932617,15.500077247619629,14.26087474822998,10.39849853515625,15.368364334106445,15.960236549377441,16.518033981323242,16.957971572875977,17.410037994384766,18.592987060546875,4.581943511962891,6.820392608642578,7.916656970977783,13.651410102844238,9.47786808013916,17.982851028442383,17.651260375976562,0.4600556492805481,3.8203046321868896,4.373652458190918,4.776365756988525,5.202548027038574,5.782470703125,6.165870666503906,6.56261682510376,7.305566310882568,7.8078203201293945,8.152194023132324,8.44256591796875,16.156173706054688,16.725086212158203,17.18531608581543,17.8308048248291,18.20144271850586,18.760169982910156,13.019255638122559,-0.06695172935724258
2003-10-01 03:02:00,16.103788375854492,8.292521476745605,14.936871528625488,16.914813995361328,16.357568740844727,15.604118347167969,12.451481819152832,5.818082809448242,8.130508422851562,10.086807250976562,12.515960693359375,14.221739768981934,16.248929977416992,11.16153335571289,11.955859184265137,12.995584487915039,17.188913345336914,17.70876121520996,6.599381923675537,5.155695915222168,5.665965557098389,9.011942863464355,10.025800704956055,11.231307983398438,15.499739646911621,14.260859489440918,10.39769458770752,15.367959022521973,15.959583282470703,16.517406463623047,16.957321166992188,17.410371780395508,18.592863082885742,4.5813889503479,6.819727897644043,7.916007041931152,13.650498390197754,9.477059364318848,17.982389450073242,17.650787353515625,0.45836979150772095,3.8194994926452637,4.371723651885986,4.774846076965332,5.200986862182617,5.780956268310547,6.164374828338623,6.5612101554870605,7.304258823394775,7.806450366973877,8.1509428024292,8.441047668457031,16.15593719482422,16.724477767944336,17.184953689575195,17.830387115478516,18.201101303100586,18.76009750366211,13.01852035522461,-0.0692363902926445
2003-10-01 03:03:00,16.103586196899414,8.292024612426758,14.936482429504395,16.91451072692871,16.357385635375977,15.603938102722168,12.45113468170166,5.816917896270752,8.13022232055664,10.086578369140625,12.515572547912598,14.221282958984375,16.248579025268555,11.161096572875977,11.955283164978027,12.995396614074707,17.18863868713379,17.708499908447266,6.59927225112915,5.154879570007324,5.665188312530518,9.011377334594727,10.025308609008789,11.230875015258789,15.499403953552246,14.260844230651855,10.396915435791016,15.367549896240234,15.95893669128418,16.516786575317383,16.956924438476562,17.410049438476562,18.592748641967773,4.580848217010498,6.819063663482666,7.915372371673584,13.649731636047363,9.476264953613281,17.9819393157959,17.65032386779785,0.4567010998725891,3.81870174407959,4.3698201179504395,4.773336887359619,5.199438095092773,5.779457092285156,6.1629109382629395,6.559832572937012,7.3029632568359375,7.8050761222839355,8.149662971496582,8.439610481262207,16.155704498291016,16.7238826751709,17.18459701538086,17.829978942871094,18.200674057006836,18.760141372680664,13.017799377441406,-0.0714644342660904
2003-10-01 03:04:00,16.103382110595703,8.291529655456543,14.936094284057617,16.914215087890625,16.357208251953125,15.603760719299316,12.450791358947754,5.815769672393799,8.129941940307617,10.086350440979004,12.5151948928833,14.220829963684082,16.24822998046875,11.160665512084961,11.954716682434082,12.995209693908691,17.18836784362793,17.708242416381836,6.599164009094238,5.154067516326904,5.664424896240234,9.010821342468262,10.024825096130371,11.230453491210938,15.49907112121582,14.260828971862793,10.39615535736084,15.367132186889648,15.95829963684082,16.51617431640625,16.956315994262695,17.410316467285156,18.592639923095703,4.580318927764893,6.818404197692871,7.914752006530762,13.649084091186523,9.475488662719727,17.981491088867188,17.649864196777344,0.45504695177078247,3.8179118633270264,4.367938041687012,4.77183723449707,5.197906494140625,5.777976036071777,6.161478519439697,6.558478355407715,7.301671028137207,7.803694248199463,8.14838981628418,8.438261985778809,16.15547752380371,16.723289489746094,17.184249877929688,17.82958984375,18.2003231048584,18.760103225708008,13.017093658447266,-0.07364076375961304
2003-10-01 03:05:00,16.103178024291992,8.291034698486328,14.935704231262207,16.91393280029297,16.357032775878906,15.603586196899414,12.450447082519531,5.814634323120117,8.129666328430176,10.08612060546875,12.51480484008789,14.220385551452637,16.247888565063477,11.160242080688477,11.954158782958984,12.995022773742676,17.188098907470703,17.70799446105957,6.599057197570801,5.153262138366699,5.663674354553223,9.010274887084961,10.024352073669434,11.23004150390625,15.498734474182129,14.26081371307373,10.395406723022461,15.366711616516113,15.957672119140625,16.51557159423828,16.955785751342773,17.410371780395508,18.5925350189209,4.579797267913818,6.817751407623291,7.914144515991211,13.648536682128906,9.47472858428955,17.981046676635742,17.64940643310547,0.45340490341186523,3.817129373550415,4.366075038909912,4.770350933074951,5.1963958740234375,5.776514530181885,6.160076141357422,6.557140827178955,7.30034875869751,7.802329063415527,8.1471586227417,8.43697738647461,16.155250549316406,16.722698211669922,17.18391227722168,17.82919692993164,18.199960708618164,18.760095596313477,13.016398429870605,-0.07577018439769745
2003-10-01 03:06:00,16.10297393798828,8.290550231933594,14.93531608581543,16.913660049438477,16.356863021850586,15.603414535522461,12.450111389160156,5.813510894775391,8.129395484924316,10.085897445678711,12.514410018920898,14.219953536987305,16.24755859375,11.15982723236084,11.953608512878418,12.99483585357666,17.18783950805664,17.707754135131836,6.59895133972168,5.152465343475342,5.662936687469482,9.00973892211914,10.023887634277344,11.229635238647461,15.498392105102539,14.260798454284668,10.39466667175293,15.366292953491211,15.95705509185791,16.514972686767578,16.955373764038086,17.41016960144043,18.592432022094727,4.579283714294434,6.817107200622559,7.91355037689209,13.648072242736816,9.473982810974121,17.980607986450195,17.648958206176758,0.4517728090286255,3.8163540363311768,4.364231109619141,4.7688822746276855,5.19490909576416,5.775074005126953,6.158698081970215,6.555802345275879,7.298962593078613,7.801034927368164,8.145987510681152,8.435723304748535,16.155029296875,16.72211265563965,17.183582305908203,17.828821182250977,18.199573516845703,18.760120391845703,13.015713691711426,-0.07785675674676895
2003-10-01 03:07:00,16.10276985168457,8.290081977844238,14.934935569763184,16.91339874267578,16.356698989868164,15.603245735168457,12.44979476928711,5.812410831451416,8.129130363464355,10.085684776306152,12.514020919799805,14.219535827636719,16.247241973876953,11.159419059753418,11.9530668258667,12.99465274810791,17.187593460083008,17.7075252532959,6.59884786605835,5.151678562164307,5.66221284866333,9.009214401245117,10.023432731628418,11.22923469543457,15.498050689697266,14.260783195495605,10.393938064575195,15.36587905883789,15.956439018249512,16.514387130737305,16.95482063293457,17.41033935546875,18.59233283996582,4.57877779006958,6.816473007202148,7.912970542907715,13.647677421569824,9.473251342773438,17.980178833007812,17.648517608642578,0.45014944672584534,3.815586566925049,4.362408638000488,4.767436504364014,5.193445205688477,5.773653030395508,6.157334804534912,6.55445671081543,7.297593116760254,7.799790859222412,8.144857406616211,8.434511184692383,16.154815673828125,16.721534729003906,17.183263778686523,17.828458786010742,18.199203491210938,18.760143280029297,13.01504135131836,-0.07990319281816483
2003-10-01 03:08:00,16.102567672729492,8.289612770080566,14.934555053710938,16.913143157958984,16.35654067993164,15.603078842163086,12.44948673248291,5.811341762542725,8.128870964050293,10.08547592163086,12.513640403747559,14.219130516052246,16.24693489074707,11.15902042388916,11.952533721923828,12.994470596313477,17.187358856201172,17.707304000854492,6.598745822906494,5.150903224945068,5.661502838134766,9.00870132446289,10.02298641204834,11.228840827941895,15.497716903686523,14.26076889038086,10.393218040466309,15.365468978881836,15.955818176269531,16.513824462890625,16.954334259033203,17.410354614257812,18.59223747253418,4.578278541564941,6.815850257873535,7.912403583526611,13.647340774536133,9.47253131866455,17.979759216308594,17.64808464050293,0.4485341012477875,3.8148281574249268,4.360609531402588,4.766014575958252,5.1920037269592285,5.772249221801758,6.155979156494141,6.5531086921691895,7.296263217926025,7.798603534698486,8.143735885620117,8.433345794677734,16.15460205078125,16.720966339111328,17.182954788208008,17.82811164855957,18.198848724365234,18.76015853881836,13.01438045501709,-0.08191140741109848
2003-10-01 03:09:00,16.102365493774414,8.289137840270996,14.934171676635742,16.91288948059082,16.356388092041016,15.602913856506348,12.449182510375977,5.810296535491943,8.128617286682129,10.0852689743042,12.513266563415527,14.218732833862305,16.24663734436035,11.158629417419434,11.952010154724121,12.99428939819336,17.187129974365234,17.70708656311035,6.5986456871032715,5.150140285491943,5.660808563232422,9.008195877075195,10.02254581451416,11.228452682495117,15.497389793395996,14.260754585266113,10.392505645751953,15.365059852600098,15.955207824707031,16.51327896118164,16.953956604003906,17.410104751586914,18.59214210510254,4.577786922454834,6.815238952636719,7.911848068237305,13.647052764892578,9.471823692321777,17.979341506958008,17.647661209106445,0.4469241499900818,3.8140811920166016,4.358834266662598,4.764615058898926,5.190582275390625,5.770858287811279,6.154628276824951,6.5517706871032715,7.29498291015625,7.797461986541748,8.14262580871582,8.432226181030273,16.154390335083008,16.72040367126465,17.18265724182129,17.827770233154297,18.19856071472168,18.760103225708008,13.0137300491333,-0.08384330570697784
2003-10-01 03:10:00,16.10216522216797,8.288657188415527,14.933784484863281,16.91263771057129,16.35623550415039,15.602749824523926,12.448877334594727,5.809264183044434,8.128368377685547,10.085060119628906,12.512896537780762,14.218341827392578,16.2463436126709,11.158248901367188,11.951493263244629,12.994107246398926,17.186904907226562,17.70687484741211,6.598546504974365,5.149390697479248,5.660128593444824,9.007697105407715,10.022112846374512,11.228071212768555,15.4970703125,14.260740280151367,10.391798973083496,15.364653587341309,15.95461368560791,16.51275062561035,16.953432083129883,17.410232543945312,18.59204864501953,4.5773024559021,6.814638614654541,7.911302089691162,13.646805763244629,9.471125602722168,17.978927612304688,17.647245407104492,0.4453061819076538,3.8133528232574463,4.357077121734619,4.763233184814453,5.189177989959717,5.769477844238281,6.153284549713135,6.550456523895264,7.293751239776611,7.796351432800293,8.141533851623535,8.431146621704102,16.154178619384766,16.7198486328125,17.182369232177734,17.827434539794922,18.198251724243164,18.760074615478516,13.01308822631836,-0.08570674061775208
2003-10-01 03:11:00,16.10197639465332,8.288183212280273,14.933405876159668,16.91238784790039,16.35608673095703,15.602582931518555,12.448579788208008,5.808242321014404,8.12812328338623,10.084856986999512,12.512533187866211,14.217955589294434,16.246055603027344,11.157876968383789,11.950983047485352,12.993926048278809,17.186687469482422,17.7066650390625,6.598448276519775,5.148654460906982,5.659461498260498,9.007207870483398,10.021688461303711,11.227694511413574,15.496757507324219,14.260726928710938,10.391100883483887,15.36425495147705,15.95404052734375,16.512235641479492,16.95292091369629,17.410335540771484,18.591957092285156,4.5768256187438965,6.81404972076416,7.9107666015625,13.64659309387207,9.470437049865723,17.978519439697266,17.646835327148438,0.44368261098861694,3.812638282775879,4.355337142944336,4.761867046356201,5.187734127044678,5.768129825592041,6.151954650878906,6.549176216125488,7.292588710784912,7.7952494621276855,8.14046573638916,8.430102348327637,16.153972625732422,16.719303131103516,17.18208885192871,17.827104568481445,18.197921752929688,18.76007652282715,13.012454986572266,-0.08754526823759079
2003-10-01 03:12:00,16.101795196533203,8.287725448608398,14.93304443359375,16.912145614624023,16.35594367980957,15.602413177490234,12.448297500610352,5.807237148284912,8.127882957458496,10.084663391113281,12.512188911437988,14.217571258544922,16.245773315429688,11.157513618469238,11.950481414794922,12.993746757507324,17.18647575378418,17.706462860107422,6.598352432250977,5.147932529449463,5.65880823135376,9.006729125976562,10.021275520324707,11.22732162475586,15.496451377868652,14.260713577270508,10.390416145324707,15.36386775970459,15.95348834991455,16.511728286743164,16.952564239501953,17.41008758544922,18.59186553955078,4.576358318328857,6.813472270965576,7.910241603851318,13.646409034729004,9.469758033752441,17.978120803833008,17.646438598632812,0.4420565962791443,3.811933994293213,4.353613376617432,4.760478973388672,5.186233043670654,5.7668561935424805,6.150640487670898,6.547949314117432,7.291442394256592,7.794167995452881,8.139426231384277,8.429089546203613,16.15377426147461,16.71877098083496,17.181819915771484,17.826780319213867,18.197599411010742,18.76007843017578,13.011831283569336,-0.08935558050870895
2003-10-01 03:13:00,16.101621627807617,8.287274360656738,14.932689666748047,16.911907196044922,16.355802536010742,15.602242469787598,12.448023796081543,5.806249618530273,8.12764835357666,10.084473609924316,12.511855125427246,14.217185974121094,16.245492935180664,11.157159805297852,11.94998836517334,12.993566513061523,17.186269760131836,17.70626449584961,6.598257541656494,5.147217750549316,5.658166885375977,9.00625991821289,10.020872116088867,11.226956367492676,15.49615478515625,14.260701179504395,10.38974380493164,15.363489151000977,15.952951431274414,16.51123046875,16.95210075378418,17.410114288330078,18.59177589416504,4.575902938842773,6.812905788421631,7.909726619720459,13.646249771118164,9.469090461730957,17.97773551940918,17.64605140686035,0.44042956829071045,3.811237096786499,4.351897239685059,4.7590742111206055,5.18480110168457,5.765619277954102,6.149351119995117,6.546776294708252,7.290298938751221,7.793107032775879,8.138415336608887,8.42810344696045,16.15357780456543,16.718250274658203,17.18155860900879,17.826457977294922,18.19729232788086,18.760074615478516,13.01121711730957,-0.09113666415214539
2003-10-01 03:14:00,16.101455688476562,8.286825180053711,14.932337760925293,16.91166877746582,16.355661392211914,15.602071762084961,12.447752952575684,5.805276393890381,8.127418518066406,10.084283828735352,12.511526107788086,14.216801643371582,16.245216369628906,11.156813621520996,11.949502944946289,12.993386268615723,17.186063766479492,17.70606803894043,6.5981645584106445,5.146500110626221,5.657538890838623,9.005800247192383,10.020478248596191,11.226597785949707,15.495864868164062,14.260688781738281,10.389083862304688,15.363120079040527,15.95242691040039,16.510738372802734,16.951608657836914,17.41022300720215,18.591686248779297,4.575462341308594,6.812349796295166,7.909221649169922,13.646110534667969,9.468432426452637,17.97735595703125,17.64566993713379,0.4388008415699005,3.8105430603027344,4.350187301635742,4.7577009201049805,5.183382987976074,5.7644147872924805,6.148094177246094,6.545646667480469,7.289161205291748,7.7920660972595215,8.137434005737305,8.427139282226562,16.153385162353516,16.717744827270508,17.181297302246094,17.82613754272461,18.196989059448242,18.760066986083984,13.010612487792969,-0.09287529438734055
2003-10-01 03:15:00,16.101295471191406,8.286375045776367,14.931985855102539,16.91143035888672,16.355518341064453,15.601901054382324,12.447480201721191,5.8043131828308105,8.127192497253418,10.084094047546387,12.511198043823242,14.21641731262207,16.244945526123047,11.156476020812988,11.949023246765137,12.993204116821289,17.18585968017578,17.70587158203125,6.598072528839111,5.145782947540283,5.656923294067383,9.005349159240723,10.020092010498047,11.226244926452637,15.49558162689209,14.260676383972168,10.388435363769531,15.362757682800293,15.951911926269531,16.510255813598633,16.951135635375977,17.410293579101562,18.591598510742188,4.575030326843262,6.81180477142334,7.908726215362549,13.645988464355469,9.46778678894043,17.97698211669922,17.645294189453125,0.437167763710022,3.8098514080047607,4.348494529724121,4.756364345550537,5.181984901428223,5.763237476348877,6.146877288818359,6.5445475578308105,7.288031578063965,7.791045188903809,8.13648509979248,8.426187515258789,16.153194427490234,16.717248916625977,17.1810302734375,17.825817108154297,18.19666290283203,18.760087966918945,13.010016441345215,-0.09458670020103455
2003-10-01 03:16:00,16.101139068603516,8.285934448242188,14.93164348602295,16.91119384765625,16.355377197265625,15.60173225402832,12.447214126586914,5.803359508514404,8.126970291137695,10.083908081054688,12.510871887207031,14.216035842895508,16.24467658996582,11.156142234802246,11.948554039001465,12.993021965026855,17.185657501220703,17.705677032470703,6.5979814529418945,5.1450700759887695,5.656321048736572,9.004907608032227,10.01971435546875,11.225895881652832,15.495304107666016,14.260664939880371,10.387799263000488,15.36240291595459,15.951406478881836,16.50977897644043,16.950708389282227,17.410266876220703,18.59151268005371,4.574604511260986,6.811270236968994,7.908239841461182,13.645881652832031,9.467151641845703,17.976613998413086,17.644922256469727,0.4355303645133972,3.809168577194214,4.346827983856201,4.755075454711914,5.180655479431152,5.762063980102539,6.145723819732666,6.543454647064209,7.286914825439453,7.790046215057373,8.135562896728516,8.425251007080078,16.153011322021484,16.716766357421875,17.18075942993164,17.825498580932617,18.196325302124023,18.760128021240234,13.009428977966309,-0.09627360105514526
2003-10-01 03:17:00,16.10098648071289,8.285508155822754,14.931317329406738,16.910961151123047,16.355239868164062,15.601566314697266,12.44694709777832,5.8024210929870605,8.126753807067871,10.083727836608887,12.510549545288086,14.215658187866211,16.24441146850586,11.155811309814453,11.948100090026855,12.992841720581055,17.185461044311523,17.705488204956055,6.5978922843933105,5.144363880157471,5.655732154846191,9.004476547241211,10.01934814453125,11.225545883178711,15.495031356811523,14.260653495788574,10.387176513671875,15.362056732177734,15.950912475585938,16.50930404663086,16.950355529785156,17.410085678100586,18.591428756713867,4.574184417724609,6.810746192932129,7.907763957977295,13.645787239074707,9.466527938842773,17.976253509521484,17.64455795288086,0.4338907301425934,3.808500051498413,4.345199108123779,4.753842353820801,5.179322242736816,5.760917663574219,6.144623279571533,6.542359828948975,7.285819053649902,7.789070129394531,8.134666442871094,8.424332618713379,16.152833938598633,16.71629524230957,17.180490493774414,17.82518196105957,18.1960506439209,18.760114669799805,13.008852005004883,-0.09793387353420258
2003-10-01 03:18:00,16.10083770751953,8.285089492797852,14.930997848510742,16.91073226928711,16.3551025390625,15.601401329040527,12.446672439575195,5.801499843597412,8.126542091369629,10.083547592163086,12.51023006439209,14.215287208557129,16.244150161743164,11.155485153198242,11.947659492492676,12.99266529083252,17.185266494750977,17.70530128479004,6.597804546356201,5.1436662673950195,5.655155658721924,9.004055976867676,10.018989562988281,11.225196838378906,15.494763374328613,14.260642051696777,10.386567115783691,15.36171817779541,15.950428009033203,16.50883674621582,16.949951171875,17.410049438476562,18.591346740722656,4.573769569396973,6.810233116149902,7.907299041748047,13.645702362060547,9.465916633605957,17.975900650024414,17.644197463989258,0.43225228786468506,3.8078508377075195,4.3436126708984375,4.752647399902344,5.178004264831543,5.7598042488098145,6.143556594848633,6.541264533996582,7.284748077392578,7.788115978240967,8.13379192352295,8.423432350158691,16.152660369873047,16.715831756591797,17.180221557617188,17.824878692626953,18.195781707763672,18.760093688964844,13.008285522460938,-0.09956419467926025
2003-10-01 03:19:00,16.100692749023438,8.284672737121582,14.930680274963379,16.910505294799805,16.354965209960938,15.601239204406738,12.446389198303223,5.800591945648193,8.126334190368652,10.083367347717285,12.509915351867676,14.214920997619629,16.243892669677734,11.15516471862793,11.94722843170166,12.9924955368042,17.185075759887695,17.705116271972656,6.597717761993408,5.142978191375732,5.6545915603637695,9.003643989562988,10.018636703491211,11.224847793579102,15.494500160217285,14.260631561279297,10.385967254638672,15.361385345458984,15.949952125549316,16.50837516784668,16.949520111083984,17.410106658935547,18.591266632080078,4.573359966278076,6.809730052947998,7.906843662261963,13.645627975463867,9.465316772460938,17.97555160522461,17.643840789794922,0.43061912059783936,3.807223081588745,4.342068195343018,4.7514824867248535,5.176714897155762,5.75872278213501,6.142510414123535,6.540171146392822,7.283707141876221,7.787179470062256,8.132939338684082,8.422550201416016,16.15248680114746,16.715373992919922,17.17995834350586,17.824583053588867,18.19551658630371,18.760072708129883,13.00772762298584,-0.10116102546453476
2003-10-01 03:20:00,16.100549697875977,8.284255027770996,14.930362701416016,16.910280227661133,16.354829788208008,15.601078987121582,12.446096420288086,5.799693584442139,8.126130104064941,10.083185195922852,12.509602546691895,14.214558601379395,16.243637084960938,11.154850006103516,11.946805953979492,12.992331504821777,17.184885025024414,17.704933166503906,6.59763240814209,5.142301559448242,5.654038429260254,9.0032377243042,10.018287658691406,11.224498748779297,15.494240760803223,14.260621070861816,10.385376930236816,15.361058235168457,15.949480056762695,16.507919311523438,16.949100494384766,17.41014862060547,18.591188430786133,4.572956085205078,6.809237480163574,7.906396865844727,13.645559310913086,9.464728355407715,17.975202560424805,17.64348602294922,0.42899492383003235,3.8066158294677734,4.340562343597412,4.750345230102539,5.17546272277832,5.7576823234558105,6.141454696655273,6.539086818695068,7.282702445983887,7.786253452301025,8.132105827331543,8.4216890335083,16.152313232421875,16.714923858642578,17.17970085144043,17.82429313659668,18.195180892944336,18.760122299194336,13.007177352905273,-0.10272166132926941
2003-10-01 03:21:00,16.10041046142578,8.283845901489258,14.930051803588867,16.91005516052246,16.354694366455078,15.600921630859375,12.445802688598633,5.79880428314209,8.12592887878418,10.083006858825684,12.509293556213379,14.214200973510742,16.243385314941406,11.154542922973633,11.946391105651855,12.992172241210938,17.184696197509766,17.70475196838379,6.597548007965088,5.141635894775391,5.6534953117370605,9.002839088439941,10.017942428588867,11.224152565002441,15.493985176086426,14.260610580444336,10.384796142578125,15.360737800598145,15.94901180267334,16.507469177246094,16.948688507080078,17.410175323486328,18.591110229492188,4.5725579261779785,6.808754920959473,7.905958652496338,13.645498275756836,9.464150428771973,17.9748592376709,17.64313507080078,0.42738237977027893,3.806027889251709,4.339094161987305,4.749239921569824,5.174251079559326,5.756673336029053,6.14038610458374,6.538017749786377,7.281728744506836,7.785339832305908,8.131293296813965,8.420845031738281,16.15213966369629,16.714481353759766,17.179445266723633,17.824007034301758,18.194931030273438,18.76008415222168,13.006632804870605,-0.10424447804689407
2003-10-01 03:22:00,16.10027313232422,8.28345012664795,14.929755210876465,16.90983772277832,16.35456085205078,15.6007661819458,12.445516586303711,5.797929763793945,8.125731468200684,10.082836151123047,12.508991241455078,14.213849067687988,16.243135452270508,11.154241561889648,11.94598388671875,12.992019653320312,17.184513092041016,17.70457649230957,6.5974650382995605,5.140981674194336,5.652962684631348,9.002449989318848,10.017599105834961,11.223809242248535,15.493733406066895,14.260600090026855,10.384228706359863,15.360424041748047,15.948549270629883,16.50702667236328,16.948287963867188,17.41021156311035,18.591033935546875,4.572166442871094,6.808282375335693,7.905529499053955,13.645442962646484,9.463582992553711,17.974523544311523,17.642789840698242,0.42578643560409546,3.805450439453125,4.337663173675537,4.748167991638184,5.173072338104248,5.755684852600098,6.139309883117676,6.536970138549805,7.280782699584961,7.784440994262695,8.130501747131348,8.420018196105957,16.15196990966797,16.714048385620117,17.179195404052734,17.82373046875,18.194618225097656,18.760120391845703,13.006096839904785,-0.10572541505098343
2003-10-01 03:23:00,16.10013771057129,8.283061027526855,14.929464340209961,16.909622192382812,16.35443115234375,15.600613594055176,12.445232391357422,5.797070503234863,8.125537872314453,10.082667350769043,12.508692741394043,14.213504791259766,16.242891311645508,11.153945922851562,11.94558334350586,12.991869926452637,17.1843318939209,17.70440101623535,6.597383499145508,5.140338897705078,5.652439594268799,9.002068519592285,10.017254829406738,11.223469734191895,15.493484497070312,14.260590553283691,10.383670806884766,15.360116004943848,15.94809341430664,16.506589889526367,16.947898864746094,17.410228729248047,18.590959548950195,4.571782112121582,6.807819366455078,7.90510892868042,13.645392417907715,9.46302604675293,17.974193572998047,17.6424503326416,0.42420923709869385,3.804877519607544,4.336271286010742,4.747127532958984,5.171931743621826,5.754705905914307,6.138230800628662,6.535945892333984,7.27985954284668,7.7835564613342285,8.129729270935059,8.419206619262695,16.151805877685547,16.713621139526367,17.1789493560791,17.823455810546875,18.194387435913086,18.76007652282715,13.00556755065918,-0.10716439038515091
2003-10-01 03:24:00,16.100004196166992,8.282673835754395,14.929173469543457,16.90941047668457,16.35430145263672,15.600462913513184,12.444947242736816,5.796224117279053,8.125348091125488,10.082498550415039,12.50839900970459,14.213166236877441,16.24264907836914,11.153656959533691,11.9451904296875,12.991724014282227,17.184152603149414,17.7042293548584,6.5973029136657715,5.139707088470459,5.651926040649414,9.001692771911621,10.016912460327148,11.22313404083252,15.493240356445312,14.260581016540527,10.383122444152832,15.359811782836914,15.94764232635498,16.50615882873535,16.94752311706543,17.410240173339844,18.590885162353516,4.571403503417969,6.807365417480469,7.904696464538574,13.645345687866211,9.462480545043945,17.973867416381836,17.642114639282227,0.42264866828918457,3.8043222427368164,4.334943771362305,4.746085166931152,5.170819282531738,5.753729820251465,6.137155532836914,6.534945964813232,7.278956413269043,7.78268575668335,8.128976821899414,8.41840934753418,16.151641845703125,16.713199615478516,17.178707122802734,17.82318687438965,18.194091796875,18.760103225708008,13.005045890808105,-0.10856468975543976
2003-10-01 03:25:00,16.099870681762695,8.282286643981934,14.928882598876953,16.909198760986328,16.354171752929688,15.60031509399414,12.444658279418945,5.795386791229248,8.125162124633789,10.08232593536377,12.50810718536377,14.212831497192383,16.24241065979004,11.153373718261719,11.944803237915039,12.991579055786133,17.183975219726562,17.704057693481445,6.597223281860352,5.1390886306762695,5.651418209075928,9.001319885253906,10.016570091247559,11.222803115844727,15.492998123168945,14.260571479797363,10.38258171081543,15.359511375427246,15.947198867797852,16.505735397338867,16.947147369384766,17.41025161743164,18.59081268310547,4.5710320472717285,6.806920528411865,7.904289722442627,13.645302772521973,9.461943626403809,17.973541259765625,17.641780853271484,0.42110759019851685,3.8037936687469482,4.333669662475586,4.745029926300049,5.169726848602295,5.752757549285889,6.13608980178833,6.533971309661865,7.278070449829102,7.781828880310059,8.128242492675781,8.41762638092041,16.151479721069336,16.71278190612793,17.178470611572266,17.82292366027832,18.193845748901367,18.76007652282715,13.004531860351562,-0.10992421209812164
2003-10-01 03:26:00,16.099740982055664,8.281906127929688,14.928598403930664,16.90898895263672,16.35404396057129,15.600168228149414,12.44437313079834,5.794558525085449,8.124979019165039,10.082155227661133,12.507820129394531,14.212501525878906,16.24217414855957,11.153096199035645,11.944421768188477,12.991437911987305,17.183799743652344,17.703889846801758,6.597144603729248,5.138484001159668,5.650913715362549,9.000951766967773,10.016230583190918,11.222475051879883,15.492759704589844,14.2605619430542,10.382046699523926,15.35921573638916,15.946763038635254,16.50531578063965,16.9467830657959,17.41025161743164,18.590740203857422,4.570667743682861,6.806484222412109,7.9038896560668945,13.645261764526367,9.461404800415039,17.973220825195312,17.641450881958008,0.4195998013019562,3.8032877445220947,4.332428455352783,4.7439680099487305,5.168650150299072,5.751789569854736,6.135038375854492,6.533020496368408,7.277200698852539,7.7809858322143555,8.127528190612793,8.416881561279297,16.15131950378418,16.71236801147461,17.178239822387695,17.822664260864258,18.19359016418457,18.76006317138672,13.004023551940918,-0.11141479760408401
2003-10-01 03:27:00,16.099613189697266,8.281538009643555,14.928324699401855,16.908784866333008,16.353918075561523,15.600024223327637,12.444096565246582,5.793745040893555,8.124798774719238,10.081988334655762,12.507537841796875,14.212178230285645,16.241941452026367,11.152826309204102,11.944046020507812,12.991299629211426,17.183626174926758,17.703723907470703,6.597067356109619,5.1378912925720215,5.650413513183594,9.000588417053223,10.01589584350586,11.222152709960938,15.492525100708008,14.260553359985352,10.381507873535156,15.358928680419922,15.946327209472656,16.50490379333496,16.946428298950195,17.410247802734375,18.590669631958008,4.570311069488525,6.806055545806885,7.903494834899902,13.645224571228027,9.46086597442627,17.97290802001953,17.641124725341797,0.41820746660232544,3.802790403366089,4.331209182739258,4.7429046630859375,5.167588710784912,5.750827789306641,6.134006023406982,6.532093524932861,7.276347637176514,7.780159950256348,8.126839637756348,8.416168212890625,16.151165008544922,16.711963653564453,17.178014755249023,17.822406768798828,18.193321228027344,18.760074615478516,13.003522872924805,-0.11301788687705994
2003-10-01 03:28:00,16.099485397338867,8.281172752380371,14.928056716918945,16.908584594726562,16.353796005249023,15.599882125854492,12.44382381439209,5.792949199676514,8.12462329864502,10.08182430267334,12.5072603225708,14.211860656738281,16.241714477539062,11.152563095092773,11.94367790222168,12.99116325378418,17.183456420898438,17.70355796813965,6.596991539001465,5.137308120727539,5.649918556213379,9.000229835510254,10.01556396484375,11.221835136413574,15.492293357849121,14.260543823242188,10.380961418151855,15.358647346496582,15.945892333984375,16.50449562072754,16.946083068847656,17.410240173339844,18.590599060058594,4.5699615478515625,6.805634498596191,7.903106212615967,13.645190238952637,9.460330963134766,17.972599029541016,17.64080238342285,0.4169217348098755,3.8022894859313965,4.330006122589111,4.741842746734619,5.166541576385498,5.749874591827393,6.132994651794434,6.531188488006592,7.275510787963867,7.779351234436035,8.126175880432129,8.415470123291016,16.151012420654297,16.711565017700195,17.17779541015625,17.82215690612793,18.193063735961914,18.760082244873047,13.003028869628906,-0.11448107659816742
2003-10-01 03:29:00,16.099361419677734,8.280805587768555,14.927789688110352,16.90838623046875,16.353673934936523,15.59974193572998,12.443552017211914,5.792167663574219,8.12445068359375,10.081659317016602,12.506985664367676,14.211548805236816,16.241487503051758,11.152307510375977,11.943314552307129,12.991029739379883,17.183284759521484,17.703393936157227,6.596916675567627,5.136733531951904,5.649429798126221,8.9998779296875,10.01523208618164,11.221522331237793,15.49206256866455,14.260536193847656,10.380411148071289,15.358369827270508,15.945459365844727,16.50409698486328,16.94574737548828,17.41023063659668,18.590530395507812,4.569618225097656,6.805220603942871,7.902721881866455,13.645156860351562,9.459797859191895,17.972293853759766,17.64048194885254,0.41571539640426636,3.8017821311950684,4.328817844390869,4.740786075592041,5.1655097007751465,5.748931407928467,6.13200569152832,6.530303955078125,7.2746901512146,7.77855920791626,8.12553596496582,8.414777755737305,16.150859832763672,16.711172103881836,17.17757797241211,17.82191276550293,18.192811965942383,18.760082244873047,13.002543449401855,-0.11584033071994781
2003-10-01 03:30:00,16.0992374420166,8.28044605255127,14.927521705627441,16.90818977355957,16.353553771972656,15.599603652954102,12.443278312683105,5.7913737297058105,8.124279975891113,10.081494331359863,12.5067138671875,14.211240768432617,16.24126434326172,11.152061462402344,11.942957878112793,12.990896224975586,17.183116912841797,17.703231811523438,6.596842288970947,5.136168479919434,5.648955821990967,8.999532699584961,10.014900207519531,11.221213340759277,15.49183464050293,14.260527610778809,10.379860877990723,15.358095169067383,15.94503116607666,16.503704071044922,16.94541358947754,17.41022300720215,18.590463638305664,4.569280624389648,6.804813385009766,7.90234375,13.645125389099121,9.459266662597656,17.971988677978516,17.640167236328125,0.4145675599575043,3.80126953125,4.327643394470215,4.739736557006836,5.164494037628174,5.748000144958496,6.131040096282959,6.5294389724731445,7.273885726928711,7.777784824371338,8.12491226196289,8.414081573486328,16.150711059570312,16.71078109741211,17.177364349365234,17.821674346923828,18.192564010620117,18.760080337524414,13.002069473266602,-0.11712127178907394
2003-10-01 03:31:00,16.09911346435547,8.280095100402832,14.92725944519043,16.907995223999023,16.35343360900879,15.599466323852539,12.443007469177246,5.7905683517456055,8.12411117553711,10.081331253051758,12.50644588470459,14.2109375,16.241044998168945,11.151824951171875,11.942605972290039,12.990764617919922,17.18294906616211,17.70306968688965,6.596769332885742,5.135613918304443,5.648494720458984,8.999192237854004,10.014569282531738,11.220909118652344,15.491607666015625,14.260519027709961,10.379313468933105,15.35782527923584,15.944610595703125,16.503320693969727,16.945079803466797,17.41021728515625,18.590394973754883,4.568949222564697,6.804412364959717,7.901970863342285,13.645095825195312,9.458736419677734,17.9716854095459,17.63985824584961,0.413463294506073,3.8007588386535645,4.326477527618408,4.7386980056762695,5.163495063781738,5.747082233428955,6.130096912384033,6.528592586517334,7.273099422454834,7.7770280838012695,8.124298095703125,8.413385391235352,16.15056800842285,16.710391998291016,17.177156448364258,17.821434020996094,18.192325592041016,18.76007080078125,13.001605987548828,-0.1183420941233635
2003-10-01 03:32:00,16.0989933013916,8.279763221740723,14.927006721496582,16.907804489135742,16.353317260742188,15.59933090209961,12.44274616241455,5.78975772857666,8.123946189880371,10.081174850463867,12.506182670593262,14.210639953613281,16.240827560424805,11.151595115661621,11.942259788513184,12.990635871887207,17.182783126831055,17.702911376953125,6.596697807312012,5.135076999664307,5.648036479949951,8.998856544494629,10.014241218566895,11.220610618591309,15.49138355255127,14.26051139831543,10.378772735595703,15.357560157775879,15.944198608398438,16.502944946289062,16.94474983215332,17.41021156311035,18.590330123901367,4.568624496459961,6.804017543792725,7.901604175567627,13.645068168640137,9.458208084106445,17.971389770507812,17.639558792114258,0.4123968780040741,3.800267457962036,4.325295448303223,4.73767614364624,5.162513256072998,5.746179103851318,6.129177093505859,6.527764797210693,7.272331714630127,7.776288032531738,8.123692512512207,8.41269302368164,16.150426864624023,16.710004806518555,17.176952362060547,17.82119369506836,18.192096710205078,18.760061264038086,13.001152992248535,-0.11950988322496414
2003-10-01 03:33:00,16.098875045776367,8.279436111450195,14.926759719848633,16.907615661621094,16.35320472717285,15.599198341369629,12.442487716674805,5.7889556884765625,8.123781204223633,10.08102035522461,12.5059232711792,14.210347175598145,16.24061393737793,11.151373863220215,11.941919326782227,12.990509033203125,17.182621002197266,17.702754974365234,6.5966267585754395,5.134560585021973,5.647570610046387,8.998525619506836,10.013916015625,11.220315933227539,15.491162300109863,14.260502815246582,10.378240585327148,15.357300758361816,15.94379711151123,16.502573013305664,16.944421768188477,17.410205841064453,18.59026527404785,4.568308353424072,6.8036298751831055,7.901243686676025,13.645040512084961,9.457683563232422,17.971097946166992,17.639272689819336,0.41136324405670166,3.7997748851776123,4.324104309082031,4.73667573928833,5.161548137664795,5.745290756225586,6.128279209136963,6.5269551277160645,7.271583080291748,7.7755608558654785,8.123091697692871,8.412005424499512,16.150283813476562,16.709619522094727,17.176746368408203,17.820953369140625,18.191852569580078,18.76007080078125,13.000709533691406,-0.12063141167163849
2003-10-01 03:34:00,16.098756790161133,8.279111862182617,14.926512718200684,16.90743064880371,16.353092193603516,15.599065780639648,12.442230224609375,5.788164138793945,8.123616218566895,10.080865859985352,12.505666732788086,14.210060119628906,16.24040412902832,11.151159286499023,11.941584587097168,12.990384101867676,17.18246078491211,17.702598571777344,6.596557140350342,5.134057521820068,5.647098064422607,8.998198509216309,10.013593673706055,11.220026016235352,15.49094295501709,14.26049518585205,10.377715110778809,15.35704517364502,15.943405151367188,16.50220489501953,16.9440975189209,17.410202026367188,18.590200424194336,4.5680012702941895,6.803247928619385,7.900887489318848,13.645014762878418,9.457162857055664,17.970808029174805,17.638994216918945,0.41035404801368713,3.799276113510132,4.32291316986084,4.73569917678833,5.160599231719971,5.744418621063232,6.127403259277344,6.526163101196289,7.270852088928223,7.774844169616699,8.1224946975708,8.411324501037598,16.150142669677734,16.709238052368164,17.176546096801758,17.820714950561523,18.191606521606445,18.760089874267578,13.000274658203125,-0.12171673774719238
2003-10-01 03:35:00,16.09864044189453,8.278787612915039,14.926264762878418,16.907245635986328,16.35297966003418,15.598936080932617,12.441971778869629,5.787381649017334,8.123451232910156,10.080711364746094,12.505413055419922,14.209775924682617,16.240196228027344,11.150952339172363,11.941254615783691,12.990259170532227,17.182300567626953,17.702444076538086,6.596487998962402,5.1335625648498535,5.646620750427246,8.997875213623047,10.013275146484375,11.21973991394043,15.490726470947266,14.26048755645752,10.377198219299316,15.356794357299805,15.94301986694336,16.501840591430664,16.943775177001953,17.41019630432129,18.590137481689453,4.567695140838623,6.8028717041015625,7.900536060333252,13.644989967346191,9.456646919250488,17.970518112182617,17.638723373413086,0.40936458110809326,3.7987732887268066,4.321730613708496,4.734745502471924,5.159667015075684,5.7435622215271,6.1265482902526855,6.525388240814209,7.270135402679443,7.774135112762451,8.121903419494629,8.410650253295898,16.149999618530273,16.708860397338867,17.17635154724121,17.820472717285156,18.19139862060547,18.760068893432617,12.999846458435059,-0.1227714866399765
2003-10-01 03:36:00,16.09852409362793,8.278470039367676,14.92602252960205,16.90706443786621,16.352869033813477,15.598807334899902,12.441716194152832,5.786608695983887,8.123286247253418,10.080560684204102,12.505162239074707,14.20949649810791,16.239990234375,11.150751113891602,11.940929412841797,12.99013614654541,17.18214225769043,17.70229148864746,6.596419811248779,5.133073329925537,5.646140098571777,8.997551918029785,10.012960433959961,11.219457626342773,15.49051284790039,14.260480880737305,10.376689910888672,15.356547355651855,15.94264030456543,16.501480102539062,16.943456649780273,17.410192489624023,18.590072631835938,4.567386150360107,6.802501678466797,7.900191783905029,13.644966125488281,9.456137657165527,17.970232009887695,17.63845443725586,0.4083951711654663,3.798266649246216,4.320555686950684,4.733813762664795,5.158751010894775,5.742722034454346,6.125714302062988,6.52462911605835,7.269431114196777,7.773435115814209,8.121316909790039,8.409985542297363,16.149860382080078,16.708486557006836,17.176164627075195,17.820232391357422,18.191144943237305,18.760101318359375,12.99942398071289,-0.12379556894302368
2003-10-01 03:37:00,16.098411560058594,8.278162956237793,14.925786972045898,16.906885147094727,16.352760314941406,15.59868049621582,12.441468238830566,5.7858500480651855,8.123122215270996,10.080414772033691,12.504916191101074,14.209221839904785,16.239788055419922,11.150555610656738,11.9406099319458,12.990015029907227,17.181987762451172,17.70214080810547,6.596353054046631,5.1325883865356445,5.64565896987915,8.997230529785156,10.012649536132812,11.219179153442383,15.490301132202148,14.260473251342773,10.376193046569824,15.356306076049805,15.942266464233398,16.501121520996094,16.94314193725586,17.410186767578125,18.590011596679688,4.567076206207275,6.802137851715088,7.8998541831970215,13.644943237304688,9.455634117126465,17.969951629638672,17.63819122314453,0.4074433445930481,3.7977535724639893,4.319389820098877,4.732904434204102,5.157851696014404,5.741898059844971,6.124899387359619,6.523885250091553,7.268738746643066,7.7727437019348145,8.120737075805664,8.409330368041992,16.14972496032715,16.708118438720703,17.175983428955078,17.81999397277832,18.19095802307129,18.760074615478516,12.999007225036621,-0.12479246407747269
2003-10-01 03:38:00,16.098299026489258,8.27785873413086,14.925551414489746,16.906709671020508,16.3526554107666,15.598554611206055,12.441224098205566,5.785107612609863,8.12295913696289,10.08027172088623,12.504673957824707,14.208953857421875,16.239587783813477,11.150364875793457,11.940295219421387,12.989895820617676,17.181835174560547,17.701993942260742,6.596286773681641,5.132106781005859,5.645179271697998,8.996912002563477,10.012343406677246,11.218905448913574,15.490093231201172,14.260465621948242,10.37570571899414,15.35606861114502,15.941895484924316,16.500764846801758,16.942838668823242,17.410158157348633,18.589950561523438,4.566765785217285,6.8017802238464355,7.899522304534912,13.64492130279541,9.45513916015625,17.969675064086914,17.63793182373047,0.40650346875190735,3.7972402572631836,4.318238258361816,4.7320170402526855,5.1569695472717285,5.741090297698975,6.12410306930542,6.523155689239502,7.268056392669678,7.772059917449951,8.120162963867188,8.408685684204102,16.14958953857422,16.7077579498291,17.17580795288086,17.819761276245117,18.190725326538086,18.76009750366211,12.998598098754883,-0.12576857209205627
2003-10-01 03:39:00,16.098186492919922,8.277544975280762,14.925313949584961,16.906536102294922,16.352550506591797,15.598430633544922,12.440979957580566,5.784387588500977,8.122798919677734,10.08012866973877,12.504434585571289,14.20868968963623,16.239391326904297,11.150176048278809,11.939985275268555,12.989777565002441,17.181682586669922,17.701847076416016,6.596221923828125,5.131626605987549,5.644702911376953,8.996594429016113,10.012041091918945,11.218635559082031,15.489887237548828,14.260458946228027,10.375231742858887,15.355831146240234,15.9415283203125,16.500411987304688,16.942537307739258,17.41014289855957,18.589889526367188,4.5664567947387695,6.80142879486084,7.899194717407227,13.64490032196045,9.454651832580566,17.96940040588379,17.637672424316406,0.40557295083999634,3.7967302799224854,4.317103862762451,4.731150150299072,5.156106472015381,5.740297317504883,6.123324394226074,6.5224385261535645,7.267383098602295,7.771383762359619,8.119597434997559,8.408052444458008,16.149456024169922,16.7074031829834,17.175640106201172,17.819530487060547,18.190549850463867,18.76006317138672,12.99819278717041,-0.12672671675682068
2003-10-01 03:40:00,16.09807777404785,8.277223587036133,14.925074577331543,16.90636444091797,16.352447509765625,15.598307609558105,12.440735816955566,5.783681392669678,8.122638702392578,10.079985618591309,12.50419807434082,14.208430290222168,16.23919677734375,11.149984359741211,11.939680099487305,12.989660263061523,17.181533813476562,17.70170021057129,6.596157550811768,5.131143569946289,5.644231796264648,8.996274948120117,10.011743545532227,11.218369483947754,15.489681243896484,14.260452270507812,10.374776840209961,15.355586051940918,15.941165924072266,16.500062942504883,16.94223976135254,17.410127639770508,18.58983039855957,4.566152095794678,6.801083087921143,7.898873805999756,13.644879341125488,9.454174041748047,17.96912956237793,17.637414932250977,0.4046512842178345,3.7962262630462646,4.315989017486572,4.730304718017578,5.155262470245361,5.739517688751221,6.122561931610107,6.521732807159424,7.266717433929443,7.7707133293151855,8.119040489196777,8.407430648803711,16.149324417114258,16.70705223083496,17.175474166870117,17.819305419921875,18.190326690673828,18.76007843017578,12.997791290283203,-0.12766768038272858
2003-10-01 03:41:00,16.09796905517578,8.27690315246582,14.92483901977539,16.906192779541016,16.352344512939453,15.598185539245605,12.4404935836792,5.782984733581543,8.122480392456055,10.079845428466797,12.503965377807617,14.208172798156738,16.239004135131836,11.149789810180664,11.93937873840332,12.989543914794922,17.181385040283203,17.701557159423828,6.596093654632568,5.130659580230713,5.643767356872559,8.995955467224121,10.011449813842773,11.218106269836426,15.489477157592773,14.260445594787598,10.374334335327148,15.355338096618652,15.94080924987793,16.499717712402344,16.94194984436035,17.41010093688965,18.589771270751953,4.565849304199219,6.800743579864502,7.898558139801025,13.644858360290527,9.45370864868164,17.968860626220703,17.63715934753418,0.40373867750167847,3.7957301139831543,4.3148956298828125,4.729480266571045,5.1544342041015625,5.738750457763672,6.121815204620361,6.521037578582764,7.266059875488281,7.770051002502441,8.118494033813477,8.406821250915527,16.149194717407227,16.706708908081055,17.175312042236328,17.81908416748047,18.190109252929688,18.760089874267578,12.997393608093262,-0.12859143316745758
2003-10-01 03:42:00,16.097862243652344,8.276590347290039,14.92461109161377,16.90602684020996,16.352245330810547,15.598066329956055,12.440258979797363,5.782298564910889,8.122323989868164,10.079710006713867,12.503735542297363,14.20792007446289,16.238813400268555,11.149593353271484,11.939082145690918,12.98943042755127,17.18124008178711,17.701416015625,6.596031188964844,5.130176067352295,5.643311023712158,8.995637893676758,10.011161804199219,11.217846870422363,15.489274024963379,14.2604398727417,10.373902320861816,15.355090141296387,15.940460205078125,16.499374389648438,16.941659927368164,17.41008758544922,18.589712142944336,4.565548419952393,6.80040979385376,7.898247241973877,13.6448392868042,9.453253746032715,17.96860122680664,17.63690757751465,0.4028357267379761,3.79524302482605,4.31382417678833,4.728675365447998,5.153619766235352,5.7379961013793945,6.121082305908203,6.520352363586426,7.265410423278809,7.769397258758545,8.117958068847656,8.406224250793457,16.149070739746094,16.706375122070312,17.175148010253906,17.818866729736328,18.18992805480957,18.760066986083984,12.997001647949219,-0.12949764728546143
2003-10-01 03:43:00,16.097755432128906,8.276280403137207,14.924386978149414,16.905860900878906,16.35214614868164,15.597947120666504,12.440028190612793,5.781622409820557,8.122169494628906,10.07957649230957,12.503509521484375,14.207672119140625,16.23862648010254,11.149394035339355,11.938789367675781,12.989317893981934,17.18109703063965,17.701276779174805,6.595970153808594,5.129695415496826,5.642862319946289,8.995322227478027,10.01087760925293,11.217591285705566,15.489073753356934,14.260433197021484,10.373476028442383,15.354842185974121,15.940117835998535,16.49903106689453,16.941377639770508,17.410062789916992,18.58965492248535,4.565248489379883,6.800081253051758,7.897939682006836,13.644820213317871,9.45280933380127,17.968347549438477,17.636659622192383,0.4019430875778198,3.7947652339935303,4.312775135040283,4.727888107299805,5.1528191566467285,5.7372541427612305,6.120362281799316,6.519676208496094,7.264769554138184,7.768751621246338,8.117433547973633,8.405640602111816,16.148948669433594,16.7060489654541,17.174972534179688,17.81865692138672,18.189720153808594,18.760074615478516,12.996614456176758,-0.13038599491119385
2003-10-01 03:44:00,16.097652435302734,8.275971412658691,14.924159049987793,16.905696868896484,16.352048873901367,15.597829818725586,12.439797401428223,5.780953884124756,8.122016906738281,10.07944393157959,12.503286361694336,14.207427978515625,16.238439559936523,11.14919376373291,11.93850040435791,12.989206314086914,17.180953979492188,17.70113754272461,6.595910549163818,5.129218578338623,5.642421245574951,8.99500846862793,10.010598182678223,11.217338562011719,15.488875389099121,14.260427474975586,10.373054504394531,15.354596138000488,15.939779281616211,16.49869155883789,16.941097259521484,17.410043716430664,18.589597702026367,4.564949989318848,6.799759864807129,7.897633075714111,13.644801139831543,9.452373504638672,17.96809959411621,17.636415481567383,0.4010615050792694,3.7942962646484375,4.3117475509643555,4.727116584777832,5.152031898498535,5.73652458190918,6.119654655456543,6.519008636474609,7.264137268066406,7.7681145668029785,8.116921424865723,8.405069351196289,16.148828506469727,16.705730438232422,17.17479133605957,17.818450927734375,18.189537048339844,18.760055541992188,12.996232986450195,-0.13125598430633545
2003-10-01 03:45:00,16.09754753112793,8.275663375854492,14.92392349243164,16.905532836914062,16.351953506469727,15.5977144241333,12.439566612243652,5.780290603637695,8.121865272521973,10.079310417175293,12.50306510925293,14.207188606262207,16.23825454711914,11.148992538452148,11.938215255737305,12.989095687866211,17.180814743041992,17.701000213623047,6.595851898193359,5.128746509552002,5.6419878005981445,8.994697570800781,10.010322570800781,11.217089653015137,15.488678932189941,14.260420799255371,10.372635841369629,15.354351997375488,15.939444541931152,16.498355865478516,16.940797805786133,17.41008186340332,18.589540481567383,4.564652919769287,6.799444198608398,7.8973259925842285,13.644783020019531,9.451946258544922,17.967853546142578,17.636173248291016,0.4001913070678711,3.793835401535034,4.310740947723389,4.726358890533447,5.1512579917907715,5.735806465148926,6.11895751953125,6.518350124359131,7.263514041900635,7.767486095428467,8.11642837524414,8.404495239257812,16.148710250854492,16.705415725708008,17.17460823059082,17.818248748779297,18.189334869384766,18.760055541992188,12.995856285095215,-0.13210761547088623
2003-10-01 03:46:00,16.09744644165039,8.275360107421875,14.923686027526855,16.90536880493164,16.351858139038086,15.597599029541016,12.439338684082031,5.779633045196533,8.121715545654297,10.079179763793945,12.502847671508789,14.206953048706055,16.238073348999023,11.148792266845703,11.937932968139648,12.988986015319824,17.180675506591797,17.70086669921875,6.595794200897217,5.1282806396484375,5.6415605545043945,8.994390487670898,10.010050773620605,11.216842651367188,15.488485336303711,14.260415077209473,10.372220039367676,15.354109764099121,15.93911361694336,16.498022079467773,16.94053077697754,17.41006088256836,18.58948516845703,4.564357280731201,6.799133777618408,7.897018909454346,13.644765853881836,9.451526641845703,17.96761131286621,17.635936737060547,0.39933252334594727,3.7933831214904785,4.309753894805908,4.725614547729492,5.150496959686279,5.7350993156433105,6.118271350860596,6.517699718475342,7.262899398803711,7.7668681144714355,8.115952491760254,8.403914451599121,16.148595809936523,16.705106735229492,17.174423217773438,17.81804847717285,18.189136505126953,18.760051727294922,12.995485305786133,-0.13294121623039246
2003-10-01 03:47:00,16.09734535217285,8.275064468383789,14.923454284667969,16.905208587646484,16.351764678955078,15.597485542297363,12.439117431640625,5.7789835929870605,8.12156867980957,10.079052925109863,12.50263500213623,14.206722259521484,16.237892150878906,11.148592948913574,11.937653541564941,12.98887825012207,17.180538177490234,17.700733184814453,6.595737934112549,5.1278204917907715,5.641139984130859,8.994088172912598,10.009782791137695,11.21660041809082,15.488292694091797,14.260409355163574,10.371808052062988,15.353870391845703,15.938787460327148,16.497692108154297,16.940202713012695,17.410188674926758,18.58942985534668,4.5640645027160645,6.798828601837158,7.896712303161621,13.64474868774414,9.451111793518066,17.96737289428711,17.635700225830078,0.39848530292510986,3.7929394245147705,4.308785915374756,4.724884510040283,5.149747848510742,5.734402179718018,6.1175947189331055,6.5170578956604,7.262296199798584,7.766262054443359,8.115488052368164,8.403335571289062,16.148483276367188,16.704801559448242,17.174238204956055,17.817852020263672,18.188945770263672,18.760047912597656,12.995119094848633,-0.13375693559646606
2003-10-01 03:48:00,16.097246170043945,8.274773597717285,14.923223495483398,16.90505027770996,16.351673126220703,15.597373962402344,12.438899993896484,5.7783427238464355,8.12142276763916,10.078927993774414,12.502424240112305,14.206494331359863,16.237714767456055,11.148397445678711,11.93737506866455,12.98877239227295,17.180404663085938,17.70060157775879,6.5956830978393555,5.127366542816162,5.640726089477539,8.993790626525879,10.009519577026367,11.216361045837402,15.488101959228516,14.260403633117676,10.3714017868042,15.35363483428955,15.938465118408203,16.497364044189453,16.93994903564453,17.41016387939453,18.58937644958496,4.563774108886719,6.798529148101807,7.896403789520264,13.644731521606445,9.450703620910645,17.967138290405273,17.635467529296875,0.39764970541000366,3.792503833770752,4.307836055755615,4.724166393280029,5.149011135101318,5.733715057373047,6.116927623748779,6.516425609588623,7.261710166931152,7.7656707763671875,8.115018844604492,8.402761459350586,16.148372650146484,16.704498291015625,17.174057006835938,17.81766128540039,18.188737869262695,18.760061264038086,12.994758605957031,-0.13455496728420258
2003-10-01 03:49:00,16.097148895263672,8.27448558807373,14.922993659973145,16.90489387512207,16.351581573486328,15.59726333618164,12.438684463500977,5.777709007263184,8.121278762817383,10.078803062438965,12.502216339111328,14.206268310546875,16.237537384033203,11.14820384979248,11.937097549438477,12.988666534423828,17.18027114868164,17.700471878051758,6.59562873840332,5.126919269561768,5.640318393707275,8.993496894836426,10.009259223937988,11.21612548828125,15.487914085388184,14.260397911071777,10.37099838256836,15.353401184082031,15.938146591186523,16.497041702270508,16.939674377441406,17.410194396972656,18.58932113647461,4.563486576080322,6.798234462738037,7.896094799041748,13.644715309143066,9.450300216674805,17.96690559387207,17.635234832763672,0.39682573080062866,3.7920761108398438,4.306903839111328,4.723459243774414,5.148284912109375,5.733037948608398,6.116271018981934,6.515807151794434,7.261141300201416,7.765089988708496,8.114541053771973,8.402195930480957,16.14826202392578,16.70419692993164,17.173877716064453,17.81747055053711,18.188554763793945,18.76004981994629,12.994402885437012,-0.13533565402030945
2003-10-01 03:50:00,16.0970516204834,8.274197578430176,14.922761917114258,16.90473747253418,16.351490020751953,15.59715461730957,12.438468933105469,5.7770819664001465,8.121136665344238,10.078678131103516,12.502010345458984,14.206046104431152,16.237361907958984,11.1480131149292,11.936821937561035,12.98856258392334,17.180139541625977,17.700342178344727,6.59557580947876,5.12647819519043,5.639915943145752,8.993206977844238,10.009001731872559,11.21589183807373,15.487728118896484,14.260392189025879,10.370598793029785,15.353170394897461,15.93783187866211,16.496723175048828,16.939430236816406,17.410165786743164,18.58926773071289,4.563201904296875,6.797943115234375,7.895786285400391,13.644699096679688,9.449902534484863,17.9666748046875,17.635005950927734,0.3960133194923401,3.791656255722046,4.305992126464844,4.722758769989014,5.147567272186279,5.732369422912598,6.115625381469727,6.51520299911499,7.260581970214844,7.764518737792969,8.114055633544922,8.401640892028809,16.14815330505371,16.703899383544922,17.173702239990234,17.81728172302246,18.188352584838867,18.76006317138672,12.99405288696289,-0.13609933853149414
2003-10-01 03:51:00,16.096954345703125,8.273914337158203,14.922534942626953,16.904582977294922,16.35140037536621,15.597046852111816,12.438257217407227,5.77646017074585,8.12099552154541,10.0785551071167,12.501810073852539,14.205822944641113,16.23719024658203,11.14782428741455,11.93654727935791,12.988458633422852,17.180007934570312,17.700214385986328,6.595523357391357,5.126043319702148,5.639518737792969,8.992921829223633,10.008748054504395,11.21566104888916,15.487543106079102,14.26038646697998,10.370203971862793,15.352944374084473,15.937518119812012,16.496410369873047,16.939186096191406,17.410144805908203,18.589216232299805,4.562920570373535,6.79764986038208,7.895479679107666,13.644683837890625,9.449509620666504,17.966445922851562,17.634777069091797,0.3952126204967499,3.7912447452545166,4.305098056793213,4.722065448760986,5.146865367889404,5.731710910797119,6.114991664886475,6.514612197875977,7.260031700134277,7.763955593109131,8.113565444946289,8.401095390319824,16.148042678833008,16.703601837158203,17.173526763916016,17.817096710205078,18.18817901611328,18.760047912597656,12.993706703186035,-0.1368461400270462
2003-10-01 03:52:00,16.09685707092285,8.273638725280762,14.922314643859863,16.90443229675293,16.3513126373291,15.596940994262695,12.4380521774292,5.7758469581604,8.120856285095215,10.078435897827148,12.501619338989258,14.205597877502441,16.237018585205078,11.147637367248535,11.936274528503418,12.988357543945312,17.17987823486328,17.700088500976562,6.5954718589782715,5.125614643096924,5.639127254486084,8.99264144897461,10.008498191833496,11.215435981750488,15.487360954284668,14.260381698608398,10.3698148727417,15.35272216796875,15.93720531463623,16.496103286743164,16.93895149230957,17.410114288330078,18.589162826538086,4.5626420974731445,6.797354221343994,7.895175933837891,13.644668579101562,9.449121475219727,17.96622085571289,17.634552001953125,0.394416481256485,3.7908413410186768,4.304219722747803,4.721383571624756,5.146185398101807,5.7310566902160645,6.1143717765808105,6.514035701751709,7.259488582611084,7.763399600982666,8.113075256347656,8.40056324005127,16.147932052612305,16.703310012817383,17.173355102539062,17.816913604736328,18.187990188598633,18.760053634643555,12.993364334106445,-0.13752520084381104
2003-10-01 03:53:00,16.096759796142578,8.273366928100586,14.922099113464355,16.904281616210938,16.351226806640625,15.596837043762207,12.437851905822754,5.775242805480957,8.120719909667969,10.07831859588623,12.501432418823242,14.205371856689453,16.236848831176758,11.147452354431152,11.936004638671875,12.988256454467773,17.17974853515625,17.699962615966797,6.59542179107666,5.125192165374756,5.638740539550781,8.992365837097168,10.008252143859863,11.215215682983398,15.487180709838867,14.2603759765625,10.36943244934082,15.352502822875977,15.936895370483398,16.495798110961914,16.938720703125,17.410079956054688,18.589111328125,4.5623674392700195,6.797056674957275,7.894876003265381,13.6446533203125,9.448738098144531,17.965999603271484,17.63433074951172,0.3936174213886261,3.7904460430145264,4.303358554840088,4.720727443695068,5.145495414733887,5.730404853820801,6.113767147064209,6.513479709625244,7.258937835693359,7.7628493309021,8.112585067749023,8.400040626525879,16.147815704345703,16.703022003173828,17.173187255859375,17.816734313964844,18.187803268432617,18.760059356689453,12.993025779724121,-0.13821043074131012
2003-10-01 03:54:00,16.096664428710938,8.27309799194336,14.92188549041748,16.90413475036621,16.35114097595215,15.596735000610352,12.437652587890625,5.774645805358887,8.120584487915039,10.078202247619629,12.501246452331543,14.205144882202148,16.23668098449707,11.147269248962402,11.935736656188965,12.988157272338867,17.179622650146484,17.699838638305664,6.595372200012207,5.124775409698486,5.638359546661377,8.992094039916992,10.008009910583496,11.214999198913574,15.487004280090332,14.260371208190918,10.369053840637207,15.352286338806152,15.936589241027832,16.49549674987793,16.938495635986328,17.41004180908203,18.589061737060547,4.5620951652526855,6.796759128570557,7.894579887390137,13.644639015197754,9.448359489440918,17.96578025817871,17.634111404418945,0.39282098412513733,3.790060043334961,4.302515983581543,4.720087051391602,5.144791603088379,5.729760646820068,6.113180637359619,6.512939929962158,7.258379936218262,7.762303352355957,8.11209774017334,8.399528503417969,16.1476993560791,16.702735900878906,17.173019409179688,17.816558837890625,18.187644958496094,18.760040283203125,12.992691040039062,-0.13888756930828094
2003-10-01 03:55:00,16.096567153930664,8.272829055786133,14.921671867370605,16.90398597717285,16.351057052612305,15.596632957458496,12.437455177307129,5.774055480957031,8.120450973510742,10.078084945678711,12.501060485839844,14.204916954040527,16.23651123046875,11.147086143493652,11.935470581054688,12.988059043884277,17.17949676513672,17.699716567993164,6.595323085784912,5.124364376068115,5.637983322143555,8.991825103759766,10.007771492004395,11.214786529541016,15.486830711364746,14.260366439819336,10.368680000305176,15.352072715759277,15.936285972595215,16.495201110839844,16.938251495361328,17.41005516052246,18.58901023864746,4.561826229095459,6.796461582183838,7.894288063049316,13.644623756408691,9.447986602783203,17.965560913085938,17.633892059326172,0.39202946424484253,3.7896831035614014,4.30169153213501,4.71945333480835,5.144086837768555,5.729125499725342,6.112612247467041,6.5124125480651855,7.257815837860107,7.76176118850708,8.111614227294922,8.399024963378906,16.1475830078125,16.702455520629883,17.172855377197266,17.81638526916504,18.18744468688965,18.760061264038086,12.992359161376953,-0.1395547240972519
2003-10-01 03:56:00,16.096471786499023,8.272563934326172,14.921463966369629,16.903841018676758,16.350975036621094,15.596532821655273,12.437259674072266,5.773470878601074,8.120318412780762,10.077969551086426,12.500874519348145,14.204689979553223,16.236343383789062,11.146905899047852,11.93520736694336,12.987960815429688,17.179370880126953,17.699594497680664,6.595274925231934,5.123959064483643,5.6376118659973145,8.991560935974121,10.007536888122559,11.21457576751709,15.486659049987793,14.260360717773438,10.368310928344727,15.351861000061035,15.93598747253418,16.494909286499023,16.937978744506836,17.41013526916504,18.588960647583008,4.56156063079834,6.796165466308594,7.89400053024292,13.644610404968262,9.44761848449707,17.96534538269043,17.633676528930664,0.3912445902824402,3.7893147468566895,4.300881862640381,4.718824863433838,5.143383026123047,5.728501319885254,6.112061023712158,6.511893272399902,7.257248878479004,7.761223316192627,8.111137390136719,8.398529052734375,16.14746856689453,16.702177047729492,17.172693252563477,17.816213607788086,18.187294006347656,18.76003646850586,12.992029190063477,-0.1402105689048767
2003-10-01 03:57:00,16.096376419067383,8.272306442260742,14.921262741088867,16.90369415283203,16.350893020629883,15.596433639526367,12.437070846557617,5.772894382476807,8.120187759399414,10.07785701751709,12.500690460205078,14.204463958740234,16.23617935180664,11.14672565460205,11.934946060180664,12.98786449432373,17.179248809814453,17.699474334716797,6.5952277183532715,5.123559474945068,5.637245178222656,8.991300582885742,10.007305145263672,11.214367866516113,15.486489295959473,14.260355949401855,10.36794662475586,15.351653099060059,15.93569278717041,16.494619369506836,16.937746047973633,17.410137176513672,18.588911056518555,4.56129789352417,6.795871734619141,7.8937177658081055,13.644596099853516,9.44725513458252,17.965133666992188,17.633466720581055,0.39046746492385864,3.7889537811279297,4.300085067749023,4.71820592880249,5.142676830291748,5.727889537811279,6.111534595489502,6.511372089385986,7.256680965423584,7.760691165924072,8.110665321350098,8.398039817810059,16.147357940673828,16.701904296875,17.172534942626953,17.816041946411133,18.187084197998047,18.76007652282715,12.991703033447266,-0.14085440337657928
2003-10-01 03:58:00,16.096281051635742,8.272052764892578,14.921065330505371,16.90355110168457,16.350814819335938,15.596334457397461,12.436885833740234,5.7723259925842285,8.120058059692383,10.077746391296387,12.500506401062012,14.204240798950195,16.23601531982422,11.146547317504883,11.934687614440918,12.987770080566406,17.179126739501953,17.699356079101562,6.595181465148926,5.123165130615234,5.636883735656738,8.991044998168945,10.007078170776367,11.21416187286377,15.486322402954102,14.260351181030273,10.36758804321289,15.351448059082031,15.93540096282959,16.494333267211914,16.937538146972656,17.410091400146484,18.588863372802734,4.561038494110107,6.79557991027832,7.893439769744873,13.644582748413086,9.44689655303955,17.96492576599121,17.633258819580078,0.3896986246109009,3.7885990142822266,4.299300670623779,4.717593669891357,5.141976833343506,5.727293968200684,6.111032009124756,6.510840892791748,7.256114959716797,7.7601637840271,8.110200881958008,8.397558212280273,16.147247314453125,16.701635360717773,17.172378540039062,17.815868377685547,18.18692398071289,18.76007080078125,12.991379737854004,-0.14148598909378052
2003-10-01 03:59:00,16.096187591552734,8.271800994873047,14.920869827270508,16.903406143188477,16.350736618041992,15.596237182617188,12.436702728271484,5.771765232086182,8.1199312210083,10.07763671875,12.500322341918945,14.204018592834473,16.23585319519043,11.146370887756348,11.934432029724121,12.987675666809082,17.179006576538086,17.699237823486328,6.59513521194458,5.122776031494141,5.636527061462402,8.990792274475098,10.006853103637695,11.213957786560059,15.486157417297363,14.260347366333008,10.367233276367188,15.351244926452637,15.935098648071289,16.494060516357422,16.937314987182617,17.410083770751953,18.588815689086914,4.560781955718994,6.795291423797607,7.8931660652160645,13.644569396972656,9.446542739868164,17.964717864990234,17.633054733276367,0.38893818855285645,3.7882497310638428,4.298527717590332,4.716987609863281,5.141290187835693,5.726716041564941,6.110544204711914,6.510300159454346,7.255552768707275,7.759641170501709,8.109742164611816,8.397083282470703,16.147138595581055,16.70136833190918,17.172225952148438,17.815696716308594,18.186792373657227,18.760038375854492,12.991059303283691,-0.14210540056228638
2003-10-01 04:00:00,16.096094131469727,8.271550178527832,14.920674324035645,16.903261184692383,16.35066032409668,15.59614086151123,12.436518669128418,5.771210193634033,8.119805335998535,10.077526092529297,12.500140190124512,14.203798294067383,16.23569107055664,11.146195411682129,11.934178352355957,12.987582206726074,17.17888832092285,17.699121475219727,6.595089912414551,5.122392654418945,5.63617467880249,8.9905424118042,10.006629943847656,11.213754653930664,15.485994338989258,14.260342597961426,10.366881370544434,15.351041793823242,15.934795379638672,16.493797302246094,16.937063217163086,17.41014289855957,18.588768005371094,4.56052827835083,6.7950053215026855,7.8928961753845215,13.644556999206543,9.44619369506836,17.96451187133789,17.63285255432129,0.3881860375404358,3.787905216217041,4.297764778137207,4.716390609741211,5.140620231628418,5.726153373718262,6.11006498336792,6.509751319885254,7.2549967765808105,7.759122848510742,8.109291076660156,8.396615028381348,16.147029876708984,16.701107025146484,17.172077178955078,17.81553077697754,18.186635971069336,18.760038375854492,12.990742683410645,-0.14271298050880432
2003-10-01 04:01:00,16.09600257873535,8.271303176879883,14.920482635498047,16.903118133544922,16.350584030151367,15.59604549407959,12.436338424682617,5.770660877227783,8.119680404663086,10.077417373657227,12.499958992004395,14.203580856323242,16.235532760620117,11.146020889282227,11.933927536010742,12.987489700317383,17.178770065307617,17.699005126953125,6.595045566558838,5.122014045715332,5.63582706451416,8.99029541015625,10.006409645080566,11.21355152130127,15.485833168029785,14.260337829589844,10.366533279418945,15.350838661193848,15.93449592590332,16.493541717529297,16.936847686767578,17.410127639770508,18.588720321655273,4.560276985168457,6.794723033905029,7.892629623413086,13.64454460144043,9.445849418640137,17.96430778503418,17.632654190063477,0.3874419331550598,3.7875654697418213,4.2970123291015625,4.715804100036621,5.139967441558838,5.725605010986328,6.109589099884033,6.509195327758789,7.254447937011719,7.758610248565674,8.108847618103027,8.396151542663574,16.146923065185547,16.700847625732422,17.17193031311035,17.81536293029785,18.186479568481445,18.760026931762695,12.99042797088623,-0.143309086561203
2003-10-01 04:02:00,16.095909118652344,8.271061897277832,14.920297622680664,16.902976989746094,16.350509643554688,15.59595012664795,12.436162948608398,5.770118713378906,8.11955738067627,10.077312469482422,12.49977970123291,14.203365325927734,16.235374450683594,11.145848274230957,11.93367862701416,12.987398147583008,17.178653717041016,17.698890686035156,6.595002174377441,5.121640682220459,5.635484218597412,8.990052223205566,10.006190299987793,11.213351249694824,15.485672950744629,14.260334014892578,10.366189002990723,15.350638389587402,15.934203147888184,16.49329376220703,16.93665313720703,17.410070419311523,18.588674545288086,4.560029029846191,6.7944440841674805,7.892367839813232,13.644532203674316,9.44550895690918,17.964107513427734,17.632457733154297,0.3867056965827942,3.7872300148010254,4.296271800994873,4.715231418609619,5.139329433441162,5.72506856918335,6.109112739562988,6.5086350440979,7.253908157348633,7.758102893829346,8.108410835266113,8.3956937789917,16.146818161010742,16.700593948364258,17.17178726196289,17.815196990966797,18.186296463012695,18.760047912597656,12.990118026733398,-0.14389406144618988
2003-10-01 04:03:00,16.0958194732666,8.270824432373047,14.920114517211914,16.9028377532959,16.35043716430664,15.595855712890625,12.435990333557129,5.769584655761719,8.11943531036377,10.077207565307617,12.499602317810059,14.203152656555176,16.235218048095703,11.14567756652832,11.933433532714844,12.987308502197266,17.178537368774414,17.69877815246582,6.594961643218994,5.12127161026001,5.635145664215088,8.989810943603516,10.005973815917969,11.213152885437012,15.485514640808105,14.260329246520996,10.36584758758545,15.35044002532959,15.933917999267578,16.493053436279297,16.936439514160156,17.410051345825195,18.5886287689209,4.559783935546875,6.794168472290039,7.892108917236328,13.644519805908203,9.445171356201172,17.963911056518555,17.63226318359375,0.38597726821899414,3.7868998050689697,4.295544147491455,4.714671611785889,5.138705730438232,5.724544525146484,6.108628749847412,6.5080718994140625,7.253377914428711,7.757601737976074,8.107982635498047,8.39523696899414,16.14671516418457,16.70034408569336,17.171646118164062,17.815031051635742,18.186172485351562,18.7600154876709,12.9898099899292,-0.14446812868118286
2003-10-01 04:04:00,16.095727920532227,8.270588874816895,14.919933319091797,16.902698516845703,16.350366592407227,15.595760345458984,12.435819625854492,5.769057273864746,8.119315147399902,10.077104568481445,12.49942684173584,14.202942848205566,16.235063552856445,11.145508766174316,11.93319034576416,12.987218856811523,17.178424835205078,17.698665618896484,6.594923496246338,5.120907783508301,5.634811878204346,8.989571571350098,10.005759239196777,11.212955474853516,15.485359191894531,14.26032543182373,10.365509986877441,15.350244522094727,15.93364143371582,16.492820739746094,16.936172485351562,17.410137176513672,18.58858299255371,4.559541702270508,6.793896198272705,7.8918538093566895,13.64450740814209,9.444838523864746,17.963714599609375,17.632070541381836,0.38525673747062683,3.7865750789642334,4.294829368591309,4.71412467956543,5.138096332550049,5.724035263061523,6.108126640319824,6.507509231567383,7.252856731414795,7.757106304168701,8.107562065124512,8.394783020019531,16.14661407470703,16.700098037719727,17.171506881713867,17.814865112304688,18.18595314025879,18.76007843017578,12.989506721496582,-0.1450314223766327
2003-10-01 04:05:00,16.095638275146484,8.270353317260742,14.91975212097168,16.90256118774414,16.350296020507812,15.59566593170166,12.435647964477539,5.768535137176514,8.119196891784668,10.077000617980957,12.499253273010254,14.20273494720459,16.234909057617188,11.145340919494629,11.932950019836426,12.987131118774414,17.178312301635742,17.69855499267578,6.594887733459473,5.120548248291016,5.634482383728027,8.989335060119629,10.005545616149902,11.212759017944336,15.485203742980957,14.260320663452148,10.365175247192383,15.350052833557129,15.933374404907227,16.49259376525879,16.935972213745117,17.41007423400879,18.588537216186523,4.559301376342773,6.7936272621154785,7.891600608825684,13.644495964050293,9.444509506225586,17.963520050048828,17.63187599182129,0.3845441937446594,3.7862563133239746,4.294129371643066,4.713590621948242,5.137500286102295,5.723535060882568,6.107607364654541,6.506949424743652,7.252345085144043,7.756616115570068,8.107148170471191,8.394330978393555,16.146512985229492,16.699853897094727,17.171369552612305,17.814701080322266,18.18584442138672,18.76004409790039,12.989206314086914,-0.14558400213718414
2003-10-01 04:06:00,16.095550537109375,8.270121574401855,14.919573783874512,16.902423858642578,16.3502254486084,15.595571517944336,12.435479164123535,5.7680182456970215,8.11907958984375,10.076897621154785,12.499080657958984,14.202528953552246,16.234756469726562,11.14517593383789,11.932711601257324,12.987043380737305,17.178199768066406,17.69844627380371,6.594853401184082,5.1201934814453125,5.634157180786133,8.989100456237793,10.00533390045166,11.212565422058105,15.485050201416016,14.260316848754883,10.364845275878906,15.34986400604248,15.933116912841797,16.492368698120117,16.935752868652344,17.41004753112793,18.58849334716797,4.5590643882751465,6.793361186981201,7.891350746154785,13.644484519958496,9.444184303283691,17.963327407836914,17.631683349609375,0.3838402032852173,3.7859458923339844,4.293457984924316,4.7130513191223145,5.136916160583496,5.723039150238037,6.107074737548828,6.506394863128662,7.251842021942139,7.756131649017334,8.10673999786377,8.39388370513916,16.146413803100586,16.699613571166992,17.171234130859375,17.814542770385742,18.185739517211914,18.760000228881836,12.988906860351562,-0.1461256742477417
2003-10-01 04:07:00,16.095462799072266,8.269896507263184,14.919401168823242,16.90229034423828,16.350156784057617,15.595477104187012,12.435315132141113,5.767508506774902,8.118963241577148,10.076798439025879,12.498910903930664,14.202326774597168,16.23460578918457,11.145011901855469,11.932476043701172,12.986956596374512,17.178089141845703,17.69833755493164,6.594820976257324,5.11984395980835,5.633836269378662,8.98886775970459,10.005125045776367,11.212373733520508,15.484898567199707,14.260313034057617,10.364520072937012,15.349681854248047,15.932868957519531,16.492145538330078,16.93548583984375,17.410125732421875,18.588449478149414,4.5588297843933105,6.793098449707031,7.891103267669678,13.6444730758667,9.443862915039062,17.963136672973633,17.631492614746094,0.3831462264060974,3.7856478691101074,4.292811870574951,4.712501525878906,5.136342525482178,5.722545146942139,6.106531620025635,6.505847454071045,7.251348972320557,7.755652904510498,8.106338500976562,8.393441200256348,16.146316528320312,16.699377059936523,17.171100616455078,17.81438636779785,18.18553352355957,18.760059356689453,12.988611221313477,-0.14665547013282776
2003-10-01 04:08:00,16.095375061035156,8.269673347473145,14.919230461120605,16.902156829833984,16.3500919342041,15.595382690429688,12.43515396118164,5.767005443572998,8.11884880065918,10.076700210571289,12.498743057250977,14.202126502990723,16.23445701599121,11.14484977722168,11.932242393493652,12.986870765686035,17.177980422973633,17.698230743408203,6.594789981842041,5.1194987297058105,5.633519649505615,8.988637924194336,10.00491714477539,11.212183952331543,15.484747886657715,14.260309219360352,10.364201545715332,15.349503517150879,15.932626724243164,16.49192237854004,16.935285568237305,17.410062789916992,18.58840560913086,4.558597564697266,6.7928385734558105,7.8908586502075195,13.644462585449219,9.4435453414917,17.962947845458984,17.631303787231445,0.3824640214443207,3.7853610515594482,4.292181968688965,4.711944103240967,5.135777473449707,5.722050666809082,6.105981349945068,6.505309104919434,7.250868797302246,7.755175590515137,8.105940818786621,8.393004417419434,16.14621925354004,16.69914436340332,17.170969009399414,17.81422996520996,18.1854305267334,18.7600154876709,12.98831844329834,-0.1471722424030304
2003-10-01 04:09:00,16.09528923034668,8.269452095031738,14.919060707092285,16.90202522277832,16.350025177001953,15.59528923034668,12.434993743896484,5.76650857925415,8.118735313415527,10.0766019821167,12.498577117919922,14.201930046081543,16.23430824279785,11.144689559936523,11.932012557983398,12.986784934997559,17.177873611450195,17.698123931884766,6.594760417938232,5.1191582679748535,5.633206844329834,8.988409042358398,10.004711151123047,11.211996078491211,15.484599113464355,14.260305404663086,10.363887786865234,15.349328994750977,15.93238639831543,16.491701126098633,16.935020446777344,17.410137176513672,18.588361740112305,4.55836820602417,6.792582035064697,7.890616416931152,13.644451141357422,9.443232536315918,17.962759017944336,17.631114959716797,0.3817943036556244,3.7850821018218994,4.291562557220459,4.711381435394287,5.1352219581604,5.721553325653076,6.105426788330078,6.504781246185303,7.250400066375732,7.75469970703125,8.105549812316895,8.392571449279785,16.1461238861084,16.698915481567383,17.17083740234375,17.8140811920166,18.185245513916016,18.760051727294922,12.988028526306152,-0.14767570793628693
2003-10-01 04:10:00,16.095203399658203,8.269231796264648,14.918891906738281,16.901893615722656,16.349960327148438,15.595195770263672,12.434832572937012,5.766016960144043,8.118622779846191,10.07650375366211,12.498412132263184,14.20173454284668,16.234163284301758,11.144529342651367,11.931784629821777,12.986698150634766,17.177764892578125,17.69801902770996,6.59473180770874,5.1188225746154785,5.632898330688477,8.98818302154541,10.004507064819336,11.211809158325195,15.484451293945312,14.260300636291504,10.363578796386719,15.349159240722656,15.932144165039062,16.491479873657227,16.9348087310791,17.41010856628418,18.588319778442383,4.558141231536865,6.792327880859375,7.89037561416626,13.644440650939941,9.442924499511719,17.96257209777832,17.63092803955078,0.3811366558074951,3.7848081588745117,4.290948867797852,4.710816383361816,5.134679317474365,5.721049785614014,6.10487174987793,6.504263877868652,7.249938488006592,7.754225730895996,8.105164527893066,8.392144203186035,16.14603042602539,16.698686599731445,17.17070770263672,17.813932418823242,18.185148239135742,18.760007858276367,12.987740516662598,-0.14816638827323914
2003-10-01 04:11:00,16.095117568969727,8.269014358520508,14.91872501373291,16.901763916015625,16.349895477294922,15.59510326385498,12.434674263000488,5.765530109405518,8.118512153625488,10.076407432556152,12.498249053955078,14.201541900634766,16.23401641845703,11.144371032714844,11.931558609008789,12.986612319946289,17.177658081054688,17.69791603088379,6.5947041511535645,5.118491172790527,5.632593631744385,8.987958908081055,10.004305839538574,11.211625099182129,15.484305381774902,14.260297775268555,10.363276481628418,15.348993301391602,15.931900024414062,16.491262435913086,16.93461799621582,17.4100399017334,18.58827781677246,4.55791711807251,6.792076110839844,7.890137672424316,13.644430160522461,9.442621231079102,17.962387084960938,17.6307430267334,0.3804900348186493,3.784536838531494,4.290339946746826,4.7102532386779785,5.134141445159912,5.720541000366211,6.104318618774414,6.503757953643799,7.24948263168335,7.753754138946533,8.104784965515137,8.391722679138184,16.145936965942383,16.698461532592773,17.170578002929688,17.813783645629883,18.18496322631836,18.76004981994629,12.987455368041992,-0.1486452966928482
2003-10-01 04:12:00,16.095033645629883,8.268802642822266,14.918562889099121,16.901636123657227,16.349834442138672,15.595010757446289,12.43451976776123,5.765049934387207,8.118402481079102,10.076313018798828,12.498088836669922,14.2013521194458,16.23387336730957,11.144214630126953,11.93133544921875,12.986526489257812,17.17755126953125,17.697811126708984,6.594677925109863,5.1181640625,5.6322922706604,8.987736701965332,10.004105567932129,11.211442947387695,15.484160423278809,14.260293960571289,10.3629789352417,15.34882926940918,15.931655883789062,16.491044998168945,16.934358596801758,17.410112380981445,18.588233947753906,4.557695388793945,6.791827201843262,7.889901638031006,13.644420623779297,9.442322731018066,17.962203979492188,17.63056182861328,0.3798530697822571,3.784266948699951,4.289735317230225,4.709691524505615,5.133604526519775,5.720027446746826,6.103771209716797,6.503262519836426,7.249032020568848,7.753285884857178,8.104412078857422,8.391307830810547,16.145845413208008,16.698240280151367,17.170452117919922,17.81363868713379,18.184858322143555,18.760013580322266,12.987174034118652,-0.14911361038684845
2003-10-01 04:13:00,16.094951629638672,8.268593788146973,14.918402671813965,16.901508331298828,16.34977149963379,15.594919204711914,12.434368133544922,5.764576435089111,8.118293762207031,10.076220512390137,12.497929573059082,14.201165199279785,16.233732223510742,11.144058227539062,11.931114196777344,12.986441612243652,17.177444458007812,17.697708129882812,6.59465217590332,5.117837429046631,5.631994724273682,8.987517356872559,10.003908157348633,11.211262702941895,15.484017372131348,14.260290145874023,10.362687110900879,15.348668098449707,15.931413650512695,16.490829467773438,16.934152603149414,17.410085678100586,18.588191986083984,4.557478427886963,6.791580677032471,7.8896684646606445,13.644410133361816,9.442028999328613,17.962024688720703,17.630382537841797,0.3792245090007782,3.7839982509613037,4.2891340255737305,4.709131240844727,5.1330671310424805,5.719511985778809,6.103230953216553,6.502777099609375,7.248585224151611,7.752821445465088,8.104046821594238,8.390897750854492,16.145755767822266,16.698020935058594,17.170326232910156,17.813495635986328,18.184715270996094,18.760021209716797,12.986894607543945,-0.14957240223884583
2003-10-01 04:14:00,16.09486961364746,8.268386840820312,14.918243408203125,16.901384353637695,16.34971046447754,15.594827651977539,12.434216499328613,5.764109134674072,8.118186950683594,10.076128005981445,12.497772216796875,14.200981140136719,16.233591079711914,11.143902778625488,11.930895805358887,12.986356735229492,17.177339553833008,17.697607040405273,6.5946269035339355,5.117510795593262,5.631701469421387,8.987299919128418,10.003711700439453,11.211084365844727,15.483875274658203,14.260286331176758,10.362399101257324,15.348508834838867,15.931171417236328,16.490615844726562,16.933948516845703,17.410057067871094,18.588151931762695,4.557264804840088,6.791337013244629,7.889437198638916,13.644400596618652,9.441740036010742,17.961843490600586,17.630205154418945,0.37860333919525146,3.7837300300598145,4.288536071777344,4.708571434020996,5.132529258728027,5.718995094299316,6.1026997566223145,6.50230073928833,7.248141765594482,7.7523603439331055,8.10368824005127,8.390494346618652,16.14566993713379,16.697799682617188,17.170202255249023,17.8133544921875,18.184547424316406,18.760055541992188,12.986618995666504,-0.15002256631851196
2003-10-01 04:15:00,16.09478759765625,8.268179893493652,14.918084144592285,16.90125846862793,16.349651336669922,15.59473705291748,12.434065818786621,5.763646602630615,8.118081092834473,10.076035499572754,12.497615814208984,14.200799942016602,16.23345184326172,11.143747329711914,11.930679321289062,12.986272811889648,17.177234649658203,17.6975040435791,6.594602584838867,5.117185115814209,5.631412506103516,8.98708438873291,10.003518104553223,11.210907936096191,15.483735084533691,14.260282516479492,10.362114906311035,15.348349571228027,15.930931091308594,16.49040412902832,16.933704376220703,17.410120010375977,18.588109970092773,4.557054042816162,6.79109525680542,7.88920783996582,13.644391059875488,9.441455841064453,17.9616641998291,17.630027770996094,0.3779885172843933,3.7834622859954834,4.28794002532959,4.708011627197266,5.131992816925049,5.718478679656982,6.102178573608398,6.501832485198975,7.247701168060303,7.751903533935547,8.103336334228516,8.390095710754395,16.145584106445312,16.69757843017578,17.170082092285156,17.813215255737305,18.184459686279297,18.760007858276367,12.986347198486328,-0.1504649966955185
2003-10-01 04:16:00,16.094707489013672,8.267975807189941,14.917927742004395,16.90113639831543,16.349592208862305,15.594646453857422,12.433916091918945,5.763188362121582,8.117976188659668,10.075943946838379,12.497461318969727,14.2006196975708,16.233314514160156,11.143592834472656,11.930465698242188,12.986188888549805,17.1771297454834,17.697402954101562,6.594578742980957,5.116860866546631,5.631128311157227,8.986870765686035,10.003326416015625,11.210733413696289,15.483595848083496,14.260279655456543,10.361834526062012,15.348193168640137,15.930691719055176,16.490192413330078,16.93352508544922,17.410057067871094,18.58806800842285,4.556845664978027,6.790855884552002,7.888980388641357,13.644381523132324,9.441176414489746,17.961484909057617,17.629854202270508,0.377378910779953,3.7831945419311523,4.287346363067627,4.707452297210693,5.131458759307861,5.7179646492004395,6.101667404174805,6.501370906829834,7.2472639083862305,7.751451015472412,8.102991104125977,8.389702796936035,16.145498275756836,16.697357177734375,17.169965744018555,17.813079833984375,18.184314727783203,18.760013580322266,12.986077308654785,-0.15090055763721466
2003-10-01 04:17:00,16.094627380371094,8.267776489257812,14.91777515411377,16.90101432800293,16.349533081054688,15.59455680847168,12.433770179748535,5.762730598449707,8.117876052856445,10.075854301452637,12.497308731079102,14.200443267822266,16.233179092407227,11.143439292907715,11.930253028869629,12.986105918884277,17.177026748657227,17.697301864624023,6.594555377960205,5.1165385246276855,5.630849361419678,8.986659049987793,10.00313663482666,11.21056079864502,15.483458518981934,14.260275840759277,10.361557960510254,15.348037719726562,15.930455207824707,16.4899845123291,16.933286666870117,17.410120010375977,18.58802604675293,4.556638717651367,6.790618896484375,7.888755798339844,13.64437198638916,9.440900802612305,17.9613094329834,17.629682540893555,0.3767737150192261,3.7829270362854004,4.286755084991455,4.706894874572754,5.1309285163879395,5.7174530029296875,6.101166248321533,6.500916004180908,7.246830463409424,7.751004219055176,8.102653503417969,8.389315605163574,16.14541244506836,16.6971378326416,17.169851303100586,17.812946319580078,18.184162139892578,18.76003074645996,12.985811233520508,-0.15132996439933777
2003-10-01 04:18:00,16.094547271728516,8.267580032348633,14.917624473571777,16.900894165039062,16.349475860595703,15.594468116760254,12.433624267578125,5.762264251708984,8.117782592773438,10.075766563415527,12.497159004211426,14.200267791748047,16.233043670654297,11.143285751342773,11.930044174194336,12.98602294921875,17.176925659179688,17.697202682495117,6.5945329666137695,5.116219520568848,5.630580425262451,8.986451148986816,10.002948760986328,11.210390090942383,15.483322143554688,14.260272979736328,10.361284255981445,15.347884178161621,15.930222511291504,16.489774703979492,16.93309783935547,17.41008949279785,18.58798599243164,4.556433200836182,6.790395736694336,7.888533115386963,13.644363403320312,9.440629959106445,17.961135864257812,17.6295108795166,0.37617212533950806,3.7826597690582275,4.286165237426758,4.706338405609131,5.130388259887695,5.716945648193359,6.100675106048584,6.500466823577881,7.246401309967041,7.7505621910095215,8.102322578430176,8.388934135437012,16.145328521728516,16.69692039489746,17.169742584228516,17.812816619873047,18.184019088745117,18.760040283203125,12.98554801940918,-0.15175382792949677
2003-10-01 04:19:00,16.09446907043457,8.26738452911377,14.917474746704102,16.900775909423828,16.34941864013672,15.594379425048828,12.433479309082031,5.7617902755737305,8.117692947387695,10.075677871704102,12.497011184692383,14.200096130371094,16.23291015625,11.143133163452148,11.92983627319336,12.985941886901855,17.17682456970215,17.69710350036621,6.594510555267334,5.115904808044434,5.630319595336914,8.986244201660156,10.002762794494629,11.210221290588379,15.483186721801758,14.260269165039062,10.361014366149902,15.347732543945312,15.929993629455566,16.48956871032715,16.93290901184082,17.41006088256836,18.58794593811035,4.556230068206787,6.790188312530518,7.888311386108398,13.644353866577148,9.440361976623535,17.960962295532227,17.62934112548828,0.3755735754966736,3.7823925018310547,4.285577297210693,4.705779552459717,5.129846096038818,5.716443061828613,6.100193500518799,6.5000224113464355,7.245976448059082,7.750125408172607,8.101998329162598,8.388557434082031,16.145244598388672,16.696704864501953,17.169635772705078,17.81268882751465,18.183874130249023,18.760047912597656,12.985286712646484,-0.15217265486717224
2003-10-01 04:20:00,16.094392776489258,8.267189979553223,14.917325019836426,16.900657653808594,16.349361419677734,15.594292640686035,12.433334350585938,5.761310577392578,8.117608070373535,10.07558822631836,12.496864318847656,14.199925422668457,16.232778549194336,11.14298152923584,11.929630279541016,12.985859870910645,17.17672348022461,17.697004318237305,6.594488620758057,5.115595817565918,5.630064487457275,8.986039161682129,10.002578735351562,11.210054397583008,15.483053207397461,14.260266304016113,10.360745429992676,15.34758186340332,15.929767608642578,16.489360809326172,16.93268394470215,17.410114288330078,18.58790397644043,4.556028842926025,6.789991855621338,7.88809061050415,13.6443452835083,9.44009780883789,17.960790634155273,17.629173278808594,0.3749774992465973,3.782125473022461,4.284990310668945,4.705219745635986,5.129312038421631,5.715945243835449,6.099720478057861,6.499582767486572,7.245555877685547,7.749693393707275,8.101680755615234,8.388184547424316,16.145160675048828,16.696489334106445,17.169530868530273,17.812559127807617,18.183788299560547,18.760000228881836,12.985028266906738,-0.15258684754371643
2003-10-01 04:21:00,16.094318389892578,8.266998291015625,14.917177200317383,16.900541305541992,16.349302291870117,15.594205856323242,12.433189392089844,5.760827541351318,8.117525100708008,10.075499534606934,12.496719360351562,14.199756622314453,16.232648849487305,11.142830848693848,11.929427146911621,12.98577880859375,17.176624298095703,17.69690704345703,6.5944671630859375,5.115292072296143,5.629813194274902,8.98583698272705,10.002397537231445,11.20988941192627,15.48292064666748,14.260262489318848,10.360480308532715,15.347434043884277,15.929544448852539,16.489152908325195,16.93251609802246,17.410051345825195,18.58786392211914,4.555830001831055,6.789803504943848,7.8878703117370605,13.644336700439453,9.439837455749512,17.96061897277832,17.629005432128906,0.3743835389614105,3.781857967376709,4.2844038009643555,4.704662322998047,5.128790378570557,5.715453147888184,6.0992560386657715,6.499147891998291,7.245140552520752,7.749266624450684,8.10136890411377,8.387816429138184,16.145076751708984,16.696277618408203,17.169429779052734,17.812437057495117,18.18364715576172,18.76000213623047,12.984772682189941,-0.1529967337846756
2003-10-01 04:22:00,16.0942440032959,8.26681137084961,14.917033195495605,16.900426864624023,16.349245071411133,15.594120025634766,12.433049201965332,5.760344505310059,8.11744499206543,10.07541275024414,12.496576309204102,14.199589729309082,16.232519149780273,11.142681121826172,11.929224967956543,12.985698699951172,17.17652702331543,17.696809768676758,6.594445705413818,5.114993095397949,5.629565238952637,8.985636711120605,10.002217292785645,11.209726333618164,15.482789993286133,14.260259628295898,10.360218048095703,15.34728717803955,15.929323196411133,16.488948822021484,16.932294845581055,17.410106658935547,18.58782386779785,4.555634021759033,6.789621829986572,7.887650966644287,13.644328117370605,9.439579963684082,17.960451126098633,17.628841400146484,0.37379133701324463,3.7815909385681152,4.283819198608398,4.704110622406006,5.128280162811279,5.714967250823975,6.098799228668213,6.498717308044434,7.244730472564697,7.74884557723999,8.101062774658203,8.387453079223633,16.144994735717773,16.696069717407227,17.169328689575195,17.81231689453125,18.18351173400879,18.76000213623047,12.984518051147461,-0.15340256690979004
2003-10-01 04:23:00,16.09417152404785,8.266626358032227,14.916892051696777,16.900312423706055,16.349185943603516,15.594035148620605,12.432909965515137,5.759861946105957,8.117366790771484,10.075325965881348,12.496434211730957,14.19942569732666,16.232391357421875,11.142532348632812,11.929025650024414,12.98561954498291,17.176429748535156,17.696714401245117,6.594425201416016,5.114698886871338,5.62932014465332,8.98543930053711,10.002039909362793,11.209565162658691,15.482660293579102,14.26025676727295,10.359959602355957,15.347143173217773,15.92910385131836,16.488744735717773,16.932119369506836,17.41007423400879,18.587785720825195,4.555440425872803,6.789444923400879,7.88743257522583,13.644319534301758,9.439325332641602,17.960285186767578,17.628679275512695,0.3732013702392578,3.7813289165496826,4.283232688903809,4.703566074371338,5.127780437469482,5.714486598968506,6.098349094390869,6.498291492462158,7.244326114654541,7.748430252075195,8.100762367248535,8.387094497680664,16.144914627075195,16.695863723754883,17.169231414794922,17.812196731567383,18.18337631225586,18.76000213623047,12.984265327453613,-0.15380412340164185
2003-10-01 04:24:00,16.094100952148438,8.266443252563477,14.91675090789795,16.90019989013672,16.349124908447266,15.593950271606445,12.432771682739258,5.7593817710876465,8.117290496826172,10.075240135192871,12.496294975280762,14.199262619018555,16.23226547241211,11.14238452911377,11.928827285766602,12.985541343688965,17.176332473754883,17.696619033813477,6.594404697418213,5.114408493041992,5.6290764808654785,8.985243797302246,10.001863479614258,11.209405899047852,15.482532501220703,14.26025390625,10.359703063964844,15.347000122070312,15.928886413574219,16.488540649414062,16.931903839111328,17.410125732421875,18.587745666503906,4.5552496910095215,6.789271831512451,7.887215614318848,13.644311904907227,9.439074516296387,17.960119247436523,17.62851905822754,0.37261489033699036,3.7810707092285156,4.282643795013428,4.703030586242676,5.127290725708008,5.714012145996094,6.097906112670898,6.497869491577148,7.243927478790283,7.748020172119141,8.10046672821045,8.386738777160645,16.14483642578125,16.69565773010254,17.16913414001465,17.812076568603516,18.183244705200195,18.760000228881836,12.984014511108398,-0.15420056879520416
2003-10-01 04:25:00,16.094030380249023,8.266260147094727,14.916609764099121,16.900087356567383,16.34906578063965,15.593867301940918,12.432633399963379,5.758903503417969,8.117216110229492,10.075153350830078,12.496155738830566,14.199101448059082,16.232139587402344,11.142237663269043,11.928630828857422,12.98546314239502,17.176237106323242,17.696523666381836,6.59438419342041,5.114121437072754,5.628834247589111,8.985051155090332,10.001689910888672,11.209248542785645,15.482410430908203,14.260250091552734,10.359448432922363,15.346858978271484,15.928669929504395,16.488338470458984,16.931737899780273,17.41008949279785,18.58770751953125,4.555061340332031,6.789101600646973,7.88700008392334,13.644303321838379,9.438826560974121,17.9599552154541,17.628358840942383,0.3720319867134094,3.780813455581665,4.282055377960205,4.702505111694336,5.126809120178223,5.713542938232422,6.097469329833984,6.497452259063721,7.243534564971924,7.747614860534668,8.100176811218262,8.386387825012207,16.144760131835938,16.695451736450195,17.16904067993164,17.81195831298828,18.18311309814453,18.760000228881836,12.983766555786133,-0.1545918881893158
2003-10-01 04:26:00,16.093961715698242,8.26607894897461,14.916471481323242,16.89997673034668,16.3490047454834,15.593785285949707,12.432496070861816,5.758427619934082,8.117142677307129,10.075067520141602,12.496018409729004,14.198942184448242,16.23201560974121,11.142091751098633,11.928436279296875,12.985384941101074,17.1761417388916,17.696430206298828,6.594364166259766,5.113837242126465,5.628593921661377,8.984859466552734,10.001517295837402,11.209092140197754,15.482297897338867,14.260246276855469,10.359196662902832,15.346717834472656,15.928455352783203,16.48813819885254,16.93157196044922,17.410057067871094,18.58766746520996,4.554875373840332,6.788933753967285,7.886785984039307,13.644295692443848,9.438581466674805,17.959793090820312,17.62820053100586,0.37145233154296875,3.7805566787719727,4.281469345092773,4.701990604400635,5.1263346672058105,5.713079929351807,6.0970377922058105,6.497039318084717,7.243147850036621,7.7472147941589355,8.09989070892334,8.386039733886719,16.144683837890625,16.695247650146484,17.168949127197266,17.811838150024414,18.182985305786133,18.760000228881836,12.9835205078125,-0.154978409409523
2003-10-01 04:27:00,16.093891143798828,8.265901565551758,14.916336059570312,16.89986801147461,16.34894371032715,15.593704223632812,12.43236255645752,5.757957935333252,8.117070198059082,10.074983596801758,12.49588394165039,14.198784828186035,16.23189353942871,11.141947746276855,11.928243637084961,12.985308647155762,17.176048278808594,17.696338653564453,6.594344615936279,5.113556385040283,5.628355026245117,8.984671592712402,10.001346588134766,11.208937644958496,15.482193946838379,14.260242462158203,10.358948707580566,15.346579551696777,15.928242683410645,16.487937927246094,16.93136978149414,17.410097122192383,18.587629318237305,4.554691314697266,6.7887678146362305,7.886573791503906,13.644288063049316,9.438339233398438,17.95963478088379,17.62804412841797,0.3708755671977997,3.7803008556365967,4.28088903427124,4.701487064361572,5.125866413116455,5.712622165679932,6.096612453460693,6.496631622314453,7.242766380310059,7.746819972991943,8.099609375,8.385695457458496,16.144607543945312,16.695045471191406,17.16885757446289,17.811721801757812,18.18279457092285,18.76006317138672,12.983277320861816,-0.15536034107208252
2003-10-01 04:28:00,16.09382438659668,8.265718460083008,14.916202545166016,16.89975929260254,16.34888458251953,15.593624114990234,12.432230949401855,5.757498264312744,8.116998672485352,10.07490062713623,12.495749473571777,14.198629379272461,16.23177146911621,11.141803741455078,11.928051948547363,12.98523235321045,17.175954818725586,17.696247100830078,6.594325065612793,5.113277435302734,5.628118515014648,8.984485626220703,10.001178741455078,11.208786010742188,15.482094764709473,14.260239601135254,10.358702659606934,15.346442222595215,15.928031921386719,16.487741470336914,16.931203842163086,17.410066604614258,18.58759117126465,4.55450963973999,6.788603782653809,7.886363506317139,13.644279479980469,9.43809986114502,17.95948028564453,17.627887725830078,0.3703017234802246,3.7800469398498535,4.280315399169922,4.700993537902832,5.125403881072998,5.712169647216797,6.096192836761475,6.496228218078613,7.242391109466553,7.746430397033691,8.099332809448242,8.385353088378906,16.144533157348633,16.694849014282227,17.16876220703125,17.81160545349121,18.18267250061035,18.760061264038086,12.983036994934082,-0.15573780238628387
2003-10-01 04:29:00,16.0937557220459,8.265531539916992,14.916069984436035,16.8996524810791,16.34882354736328,15.593544006347656,12.432100296020508,5.757046699523926,8.116927146911621,10.074817657470703,12.495616912841797,14.19847583770752,16.231651306152344,11.141661643981934,11.927863121032715,12.985157012939453,17.17586326599121,17.696155548095703,6.594305515289307,5.113000869750977,5.627884864807129,8.984301567077637,10.001011848449707,11.208635330200195,15.481999397277832,14.260236740112305,10.35845947265625,15.346306800842285,15.92782211303711,16.487545013427734,16.931007385253906,17.41010284423828,18.587553024291992,4.5543293952941895,6.788441181182861,7.886155128479004,13.644272804260254,9.437861442565918,17.95932960510254,17.62773323059082,0.36973094940185547,3.7797958850860596,4.279748916625977,4.700509548187256,5.124946594238281,5.711721897125244,6.095777988433838,6.495830059051514,7.242021560668945,7.746045112609863,8.099059104919434,8.385011672973633,16.144458770751953,16.69465446472168,17.168663024902344,17.811492919921875,18.182554244995117,18.760059356689453,12.982803344726562,-0.1561107039451599
2003-10-01 04:30:00,16.09368896484375,8.265340805053711,14.915937423706055,16.899545669555664,16.34876251220703,15.593465805053711,12.431970596313477,5.7565999031066895,8.116857528686523,10.074735641479492,12.49548625946045,14.198323249816895,16.23153305053711,11.141521453857422,11.927675247192383,12.985081672668457,17.175771713256836,17.696063995361328,6.5942864418029785,5.112728118896484,5.627653121948242,8.984118461608887,10.000846862792969,11.20848560333252,15.481907844543457,14.260233879089355,10.3582181930542,15.346171379089355,15.92761516571045,16.487350463867188,16.93084716796875,17.410070419311523,18.587514877319336,4.5541510581970215,6.788280010223389,7.885948657989502,13.644265174865723,9.4376220703125,17.95918083190918,17.627580642700195,0.3691635727882385,3.779547929763794,4.279190540313721,4.700033664703369,5.124494552612305,5.71127986907959,6.0953688621521,6.495436668395996,7.24165678024292,7.745664119720459,8.098788261413574,8.384679794311523,16.144386291503906,16.6944637298584,17.168560028076172,17.811382293701172,18.182435989379883,18.760053634643555,12.982576370239258,-0.1564788967370987
2003-10-01 04:31:00,16.0936222076416,8.265151977539062,14.915806770324707,16.899438858032227,16.348703384399414,15.593387603759766,12.431840896606445,5.7561564445495605,8.116787910461426,10.074653625488281,12.495355606079102,14.198172569274902,16.231414794921875,11.14138126373291,11.927488327026367,12.985007286071777,17.17568016052246,17.695974349975586,6.594267845153809,5.1124587059021,5.62742280960083,8.983938217163086,10.000683784484863,11.208337783813477,15.481817245483398,14.260231018066406,10.357975959777832,15.346037864685059,15.927410125732422,16.48715591430664,16.93065643310547,17.41010284423828,18.587478637695312,4.553974628448486,6.788120269775391,7.885744094848633,13.644257545471191,9.437381744384766,17.959035873413086,17.627429962158203,0.3686000108718872,3.779303789138794,4.278640270233154,4.6995649337768555,5.12404727935791,5.710842609405518,6.094964981079102,6.4950480461120605,7.241297721862793,7.7452874183654785,8.098522186279297,8.384354591369629,16.144311904907227,16.694272994995117,17.168455123901367,17.81127166748047,18.182302474975586,18.76006317138672,12.982355117797852,-0.1568421721458435
2003-10-01 04:32:00,16.093557357788086,8.26496410369873,14.915679931640625,16.899335861206055,16.348642349243164,15.593310356140137,12.43171501159668,5.755716800689697,8.116719245910645,10.074573516845703,12.495226860046387,14.198022842407227,16.231298446655273,11.141242980957031,11.9273042678833,12.984933853149414,17.17559242248535,17.695886611938477,6.5942487716674805,5.112192630767822,5.627193927764893,8.983760833740234,10.00052261352539,11.208191871643066,15.481727600097656,14.260228157043457,10.357733726501465,15.345906257629395,15.927206039428711,16.48696517944336,16.93050193786621,17.41006851196289,18.587440490722656,4.553800106048584,6.787961483001709,7.885541915893555,13.644250869750977,9.437142372131348,17.958892822265625,17.62727928161621,0.36804071068763733,3.7790632247924805,4.278098106384277,4.699103832244873,5.123605251312256,5.710410118103027,6.094566822052002,6.494664669036865,7.240943431854248,7.74491548538208,8.098260879516602,8.384035110473633,16.144241333007812,16.694087982177734,17.168346405029297,17.8111629486084,18.182188034057617,18.760055541992188,12.982138633728027,-0.15720027685165405
2003-10-01 04:33:00,16.093490600585938,8.264779090881348,14.91555404663086,16.899232864379883,16.348583221435547,15.593234062194824,12.431591033935547,5.755281448364258,8.11665153503418,10.074495315551758,12.495099067687988,14.197876930236816,16.231184005737305,11.141106605529785,11.92712116241455,12.98486042022705,17.17550277709961,17.695798873901367,6.594230651855469,5.111929416656494,5.626967430114746,8.9835844039917,10.000362396240234,11.208046913146973,15.48163890838623,14.260226249694824,10.357488632202148,15.345775604248047,15.927003860473633,16.486774444580078,16.93031883239746,17.410099029541016,18.587404251098633,4.5536274909973145,6.78780460357666,7.885342121124268,13.644243240356445,9.436903953552246,17.958751678466797,17.62713623046875,0.3674860894680023,3.7788267135620117,4.27756404876709,4.6986494064331055,5.123168468475342,5.709982395172119,6.094173431396484,6.49428653717041,7.240594387054443,7.7445478439331055,8.098005294799805,8.383720397949219,16.144168853759766,16.69390296936035,17.16823387145996,17.81105613708496,18.18206024169922,18.760061264038086,12.981925964355469,-0.1575530469417572
2003-10-01 04:34:00,16.093425750732422,8.264594078063965,14.91542911529541,16.89912986755371,16.34852409362793,15.593158721923828,12.43146800994873,5.754849910736084,8.116584777832031,10.074416160583496,12.494973182678223,14.197731971740723,16.231069564819336,11.140973091125488,11.926939964294434,12.98478889465332,17.1754150390625,17.695711135864258,6.594212055206299,5.111668586730957,5.626742362976074,8.983409881591797,10.000204086303711,11.207903861999512,15.481550216674805,14.260223388671875,10.357242584228516,15.345646858215332,15.926804542541504,16.486587524414062,16.9301700592041,17.410064697265625,18.58736801147461,4.553456783294678,6.787648677825928,7.8851447105407715,13.64423656463623,9.436667442321777,17.95861053466797,17.62700080871582,0.36693644523620605,3.7785937786102295,4.277037620544434,4.698200702667236,5.12273645401001,5.709559440612793,6.093785762786865,6.493912696838379,7.240250110626221,7.744184494018555,8.097753524780273,8.38340950012207,16.14409828186035,16.69371795654297,17.16811752319336,17.810951232910156,18.18195343017578,18.760051727294922,12.981718063354492,-0.1579003483057022
2003-10-01 04:35:00,16.09336280822754,8.264409065246582,14.915304183959961,16.899028778076172,16.34846305847168,15.593084335327148,12.431344985961914,5.754420757293701,8.116518020629883,10.07433795928955,12.494847297668457,14.197588920593262,16.23095703125,11.140840530395508,11.926759719848633,12.984716415405273,17.175329208374023,17.69562530517578,6.594193935394287,5.111410140991211,5.626519203186035,8.983237266540527,10.00004768371582,11.207761764526367,15.481461524963379,14.260220527648926,10.356996536254883,15.3455171585083,15.92660903930664,16.486400604248047,16.92999267578125,17.41008949279785,18.587331771850586,4.553287506103516,6.78749418258667,7.88494873046875,13.644229888916016,9.436430931091309,17.958471298217773,17.62687110900879,0.36639198660850525,3.7783641815185547,4.276518821716309,4.697757720947266,5.122309684753418,5.709140777587891,6.093403339385986,6.493544101715088,7.239910125732422,7.743825912475586,8.09750747680664,8.383100509643555,16.144025802612305,16.693532943725586,17.168001174926758,17.810842514038086,18.181827545166016,18.760055541992188,12.981513977050781,-0.1582421362400055
2003-10-01 04:36:00,16.093297958374023,8.264225959777832,14.915180206298828,16.898929595947266,16.348403930664062,15.593009948730469,12.43122386932373,5.753994941711426,8.116451263427734,10.074260711669922,12.494722366333008,14.197446823120117,16.230844497680664,11.140710830688477,11.926581382751465,12.984644889831543,17.175241470336914,17.695539474487305,6.594175815582275,5.111154079437256,5.626297473907471,8.98306655883789,9.999892234802246,11.207620620727539,15.48137378692627,14.260218620300293,10.356749534606934,15.345388412475586,15.926421165466309,16.486215591430664,16.929851531982422,17.410053253173828,18.587295532226562,4.553120136260986,6.7873406410217285,7.8847551345825195,13.6442232131958,9.43619441986084,17.958332061767578,17.626747131347656,0.36585280299186707,3.7781379222869873,4.276006698608398,4.697319984436035,5.121888160705566,5.7087273597717285,6.093026161193848,6.493180274963379,7.239575386047363,7.743471145629883,8.097264289855957,8.382794380187988,16.143953323364258,16.693349838256836,17.16788673400879,17.81072998046875,18.18170738220215,18.76005744934082,12.98131275177002,-0.15857841074466705
2003-10-01 04:37:00,16.09323501586914,8.264046669006348,14.915060043334961,16.89883041381836,16.348346710205078,15.592935562133789,12.43110466003418,5.753572940826416,8.116386413574219,10.07418441772461,12.494600296020508,14.197307586669922,16.23073387145996,11.140583038330078,11.92640495300293,12.984574317932129,17.17515754699707,17.69545555114746,6.594157695770264,5.110899925231934,5.626078128814697,8.98289680480957,9.999738693237305,11.207481384277344,15.48128604888916,14.260215759277344,10.3565034866333,15.345261573791504,15.926239013671875,16.486034393310547,16.92967987060547,17.410078048706055,18.587261199951172,4.552954196929932,6.787188529968262,7.884563446044922,13.644216537475586,9.435958862304688,17.958194732666016,17.626625061035156,0.3653189241886139,3.7779150009155273,4.275501251220703,4.696887969970703,5.121471881866455,5.70831823348999,6.092654228210449,6.492821216583252,7.2392449378967285,7.743121147155762,8.097025871276855,8.382491111755371,16.143882751464844,16.69316864013672,17.167774200439453,17.81061363220215,18.18159294128418,18.76005744934082,12.981114387512207,-0.15890921652317047
2003-10-01 04:38:00,16.093170166015625,8.263870239257812,14.914941787719727,16.898731231689453,16.34828758239746,15.592863082885742,12.430988311767578,5.75315523147583,8.116321563720703,10.074109077453613,12.494479179382324,14.197169303894043,16.23062515258789,11.140457153320312,11.926229476928711,12.984504699707031,17.175071716308594,17.695371627807617,6.59414005279541,5.110648155212402,5.625860214233398,8.9827299118042,9.999587059020996,11.207344055175781,15.48119831085205,14.260213851928711,10.356258392333984,15.345135688781738,15.926060676574707,16.48585319519043,16.929508209228516,17.410106658935547,18.58722686767578,4.552789688110352,6.787037372589111,7.884373664855957,13.644209861755371,9.435724258422852,17.958059310913086,17.626506805419922,0.3647903800010681,3.7776949405670166,4.2750020027160645,4.696461200714111,5.121060371398926,5.707913398742676,6.092287540435791,6.492466449737549,7.238919734954834,7.742775917053223,8.096790313720703,8.38218879699707,16.14381217956543,16.692989349365234,17.167667388916016,17.810495376586914,18.181480407714844,18.760055541992188,12.980917930603027,-0.15923462808132172
2003-10-01 04:39:00,16.093109130859375,8.263693809509277,14.914823532104492,16.89863395690918,16.348230361938477,15.592790603637695,12.430871963500977,5.75274133682251,8.116256713867188,10.074034690856934,12.494359016418457,14.197033882141113,16.23051643371582,11.140334129333496,11.926056861877441,12.984435081481934,17.174989700317383,17.695287704467773,6.594122409820557,5.110398292541504,5.625644207000732,8.982563972473145,9.999435424804688,11.207207679748535,15.481111526489258,14.260210990905762,10.3560152053833,15.345011711120605,15.925884246826172,16.485675811767578,16.92937660217285,17.41006088256836,18.58719253540039,4.552626132965088,6.7868876457214355,7.884186267852783,13.644204139709473,9.435489654541016,17.95792579650879,17.626388549804688,0.36426711082458496,3.777477741241455,4.274509429931641,4.69603967666626,5.120654106140137,5.707513809204102,6.091926574707031,6.492116928100586,7.238598346710205,7.742434501647949,8.0965576171875,8.381889343261719,16.143741607666016,16.69281005859375,17.16756248474121,17.81037712097168,18.181371688842773,18.760053634643555,12.980725288391113,-0.15955474972724915
2003-10-01 04:40:00,16.093046188354492,8.263518333435059,14.914704322814941,16.89853858947754,16.34817123413086,15.592719078063965,12.430755615234375,5.752331256866455,8.116192817687988,10.073960304260254,12.494239807128906,14.1968994140625,16.23040771484375,11.140213012695312,11.925884246826172,12.984366416931152,17.174911499023438,17.695205688476562,6.594104766845703,5.110152244567871,5.625428199768066,8.982398986816406,9.999286651611328,11.207072257995605,15.481024742126465,14.260209083557129,10.35577392578125,15.344891548156738,15.925705909729004,16.485498428344727,16.929210662841797,17.410085678100586,18.587158203125,4.552464485168457,6.786738872528076,7.884000778198242,13.644197463989258,9.43525505065918,17.95779037475586,17.626272201538086,0.3637494444847107,3.7772679328918457,4.274018287658691,4.695623397827148,5.12025260925293,5.707118034362793,6.0915703773498535,6.491771221160889,7.238281726837158,7.742096424102783,8.096327781677246,8.381590843200684,16.1436710357666,16.69263458251953,17.16745948791504,17.810256958007812,18.18126678466797,18.76004981994629,12.980533599853516,-0.1598694622516632
2003-10-01 04:41:00,16.09298324584961,8.263345718383789,14.91458797454834,16.898441314697266,16.348114013671875,15.592647552490234,12.430641174316406,5.751924514770508,8.116128921508789,10.07388687133789,12.494121551513672,14.196765899658203,16.230302810668945,11.140093803405762,11.925714492797852,12.984297752380371,17.174840927124023,17.695125579833984,6.594087600708008,5.1099114418029785,5.625210285186768,8.9822359085083,9.999138832092285,11.206937789916992,15.480937957763672,14.260207176208496,10.355534553527832,15.344773292541504,15.925525665283203,16.485319137573242,16.9290828704834,17.4100399017334,18.58712387084961,4.552304744720459,6.786591529846191,7.883816719055176,13.64419174194336,9.435022354125977,17.957658767700195,17.626155853271484,0.36323872208595276,3.7770631313323975,4.273525238037109,4.695213317871094,5.119856357574463,5.706727504730225,6.091218948364258,6.491430282592773,7.237968921661377,7.741762161254883,8.096099853515625,8.381294250488281,16.14360237121582,16.692461013793945,17.167360305786133,17.810136795043945,18.181163787841797,18.760042190551758,12.980344772338867,-0.1601780205965042
2003-10-01 04:42:00,16.09292221069336,8.263175010681152,14.914473533630371,16.898347854614258,16.348058700561523,15.59257698059082,12.430529594421387,5.751522541046143,8.116065979003906,10.073814392089844,12.49400520324707,14.196634292602539,16.23019790649414,11.139976501464844,11.925545692443848,12.984230041503906,17.174774169921875,17.695049285888672,6.5940704345703125,5.109674453735352,5.624990940093994,8.982074737548828,9.998991966247559,11.206805229187012,15.480849266052246,14.260204315185547,10.35529899597168,15.344655990600586,15.925345420837402,16.485143661499023,16.928905487060547,17.41008186340332,18.58708953857422,4.552146911621094,6.786445140838623,7.883634567260742,13.644185066223145,9.43479061126709,17.95752716064453,17.626039505004883,0.3627348244190216,3.7768595218658447,4.2730326652526855,4.694809913635254,5.11946439743042,5.706340789794922,6.0908732414245605,6.49109411239624,7.237660884857178,7.741431713104248,8.095874786376953,8.381000518798828,16.143531799316406,16.692289352416992,17.16726303100586,17.810014724731445,18.181068420410156,18.760032653808594,12.980157852172852,-0.1604805737733841
2003-10-01 04:43:00,16.09286117553711,8.263007164001465,14.914361000061035,16.89825439453125,16.34800148010254,15.592506408691406,12.430418968200684,5.751126289367676,8.11600399017334,10.07374382019043,12.493888854980469,14.196504592895508,16.2301025390625,11.139861106872559,11.92537784576416,12.984163284301758,17.174711227416992,17.69498062133789,6.594053268432617,5.109440803527832,5.624770164489746,8.981915473937988,9.998847007751465,11.20667552947998,15.480754852294922,14.260202407836914,10.355066299438477,15.3445405960083,15.925165176391602,16.484966278076172,16.928773880004883,17.41004180908203,18.58705711364746,4.5519914627075195,6.786300182342529,7.8834547996521,13.644179344177246,9.434560775756836,17.9573974609375,17.625925064086914,0.36223697662353516,3.7766566276550293,4.272541522979736,4.694414138793945,5.119077205657959,5.705958843231201,6.090532302856445,6.490761756896973,7.237356185913086,7.741104602813721,8.095650672912598,8.380709648132324,16.14345932006836,16.692119598388672,17.167165756225586,17.809894561767578,18.18098258972168,18.7600154876709,12.979972839355469,-0.16077765822410583
2003-10-01 04:44:00,16.092802047729492,8.26284122467041,14.914249420166016,16.898170471191406,16.347946166992188,15.592436790466309,12.430309295654297,5.750735282897949,8.115942001342773,10.073673248291016,12.493769645690918,14.196375846862793,16.230009078979492,11.139747619628906,11.925211906433105,12.98409652709961,17.174650192260742,17.694913864135742,6.594036102294922,5.109209060668945,5.624548435211182,8.981757164001465,9.998703956604004,11.206547737121582,15.480656623840332,14.260199546813965,10.354836463928223,15.344426155090332,15.9249849319458,16.484790802001953,16.928613662719727,17.410058975219727,18.587024688720703,4.55183744430542,6.786156177520752,7.883276462554932,13.644173622131348,9.434332847595215,17.95726776123047,17.625808715820312,0.36174434423446655,3.776453971862793,4.2720537185668945,4.694024562835693,5.118693828582764,5.705581188201904,6.090196132659912,6.490433692932129,7.237055778503418,7.740780830383301,8.095429420471191,8.38042163848877,16.143388748168945,16.691953659057617,17.167070388793945,17.809776306152344,18.180849075317383,18.760047912597656,12.979789733886719,-0.1610698401927948
2003-10-01 04:45:00,16.092741012573242,8.262674331665039,14.91413688659668,16.89809226989746,16.347890853881836,15.592367172241211,12.43019962310791,5.7503485679626465,8.115880966186523,10.073601722717285,12.49364948272705,14.196249008178711,16.229917526245117,11.13963508605957,11.925047874450684,12.984030723571777,17.174592971801758,17.69485092163086,6.594019412994385,5.108978748321533,5.624326229095459,8.981600761413574,9.998562812805176,11.2064208984375,15.48055648803711,14.260197639465332,10.354608535766602,15.344311714172363,15.924805641174316,16.484617233276367,16.928442001342773,17.410097122192383,18.586992263793945,4.551685333251953,6.786013126373291,7.883099555969238,13.64416790008545,9.434106826782227,17.957138061523438,17.625690460205078,0.36125630140304565,3.776252269744873,4.27156925201416,4.6936421394348145,5.118314743041992,5.7052083015441895,6.089864730834961,6.490109443664551,7.236758232116699,7.74045991897583,8.095210075378418,8.380138397216797,16.14331817626953,16.691789627075195,17.166976928710938,17.809656143188477,18.1807804107666,18.76001739501953,12.979606628417969,-0.16135753691196442
2003-10-01 04:46:00,16.092681884765625,8.262510299682617,14.914026260375977,16.89801788330078,16.347835540771484,15.59229850769043,12.43009090423584,5.749967098236084,8.115819931030273,10.073532104492188,12.493529319763184,14.196123123168945,16.229829788208008,11.13952350616455,11.924884796142578,12.983964920043945,17.174535751342773,17.694791793823242,6.5940022468566895,5.108749866485596,5.6241044998168945,8.9814453125,9.99842357635498,11.20629596710205,15.480454444885254,14.2601957321167,10.354382514953613,15.344198226928711,15.924626350402832,16.484445571899414,16.928314208984375,17.41005516052246,18.586959838867188,4.551535129547119,6.785871505737305,7.882925033569336,13.64416217803955,9.433882713317871,17.95701026916504,17.625572204589844,0.3607724606990814,3.7760519981384277,4.271089553833008,4.69326639175415,5.1179399490356445,5.70483922958374,6.089538097381592,6.4897894859313965,7.236464500427246,7.740141868591309,8.094993591308594,8.379857063293457,16.143247604370117,16.691627502441406,17.166885375976562,17.809537887573242,18.180673599243164,18.760025024414062,12.979425430297852,-0.16164106130599976
2003-10-01 04:47:00,16.092622756958008,8.262349128723145,14.913918495178223,16.897947311401367,16.347780227661133,15.592230796813965,12.429985046386719,5.7495903968811035,8.11575984954834,10.073463439941406,12.493409156799316,14.195999145507812,16.22974395751953,11.13941478729248,11.924723625183105,12.98390007019043,17.174480438232422,17.694734573364258,6.593985557556152,5.108522415161133,5.62388277053833,8.981292724609375,9.998285293579102,11.206172943115234,15.480352401733398,14.26019287109375,10.354158401489258,15.344086647033691,15.924449920654297,16.48427391052246,16.92816162109375,17.41006851196289,18.58692741394043,4.551385402679443,6.785730838775635,7.882751941680908,13.644156455993652,9.433660507202148,17.956884384155273,17.62545394897461,0.36029258370399475,3.775853395462036,4.2706146240234375,4.692896366119385,5.1175689697265625,5.704474925994873,6.089216232299805,6.48947286605835,7.236173629760742,7.739826679229736,8.094779968261719,8.379579544067383,16.143178939819336,16.69146728515625,17.166793823242188,17.809423446655273,18.180593490600586,18.760009765625,12.97924518585205,-0.16192057728767395
2003-10-01 04:48:00,16.09256362915039,8.262189865112305,14.913809776306152,16.89788055419922,16.347726821899414,15.5921630859375,12.429880142211914,5.7492194175720215,8.115699768066406,10.073395729064941,12.49328899383545,14.195877075195312,16.229660034179688,11.13930606842041,11.92456340789795,12.983835220336914,17.174427032470703,17.694677352905273,6.593968868255615,5.108295440673828,5.62366247177124,8.981141090393066,9.998148918151855,11.206049919128418,15.48025131225586,14.260190963745117,10.353937149047852,15.343975067138672,15.924273490905762,16.484106063842773,16.928010940551758,17.410083770751953,18.586894989013672,4.5512375831604,6.785591125488281,7.882580757141113,13.644150733947754,9.433440208435059,17.956758499145508,17.625335693359375,0.3598165512084961,3.7756569385528564,4.270145416259766,4.692532539367676,5.117202281951904,5.7041144371032715,6.088898181915283,6.489160060882568,7.235886573791504,7.7395148277282715,8.094569206237793,8.379304885864258,16.143112182617188,16.691308975219727,17.16670036315918,17.80931282043457,18.180469512939453,18.76003646850586,12.979065895080566,-0.16219621896743774
2003-10-01 04:49:00,16.092504501342773,8.262032508850098,14.913701057434082,16.89781379699707,16.347673416137695,15.592095375061035,12.429776191711426,5.7488532066345215,8.115639686584473,10.073328971862793,12.493170738220215,14.195756912231445,16.229578018188477,11.139199256896973,11.924405097961426,12.983771324157715,17.174373626708984,17.694622039794922,6.593952655792236,5.108069896697998,5.623442649841309,8.98099136352539,9.998013496398926,11.205927848815918,15.480151176452637,14.260188102722168,10.353719711303711,15.343862533569336,15.924099922180176,16.483938217163086,16.92788314819336,17.41006088256836,18.586864471435547,4.551090240478516,6.785452365875244,7.882411479949951,13.644145965576172,9.433221817016602,17.956632614135742,17.625219345092773,0.35934439301490784,3.7754628658294678,4.269681453704834,4.692174434661865,5.11683988571167,5.703758239746094,6.088584899902344,6.4888505935668945,7.235602378845215,7.739205837249756,8.0943603515625,8.379033088684082,16.14304542541504,16.69115447998047,17.166608810424805,17.809200286865234,18.18038558959961,18.760028839111328,12.978888511657715,-0.1624680459499359
2003-10-01 04:50:00,16.09244728088379,8.261874198913574,14.913592338562012,16.897748947143555,16.347620010375977,15.592028617858887,12.429672241210938,5.7484917640686035,8.115581512451172,10.073261260986328,12.493053436279297,14.195636749267578,16.2294979095459,11.139093399047852,11.924247741699219,12.983708381652832,17.174320220947266,17.694568634033203,6.593935966491699,5.107845306396484,5.62322473526001,8.980842590332031,9.997879981994629,11.205806732177734,15.480052947998047,14.260186195373535,10.35350513458252,15.343749046325684,15.923927307128906,16.483774185180664,16.9277400970459,17.41006851196289,18.586833953857422,4.5509443283081055,6.785315036773682,7.882244110107422,13.644140243530273,9.433006286621094,17.95650863647461,17.62510108947754,0.3588760495185852,3.77527117729187,4.269223213195801,4.691821098327637,5.116481304168701,5.703405857086182,6.088275909423828,6.488544464111328,7.235321044921875,7.738899230957031,8.094154357910156,8.378764152526855,16.14297866821289,16.690998077392578,17.16651725769043,17.80908966064453,18.1802978515625,18.76002311706543,12.97871208190918,-0.16273607313632965
2003-10-01 04:51:00,16.092388153076172,8.26171875,14.913483619689941,16.89768409729004,16.347566604614258,15.591962814331055,12.429569244384766,5.748134136199951,8.115522384643555,10.073195457458496,12.492936134338379,14.195518493652344,16.22941780090332,11.138989448547363,11.924092292785645,12.98364543914795,17.174266815185547,17.694515228271484,6.59391975402832,5.107619762420654,5.6230082511901855,8.980696678161621,9.997746467590332,11.205686569213867,15.47995662689209,14.260184288024902,10.353292465209961,15.343633651733398,15.92375659942627,16.483612060546875,16.927595138549805,17.410079956054688,18.586801528930664,4.55079984664917,6.7851786613464355,7.882078170776367,13.644134521484375,9.432792663574219,17.956384658813477,17.624984741210938,0.3584117293357849,3.7750821113586426,4.268770217895508,4.691473007202148,5.116127014160156,5.703057765960693,6.08797025680542,6.488241672515869,7.235042572021484,7.738595485687256,8.093952178955078,8.378498077392578,16.142911911010742,16.690845489501953,17.166423797607422,17.808982849121094,18.180191040039062,18.760034561157227,12.978536605834961,-0.16300028562545776
2003-10-01 04:52:00,16.09233283996582,8.261566162109375,14.91337776184082,16.897621154785156,16.34751319885254,15.591897010803223,12.429469108581543,5.747780799865723,8.115464210510254,10.073129653930664,12.492820739746094,14.195402145385742,16.229339599609375,11.138885498046875,11.92393684387207,12.983582496643066,17.17421531677246,17.6944637298584,6.593903541564941,5.107393741607666,5.622793674468994,8.980551719665527,9.997614860534668,11.205567359924316,15.47986125946045,14.26018238067627,10.353082656860352,15.34351921081543,15.923587799072266,16.483449935913086,16.927474975585938,17.41005516052246,18.58677101135254,4.550657272338867,6.785043716430664,7.8819146156311035,13.644129753112793,9.432581901550293,17.956262588500977,17.62487030029297,0.35795149207115173,3.774895429611206,4.268322944641113,4.691129684448242,5.115776538848877,5.702713489532471,6.0876688957214355,6.487942218780518,7.234767436981201,7.738295078277588,8.093751907348633,8.378235816955566,16.142847061157227,16.69069480895996,17.166332244873047,17.80887794494629,18.180118560791016,18.76001739501953,12.978363037109375,-0.16326063871383667
2003-10-01 04:53:00,16.092275619506836,8.261415481567383,14.913272857666016,16.897558212280273,16.347461700439453,15.59183120727539,12.429369926452637,5.747432708740234,8.11540699005127,10.073065757751465,12.492706298828125,14.195286750793457,16.229265213012695,11.138782501220703,11.923784255981445,12.983521461486816,17.174161911010742,17.694412231445312,6.5938873291015625,5.107167720794678,5.6225810050964355,8.98040771484375,9.997483253479004,11.205449104309082,15.479766845703125,14.260180473327637,10.352873802185059,15.343404769897461,15.923420906066895,16.483291625976562,16.927339553833008,17.41006088256836,18.586742401123047,4.550515651702881,6.784909248352051,7.881752967834473,13.644124984741211,9.432380676269531,17.95614242553711,17.624757766723633,0.3574954867362976,3.7747113704681396,4.267880439758301,4.690791130065918,5.1154303550720215,5.702373027801514,6.087371349334717,6.487645626068115,7.234495639801025,7.737998008728027,8.093552589416504,8.377961158752441,16.14278221130371,16.69054412841797,17.166240692138672,17.808773040771484,18.180042266845703,18.7600040435791,12.978190422058105,-0.16351713240146637
2003-10-01 04:54:00,16.09221839904785,8.26126480102539,14.913167953491211,16.89749526977539,16.347410202026367,15.591766357421875,12.429271697998047,5.747088432312012,8.115349769592285,10.073001861572266,12.492592811584473,14.195172309875488,16.229188919067383,11.138681411743164,11.923632621765137,12.98345947265625,17.174110412597656,17.694360733032227,6.593871593475342,5.106942176818848,5.622371196746826,8.980265617370605,9.997353553771973,11.205331802368164,15.479674339294434,14.260178565979004,10.352666854858398,15.343290328979492,15.923255920410156,16.483135223388672,16.927196502685547,17.41008758544922,18.586711883544922,4.550374984741211,6.78477668762207,7.881592750549316,13.644119262695312,9.4321928024292,17.956022262573242,17.624643325805664,0.3570442199707031,3.7745280265808105,4.267443656921387,4.690456867218018,5.11508846282959,5.702035903930664,6.0870771408081055,6.48735237121582,7.234226703643799,7.737703800201416,8.093352317810059,8.37767505645752,16.142719268798828,16.69039535522461,17.16615104675293,17.808670043945312,18.179929733276367,18.760028839111328,12.978019714355469,-0.16376954317092896
2003-10-01 04:55:00,16.0921630859375,8.261116027832031,14.913063049316406,16.897430419921875,16.34735870361328,15.591702461242676,12.429173469543457,5.7467474937438965,8.115293502807617,10.072937965393066,12.492478370666504,14.195059776306152,16.229116439819336,11.138581275939941,11.923481941223145,12.9833984375,17.17405891418457,17.69430923461914,6.593855381011963,5.106717109680176,5.62216329574585,8.980124473571777,9.997223854064941,11.205217361450195,15.479581832885742,14.260176658630371,10.352458953857422,15.34317684173584,15.923093795776367,16.482980728149414,16.927091598510742,17.4100399017334,18.586681365966797,4.550234794616699,6.784644603729248,7.881433963775635,13.64411449432373,9.432016372680664,17.955904006958008,17.62453269958496,0.3565984070301056,3.7743425369262695,4.267012119293213,4.690126895904541,5.114749908447266,5.70170259475708,6.08678674697876,6.487061977386475,7.233960151672363,7.737411022186279,8.093148231506348,8.377388954162598,16.142656326293945,16.69024658203125,17.166061401367188,17.808568954467773,18.17984962463379,18.760019302368164,12.977850914001465,-0.1640174835920334
2003-10-01 04:56:00,16.09210777282715,8.260968208312988,14.912959098815918,16.897367477416992,16.347309112548828,15.591638565063477,12.429076194763184,5.746410369873047,8.11523723602295,10.072875022888184,12.492362976074219,14.194947242736816,16.229042053222656,11.138482093811035,11.923332214355469,12.983338356018066,17.17400550842285,17.694257736206055,6.593839645385742,5.10649299621582,5.621958255767822,8.979984283447266,9.997096061706543,11.205102920532227,15.479491233825684,14.260174751281738,10.352251052856445,15.343064308166504,15.922935485839844,16.48282814025879,16.926963806152344,17.41004180908203,18.586652755737305,4.550095081329346,6.7845139503479,7.881276607513428,13.644109725952148,9.431846618652344,17.955785751342773,17.624422073364258,0.35615694522857666,3.7741570472717285,4.2665863037109375,4.689801216125488,5.114415645599365,5.701373100280762,6.086499214172363,6.486774444580078,7.233696937561035,7.737120151519775,8.092941284179688,8.377110481262207,16.14259147644043,16.690099716186523,17.165971755981445,17.808469772338867,18.17974281311035,18.76003646850586,12.977682113647461,-0.16426163911819458
2003-10-01 04:57:00,16.092052459716797,8.260823249816895,14.91285514831543,16.89730453491211,16.347257614135742,15.591574668884277,12.428980827331543,5.746076583862305,8.115180969238281,10.072813987731934,12.492247581481934,14.19483757019043,16.22896957397461,11.138384819030762,11.923184394836426,12.983278274536133,17.173954010009766,17.6942081451416,6.5938239097595215,5.1062703132629395,5.621755123138428,8.979846000671387,9.996970176696777,11.20499038696289,15.479401588439941,14.260172843933105,10.352044105529785,15.3429536819458,15.92278003692627,16.482677459716797,16.926820755004883,17.410064697265625,18.58662223815918,4.549956321716309,6.784384250640869,7.8811211585998535,13.644104957580566,9.431683540344238,17.955669403076172,17.624313354492188,0.35571926832199097,3.773972749710083,4.266165733337402,4.689479827880859,5.114084720611572,5.701046466827393,6.086215496063232,6.486490249633789,7.23343563079834,7.736830234527588,8.092734336853027,8.376840591430664,16.14253044128418,16.68995475769043,17.165884017944336,17.80837059020996,18.179672241210938,18.760021209716797,12.97751522064209,-0.1645023375749588
2003-10-01 04:58:00,16.091999053955078,8.260679244995117,14.912750244140625,16.897241592407227,16.34720802307129,15.591511726379395,12.428886413574219,5.745746612548828,8.11512565612793,10.072752952575684,12.492133140563965,14.19472885131836,16.228897094726562,11.138288497924805,11.9230375289917,12.983219146728516,17.17390251159668,17.694156646728516,6.593808174133301,5.106049537658691,5.621554851531982,8.979708671569824,9.996844291687012,11.204878807067871,15.479312896728516,14.260170936584473,10.351838111877441,15.342844009399414,15.922626495361328,16.482528686523438,16.926679611206055,17.410085678100586,18.586593627929688,4.549818515777588,6.784255504608154,7.880967140197754,13.644100189208984,9.431524276733398,17.95555305480957,17.624204635620117,0.3552852272987366,3.773790121078491,4.265750885009766,4.689162254333496,5.113758087158203,5.700723648071289,6.085934638977051,6.486208438873291,7.233176231384277,7.736541748046875,8.092528343200684,8.376580238342285,16.14246940612793,16.68981170654297,17.16579818725586,17.80827522277832,18.17957305908203,18.760034561157227,12.977349281311035,-0.164739727973938
2003-10-01 04:59:00,16.091943740844727,8.260537147521973,14.912643432617188,16.897178649902344,16.34716033935547,15.591449737548828,12.428792953491211,5.745420455932617,8.115071296691895,10.072691917419434,12.492019653320312,14.194622039794922,16.22882652282715,11.138193130493164,11.922891616821289,12.983160018920898,17.17384910583496,17.69410514831543,6.59379243850708,5.105830192565918,5.621356964111328,8.979573249816895,9.996720314025879,11.204768180847168,15.479225158691406,14.260169982910156,10.351632118225098,15.342735290527344,15.922475814819336,16.482383728027344,16.926546096801758,17.41008949279785,18.586565017700195,4.549681186676025,6.784128189086914,7.880815029144287,13.644095420837402,9.431367874145508,17.9554386138916,17.62409782409668,0.3548547923564911,3.7736096382141113,4.265340805053711,4.688848495483398,5.113434314727783,5.700403690338135,6.085657119750977,6.485929012298584,7.232919216156006,7.7362542152404785,8.092325210571289,8.376328468322754,16.14240837097168,16.689668655395508,17.165712356567383,17.808177947998047,18.17950439453125,18.7600154876709,12.977185249328613,-0.16497385501861572
2003-10-01 05:00:00,16.091890335083008,8.260395050048828,14.91253662109375,16.897113800048828,16.347110748291016,15.591387748718262,12.42870044708252,5.745096683502197,8.11501693725586,10.072630882263184,12.49190616607666,14.1945161819458,16.228755950927734,11.138099670410156,11.922747611999512,12.983101844787598,17.173797607421875,17.694055557250977,6.593777179718018,5.105612754821777,5.621160984039307,8.979437828063965,9.996597290039062,11.204658508300781,15.479138374328613,14.260168075561523,10.35142707824707,15.342628479003906,15.922327995300293,16.48223876953125,16.92643165588379,17.410057067871094,18.586536407470703,4.5495452880859375,6.784001350402832,7.880663871765137,13.644091606140137,9.431215286254883,17.955324172973633,17.623991012573242,0.3544279932975769,3.7734313011169434,4.26493501663208,4.688538551330566,5.113114833831787,5.700087070465088,6.085382461547852,6.48565149307251,7.232643127441406,7.7359819412231445,8.092126846313477,8.376084327697754,16.14234733581543,16.68952751159668,17.16562843322754,17.80808448791504,18.17938804626465,18.760047912597656,12.977022171020508,-0.1652047336101532
2003-10-01 05:01:00,16.091835021972656,8.260254859924316,14.912429809570312,16.897050857543945,16.347061157226562,15.591326713562012,12.428607940673828,5.744775772094727,8.114962577819824,10.072571754455566,12.49179458618164,14.19441032409668,16.22868537902832,11.138008117675781,11.92260456085205,12.983043670654297,17.17374610900879,17.69400405883789,6.593761444091797,5.1053972244262695,5.620966911315918,8.979304313659668,9.996475219726562,11.204549789428711,15.47905445098877,14.26016616821289,10.35122299194336,15.342522621154785,15.922182083129883,16.482097625732422,16.926300048828125,17.41005516052246,18.58650779724121,4.549409866333008,6.783875942230225,7.880514144897461,13.644086837768555,9.431063652038574,17.955211639404297,17.623886108398438,0.3540048599243164,3.7732551097869873,4.2645344734191895,4.688231945037842,5.11279821395874,5.69977331161499,6.085110187530518,6.4853715896606445,7.232339859008789,7.735738754272461,8.091928482055664,8.375845909118652,16.14228630065918,16.689388275146484,17.165544509887695,17.80799102783203,18.179332733154297,18.760019302368164,12.976860046386719,-0.165432408452034
2003-10-01 05:02:00,16.091779708862305,8.260116577148438,14.912324905395508,16.896987915039062,16.347013473510742,15.591266632080078,12.42851734161377,5.7444586753845215,8.114909172058105,10.07251262664795,12.491683006286621,14.194306373596191,16.228614807128906,11.137917518615723,11.922462463378906,12.982986450195312,17.173694610595703,17.693954467773438,6.593746185302734,5.1051836013793945,5.62077522277832,8.979171752929688,9.996355056762695,11.204442024230957,15.478974342346191,14.260164260864258,10.351021766662598,15.342418670654297,15.922037124633789,16.481956481933594,16.926158905029297,17.410072326660156,18.58647918701172,4.549275875091553,6.783751010894775,7.88036584854126,13.644082069396973,9.430914878845215,17.95509910583496,17.623781204223633,0.353585422039032,3.773080825805664,4.264138221740723,4.687928676605225,5.112485408782959,5.699462413787842,6.0848388671875,6.485086441040039,7.23203182220459,7.735514163970947,8.091731071472168,8.37561321258545,16.142227172851562,16.689250946044922,17.165464401245117,17.807897567749023,18.179231643676758,18.760038375854492,12.976699829101562,-0.16565686464309692
2003-10-01 05:03:00,16.091726303100586,8.259980201721191,14.91222095489502,16.89692497253418,16.346965789794922,15.591206550598145,12.428428649902344,5.744144439697266,8.114855766296387,10.072454452514648,12.491572380065918,14.19420337677002,16.228544235229492,11.13782787322998,11.922321319580078,12.982929229736328,17.173643112182617,17.693904876708984,6.593730926513672,5.1049723625183105,5.6205854415893555,8.979040145874023,9.996234893798828,11.20433521270752,15.478896141052246,14.260162353515625,10.350821495056152,15.342315673828125,15.921895027160645,16.481815338134766,16.926023483276367,17.41007423400879,18.58645248413086,4.549142837524414,6.783627510070801,7.880218982696533,13.644078254699707,9.430767059326172,17.954988479614258,17.623674392700195,0.3531697392463684,3.7729086875915527,4.26374626159668,4.687629222869873,5.112174987792969,5.699153900146484,6.084567070007324,6.484796524047852,7.231727600097656,7.7353034019470215,8.091532707214355,8.375386238098145,16.142168045043945,16.68911361694336,17.16538429260254,17.807804107666016,18.179162979125977,18.760026931762695,12.976540565490723,-0.16587813198566437
2003-10-01 05:04:00,16.091670989990234,8.259844779968262,14.912117004394531,16.896862030029297,16.346920013427734,15.591147422790527,12.428339958190918,5.743833065032959,8.114803314208984,10.072396278381348,12.491462707519531,14.19410228729248,16.228473663330078,11.137740135192871,11.922182083129883,12.98287296295166,17.17359161376953,17.6938533782959,6.593715667724609,5.104763031005859,5.620397567749023,8.978910446166992,9.996116638183594,11.204229354858398,15.478819847106934,14.260160446166992,10.350622177124023,15.34221363067627,15.921753883361816,16.48167610168457,16.9259090423584,17.410043716430664,18.586423873901367,4.54901123046875,6.783504486083984,7.880073070526123,13.644073486328125,9.430620193481445,17.954879760742188,17.62356948852539,0.3527577817440033,3.772738456726074,4.263358116149902,4.6873297691345215,5.11181640625,5.698869228363037,6.084292888641357,6.484503269195557,7.231433391571045,7.735103607177734,8.091333389282227,8.375164031982422,16.142108917236328,16.68897819519043,17.165307998657227,17.807714462280273,18.179079055786133,18.760028839111328,12.9763822555542,-0.1660962551832199
2003-10-01 05:05:00,16.091617584228516,8.259710311889648,14.912012100219727,16.896799087524414,16.346872329711914,15.59108829498291,12.428251266479492,5.74352502822876,8.114750862121582,10.072339057922363,12.491353988647461,14.194001197814941,16.228404998779297,11.137653350830078,11.922043800354004,12.982816696166992,17.173540115356445,17.693803787231445,6.593700408935547,5.104555606842041,5.620211124420166,8.978781700134277,9.995999336242676,11.204124450683594,15.478745460510254,14.260159492492676,10.350425720214844,15.34211254119873,15.921613693237305,16.481538772583008,16.92578125,17.410037994384766,18.586397171020508,4.548880577087402,6.783382892608643,7.879929065704346,13.64406967163086,9.430475234985352,17.954769134521484,17.623464584350586,0.35234951972961426,3.772569417953491,4.2629714012146,4.687015056610107,5.111435413360596,5.698612213134766,6.084012508392334,6.484209060668945,7.231151103973389,7.734911918640137,8.091132164001465,8.374946594238281,16.142051696777344,16.688844680786133,17.16522979736328,17.80762481689453,18.178993225097656,18.76003646850586,12.976225852966309,-0.16631129384040833
2003-10-01 05:06:00,16.091562271118164,8.259576797485352,14.911909103393555,16.896738052368164,16.346826553344727,15.59103012084961,12.428163528442383,5.743218898773193,8.11469841003418,10.072281837463379,12.491247177124023,14.193900108337402,16.228334426879883,11.137568473815918,11.921905517578125,12.982760429382324,17.17348861694336,17.693754196166992,6.593685626983643,5.1043500900268555,5.620026588439941,8.978652954101562,9.995882987976074,11.204020500183105,15.478672981262207,14.260157585144043,10.35023021697998,15.342012405395508,15.92147445678711,16.481401443481445,16.925640106201172,17.41005516052246,18.586368560791016,4.548751354217529,6.783261775970459,7.879786014556885,13.644064903259277,9.430331230163574,17.954662322998047,17.623361587524414,0.3519446849822998,3.7724008560180664,4.262582302093506,4.686686992645264,5.111067771911621,5.6983723640441895,6.083724498748779,6.483916282653809,7.230882167816162,7.7347259521484375,8.090930938720703,8.374733924865723,16.14199447631836,16.68871307373047,17.16515350341797,17.807537078857422,18.17890739440918,18.760040283203125,12.976070404052734,-0.16652338206768036
2003-10-01 05:07:00,16.091508865356445,8.259445190429688,14.9118070602417,16.89667510986328,16.34678077697754,15.590972900390625,12.428077697753906,5.742916107177734,8.114646911621094,10.072225570678711,12.491143226623535,14.193798065185547,16.2282657623291,11.137483596801758,11.921770095825195,12.982705116271973,17.173437118530273,17.69370460510254,6.59367036819458,5.104146957397461,5.61984395980835,8.978527069091797,9.995767593383789,11.203916549682617,15.478601455688477,14.26015567779541,10.350037574768066,15.341914176940918,15.921337127685547,16.481264114379883,16.92550277709961,17.410070419311523,18.586341857910156,4.548623085021973,6.783141136169434,7.879644393920898,13.644061088562012,9.430188179016113,17.954553604125977,17.623258590698242,0.35154277086257935,3.772231101989746,4.262188911437988,4.686354160308838,5.110721111297607,5.69814395904541,6.083428859710693,6.4836273193359375,7.230626106262207,7.734544277191162,8.090728759765625,8.374526023864746,16.141939163208008,16.688583374023438,17.165077209472656,17.807449340820312,18.178857803344727,18.760009765625,12.975915908813477,-0.16673284769058228
2003-10-01 05:08:00,16.091453552246094,8.259315490722656,14.911706924438477,16.8966121673584,16.346736907958984,15.590914726257324,12.427993774414062,5.742616176605225,8.114596366882324,10.072169303894043,12.49104118347168,14.193696022033691,16.22819709777832,11.13740062713623,11.921634674072266,12.982650756835938,17.173385620117188,17.693655014038086,6.593655586242676,5.103945255279541,5.619662761688232,8.978401184082031,9.995655059814453,11.203813552856445,15.478531837463379,14.260154724121094,10.349845886230469,15.341815948486328,15.9212007522583,16.481128692626953,16.925373077392578,17.410070419311523,18.586315155029297,4.548496246337891,6.783021926879883,7.879504203796387,13.644057273864746,9.430047035217285,17.954448699951172,17.62315559387207,0.351142942905426,3.772059202194214,4.261790752410889,4.6860222816467285,5.110394477844238,5.697922706604004,6.083126544952393,6.483344554901123,7.230381965637207,7.734365940093994,8.090526580810547,8.374321937561035,16.141881942749023,16.688453674316406,17.165002822875977,17.807363510131836,18.178735733032227,18.760055541992188,12.975762367248535,-0.1669401377439499
2003-10-01 05:09:00,16.091400146484375,8.259186744689941,14.911606788635254,16.89655113220215,16.34669303894043,15.59085750579834,12.427908897399902,5.742319583892822,8.114545822143555,10.072114944458008,12.49094009399414,14.193593978881836,16.22812843322754,11.13731861114502,11.921501159667969,12.982596397399902,17.1733341217041,17.693605422973633,6.5936408042907715,5.103745460510254,5.619483470916748,8.978277206420898,9.995545387268066,11.203709602355957,15.478462219238281,14.260152816772461,10.34965705871582,15.341718673706055,15.921064376831055,16.480993270874023,16.925262451171875,17.41004180908203,18.586288452148438,4.548370361328125,6.78290319442749,7.87936544418335,13.644052505493164,9.429905891418457,17.954343795776367,17.62305450439453,0.3507443070411682,3.7718849182128906,4.261390686035156,4.685697078704834,5.11008358001709,5.69770622253418,6.082818984985352,6.483068466186523,7.2301483154296875,7.734189987182617,8.090324401855469,8.374122619628906,16.141826629638672,16.68832778930664,17.164928436279297,17.807275772094727,18.178695678710938,18.76001739501953,12.97560977935791,-0.16714569926261902
2003-10-01 05:10:00,16.091346740722656,8.259058952331543,14.911507606506348,16.896488189697266,16.346649169921875,15.590801239013672,12.427824974060059,5.742025375366211,8.114495277404785,10.072059631347656,12.490839004516602,14.19349193572998,16.228059768676758,11.137236595153809,11.921367645263672,12.982542037963867,17.17328453063965,17.69355583190918,6.593626022338867,5.1035475730896,5.61930513381958,8.978155136108398,9.995436668395996,11.203605651855469,15.478394508361816,14.260151863098145,10.349469184875488,15.341622352600098,15.920929908752441,16.480859756469727,16.925127029418945,17.410057067871094,18.586261749267578,4.548245906829834,6.782785415649414,7.879227638244629,13.644048690795898,9.429766654968262,17.954238891601562,17.622953414916992,0.35034632682800293,3.7717092037200928,4.26099157333374,4.685380458831787,5.109783172607422,5.697491645812988,6.082507610321045,6.48280143737793,7.229923248291016,7.734015464782715,8.090124130249023,8.373927116394043,16.141773223876953,16.688199996948242,17.164854049682617,17.807193756103516,18.17860221862793,18.760032653808594,12.975457191467285,-0.16734987497329712
2003-10-01 05:11:00,16.091293334960938,8.258931159973145,14.911409378051758,16.896427154541016,16.34660530090332,15.590744972229004,12.427742004394531,5.741733551025391,8.114444732666016,10.072004318237305,12.490738868713379,14.193389892578125,16.227991104125977,11.13715648651123,11.921236038208008,12.982488632202148,17.173233032226562,17.693506240844727,6.593611240386963,5.103351593017578,5.619128704071045,8.978034019470215,9.995328903198242,11.203502655029297,15.478327751159668,14.260149955749512,10.349282264709473,15.341526985168457,15.920795440673828,16.48072624206543,16.925004959106445,17.410051345825195,18.58623695373535,4.548122882843018,6.782668590545654,7.879091739654541,13.644044876098633,9.429628372192383,17.954133987426758,17.622854232788086,0.3499486446380615,3.771533250808716,4.260595321655273,4.685072898864746,5.109490394592285,5.697277545928955,6.082195281982422,6.482542991638184,7.229704856872559,7.733842372894287,8.089925765991211,8.373735427856445,16.1417179107666,16.68807601928711,17.16478157043457,17.807111740112305,18.17854118347168,18.760013580322266,12.975305557250977,-0.16755282878875732
2003-10-01 05:12:00,16.09123992919922,8.258806228637695,14.9113130569458,16.896364212036133,16.3465633392334,15.590688705444336,12.427660942077637,5.741445064544678,8.114395141601562,10.071950912475586,12.490639686584473,14.19328784942627,16.227922439575195,11.137077331542969,11.92110538482666,12.98243522644043,17.173181533813477,17.693456649780273,6.593596458435059,5.103157043457031,5.618953704833984,8.97791576385498,9.995223045349121,11.203398704528809,15.478261947631836,14.260149002075195,10.349098205566406,15.341431617736816,15.920662879943848,16.480594635009766,16.924875259399414,17.410062789916992,18.586210250854492,4.548000812530518,6.782552719116211,7.878957271575928,13.644041061401367,9.429490089416504,17.954030990600586,17.62275505065918,0.34955140948295593,3.771358013153076,4.260203838348389,4.684775352478027,5.1092023849487305,5.69706392288208,6.081883907318115,6.48229455947876,7.2294921875,7.733669757843018,8.089729309082031,8.37354564666748,16.141664505004883,16.687952041625977,17.164709091186523,17.80703353881836,18.17845916748047,18.76001739501953,12.975154876708984,-0.16775450110435486
2003-10-01 05:13:00,16.0911865234375,8.258683204650879,14.911218643188477,16.896303176879883,16.346519470214844,15.590632438659668,12.427579879760742,5.741159439086914,8.114346504211426,10.071895599365234,12.490540504455566,14.193185806274414,16.227853775024414,11.136999130249023,11.920975685119629,12.982382774353027,17.173131942749023,17.69340705871582,6.5935821533203125,5.102964401245117,5.61877965927124,8.977797508239746,9.995118141174316,11.203295707702637,15.47819709777832,14.260147094726562,10.348916053771973,15.341337203979492,15.920530319213867,16.4804630279541,16.92475128173828,17.410064697265625,18.586185455322266,4.547879695892334,6.782437801361084,7.878824234008789,13.644037246704102,9.429353713989258,17.953927993774414,17.622657775878906,0.3491549789905548,3.7711846828460693,4.259818077087402,4.684485912322998,5.108916759490967,5.696849822998047,6.081575393676758,6.482054710388184,7.229284286499023,7.7334980964660645,8.089534759521484,8.373358726501465,16.141613006591797,16.687829971313477,17.164636611938477,17.806957244873047,18.178382873535156,18.760011672973633,12.975005149841309,-0.16795474290847778
2003-10-01 05:14:00,16.09113311767578,8.258560180664062,14.911124229431152,16.896242141723633,16.346477508544922,15.590577125549316,12.427499771118164,5.740878105163574,8.114297866821289,10.071840286254883,12.490442276000977,14.193084716796875,16.227785110473633,11.136920928955078,11.92084789276123,12.982330322265625,17.17308235168457,17.693357467651367,6.593567371368408,5.102773666381836,5.618607044219971,8.977681159973145,9.995014190673828,11.203192710876465,15.478133201599121,14.260146141052246,10.348734855651855,15.341243743896484,15.920398712158203,16.48033332824707,16.924623489379883,17.410078048706055,18.586158752441406,4.547759532928467,6.782324314117432,7.878693103790283,13.644033432006836,9.429218292236328,17.953824996948242,17.622560501098633,0.3487592339515686,3.7710137367248535,4.259438514709473,4.684203624725342,5.108633041381836,5.6966352462768555,6.081271648406982,6.4818243980407715,7.229079246520996,7.7333269119262695,8.089343070983887,8.373173713684082,16.141559600830078,16.687707901000977,17.164566040039062,17.8068790435791,18.178302764892578,18.760013580322266,12.97485637664795,-0.1681472808122635
2003-10-01 05:15:00,16.091081619262695,8.258438110351562,14.911029815673828,16.896181106567383,16.346437454223633,15.590521812438965,12.427419662475586,5.740599155426025,8.114249229431152,10.071784019470215,12.49034309387207,14.192983627319336,16.22771644592285,11.136841773986816,11.920722007751465,12.982277870178223,17.173030853271484,17.693309783935547,6.593553066253662,5.102583885192871,5.618435859680176,8.97756576538086,9.99491024017334,11.203089714050293,15.478070259094238,14.260144233703613,10.348554611206055,15.341151237487793,15.920269012451172,16.48020362854004,16.92452049255371,17.41004753112793,18.58613395690918,4.547640800476074,6.7822113037109375,7.878563404083252,13.64402961730957,9.429083824157715,17.953723907470703,17.622465133666992,0.34836098551750183,3.770846128463745,4.259065628051758,4.683927536010742,5.108351230621338,5.696420192718506,6.080973148345947,6.481601715087891,7.228877067565918,7.733155727386475,8.089153289794922,8.372991561889648,16.141508102416992,16.68758773803711,17.16449737548828,17.80680274963379,18.17822265625,18.760013580322266,12.974708557128906,-0.1683325618505478
2003-10-01 05:16:00,16.091028213500977,8.258316993713379,14.91093635559082,16.896120071411133,16.34639549255371,15.590466499328613,12.427340507507324,5.740323066711426,8.1141996383667,10.071727752685547,12.490245819091797,14.192883491516113,16.227645874023438,11.136761665344238,11.920598983764648,12.982226371765137,17.17298126220703,17.693260192871094,6.593538761138916,5.102396011352539,5.618266582489014,8.97745132446289,9.994808197021484,11.202986717224121,15.478007316589355,14.260143280029297,10.348376274108887,15.341058731079102,15.92013931274414,16.480073928833008,16.924406051635742,17.41004180908203,18.586109161376953,4.547523021697998,6.78209924697876,7.878434658050537,13.644026756286621,9.428950309753418,17.95362091064453,17.622371673583984,0.3479607403278351,3.7706820964813232,4.258699417114258,4.683656692504883,5.108069896697998,5.696205139160156,6.080681800842285,6.481386184692383,7.2286763191223145,7.732985019683838,8.088967323303223,8.372811317443848,16.141456604003906,16.687469482421875,17.1644287109375,17.806726455688477,18.178125381469727,18.76003074645996,12.974560737609863,-0.16851769387722015
2003-10-01 05:17:00,16.09097671508789,8.258197784423828,14.910845756530762,16.896059036254883,16.346355438232422,15.590412139892578,12.427257537841797,5.740050315856934,8.114150047302246,10.071672439575195,12.490148544311523,14.192784309387207,16.227577209472656,11.136682510375977,11.920479774475098,12.982175827026367,17.172931671142578,17.693212509155273,6.59352445602417,5.102209568023682,5.618098258972168,8.977338790893555,9.994707107543945,11.20288372039795,15.477946281433105,14.26014232635498,10.348199844360352,15.340967178344727,15.920011520385742,16.479948043823242,16.924280166625977,17.41005516052246,18.586082458496094,4.547406196594238,6.781988143920898,7.878307819366455,13.644022941589355,9.428816795349121,17.953521728515625,17.622278213500977,0.34755977988243103,3.770522117614746,4.2583394050598145,4.6833930015563965,5.107783794403076,5.695991039276123,6.0803985595703125,6.481177806854248,7.2284770011901855,7.732814788818359,8.088783264160156,8.372632026672363,16.14140510559082,16.68735122680664,17.16436004638672,17.806650161743164,18.178062438964844,18.7600154876709,12.974414825439453,-0.1687021255493164
2003-10-01 05:18:00,16.090925216674805,8.25808048248291,14.910755157470703,16.895999908447266,16.346315383911133,15.590357780456543,12.427172660827637,5.739780426025391,8.11410140991211,10.07161808013916,12.490052223205566,14.1926851272583,16.227506637573242,11.136602401733398,11.92036247253418,12.982124328613281,17.172882080078125,17.69316291809082,6.593510150909424,5.102024555206299,5.617931842803955,8.977227210998535,9.994606971740723,11.202779769897461,15.477884292602539,14.260140419006348,10.348023414611816,15.340876579284668,15.919885635375977,16.479820251464844,16.924158096313477,17.410064697265625,18.586057662963867,4.547290802001953,6.781878471374512,7.878182411193848,13.64401912689209,9.42868423461914,17.95342254638672,17.62218475341797,0.347159206867218,3.7703657150268555,4.257986068725586,4.683134078979492,5.1075005531311035,5.695775508880615,6.080122947692871,6.4809746742248535,7.228279113769531,7.732645034790039,8.088602066040039,8.372454643249512,16.141355514526367,16.68723487854004,17.16429328918457,17.806575775146484,18.177988052368164,18.760011672973633,12.97426986694336,-0.16888533532619476
2003-10-01 05:19:00,16.09087371826172,8.257963180541992,14.910665512084961,16.895938873291016,16.346275329589844,15.590304374694824,12.427083015441895,5.739512920379639,8.114051818847656,10.071562767028809,12.48995590209961,14.192586898803711,16.22743797302246,11.136524200439453,11.920248031616211,12.982074737548828,17.172832489013672,17.693115234375,6.593495845794678,5.101841449737549,5.617766857147217,8.977116584777832,9.9945068359375,11.202674865722656,15.477824211120605,14.260139465332031,10.347848892211914,15.340786933898926,15.91976261138916,16.479692459106445,16.924043655395508,17.410064697265625,18.586034774780273,4.547175884246826,6.781769275665283,7.878057956695557,13.64401626586914,9.428553581237793,17.953323364257812,17.622093200683594,0.34676000475883484,3.7702128887176514,4.257639408111572,4.682879447937012,5.10722017288208,5.695559024810791,6.0798563957214355,6.480776309967041,7.228084087371826,7.732473850250244,8.088423728942871,8.372279167175293,16.141305923461914,16.68712043762207,17.164228439331055,17.806501388549805,18.177907943725586,18.760013580322266,12.974125862121582,-0.1690668910741806
2003-10-01 05:20:00,16.090822219848633,8.25784683227539,14.910575866699219,16.895877838134766,16.346237182617188,15.590250015258789,12.426990509033203,5.739247798919678,8.11400318145752,10.071508407592773,12.489860534667969,14.192489624023438,16.22736930847168,11.136445999145508,11.920136451721191,12.982024192810059,17.17278289794922,17.69306755065918,6.593481540679932,5.101659774780273,5.617603302001953,8.977005958557129,9.99440860748291,11.202570915222168,15.477763175964355,14.260138511657715,10.347675323486328,15.340697288513184,15.919639587402344,16.479564666748047,16.923925399780273,17.410076141357422,18.586009979248047,4.547062397003174,6.781661510467529,7.87793493270874,13.644012451171875,9.428422927856445,17.953224182128906,17.62200164794922,0.3463629186153412,3.770063638687134,4.257298469543457,4.682628631591797,5.106939792633057,5.695343494415283,6.079598426818848,6.4805827140808105,7.227890491485596,7.732301712036133,8.088249206542969,8.37210464477539,16.14125633239746,16.6870059967041,17.164161682128906,17.806428909301758,18.177827835083008,18.7600154876709,12.973981857299805,-0.16924646496772766
2003-10-01 05:21:00,16.090770721435547,8.257731437683105,14.910486221313477,16.895816802978516,16.34619903564453,15.59019660949707,12.426896095275879,5.738985061645508,8.113953590393066,10.071454048156738,12.489760398864746,14.192395210266113,16.2273006439209,11.136369705200195,11.920025825500488,12.981974601745605,17.172733306884766,17.693017959594727,6.593467712402344,5.101479530334473,5.617440700531006,8.976897239685059,9.994309425354004,11.202466011047363,15.477704048156738,14.260136604309082,10.347502708435059,15.340609550476074,15.91951847076416,16.47943687438965,16.923828125,17.41004753112793,18.58598518371582,4.546949863433838,6.781554222106934,7.877813339233398,13.64400863647461,9.428292274475098,17.953126907348633,17.621910095214844,0.3459685444831848,3.7699177265167236,4.256962776184082,4.682380199432373,5.106660842895508,5.69512939453125,6.079348564147949,6.480392932891846,7.227696895599365,7.732129096984863,8.0880765914917,8.371931076049805,16.141206741333008,16.686891555786133,17.164098739624023,17.80635643005371,18.177751541137695,18.7600154876709,12.97383975982666,-0.16942381858825684
2003-10-01 05:22:00,16.090721130371094,8.257617950439453,14.910398483276367,16.895755767822266,16.346160888671875,15.590144157409668,12.426800727844238,5.738724708557129,8.11390495300293,10.07140064239502,12.489655494689941,14.192306518554688,16.227231979370117,11.136293411254883,11.919917106628418,12.981925010681152,17.172685623168945,17.692970275878906,6.593453407287598,5.1013007164001465,5.617280006408691,8.976789474487305,9.994211196899414,11.202360153198242,15.477643966674805,14.260135650634766,10.347332000732422,15.340522766113281,15.919398307800293,16.47930908203125,16.923723220825195,17.4100399017334,18.585960388183594,4.54683780670166,6.781447887420654,7.877692699432373,13.64400577545166,9.428163528442383,17.95302963256836,17.6218204498291,0.34557732939720154,3.7697744369506836,4.256631851196289,4.68213415145874,5.106384754180908,5.694917678833008,6.079107284545898,6.480206489562988,7.227503299713135,7.731956958770752,8.087907791137695,8.371758460998535,16.14116096496582,16.686779022216797,17.164033889770508,17.806285858154297,18.177675247192383,18.760013580322266,12.973699569702148,-0.1695987582206726
2003-10-01 05:23:00,16.090669631958008,8.257506370544434,14.910310745239258,16.895694732666016,16.34612274169922,15.590091705322266,12.426704406738281,5.738467216491699,8.113855361938477,10.071348190307617,12.48954963684082,14.192221641540527,16.22716522216797,11.136219024658203,11.91981029510498,12.9818754196167,17.172636032104492,17.692922592163086,6.59343957901001,5.101123809814453,5.617120742797852,8.97668170928955,9.994112968444824,11.202252388000488,15.477583885192871,14.26013469696045,10.347163200378418,15.340435981750488,15.919278144836426,16.47918128967285,16.923606872558594,17.410049438476562,18.5859375,4.546727180480957,6.78134298324585,7.877573013305664,13.644002914428711,9.428034782409668,17.95293426513672,17.62173080444336,0.34518954157829285,3.7696337699890137,4.25630521774292,4.68189001083374,5.106111526489258,5.694708347320557,6.078873634338379,6.480021953582764,7.227309226989746,7.731785297393799,8.08774185180664,8.371587753295898,16.141115188598633,16.68666648864746,17.163970947265625,17.806215286254883,18.177581787109375,18.760028839111328,12.973559379577637,-0.1697711944580078
2003-10-01 05:24:00,16.090620040893555,8.257394790649414,14.910222053527832,16.895631790161133,16.346084594726562,15.590039253234863,12.426606178283691,5.738211631774902,8.11380672454834,10.071295738220215,12.489445686340332,14.192139625549316,16.227100372314453,11.13614559173584,11.91970443725586,12.98182487487793,17.172588348388672,17.692874908447266,6.593425750732422,5.100947856903076,5.616962432861328,8.976574897766113,9.994014739990234,11.202143669128418,15.477522850036621,14.260132789611816,10.346996307373047,15.340350151062012,15.919158935546875,16.479055404663086,16.923494338989258,17.410058975219727,18.585912704467773,4.54661750793457,6.781238555908203,7.8774542808532715,13.643999099731445,9.42790699005127,17.952838897705078,17.621641159057617,0.34480535984039307,3.7694950103759766,4.255982875823975,4.6816487312316895,5.105842590332031,5.6945013999938965,6.078647136688232,6.47983980178833,7.227114677429199,7.731614112854004,8.087578773498535,8.371417999267578,16.141067504882812,16.686553955078125,17.163909912109375,17.80614471435547,18.177520751953125,18.7600154876709,12.973421096801758,-0.16994108259677887
2003-10-01 05:25:00,16.0905704498291,8.257283210754395,14.910133361816406,16.895570755004883,16.34604835510254,15.589986801147461,12.426506996154785,5.7379584312438965,8.113758087158203,10.071243286132812,12.48934268951416,14.192060470581055,16.22703742980957,11.13607406616211,11.919600486755371,12.981775283813477,17.17253875732422,17.692827224731445,6.593411922454834,5.100773811340332,5.616805553436279,8.976468086242676,9.993915557861328,11.202033996582031,15.477461814880371,14.2601318359375,10.346830368041992,15.340265274047852,15.919039726257324,16.47892951965332,16.923383712768555,17.410066604614258,18.585887908935547,4.5465087890625,6.781135082244873,7.877336502075195,13.643996238708496,9.427780151367188,17.952743530273438,17.621553421020508,0.344424843788147,3.7693583965301514,4.255664348602295,4.6814117431640625,5.105575084686279,5.694297790527344,6.078426837921143,6.479658126831055,7.226921081542969,7.731442928314209,8.087418556213379,8.371249198913574,16.141021728515625,16.686439514160156,17.163848876953125,17.806074142456055,18.17742919921875,18.760026931762695,12.973283767700195,-0.17010842263698578
2003-10-01 05:26:00,16.09052276611328,8.257173538208008,14.910043716430664,16.895509719848633,16.346010208129883,15.589935302734375,12.426406860351562,5.737706661224365,8.113710403442383,10.07119083404541,12.489242553710938,14.191983222961426,16.226974487304688,11.136002540588379,11.919496536254883,12.981725692749023,17.1724910736084,17.692781448364258,6.593398094177246,5.1006011962890625,5.616649627685547,8.976363182067871,9.993813514709473,11.201924324035645,15.477399826049805,14.260130882263184,10.346665382385254,15.340180397033691,15.91892147064209,16.478805541992188,16.923280715942383,17.410064697265625,18.585865020751953,4.546401023864746,6.781032085418701,7.8772196769714355,13.643993377685547,9.427654266357422,17.952648162841797,17.6214656829834,0.34404799342155457,3.769223690032959,4.255349636077881,4.681178092956543,5.105309963226318,5.694097518920898,6.078211784362793,6.479477405548096,7.2267279624938965,7.7312726974487305,8.087260246276855,8.371081352233887,16.140975952148438,16.686328887939453,17.163787841796875,17.806005477905273,18.177350997924805,18.76003074645996,12.973148345947266,-0.17027324438095093
2003-10-01 05:27:00,16.090473175048828,8.257064819335938,14.909955024719238,16.895448684692383,16.34597396850586,15.589883804321289,12.42630672454834,5.737457752227783,8.113661766052246,10.07114028930664,12.489145278930664,14.19190788269043,16.226913452148438,11.135932922363281,11.919394493103027,12.981675148010254,17.172443389892578,17.692733764648438,6.593384265899658,5.100429534912109,5.616495132446289,8.976259231567383,9.993711471557617,11.201815605163574,15.477337837219238,14.260129928588867,10.346502304077148,15.340096473693848,15.918804168701172,16.478679656982422,16.923173904418945,17.410072326660156,18.585840225219727,4.546294212341309,6.780930042266846,7.87710428237915,13.643989562988281,9.427528381347656,17.95255470275879,17.621379852294922,0.34367477893829346,3.7690906524658203,4.255038738250732,4.680948257446289,5.105047702789307,5.693899631500244,6.078001499176025,6.479297637939453,7.226535320281982,7.731103420257568,8.087104797363281,8.370915412902832,16.14093017578125,16.686216354370117,17.163728713989258,17.805936813354492,18.17729377746582,18.760013580322266,12.973012924194336,-0.1704355925321579
2003-10-01 05:28:00,16.090423583984375,8.2569580078125,14.909867286682129,16.8953857421875,16.34593963623047,15.589832305908203,12.426207542419434,5.737211227416992,8.113614082336426,10.071088790893555,12.489049911499023,14.191834449768066,16.22685432434082,11.1358642578125,11.919292449951172,12.9816255569458,17.172395706176758,17.692686080932617,6.5933709144592285,5.100259780883789,5.616342067718506,8.976155281066895,9.993607521057129,11.201706886291504,15.477276802062988,14.260128021240234,10.346341133117676,15.34001350402832,15.918686866760254,16.47855567932129,16.92308807373047,17.410045623779297,18.585817337036133,4.5461883544921875,6.780828952789307,7.876989364624023,13.643986701965332,9.427404403686523,17.95246124267578,17.621294021606445,0.34330523014068604,3.7689592838287354,4.254732608795166,4.680722236633301,5.1047892570495605,5.693705081939697,6.077795505523682,6.479119777679443,7.2263407707214355,7.730935096740723,8.086953163146973,8.370748519897461,16.140886306762695,16.686105728149414,17.163671493530273,17.805870056152344,18.177217483520508,18.760013580322266,12.972878456115723,-0.17059548199176788
2003-10-01 05:29:00,16.090375900268555,8.256851196289062,14.909778594970703,16.89532470703125,16.345903396606445,15.589781761169434,12.426107406616211,5.736966609954834,8.113566398620605,10.071039199829102,12.488957405090332,14.19176197052002,16.226795196533203,11.135796546936035,11.91919231414795,12.981575965881348,17.172348022460938,17.69264030456543,6.593357086181641,5.100090980529785,5.616190433502197,8.976052284240723,9.993502616882324,11.201600074768066,15.477215766906738,14.260127067565918,10.34618091583252,15.339930534362793,15.918570518493652,16.47843360900879,16.922983169555664,17.410051345825195,18.58579444885254,4.546082973480225,6.780728340148926,7.876875400543213,13.643983840942383,9.42728042602539,17.952367782592773,17.62120819091797,0.3429393172264099,3.768829822540283,4.254430294036865,4.68049955368042,5.104535102844238,5.693513870239258,6.077592372894287,6.478943824768066,7.226145267486572,7.73076868057251,8.086801528930664,8.370580673217773,16.140840530395508,16.685997009277344,17.16361427307129,17.805801391601562,18.177143096923828,18.760013580322266,12.972745895385742,-0.17075294256210327
2003-10-01 05:30:00,16.090328216552734,8.256745338439941,14.909689903259277,16.895263671875,16.345867156982422,15.58973503112793,12.426007270812988,5.736723899841309,8.113518714904785,10.070988655090332,12.488865852355957,14.191690444946289,16.22673797607422,11.13572883605957,11.919092178344727,12.981527328491211,17.172300338745117,17.69259262084961,6.593343734741211,5.099923610687256,5.616039276123047,8.975948333740234,9.993396759033203,11.201494216918945,15.477155685424805,14.260126113891602,10.34602165222168,15.339847564697266,15.918455123901367,16.47831153869629,16.922889709472656,17.41004180908203,18.585769653320312,4.545979022979736,6.780628204345703,7.8767619132995605,13.643980979919434,9.42715835571289,17.952274322509766,17.621122360229492,0.3425770103931427,3.768702268600464,4.25413179397583,4.680280685424805,5.104284763336182,5.693325042724609,6.077392578125,6.478768825531006,7.225949287414551,7.730605125427246,8.086649894714355,8.37041187286377,16.14079475402832,16.685888290405273,17.163557052612305,17.805736541748047,18.177053451538086,18.76003074645996,12.972613334655762,-0.17090801894664764
2003-10-01 05:31:00,16.090280532836914,8.256640434265137,14.909601211547852,16.89520263671875,16.34583282470703,15.589691162109375,12.42590618133545,5.736483573913574,8.113471031188965,10.070939064025879,12.488776206970215,14.191619873046875,16.226680755615234,11.135661125183105,11.918992042541504,12.981477737426758,17.172252655029297,17.692546844482422,6.593329906463623,5.099757671356201,5.615889549255371,8.975845336914062,9.993291854858398,11.20138931274414,15.477095603942871,14.260125160217285,10.345864295959473,15.339765548706055,15.918340682983398,16.47818946838379,16.922788619995117,17.410049438476562,18.58574676513672,4.545875549316406,6.780529022216797,7.876649379730225,13.643978118896484,9.42703628540039,17.95218276977539,17.62103843688965,0.3422183692455292,3.7685763835906982,4.253838062286377,4.680065631866455,5.104038238525391,5.69313907623291,6.077195644378662,6.478594779968262,7.225754261016846,7.730443477630615,8.08649730682373,8.370244026184082,16.140750885009766,16.685779571533203,17.163501739501953,17.805667877197266,18.1769962310791,18.7600154876709,12.972482681274414,-0.17106127738952637
2003-10-01 05:32:00,16.090232849121094,8.256537437438965,14.909514427185059,16.8951416015625,16.34579849243164,15.589651107788086,12.425806999206543,5.736245155334473,8.113424301147461,10.070889472961426,12.488688468933105,14.191550254821777,16.22662353515625,11.135594367980957,11.918893814086914,12.981429100036621,17.172204971313477,17.692501068115234,6.593316555023193,5.099593162536621,5.61574125289917,8.975741386413574,9.993185997009277,11.201286315917969,15.477036476135254,14.260124206542969,10.345706939697266,15.33968448638916,15.91822624206543,16.478069305419922,16.92268943786621,17.410053253173828,18.585723876953125,4.545773506164551,6.780430316925049,7.876536846160889,13.643975257873535,9.426915168762207,17.952091217041016,17.620954513549805,0.34187036752700806,3.7684521675109863,4.2535481452941895,4.679854393005371,5.103796005249023,5.692955493927002,6.077003479003906,6.478419303894043,7.225560665130615,7.730283737182617,8.086344718933105,8.370077133178711,16.14070701599121,16.685672760009766,17.1634464263916,17.80560302734375,18.176908493041992,18.760028839111328,12.972352027893066,-0.17125213146209717
2003-10-01 05:33:00,16.090187072753906,8.256434440612793,14.909427642822266,16.895082473754883,16.34576416015625,15.589613914489746,12.425708770751953,5.736008644104004,8.113377571105957,10.070840835571289,12.488601684570312,14.191481590270996,16.226566314697266,11.135527610778809,11.918795585632324,12.981379508972168,17.17215919494629,17.692455291748047,6.593303203582764,5.099429607391357,5.615593433380127,8.975638389587402,9.993081092834473,11.20118522644043,15.476977348327637,14.260123252868652,10.345550537109375,15.339603424072266,15.918113708496094,16.477951049804688,16.922590255737305,17.410058975219727,18.58570098876953,4.5456719398498535,6.780332088470459,7.876424789428711,13.643972396850586,9.426795959472656,17.952001571655273,17.62087059020996,0.3415500819683075,3.7683286666870117,4.253262519836426,4.679646968841553,5.1035566329956055,5.692774295806885,6.076815128326416,6.478242874145508,7.225368499755859,7.730124473571777,8.086191177368164,8.369913101196289,16.140663146972656,16.685565948486328,17.163393020629883,17.805538177490234,18.17681312561035,18.760051727294922,12.972223281860352,-0.1714605838060379
2003-10-01 05:34:00,16.090139389038086,8.256333351135254,14.909340858459473,16.8950252532959,16.34572982788086,15.589579582214355,12.425609588623047,5.735774993896484,8.113330841064453,10.070792198181152,12.488515853881836,14.191412925720215,16.22650909423828,11.13546085357666,11.91869831085205,12.981331825256348,17.17211151123047,17.69240951538086,6.593289852142334,5.099267482757568,5.615447521209717,8.97553539276123,9.992977142333984,11.201086044311523,15.476919174194336,14.26012134552002,10.345396041870117,15.339522361755371,15.918002128601074,16.47783088684082,16.92249298095703,17.410062789916992,18.585676193237305,4.545571327209473,6.780234336853027,7.876313209533691,13.643969535827637,9.426675796508789,17.9519100189209,17.62078857421875,0.3412587642669678,3.7682044506073,4.252981662750244,4.679442882537842,5.103321075439453,5.692595958709717,6.076630115509033,6.478065490722656,7.2251787185668945,7.729966640472412,8.086036682128906,8.369750022888184,16.1406192779541,16.685461044311523,17.16333770751953,17.80547332763672,18.176742553710938,18.760051727294922,12.972094535827637,-0.17165735363960266
2003-10-01 05:35:00,16.0900936126709,8.256231307983398,14.90925407409668,16.894969940185547,16.34569549560547,15.589546203613281,12.425511360168457,5.7355427742004395,8.113285064697266,10.070744514465332,12.488430976867676,14.19134521484375,16.226449966430664,11.135396003723145,11.918601036071777,12.981283187866211,17.17206573486328,17.692363739013672,6.593276500701904,5.099106788635254,5.615302085876465,8.975432395935059,9.992873191833496,11.200987815856934,15.476860046386719,14.260120391845703,10.34524154663086,15.339442253112793,15.917892456054688,16.477712631225586,16.92240333557129,17.410057067871094,18.58565330505371,4.54547119140625,6.780137062072754,7.87620210647583,13.643966674804688,9.426557540893555,17.951820373535156,17.62070655822754,0.3409914970397949,3.7680790424346924,4.252705097198486,4.6792426109313965,5.103088855743408,5.692419528961182,6.076447486877441,6.47788667678833,7.2249908447265625,7.729809284210205,8.085884094238281,8.369589805603027,16.140575408935547,16.68535614013672,17.163286209106445,17.805410385131836,18.176694869995117,18.76003074645996,12.971966743469238,-0.17183886468410492
2003-10-01 05:36:00,16.09004783630371,8.256131172180176,14.909168243408203,16.894914627075195,16.34566307067871,15.589515686035156,12.425413131713867,5.735312461853027,8.113239288330078,10.070695877075195,12.488347053527832,14.191277503967285,16.22639274597168,11.135331153869629,11.91850471496582,12.981234550476074,17.172019958496094,17.692317962646484,6.593263626098633,5.098947048187256,5.6151580810546875,8.975330352783203,9.99277114868164,11.20089054107666,15.476801872253418,14.260119438171387,10.345088005065918,15.339362144470215,15.917783737182617,16.477596282958984,16.92230796813965,17.41006088256836,18.585630416870117,4.545372009277344,6.780039310455322,7.876091003417969,13.643963813781738,9.42643928527832,17.951732635498047,17.620624542236328,0.34074318408966064,3.7679531574249268,4.252436637878418,4.679041385650635,5.102860927581787,5.6922454833984375,6.076267242431641,6.477707386016846,7.224804878234863,7.729652404785156,8.08573055267334,8.369431495666504,16.140535354614258,16.685251235961914,17.163232803344727,17.805347442626953,18.176624298095703,18.76003074645996,12.971839904785156,-0.17200705409049988
2003-10-01 05:37:00,16.090002059936523,8.256032943725586,14.909083366394043,16.894861221313477,16.345630645751953,15.589485168457031,12.425315856933594,5.735084056854248,8.11319351196289,10.070648193359375,12.488264083862305,14.191210746765137,16.226333618164062,11.13526725769043,11.91840934753418,12.981186866760254,17.171972274780273,17.692272186279297,6.593250274658203,5.098788261413574,5.615015029907227,8.975229263305664,9.992669105529785,11.200794219970703,15.476743698120117,14.26011848449707,10.344935417175293,15.339282989501953,15.917675971984863,16.477479934692383,16.92221450805664,17.410062789916992,18.585607528686523,4.545273780822754,6.779940605163574,7.875980377197266,13.643960952758789,9.426321983337402,17.951644897460938,17.62054443359375,0.340511292219162,3.7678232192993164,4.252176284790039,4.67883825302124,5.102637767791748,5.692072868347168,6.076088905334473,6.477526664733887,7.224621772766113,7.729496479034424,8.085577964782715,8.369274139404297,16.140493392944336,16.68514633178711,17.16318130493164,17.80528450012207,18.176555633544922,18.760028839111328,12.971714973449707,-0.17216376960277557
2003-10-01 05:38:00,16.089956283569336,8.255934715270996,14.908998489379883,16.89480972290039,16.345598220825195,15.589456558227539,12.425219535827637,5.73485803604126,8.11314868927002,10.070600509643555,12.488181114196777,14.191144943237305,16.226276397705078,11.135204315185547,11.918313980102539,12.981139183044434,17.171926498413086,17.69222640991211,6.593237400054932,5.098630905151367,5.614872932434082,8.975129127502441,9.992568016052246,11.200699806213379,15.476685523986816,14.260117530822754,10.344783782958984,15.339204788208008,15.917570114135742,16.477365493774414,16.922122955322266,17.410064697265625,18.585586547851562,4.5451765060424805,6.779841423034668,7.8758697509765625,13.64395809173584,9.4262056350708,17.951557159423828,17.620466232299805,0.3402921259403229,3.767691135406494,4.251923084259033,4.678633689880371,5.102418899536133,5.691902160644531,6.075911521911621,6.4773454666137695,7.224440574645996,7.72934103012085,8.085427284240723,8.369119644165039,16.140453338623047,16.685041427612305,17.163129806518555,17.805219650268555,18.17648696899414,18.760028839111328,12.971590042114258,-0.1723111867904663
2003-10-01 05:39:00,16.08991241455078,8.255837440490723,14.908914566040039,16.894758224487305,16.345563888549805,15.589428901672363,12.42512321472168,5.7346343994140625,8.113103866577148,10.070552825927734,12.488099098205566,14.191079139709473,16.226219177246094,11.13514232635498,11.918219566345215,12.981091499328613,17.1718807220459,17.692182540893555,6.593224048614502,5.098474979400635,5.614732265472412,8.975030899047852,9.99246597290039,11.200606346130371,15.476627349853516,14.260116577148438,10.344633102416992,15.339127540588379,15.917464256286621,16.477251052856445,16.92203140258789,17.410066604614258,18.58556365966797,4.545079708099365,6.7797417640686035,7.875759124755859,13.64395523071289,9.4260892868042,17.95146942138672,17.620389938354492,0.3400825262069702,3.7675583362579346,4.251675605773926,4.6784281730651855,5.102203845977783,5.691732883453369,6.075735569000244,6.477163791656494,7.224261283874512,7.729185581207275,8.08527660369873,8.368966102600098,16.140411376953125,16.6849365234375,17.1630802154541,17.80515480041504,18.176420211791992,18.760026931762695,12.971467018127441,-0.1724514663219452
2003-10-01 05:40:00,16.089866638183594,8.255741119384766,14.908830642700195,16.89470672607422,16.34553337097168,15.589402198791504,12.425026893615723,5.73441219329834,8.113059043884277,10.070504188537598,12.488018035888672,14.19101333618164,16.226163864135742,11.13508129119873,11.918126106262207,12.98104476928711,17.17183494567871,17.692136764526367,6.5932111740112305,5.098320007324219,5.614592552185059,8.974934577941895,9.992363929748535,11.20051383972168,15.476570129394531,14.260115623474121,10.344483375549316,15.33905029296875,15.917359352111816,16.477136611938477,16.92194366455078,17.410066604614258,18.585540771484375,4.544983863830566,6.779641628265381,7.875649452209473,13.643953323364258,9.425973892211914,17.951383590698242,17.62031364440918,0.3398803770542145,3.767426013946533,4.2514328956604,4.678221702575684,5.101991653442383,5.691565036773682,6.075560569763184,6.476982116699219,7.224084377288818,7.729030609130859,8.085127830505371,8.368814468383789,16.140371322631836,16.684833526611328,17.163034439086914,17.80508804321289,18.176353454589844,18.760025024414062,12.971344947814941,-0.17258618772029877
2003-10-01 05:41:00,16.08982276916504,8.255644798278809,14.908747673034668,16.894657135009766,16.345500946044922,15.589376449584961,12.424931526184082,5.734192371368408,8.113014221191406,10.070456504821777,12.487936973571777,14.190947532653809,16.226106643676758,11.135021209716797,11.9180326461792,12.980998039245605,17.17178726196289,17.692092895507812,6.593198299407959,5.098165988922119,5.6144537925720215,8.974839210510254,9.99226188659668,11.200423240661621,15.476512908935547,14.260114669799805,10.344334602355957,15.338973045349121,15.917255401611328,16.47702407836914,16.92185401916504,17.410066604614258,18.58551788330078,4.544891834259033,6.779541969299316,7.875540733337402,13.643950462341309,9.425858497619629,17.951297760009766,17.6202392578125,0.3396831750869751,3.7672948837280273,4.251193523406982,4.678014755249023,5.10178279876709,5.6913981437683105,6.075385570526123,6.476799964904785,7.2239089012146,7.72887659072876,8.084980010986328,8.368664741516113,16.140331268310547,16.684730529785156,17.162986755371094,17.805021286010742,18.176288604736328,18.760021209716797,12.971222877502441,-0.17271688580513
2003-10-01 05:42:00,16.089778900146484,8.255550384521484,14.908665657043457,16.894607543945312,16.345468521118164,15.589350700378418,12.424837112426758,5.733973979949951,8.112970352172852,10.070408821105957,12.4878568649292,14.190882682800293,16.226051330566406,11.13496208190918,11.917940139770508,12.980951309204102,17.171741485595703,17.692049026489258,6.5931854248046875,5.098012924194336,5.614315986633301,8.974743843078613,9.99216079711914,11.200332641601562,15.476455688476562,14.260113716125488,10.34418773651123,15.338896751403809,15.917152404785156,16.476913452148438,16.921768188476562,17.410066604614258,18.58549690246582,4.544808387756348,6.779441833496094,7.875432968139648,13.64394760131836,9.425745010375977,17.951213836669922,17.620166778564453,0.3394886553287506,3.767164707183838,4.250957012176514,4.6778082847595215,5.101576328277588,5.691231727600098,6.075211524963379,6.47661828994751,7.223735809326172,7.72872257232666,8.084834098815918,8.368515968322754,16.140291213989258,16.684627532958984,17.16294288635254,17.804954528808594,18.176225662231445,18.76001739501953,12.971102714538574,-0.17284522950649261
2003-10-01 05:43:00,16.08973503112793,8.255456924438477,14.908584594726562,16.894559860229492,16.34543800354004,15.589325904846191,12.42474365234375,5.733757972717285,8.112926483154297,10.070362091064453,12.487776756286621,14.190818786621094,16.225997924804688,11.134903907775879,11.917847633361816,12.980904579162598,17.171695709228516,17.692005157470703,6.593172550201416,5.097860336303711,5.614179611206055,8.974650382995605,9.992059707641602,11.20024299621582,15.476399421691895,14.260112762451172,10.34404182434082,15.338821411132812,15.9170503616333,16.476802825927734,16.921682357788086,17.410064697265625,18.585474014282227,4.544731140136719,6.779342174530029,7.875326156616211,13.643945693969727,9.425631523132324,17.951129913330078,17.620092391967773,0.3392976224422455,3.767035961151123,4.250723838806152,4.6776018142700195,5.101371765136719,5.691066265106201,6.075037956237793,6.476437568664551,7.223564624786377,7.728569507598877,8.084689140319824,8.368368148803711,16.14025115966797,16.684526443481445,17.162899017333984,17.804885864257812,18.176149368286133,18.760028839111328,12.970982551574707,-0.17297126352787018
2003-10-01 05:44:00,16.089691162109375,8.255364418029785,14.908503532409668,16.89451026916504,16.345407485961914,15.589302062988281,12.424651145935059,5.733543872833252,8.112883567810059,10.07031536102295,12.48769760131836,14.190754890441895,16.225942611694336,11.134845733642578,11.917756080627441,12.98085880279541,17.171648025512695,17.691959381103516,6.5931596755981445,5.097707748413086,5.614044189453125,8.974556922912598,9.991959571838379,11.200154304504395,15.476343154907227,14.260111808776855,10.343896865844727,15.338747024536133,15.916949272155762,16.47669219970703,16.921598434448242,17.410064697265625,18.585451126098633,4.5446577072143555,6.779242038726807,7.875220775604248,13.643942832946777,9.425518035888672,17.951045989990234,17.620018005371094,0.33911049365997314,3.7669081687927246,4.250492095947266,4.677396297454834,5.101169109344482,5.690901756286621,6.074863433837891,6.476256847381592,7.223394870758057,7.728416919708252,8.084546089172363,8.368223190307617,16.14021110534668,16.684425354003906,17.162857055664062,17.8048152923584,18.17609214782715,18.76002311706543,12.970864295959473,-0.17309477925300598
2003-10-01 05:45:00,16.089649200439453,8.255270957946777,14.90842342376709,16.89446258544922,16.345375061035156,15.589278221130371,12.42455768585205,5.733331203460693,8.112839698791504,10.070268630981445,12.487618446350098,14.190690994262695,16.225889205932617,11.13478946685791,11.917664527893066,12.980813026428223,17.171602249145508,17.69191551208496,6.593146800994873,5.097555637359619,5.613909721374512,8.974465370178223,9.99185848236084,11.200066566467285,15.476286888122559,14.260110855102539,10.34375286102295,15.338672637939453,15.916849136352539,16.47658348083496,16.9215145111084,17.41006088256836,18.585430145263672,4.544587135314941,6.7791428565979,7.875115871429443,13.643939971923828,9.425406455993652,17.95096206665039,17.619945526123047,0.3389272391796112,3.7667810916900635,4.25026273727417,4.677190780639648,5.100968837738037,5.690739154815674,6.0746870040893555,6.476077556610107,7.223227024078369,7.728264808654785,8.084404945373535,8.368078231811523,16.140172958374023,16.684326171875,17.16281509399414,17.80474853515625,18.176040649414062,18.760007858276367,12.970745086669922,-0.17321571707725525
2003-10-01 05:46:00,16.0896053314209,8.255179405212402,14.908343315124512,16.8944149017334,16.34534454345703,15.589255332946777,12.42446517944336,5.733120441436768,8.112796783447266,10.070221900939941,12.487540245056152,14.190628051757812,16.2258358001709,11.134733200073242,11.917573928833008,12.980767250061035,17.17155647277832,17.691871643066406,6.59313440322876,5.0974040031433105,5.613776683807373,8.974373817443848,9.991759300231934,11.199979782104492,15.476231575012207,14.260109901428223,10.343609809875488,15.338598251342773,15.916749954223633,16.47647476196289,16.921432495117188,17.410058975219727,18.58540916442871,4.54451847076416,6.779043674468994,7.875012397766113,13.643938064575195,9.425294876098633,17.95088005065918,17.619871139526367,0.33874765038490295,3.7666549682617188,4.250035285949707,4.6769866943359375,5.100771427154541,5.690577983856201,6.074507713317871,6.4758992195129395,7.223060607910156,7.728113174438477,8.08426570892334,8.367935180664062,16.140132904052734,16.684226989746094,17.16277503967285,17.80467987060547,18.175954818725586,18.76003074645996,12.970627784729004,-0.17333415150642395
2003-10-01 05:47:00,16.089563369750977,8.25508975982666,14.90826416015625,16.89436912536621,16.345314025878906,15.589231491088867,12.4243745803833,5.732911586761475,8.112753868103027,10.070176124572754,12.487462043762207,14.19056510925293,16.22578239440918,11.13467788696289,11.917484283447266,12.980721473693848,17.1715087890625,17.69182777404785,6.593121528625488,5.09725284576416,5.613645076751709,8.974282264709473,9.991660118103027,11.199893951416016,15.476176261901855,14.260108947753906,10.34346866607666,15.338525772094727,15.916650772094727,16.476367950439453,16.92135238647461,17.41005516052246,18.585386276245117,4.544449329376221,6.778944492340088,7.874909400939941,13.643935203552246,9.425183296203613,17.95079803466797,17.619796752929688,0.33857178688049316,3.766529083251953,4.249809741973877,4.676784038543701,5.100575923919678,5.690417766571045,6.074326038360596,6.475722789764404,7.222895622253418,7.727962970733643,8.084127426147461,8.367794036865234,16.140094757080078,16.68412971496582,17.162734985351562,17.804609298706055,18.1758975982666,18.760026931762695,12.970510482788086,-0.17345011234283447
2003-10-01 05:48:00,16.089521408081055,8.255000114440918,14.908185958862305,16.89432144165039,16.345285415649414,15.58920955657959,12.424283981323242,5.732704162597656,8.112710952758789,10.070130348205566,12.487384796142578,14.190502166748047,16.225730895996094,11.134623527526855,11.917394638061523,12.980676651000977,17.171463012695312,17.691783905029297,6.593109130859375,5.097102165222168,5.6135149002075195,8.97419261932373,9.991561889648438,11.199808120727539,15.47612190246582,14.26010799407959,10.343328475952148,15.33845329284668,15.916553497314453,16.476261138916016,16.921268463134766,17.410058975219727,18.585365295410156,4.544379234313965,6.778846263885498,7.874807834625244,13.643933296203613,9.425073623657227,17.95071792602539,17.619722366333008,0.3383994400501251,3.766403913497925,4.2495856285095215,4.6765828132629395,5.100381851196289,5.690258026123047,6.074143409729004,6.475547790527344,7.222732067108154,7.727812767028809,8.083992004394531,8.367653846740723,16.140058517456055,16.684032440185547,17.162696838378906,17.804540634155273,18.175846099853516,18.76001739501953,12.970394134521484,-0.1735636591911316
2003-10-01 05:49:00,16.089479446411133,8.254910469055176,14.908108711242676,16.894275665283203,16.34525489807129,15.589186668395996,12.424193382263184,5.732498645782471,8.112668991088867,10.070084571838379,12.487308502197266,14.19044017791748,16.225679397583008,11.134568214416504,11.917304992675781,12.980631828308105,17.171417236328125,17.69173812866211,6.593096733093262,5.09695291519165,5.6133856773376465,8.974102973937988,9.991463661193848,11.199723243713379,15.476067543029785,14.260107040405273,10.343191146850586,15.338380813598633,15.91645622253418,16.47615623474121,16.92119026184082,17.41005516052246,18.585344314575195,4.544308662414551,6.778748512268066,7.874707221984863,13.643930435180664,9.42496395111084,17.95063591003418,17.619647979736328,0.3382299244403839,3.766279458999634,4.249363422393799,4.676383018493652,5.100189685821533,5.690098285675049,6.0739593505859375,6.475374698638916,7.222569942474365,7.727663993835449,8.083857536315918,8.367514610290527,16.1400203704834,16.683937072753906,17.162656784057617,17.804473876953125,18.175771713256836,18.76003074645996,12.9702787399292,-0.17367514967918396
2003-10-01 05:50:00,16.08943748474121,8.25482177734375,14.908031463623047,16.894229888916016,16.345224380493164,15.589164733886719,12.424103736877441,5.732292175292969,8.112626075744629,10.070039749145508,12.487232208251953,14.190378189086914,16.225627899169922,11.134511947631836,11.917217254638672,12.98058795928955,17.171371459960938,17.691694259643555,6.593084335327148,5.096804141998291,5.6132588386535645,8.974014282226562,9.991366386413574,11.199639320373535,15.476014137268066,14.260106086730957,10.343055725097656,15.338310241699219,15.916359901428223,16.476051330566406,16.921112060546875,17.410049438476562,18.585323333740234,4.544238090515137,6.778650760650635,7.874607086181641,13.643928527832031,9.424856185913086,17.9505558013916,17.61957359313965,0.33806276321411133,3.766155242919922,4.249142646789551,4.67618465423584,5.099998474121094,5.689938545227051,6.073774337768555,6.475203514099121,7.222409248352051,7.727515697479248,8.083724975585938,8.367376327514648,16.139982223510742,16.683841705322266,17.16261863708496,17.804407119750977,18.17572593688965,18.7600154876709,12.970163345336914,-0.17378491163253784
2003-10-01 05:51:00,16.08939552307129,8.25473403930664,14.907954216003418,16.894184112548828,16.345195770263672,15.589142799377441,12.4240140914917,5.732084274291992,8.112584114074707,10.06999397277832,12.48715591430664,14.190317153930664,16.225576400756836,11.134454727172852,11.917128562927246,12.98054313659668,17.17132568359375,17.691650390625,6.593071460723877,5.096656799316406,5.61313533782959,8.973925590515137,9.9912691116333,11.199556350708008,15.475960731506348,14.26010513305664,10.34292221069336,15.338238716125488,15.916264533996582,16.4759464263916,16.921035766601562,17.410043716430664,18.58530044555664,4.5441670417785645,6.7785539627075195,7.874508857727051,13.643925666809082,9.424748420715332,17.950477600097656,17.61949920654297,0.3378976583480835,3.7660317420959473,4.248924255371094,4.675987243652344,5.0998077392578125,5.6897783279418945,6.073589324951172,6.475034236907959,7.222249507904053,7.727368354797363,8.083593368530273,8.367238998413086,16.13994598388672,16.683746337890625,17.162578582763672,17.804340362548828,18.175649642944336,18.760032653808594,12.970048904418945,-0.17389319837093353
2003-10-01 05:52:00,16.089353561401367,8.254648208618164,14.907878875732422,16.89413833618164,16.34516716003418,15.589120864868164,12.42392635345459,5.731874942779541,8.112542152404785,10.069950103759766,12.487080574035645,14.190256118774414,16.22552490234375,11.134395599365234,11.917041778564453,12.980499267578125,17.171279907226562,17.691606521606445,6.593059539794922,5.096511363983154,5.61301326751709,8.973835945129395,9.99117374420166,11.19947338104248,15.475908279418945,14.260104179382324,10.342790603637695,15.338168144226074,15.916170120239258,16.47584342956543,16.920961380004883,17.410037994384766,18.58527946472168,4.544095993041992,6.7784576416015625,7.8744120597839355,13.64392375946045,9.424642562866211,17.950397491455078,17.61942481994629,0.3377344310283661,3.76590895652771,4.248707294464111,4.675790786743164,5.0996174812316895,5.689618110656738,6.073404788970947,6.47486686706543,7.222091197967529,7.727221965789795,8.083464622497559,8.367103576660156,16.139909744262695,16.683652877807617,17.162538528442383,17.80427360534668,18.17559242248535,18.76003074645996,12.969935417175293,-0.17400014400482178
2003-10-01 05:53:00,16.089313507080078,8.254562377929688,14.907803535461426,16.894094467163086,16.345138549804688,15.589099884033203,12.42383861541748,5.731665134429932,8.11250114440918,10.069906234741211,12.487006187438965,14.190195083618164,16.225475311279297,11.134336471557617,11.916954040527344,12.98045539855957,17.171234130859375,17.69156265258789,6.593047142028809,5.096367835998535,5.612893581390381,8.973745346069336,9.99107837677002,11.19939136505127,15.475855827331543,14.260103225708008,10.342660903930664,15.338098526000977,15.91607666015625,16.475740432739258,16.92087745666504,17.410043716430664,18.58526039123535,4.544025421142578,6.778361797332764,7.874317169189453,13.643921852111816,9.424537658691406,17.9503231048584,17.619352340698242,0.3375729024410248,3.76578688621521,4.2484917640686035,4.675595760345459,5.099427700042725,5.689457416534424,6.073220729827881,6.474701881408691,7.2219343185424805,7.727076530456543,8.08333683013916,8.36697006225586,16.139873504638672,16.68355941772461,17.162500381469727,17.80420684814453,18.175539016723633,18.760028839111328,12.969822883605957,-0.17410588264465332
2003-10-01 05:54:00,16.08927345275879,8.254477500915527,14.907729148864746,16.8940486907959,16.345109939575195,15.589078903198242,12.423751831054688,5.731454849243164,8.112460136413574,10.069862365722656,12.486931800842285,14.19013500213623,16.225425720214844,11.134275436401367,11.916868209838867,12.980412483215332,17.171188354492188,17.691518783569336,6.593034744262695,5.096225738525391,5.6127753257751465,8.973654747009277,9.990983963012695,11.199309349060059,15.475804328918457,14.260102272033691,10.34253215789795,15.338029861450195,15.915983200073242,16.475637435913086,16.92080307006836,17.410037994384766,18.58523941040039,4.543954372406006,6.778266906738281,7.874223709106445,13.643918991088867,9.424433708190918,17.95024871826172,17.619277954101562,0.3374132215976715,3.765665292739868,4.2482781410217285,4.675401210784912,5.099238872528076,5.689296722412109,6.073037147521973,6.474538803100586,7.22177791595459,7.726931571960449,8.083210945129395,8.366837501525879,16.13983726501465,16.683467864990234,17.162460327148438,17.804141998291016,18.175474166870117,18.76003646850586,12.969710350036621,-0.17421039938926697
2003-10-01 05:55:00,16.0892333984375,8.25439167022705,14.907654762268066,16.894004821777344,16.345081329345703,15.589057922363281,12.423665046691895,5.73124361038208,8.112419128417969,10.069818496704102,12.486857414245605,14.190074920654297,16.22537612915039,11.134214401245117,11.91678237915039,12.980368614196777,17.171142578125,17.69147300720215,6.593022346496582,5.096085548400879,5.6126580238342285,8.973563194274902,9.990889549255371,11.199228286743164,15.475752830505371,14.260101318359375,10.34240436553955,15.337961196899414,15.91589069366455,16.475536346435547,16.920711517333984,17.410057067871094,18.58521842956543,4.543882369995117,6.778172969818115,7.87413215637207,13.643917083740234,9.424330711364746,17.950176239013672,17.619205474853516,0.33725565671920776,3.7655444145202637,4.248065948486328,4.675207138061523,5.099050045013428,5.689136028289795,6.072855472564697,6.474377632141113,7.221622943878174,7.72678804397583,8.083086967468262,8.366706848144531,16.139802932739258,16.68337631225586,17.16242027282715,17.8040771484375,18.175418853759766,18.760038375854492,12.969598770141602,-0.17431356012821198
2003-10-01 05:56:00,16.08919334411621,8.254307746887207,14.907580375671387,16.89396095275879,16.34505271911621,15.58903694152832,12.423578262329102,5.731032371520996,8.112378120422363,10.069774627685547,12.486783981323242,14.190014839172363,16.225326538085938,11.13415241241455,11.91669750213623,12.980325698852539,17.171096801757812,17.691429138183594,6.593010425567627,5.095947265625,5.612542152404785,8.973469734191895,9.99079704284668,11.199148178100586,15.475701332092285,14.260100364685059,10.342277526855469,15.337892532348633,15.915799140930176,16.475435256958008,16.92063331604004,17.41005516052246,18.58519744873047,4.543809413909912,6.778079986572266,7.8740410804748535,13.643915176391602,9.42422866821289,17.950105667114258,17.619131088256836,0.33709999918937683,3.7654242515563965,4.247854709625244,4.675013542175293,5.098862171173096,5.688974857330322,6.072674751281738,6.474217891693115,7.221468925476074,7.726644992828369,8.082963943481445,8.366578102111816,16.139766693115234,16.683286666870117,17.162378311157227,17.804014205932617,18.17537498474121,18.760025024414062,12.969488143920898,-0.17441540956497192
2003-10-01 05:57:00,16.089153289794922,8.25422477722168,14.907506942749023,16.893917083740234,16.34502410888672,15.58901596069336,12.423493385314941,5.730821132659912,8.112337112426758,10.069731712341309,12.486711502075195,14.189955711364746,16.225278854370117,11.134089469909668,11.91661262512207,12.980283737182617,17.171051025390625,17.69138526916504,6.592998027801514,5.095810413360596,5.6124267578125,8.973376274108887,9.990705490112305,11.199068069458008,15.475650787353516,14.260099411010742,10.342151641845703,15.337824821472168,15.9157075881958,16.47533416748047,16.920560836791992,17.410045623779297,18.585176467895508,4.543736457824707,6.777987957000732,7.873950958251953,13.643913269042969,9.424127578735352,17.950035095214844,17.61905860900879,0.33694595098495483,3.7653043270111084,4.247645378112793,4.674820899963379,5.09867525100708,5.688814163208008,6.07249641418457,6.47406005859375,7.221316337585449,7.726503372192383,8.082843780517578,8.366450309753418,16.139732360839844,16.683197021484375,17.162334442138672,17.803951263427734,18.175308227539062,18.76003646850586,12.969378471374512,-0.17451609671115875
2003-10-01 05:58:00,16.089113235473633,8.254142761230469,14.907434463500977,16.89387321472168,16.34499740600586,15.588995933532715,12.423408508300781,5.730609893798828,8.112297058105469,10.06968879699707,12.486639022827148,14.189897537231445,16.225229263305664,11.134026527404785,11.916528701782227,12.980240821838379,17.171005249023438,17.691341400146484,6.592986106872559,5.095675468444824,5.612311840057373,8.973281860351562,9.99061393737793,11.19898796081543,15.475601196289062,14.260098457336426,10.342025756835938,15.337757110595703,15.915616989135742,16.47523307800293,16.920488357543945,17.410037994384766,18.58515739440918,4.543663024902344,6.777897357940674,7.8738603591918945,13.64391040802002,9.424027442932129,17.949968338012695,17.618988037109375,0.33679336309432983,3.7651851177215576,4.2474365234375,4.674628257751465,5.098488807678223,5.688653945922852,6.072319030761719,6.473904132843018,7.221164703369141,7.726362705230713,8.082724571228027,8.366323471069336,16.139698028564453,16.683109283447266,17.162288665771484,17.803890228271484,18.17526626586914,18.76002311706543,12.969268798828125,-0.174615740776062
2003-10-01 05:59:00,16.089075088500977,8.254061698913574,14.907362937927246,16.893831253051758,16.344968795776367,15.58897590637207,12.423323631286621,5.7303996086120605,8.11225700378418,10.069646835327148,12.486567497253418,14.189838409423828,16.225181579589844,11.133962631225586,11.916444778442383,12.980198860168457,17.170961380004883,17.69129753112793,6.5929741859436035,5.0955424308776855,5.612197399139404,8.973187446594238,9.990524291992188,11.198909759521484,15.475550651550293,14.260098457336426,10.341901779174805,15.337690353393555,15.915526390075684,16.475133895874023,16.92041015625,17.41004180908203,18.58513641357422,4.5435895919799805,6.777807712554932,7.8737688064575195,13.643908500671387,9.423927307128906,17.949899673461914,17.618915557861328,0.3366421163082123,3.765066146850586,4.247229099273682,4.674436569213867,5.098304271697998,5.688493728637695,6.072144508361816,6.47374963760376,7.221014499664307,7.726223468780518,8.08260726928711,8.36619758605957,16.139665603637695,16.68302345275879,17.162242889404297,17.803829193115234,18.175203323364258,18.76003074645996,12.969160079956055,-0.17471443116664886
2003-10-01 06:00:00,16.089035034179688,8.253979682922363,14.9072904586792,16.893787384033203,16.344942092895508,15.588955879211426,12.423239707946777,5.730189323425293,8.11221694946289,10.06960391998291,12.486495971679688,14.189780235290527,16.225133895874023,11.133898735046387,11.916362762451172,12.980156898498535,17.170915603637695,17.691253662109375,6.592962265014648,5.095410346984863,5.612083435058594,8.973093032836914,9.990434646606445,11.198830604553223,15.475502014160156,14.26009750366211,10.341777801513672,15.337623596191406,15.915436744689941,16.475034713745117,16.920324325561523,17.41005516052246,18.585115432739258,4.543516159057617,6.777719497680664,7.873676776885986,13.643906593322754,9.423828125,17.949832916259766,17.618844985961914,0.3364921808242798,3.7649476528167725,4.24702262878418,4.674245834350586,5.09812068939209,5.688333988189697,6.071971416473389,6.473597049713135,7.220865249633789,7.7260847091674805,8.082491874694824,8.366073608398438,16.139631271362305,16.68293571472168,17.16219711303711,17.803768157958984,18.17513656616211,18.760046005249023,12.969053268432617,-0.1748122274875641
2003-10-01 06:01:00,16.08899688720703,8.253897666931152,14.907219886779785,16.89374542236328,16.344913482666016,15.588935852050781,12.423155784606934,5.729980945587158,8.112176895141602,10.069561958312988,12.486424446105957,14.189722061157227,16.225086212158203,11.133833885192871,11.916279792785645,12.980114936828613,17.170869827270508,17.69120979309082,6.592950344085693,5.095279693603516,5.611969947814941,8.97299861907959,9.99034595489502,11.198752403259277,15.475452423095703,14.260096549987793,10.341653823852539,15.337557792663574,15.9153470993042,16.47493553161621,16.92025375366211,17.410051345825195,18.58509635925293,4.543443202972412,6.777631759643555,7.873584270477295,13.643904685974121,9.42372989654541,17.94976806640625,17.6187744140625,0.3363434672355652,3.764829397201538,4.246817111968994,4.674055576324463,5.097938537597656,5.688174724578857,6.071800231933594,6.473445415496826,7.220717430114746,7.725947380065918,8.082378387451172,8.365950584411621,16.139598846435547,16.682849884033203,17.162151336669922,17.803709030151367,18.17509651184082,18.760032653808594,12.96894645690918,-0.17490915954113007
2003-10-01 06:02:00,16.088958740234375,8.253814697265625,14.907149314880371,16.893701553344727,16.344886779785156,15.588915824890137,12.423072814941406,5.729775428771973,8.112137794494629,10.069520950317383,12.486353874206543,14.189664840698242,16.225040435791016,11.133769035339355,11.91619873046875,12.980073928833008,17.170825958251953,17.6911678314209,6.592938423156738,5.095149993896484,5.611856937408447,8.972905158996582,9.990259170532227,11.198675155639648,15.475403785705566,14.260095596313477,10.341531753540039,15.337491989135742,15.915258407592773,16.474838256835938,16.920185089111328,17.41004180908203,18.5850772857666,4.543370723724365,6.7775444984436035,7.873490810394287,13.643902778625488,9.423632621765137,17.949703216552734,17.61870574951172,0.3361959755420685,3.764711856842041,4.246613025665283,4.6738667488098145,5.097757339477539,5.688016414642334,6.07163143157959,6.473295211791992,7.2205705642700195,7.725811004638672,8.082265853881836,8.365827560424805,16.139564514160156,16.682764053344727,17.1621036529541,17.80364990234375,18.175029754638672,18.760046005249023,12.968839645385742,-0.17500527203083038
2003-10-01 06:03:00,16.08892250061035,8.253730773925781,14.907079696655273,16.893659591674805,16.344860076904297,15.588896751403809,12.422990798950195,5.729571342468262,8.11209774017334,10.069478988647461,12.486284255981445,14.189607620239258,16.224992752075195,11.13370418548584,11.916117668151855,12.980032920837402,17.1707820892334,17.691123962402344,6.592926502227783,5.095021724700928,5.611744403839111,8.972811698913574,9.990172386169434,11.19859790802002,15.47535514831543,14.26009464263916,10.341408729553223,15.337427139282227,15.915170669555664,16.47473907470703,16.92011260986328,17.41004180908203,18.58505630493164,4.543298721313477,6.7774577140808105,7.873397350311279,13.643900871276855,9.423535346984863,17.94963836669922,17.618635177612305,0.3360496759414673,3.764594554901123,4.246409893035889,4.673678874969482,5.097579479217529,5.6878581047058105,6.071465015411377,6.473146438598633,7.220425128936768,7.725675582885742,8.082155227661133,8.365706443786621,16.1395320892334,16.68267822265625,17.16205596923828,17.803590774536133,18.175016403198242,18.760007858276367,12.968734741210938,-0.17510055005550385
2003-10-01 06:04:00,16.088884353637695,8.253646850585938,14.907010078430176,16.893617630004883,16.344833374023438,15.58887767791748,12.422908782958984,5.729368209838867,8.112058639526367,10.069437980651855,12.486214637756348,14.189550399780273,16.224946975708008,11.133638381958008,11.916036605834961,12.979991912841797,17.17073631286621,17.69108009338379,6.592914581298828,5.094893932342529,5.611632347106934,8.972719192504883,9.990086555480957,11.198521614074707,15.47530746459961,14.26009464263916,10.341287612915039,15.337362289428711,15.915082931518555,16.47464370727539,16.920034408569336,17.41005516052246,18.585037231445312,4.543226718902588,6.777370929718018,7.873303413391113,13.643898963928223,9.42343807220459,17.949575424194336,17.618566513061523,0.335904598236084,3.7644777297973633,4.246208190917969,4.673492431640625,5.097404956817627,5.687699317932129,6.071300029754639,6.472999095916748,7.22028112411499,7.725541114807129,8.082045555114746,8.365586280822754,16.13949966430664,16.682594299316406,17.16200828552246,17.80353355407715,18.174949645996094,18.76002311706543,12.968629837036133,-0.17519502341747284
2003-10-01 06:05:00,16.088848114013672,8.253561973571777,14.906940460205078,16.89357566833496,16.344806671142578,15.588858604431152,12.422826766967773,5.729166507720947,8.112020492553711,10.06939697265625,12.486145973205566,14.189494132995605,16.22490119934082,11.133573532104492,11.915956497192383,12.979950904846191,17.170692443847656,17.691036224365234,6.592902660369873,5.0947675704956055,5.611521244049072,8.972626686096191,9.99000072479248,11.198445320129395,15.475259780883789,14.260093688964844,10.341166496276855,15.337297439575195,15.914996147155762,16.474546432495117,16.919967651367188,17.41004753112793,18.585018157958984,4.543154716491699,6.777284622192383,7.8732099533081055,13.64389705657959,9.423341751098633,17.94951057434082,17.618497848510742,0.3357607126235962,3.7643613815307617,4.246007442474365,4.673308372497559,5.097232818603516,5.687540531158447,6.071137428283691,6.47285270690918,7.2201385498046875,7.72540807723999,8.081937789916992,8.365466117858887,16.139467239379883,16.68250846862793,17.161962509155273,17.803478240966797,18.17489242553711,18.760026931762695,12.968525886535645,-0.17528870701789856
2003-10-01 06:06:00,16.08881187438965,8.253477096557617,14.906871795654297,16.893535614013672,16.34477996826172,15.588839530944824,12.422745704650879,5.728965759277344,8.111981391906738,10.069356918334961,12.486076354980469,14.189437866210938,16.224855422973633,11.13350772857666,11.915877342224121,12.979910850524902,17.1706485748291,17.690994262695312,6.592891216278076,5.094642162322998,5.611410140991211,8.972535133361816,9.98991584777832,11.198369979858398,15.475212097167969,14.260092735290527,10.341045379638672,15.337233543395996,15.914910316467285,16.474451065063477,16.919906616210938,17.410036087036133,18.584997177124023,4.543083667755127,6.777198314666748,7.8731160163879395,13.643895149230957,9.423245429992676,17.949447631835938,17.618431091308594,0.3356180787086487,3.7642462253570557,4.245808124542236,4.673125743865967,5.097062110900879,5.687381267547607,6.070977210998535,6.472707748413086,7.219996929168701,7.725275993347168,8.081830978393555,8.365347862243652,16.139434814453125,16.682424545288086,17.161914825439453,17.803421020507812,18.17483139038086,18.76003646850586,12.968422889709473,-0.17538155615329742
2003-10-01 06:07:00,16.088775634765625,8.25339412689209,14.906803131103516,16.89349365234375,16.344755172729492,15.588820457458496,12.422664642333984,5.728765964508057,8.111943244934082,10.069315910339355,12.486007690429688,14.18938159942627,16.224809646606445,11.133442878723145,11.91579818725586,12.979869842529297,17.170604705810547,17.690950393676758,6.592879295349121,5.094517230987549,5.611299991607666,8.972444534301758,9.989831924438477,11.198294639587402,15.475165367126465,14.260091781616211,10.340925216674805,15.337169647216797,15.914824485778809,16.47435760498047,16.919824600219727,17.410057067871094,18.584978103637695,4.543012619018555,6.7771124839782715,7.873022556304932,13.643893241882324,9.423150062561035,17.949382781982422,17.618364334106445,0.33547696471214294,3.7641332149505615,4.245608806610107,4.672945499420166,5.096892356872559,5.687222003936768,6.070818901062012,6.472564220428467,7.219857215881348,7.725144863128662,8.081725120544434,8.365229606628418,16.139402389526367,16.682340621948242,17.161867141723633,17.80336570739746,18.17477035522461,18.760046005249023,12.9683198928833,-0.17547348141670227
2003-10-01 06:08:00,16.0887393951416,8.253310203552246,14.906736373901367,16.89345359802246,16.344728469848633,15.588802337646484,12.422584533691406,5.728567600250244,8.11190414428711,10.069276809692383,12.485939025878906,14.189326286315918,16.224763870239258,11.133377075195312,11.915719985961914,12.979830741882324,17.170560836791992,17.690906524658203,6.592867851257324,5.094393730163574,5.611190319061279,8.9723539352417,9.98974895477295,11.198220252990723,15.475118637084961,14.260090827941895,10.340806007385254,15.337106704711914,15.914739608764648,16.47426414489746,16.919763565063477,17.41004753112793,18.584959030151367,4.542942047119141,6.777026653289795,7.872929096221924,13.643891334533691,9.423054695129395,17.94931983947754,17.618297576904297,0.3353375792503357,3.764021158218384,4.2454094886779785,4.672767162322998,5.096722602844238,5.687063217163086,6.070662975311279,6.472421169281006,7.2197184562683105,7.725014686584473,8.081620216369629,8.3651123046875,16.13936996459961,16.6822566986084,17.161821365356445,17.80331039428711,18.17473793029785,18.760028839111328,12.968217849731445,-0.17556431889533997
2003-10-01 06:09:00,16.088703155517578,8.253227233886719,14.906669616699219,16.89341163635254,16.344701766967773,15.588784217834473,12.422505378723145,5.728370189666748,8.111865043640137,10.069236755371094,12.485870361328125,14.189270973205566,16.22471809387207,11.133312225341797,11.915642738342285,12.979790687561035,17.170516967773438,17.69086456298828,6.592856407165527,5.094270706176758,5.611081123352051,8.972264289855957,9.989665985107422,11.198145866394043,15.475072860717773,14.260090827941895,10.340686798095703,15.337044715881348,15.914655685424805,16.474170684814453,16.919700622558594,17.410043716430664,18.58493995666504,4.542871475219727,6.776940822601318,7.872836589813232,13.643889427185059,9.42296028137207,17.949256896972656,17.61823081970215,0.33519989252090454,3.7639098167419434,4.245211124420166,4.672590732574463,5.096553802490234,5.686904430389404,6.070509433746338,6.4722795486450195,7.219581127166748,7.7248854637146,8.08151626586914,8.364995956420898,16.139339447021484,16.682174682617188,17.161773681640625,17.803255081176758,18.174686431884766,18.760028839111328,12.968116760253906,-0.1756540685892105
2003-10-01 06:10:00,16.088666915893555,8.253144264221191,14.906601905822754,16.89337158203125,16.344676971435547,15.588765144348145,12.422425270080566,5.728173732757568,8.111825942993164,10.069196701049805,12.48580265045166,14.189215660095215,16.224674224853516,11.133247375488281,11.915565490722656,12.979750633239746,17.170475006103516,17.690820693969727,6.5928449630737305,5.094148635864258,5.610972881317139,8.972175598144531,9.989583969116211,11.19807243347168,15.47502613067627,14.260089874267578,10.340568542480469,15.336981773376465,15.914572715759277,16.474079132080078,16.91963005065918,17.410049438476562,18.58492088317871,4.542801380157471,6.776854991912842,7.872744083404541,13.643887519836426,9.422865867614746,17.949193954467773,17.618165969848633,0.33506375551223755,3.763798713684082,4.245013236999512,4.672415256500244,5.096385478973389,5.686746597290039,6.070357799530029,6.47213888168335,7.21944522857666,7.724757194519043,8.081414222717285,8.364879608154297,16.139307022094727,16.682090759277344,17.161727905273438,17.80320167541504,18.174646377563477,18.760019302368164,12.968015670776367,-0.1757427603006363
2003-10-01 06:11:00,16.088632583618164,8.25306224822998,14.906536102294922,16.89333152770996,16.34465217590332,15.588747024536133,12.422346115112305,5.727978229522705,8.111785888671875,10.069157600402832,12.485733985900879,14.189160346984863,16.22463035583496,11.13318157196045,11.915489196777344,12.979711532592773,17.17043113708496,17.690778732299805,6.592833518981934,5.094027042388916,5.610864639282227,8.972086906433105,9.989502906799316,11.197999000549316,15.474980354309082,14.260088920593262,10.34045124053955,15.336919784545898,15.91448974609375,16.473987579345703,16.919572830200195,17.410037994384766,18.584901809692383,4.542731285095215,6.776769638061523,7.872652053833008,13.643885612487793,9.422772407531738,17.94913101196289,17.618101119995117,0.3349290192127228,3.763688325881958,4.244816303253174,4.672241687774658,5.096217632293701,5.686589241027832,6.0702080726623535,6.471999645233154,7.219310760498047,7.724629878997803,8.08131217956543,8.364765167236328,16.1392765045166,16.682008743286133,17.16168212890625,17.80314826965332,18.174591064453125,18.76002311706543,12.967915534973145,-0.17583046853542328
2003-10-01 06:12:00,16.08859634399414,8.25298023223877,14.90647029876709,16.893291473388672,16.34462547302246,15.588729858398438,12.42226791381836,5.727784156799316,8.111746788024902,10.069119453430176,12.485666275024414,14.189105987548828,16.224584579467773,11.13311767578125,11.915412902832031,12.9796724319458,17.17038917541504,17.690736770629883,6.592822074890137,5.093906402587891,5.610757350921631,8.971999168395996,9.989421844482422,11.19792652130127,15.474935531616211,14.260087966918945,10.340333938598633,15.336858749389648,15.914407730102539,16.47389793395996,16.919498443603516,17.410053253173828,18.584884643554688,4.542661666870117,6.776684284210205,7.872560977935791,13.64388370513916,9.42267894744873,17.94906997680664,17.6180362701416,0.33479562401771545,3.763577938079834,4.244620323181152,4.672069549560547,5.09605073928833,5.686432361602783,6.070060729980469,6.471860885620117,7.219177722930908,7.724503517150879,8.08121109008789,8.36465072631836,16.139244079589844,16.681928634643555,17.161636352539062,17.803096771240234,18.174531936645508,18.760032653808594,12.967816352844238,-0.17591728270053864
2003-10-01 06:13:00,16.08856201171875,8.252899169921875,14.906405448913574,16.893251419067383,16.344600677490234,15.588711738586426,12.422189712524414,5.727590560913086,8.11170768737793,10.069080352783203,12.485599517822266,14.189051628112793,16.22454071044922,11.133052825927734,11.915337562561035,12.979634284973145,17.17034912109375,17.690692901611328,6.59281063079834,5.093786716461182,5.610650539398193,8.971912384033203,9.989341735839844,11.197854042053223,15.474889755249023,14.260087966918945,10.340218544006348,15.336797714233398,15.914326667785645,16.473806381225586,16.919443130493164,17.410037994384766,18.58486557006836,4.542592525482178,6.776599407196045,7.872470378875732,13.643881797790527,9.422585487365723,17.949007034301758,17.617971420288086,0.334663450717926,3.763468027114868,4.2444257736206055,4.671898365020752,5.095884799957275,5.686276435852051,6.069915294647217,6.4717230796813965,7.219045639038086,7.7243781089782715,8.081111907958984,8.364537239074707,16.13921356201172,16.681846618652344,17.161592483520508,17.803043365478516,18.17447853088379,18.760038375854492,12.967717170715332,-0.17600324749946594
2003-10-01 06:14:00,16.08852767944336,8.252819061279297,14.906340599060059,16.893213272094727,16.344575881958008,15.588693618774414,12.422112464904785,5.72739839553833,8.111668586730957,10.069042205810547,12.4855318069458,14.188998222351074,16.224498748779297,11.132987976074219,11.915263175964355,12.979595184326172,17.170310974121094,17.690650939941406,6.592799186706543,5.093667507171631,5.610544204711914,8.971826553344727,9.989262580871582,11.197782516479492,15.474844932556152,14.260087013244629,10.340103149414062,15.336737632751465,15.914246559143066,16.473716735839844,16.919370651245117,17.410051345825195,18.58484649658203,4.542523384094238,6.776515007019043,7.872380256652832,13.643880844116211,9.422492980957031,17.948945999145508,17.61790657043457,0.3345324397087097,3.7633585929870605,4.244232177734375,4.671728610992432,5.095719814300537,5.686121463775635,6.069771766662598,6.47158670425415,7.218914985656738,7.724253177642822,8.081012725830078,8.364424705505371,16.139183044433594,16.681766510009766,17.16154670715332,17.80299186706543,18.17442512512207,18.76004409790039,12.967617988586426,-0.17608840763568878
2003-10-01 06:15:00,16.08849334716797,8.252737998962402,14.906275749206543,16.893173217773438,16.34455108642578,15.588676452636719,12.42203426361084,5.727207183837891,8.111629486083984,10.06900405883789,12.485466003417969,14.188944816589355,16.224454879760742,11.13292407989502,11.915188789367676,12.979557037353516,17.170272827148438,17.690608978271484,6.592787742614746,5.0935492515563965,5.610438346862793,8.97174072265625,9.989182472229004,11.197710990905762,15.474801063537598,14.260086059570312,10.339987754821777,15.336677551269531,15.914165496826172,16.4736270904541,16.9193115234375,17.410045623779297,18.584827423095703,4.542454242706299,6.776430606842041,7.872291088104248,13.643878936767578,9.42240047454834,17.948884963989258,17.617843627929688,0.33440256118774414,3.7632498741149902,4.244040012359619,4.671559810638428,5.095556259155273,5.685966968536377,6.069629669189453,6.4714508056640625,7.218785285949707,7.7241291999816895,8.080914497375488,8.364312171936035,16.13915252685547,16.681686401367188,17.1615047454834,17.80293846130371,18.174373626708984,18.760047912597656,12.967520713806152,-0.17617280781269073
2003-10-01 06:16:00,16.088459014892578,8.252657890319824,14.906211853027344,16.89313316345215,16.344526290893555,15.588659286499023,12.421957015991211,5.727016448974609,8.111590385437012,10.06896686553955,12.48539924621582,14.188891410827637,16.224411010742188,11.13286018371582,11.915114402770996,12.97951889038086,17.170236587524414,17.690567016601562,6.592776775360107,5.09343147277832,5.610333442687988,8.971654891967773,9.989104270935059,11.197639465332031,15.474756240844727,14.260086059570312,10.339873313903809,15.336617469787598,15.914077758789062,16.473543167114258,16.919246673583984,17.410049438476562,18.584810256958008,4.542385578155518,6.776346206665039,7.8722028732299805,13.643877029418945,9.422308921813965,17.948823928833008,17.617778778076172,0.3342738151550293,3.763141393661499,4.24384880065918,4.671392440795898,5.095393180847168,5.685813903808594,6.069489479064941,6.471315860748291,7.21865701675415,7.724006175994873,8.080817222595215,8.364201545715332,16.139122009277344,16.68160629272461,17.161460876464844,17.802886962890625,18.174339294433594,18.760034561157227,12.967423439025879,-0.176256462931633
2003-10-01 06:17:00,16.08842658996582,8.252578735351562,14.906147956848145,16.893095016479492,16.344501495361328,15.588642120361328,12.421880722045898,5.726827144622803,8.111551284790039,10.068929672241211,12.485333442687988,14.188838005065918,16.224369049072266,11.132796287536621,11.915040969848633,12.979480743408203,17.17020034790039,17.69052505493164,6.5927653312683105,5.093314170837402,5.610228538513184,8.971570014953613,9.989026069641113,11.1975679397583,15.474712371826172,14.260085105895996,10.339759826660156,15.336557388305664,15.913981437683105,16.473464965820312,16.919191360473633,17.410036087036133,18.58479118347168,4.5423173904418945,6.7762627601623535,7.872114658355713,13.643875122070312,9.42221736907959,17.948762893676758,17.617713928222656,0.3341462016105652,3.763033628463745,4.243659019470215,4.6712260246276855,5.095232009887695,5.685661315917969,6.0693511962890625,6.471181869506836,7.218530654907227,7.723883628845215,8.080719947814941,8.364090919494629,16.13909339904785,16.681528091430664,17.161418914794922,17.802837371826172,18.174304962158203,18.760019302368164,12.967326164245605,-0.17633937299251556
2003-10-01 06:18:00,16.08839225769043,8.252500534057617,14.906085014343262,16.893056869506836,16.3444766998291,15.588624954223633,12.421805381774902,5.7266387939453125,8.111512184143066,10.068892478942871,12.485268592834473,14.188785552978516,16.22432518005371,11.132733345031738,11.914968490600586,12.979443550109863,17.170166015625,17.69048309326172,6.592754364013672,5.093198299407959,5.610124588012695,8.97148609161377,9.988947868347168,11.197497367858887,15.474668502807617,14.26008415222168,10.33964729309082,15.336495399475098,15.913883209228516,16.473392486572266,16.919126510620117,17.410037994384766,18.584774017333984,4.5422492027282715,6.776179313659668,7.87202787399292,13.64387321472168,9.422126770019531,17.948701858520508,17.61764907836914,0.3340197205543518,3.7629263401031494,4.243470668792725,4.671061038970947,5.095071792602539,5.68550968170166,6.069214344024658,6.4710493087768555,7.218406677246094,7.723760604858398,8.0806245803833,8.363981246948242,16.139062881469727,16.68144989013672,17.161376953125,17.80278968811035,18.174245834350586,18.76003074645996,12.967229843139648,-0.17642153799533844
2003-10-01 06:19:00,16.088359832763672,8.252422332763672,14.906023025512695,16.89301872253418,16.344451904296875,15.588607788085938,12.42172908782959,5.726451396942139,8.111473083496094,10.068855285644531,12.485203742980957,14.188733100891113,16.22428321838379,11.132670402526855,11.914896011352539,12.979405403137207,17.17013168334961,17.690441131591797,6.592743396759033,5.093082427978516,5.610021591186523,8.971403121948242,9.988870620727539,11.197426795959473,15.474625587463379,14.26008415222168,10.339533805847168,15.336432456970215,15.91378402709961,16.473323822021484,16.919057846069336,17.410045623779297,18.584754943847656,4.542181015014648,6.776096343994141,7.871941566467285,13.643872261047363,9.422036170959473,17.94864273071289,17.617584228515625,0.33389440178871155,3.762819766998291,4.243283748626709,4.670897483825684,5.094913005828857,5.685359477996826,6.069079399108887,6.470917701721191,7.218284606933594,7.723637104034424,8.080530166625977,8.363871574401855,16.139034271240234,16.681373596191406,17.161334991455078,17.8027400970459,18.17420196533203,18.760026931762695,12.967133522033691,-0.17650297284126282
2003-10-01 06:20:00,16.08832550048828,8.252344131469727,14.905960083007812,16.892980575561523,16.34442710876465,15.588590621948242,12.421653747558594,5.7262654304504395,8.111434936523438,10.068819046020508,12.485138893127441,14.188681602478027,16.224241256713867,11.132607460021973,11.914824485778809,12.979368209838867,17.17009735107422,17.690399169921875,6.592731952667236,5.092967510223389,5.609918594360352,8.971320152282715,9.988794326782227,11.197357177734375,15.474581718444824,14.260083198547363,10.339420318603516,15.336369514465332,15.913687705993652,16.47325897216797,16.91900062561035,17.4100341796875,18.58473777770996,4.542113304138184,6.7760138511657715,7.87185525894165,13.64387035369873,9.421945571899414,17.948583602905273,17.61751937866211,0.33377018570899963,3.762713670730591,4.24309778213501,4.670734882354736,5.09475564956665,5.68520975112915,6.068945407867432,6.470787048339844,7.218163967132568,7.723513603210449,8.080436706542969,8.363762855529785,16.13900375366211,16.68129539489746,17.161293029785156,17.802692413330078,18.174152374267578,18.76003074645996,12.967039108276367,-0.1765836626291275
2003-10-01 06:21:00,16.088294982910156,8.252266883850098,14.905898094177246,16.892942428588867,16.344404220581055,15.588571548461914,12.421578407287598,5.726079940795898,8.111395835876465,10.068781852722168,12.485074996948242,14.188629150390625,16.224199295043945,11.132545471191406,11.914752960205078,12.979331016540527,17.170063018798828,17.690357208251953,6.592720985412598,5.092853546142578,5.609816074371338,8.971237182617188,9.988718032836914,11.197287559509277,15.474538803100586,14.260082244873047,10.339306831359863,15.33630657196045,15.913593292236328,16.473196029663086,16.918928146362305,17.410043716430664,18.584718704223633,4.542045593261719,6.775932788848877,7.871768474578857,13.643868446350098,9.421854972839355,17.948524475097656,17.617456436157227,0.33364713191986084,3.762608289718628,4.242913246154785,4.670573711395264,5.094599723815918,5.685060977935791,6.068813323974609,6.470657825469971,7.218044757843018,7.723390579223633,8.080344200134277,8.363654136657715,16.138975143432617,16.68121910095215,17.161251068115234,17.802644729614258,18.174097061157227,18.760038375854492,12.966943740844727,-0.1766636222600937
2003-10-01 06:22:00,16.088268280029297,8.252190589904785,14.905837059020996,16.89290428161621,16.344379425048828,15.58855152130127,12.421504020690918,5.725895881652832,8.111357688903809,10.068746566772461,12.485011100769043,14.188577651977539,16.224157333374023,11.13248348236084,11.914682388305664,12.979294776916504,17.17003059387207,17.69031524658203,6.592710018157959,5.092740058898926,5.609714508056641,8.971155166625977,9.988642692565918,11.19721794128418,15.474496841430664,14.260082244873047,10.339193344116211,15.336243629455566,15.91350269317627,16.473134994506836,16.91886329650879,17.41004180908203,18.584701538085938,4.541978359222412,6.775852203369141,7.871681213378906,13.643867492675781,9.421765327453613,17.94846534729004,17.617393493652344,0.3335252106189728,3.7625036239624023,4.242730617523193,4.670413494110107,5.09444522857666,5.684913635253906,6.068682670593262,6.470529556274414,7.217926025390625,7.723267555236816,8.080253601074219,8.363545417785645,16.13894271850586,16.68114471435547,17.161211013793945,17.802597045898438,18.174068450927734,18.760021209716797,12.966850280761719,-0.176742821931839
2003-10-01 06:23:00,16.088241577148438,8.252114295959473,14.905776977539062,16.892866134643555,16.3443546295166,15.588530540466309,12.421429634094238,5.725712776184082,8.111319541931152,10.068710327148438,12.48494815826416,14.188526153564453,16.224117279052734,11.132421493530273,11.91461181640625,12.97925853729248,17.169998168945312,17.690275192260742,6.59269905090332,5.09262752532959,5.609613418579102,8.971074104309082,9.988567352294922,11.197148323059082,15.474453926086426,14.26008129119873,10.339080810546875,15.336181640625,15.91341495513916,16.47307586669922,16.918792724609375,17.410045623779297,18.584684371948242,4.5419111251831055,6.775773048400879,7.871593475341797,13.643865585327148,9.421675682067871,17.948406219482422,17.617328643798828,0.3334044814109802,3.762399435043335,4.242548942565918,4.670255184173584,5.094292640686035,5.68476676940918,6.068553924560547,6.470402240753174,7.217808723449707,7.72314453125,8.08016300201416,8.363438606262207,16.1389102935791,16.681068420410156,17.161169052124023,17.80255126953125,18.174015045166016,18.760028839111328,12.966756820678711,-0.1768212914466858
2003-10-01 06:24:00,16.088218688964844,8.252038955688477,14.905715942382812,16.89282989501953,16.344329833984375,15.588509559631348,12.421356201171875,5.725530624389648,8.111281394958496,10.06867504119873,12.484885215759277,14.188475608825684,16.224075317382812,11.132360458374023,11.914542198181152,12.97922134399414,17.169967651367188,17.690237045288086,6.59268856048584,5.092515468597412,5.609513282775879,8.970993995666504,9.988492012023926,11.1970796585083,15.474411964416504,14.260080337524414,10.338967323303223,15.33612060546875,15.913329124450684,16.473018646240234,16.918720245361328,17.410053253173828,18.584667205810547,4.541844367980957,6.775693893432617,7.8715057373046875,13.643863677978516,9.421586036682129,17.948348999023438,17.617267608642578,0.3332848846912384,3.762296199798584,4.242368698120117,4.670098304748535,5.094141483306885,5.6846208572387695,6.068426132202148,6.470276355743408,7.217691898345947,7.723021507263184,8.080074310302734,8.363330841064453,16.138877868652344,16.680994033813477,17.161128997802734,17.802505493164062,18.173973083496094,18.76002311706543,12.966663360595703,-0.1768989861011505
2003-10-01 06:25:00,16.08819580078125,8.25196361541748,14.905655860900879,16.892791748046875,16.34430694580078,15.588488578796387,12.421281814575195,5.725349426269531,8.11124324798584,10.068639755249023,12.484823226928711,14.188425064086914,16.224035263061523,11.132299423217773,11.914472579956055,12.979186058044434,17.16993522644043,17.69019889831543,6.592677593231201,5.092403888702393,5.609413146972656,8.970913887023926,9.988417625427246,11.19701099395752,15.474370002746582,14.260080337524414,10.338855743408203,15.336060523986816,15.913247108459473,16.47296142578125,16.918659210205078,17.410037994384766,18.58465003967285,4.541777610778809,6.775615215301514,7.87141752243042,13.6438627243042,9.421496391296387,17.94828987121582,17.617204666137695,0.3331664800643921,3.762193441390991,4.242190361022949,4.669942855834961,5.093991279602051,5.684476375579834,6.068300247192383,6.470151424407959,7.217576026916504,7.722899436950684,8.079987525939941,8.363224029541016,16.138845443725586,16.68092155456543,17.161087036132812,17.802459716796875,18.173927307128906,18.76002311706543,12.966569900512695,-0.17697595059871674
2003-10-01 06:26:00,16.08817481994629,8.251888275146484,14.905595779418945,16.89275550842285,16.344280242919922,15.588467597961426,12.421208381652832,5.725169658660889,8.111205101013184,10.068604469299316,12.484761238098145,14.188374519348145,16.2239933013916,11.132238388061523,11.914403915405273,12.97914981842041,17.169904708862305,17.690160751342773,6.5926666259765625,5.0922932624816895,5.60931396484375,8.970833778381348,9.988343238830566,11.196942329406738,15.474328994750977,14.260079383850098,10.338744163513184,15.3360013961792,15.913166999816895,16.472904205322266,16.9185848236084,17.410043716430664,18.584630966186523,4.54171085357666,6.775537490844727,7.871329307556152,13.643860816955566,9.421406745910645,17.948232650756836,17.617141723632812,0.3330492377281189,3.762091636657715,4.242012977600098,4.669788360595703,5.09384298324585,5.684332370758057,6.068175792694092,6.470027446746826,7.217460632324219,7.722777366638184,8.079900741577148,8.363117218017578,16.138811111450195,16.680849075317383,17.161046981811523,17.802413940429688,18.173885345458984,18.760019302368164,12.966477394104004,-0.17705214023590088
2003-10-01 06:27:00,16.08815574645996,8.251814842224121,14.905536651611328,16.892719268798828,16.344255447387695,15.588446617126465,12.421135902404785,5.724990367889404,8.111167907714844,10.06856918334961,12.484699249267578,14.188323974609375,16.223953247070312,11.13217830657959,11.914335250854492,12.979114532470703,17.16987419128418,17.69012451171875,6.592656135559082,5.0921831130981445,5.609215259552002,8.970755577087402,9.988268852233887,11.196874618530273,15.474287033081055,14.260078430175781,10.33863353729248,15.335943222045898,15.91308879852295,16.472848892211914,16.91851806640625,17.410037994384766,18.584613800048828,4.54164457321167,6.7754597663879395,7.871241092681885,13.64385986328125,9.421318054199219,17.94817352294922,17.617080688476562,0.3329331874847412,3.7619903087615967,4.241837501525879,4.669635772705078,5.093695640563965,5.684189796447754,6.068052291870117,6.469903945922852,7.217345714569092,7.722655773162842,8.079814910888672,8.363011360168457,16.138778686523438,16.680776596069336,17.1610050201416,17.802370071411133,18.17383575439453,18.760025024414062,12.966384887695312,-0.17712758481502533
2003-10-01 06:28:00,16.088136672973633,8.251740455627441,14.905478477478027,16.892683029174805,16.34423065185547,15.58842658996582,12.421063423156738,5.7248125076293945,8.111130714416504,10.068534851074219,12.484638214111328,14.188274383544922,16.223913192749023,11.132118225097656,11.914267539978027,12.979079246520996,17.169843673706055,17.69009017944336,6.592645168304443,5.092073917388916,5.60911750793457,8.970677375793457,9.988195419311523,11.196807861328125,15.47424602508545,14.260078430175781,10.338523864746094,15.335886001586914,15.913012504577637,16.47279167175293,16.91844367980957,17.41004180908203,18.584596633911133,4.541578769683838,6.7753825187683105,7.871153354644775,13.643857955932617,9.421229362487793,17.948116302490234,17.617019653320312,0.3328183591365814,3.761889934539795,4.241663455963135,4.669484615325928,5.093549728393555,5.684047698974609,6.067930221557617,6.469781398773193,7.217231750488281,7.722534656524658,8.079730033874512,8.362905502319336,16.13874626159668,16.68070411682129,17.160964965820312,17.802326202392578,18.173786163330078,18.760028839111328,12.966292381286621,-0.1772022545337677
2003-10-01 06:29:00,16.088119506835938,8.251667976379395,14.90541934967041,16.89264678955078,16.34420394897461,15.588406562805176,12.420991897583008,5.724635601043701,8.111092567443848,10.068500518798828,12.484577178955078,14.188224792480469,16.223873138427734,11.132058143615723,11.914199829101562,12.979044914245605,17.16981315612793,17.69005584716797,6.592634677886963,5.091965198516846,5.609020233154297,8.970599174499512,9.988122940063477,11.19674015045166,15.474205017089844,14.260077476501465,10.33841609954834,15.335830688476562,15.91293716430664,16.472736358642578,16.918371200561523,17.410045623779297,18.58458137512207,4.541512966156006,6.775305271148682,7.871065616607666,13.6438570022583,9.421140670776367,17.94805908203125,17.616958618164062,0.33270472288131714,3.7617902755737305,4.241490840911865,4.669334888458252,5.093404769897461,5.683906555175781,6.067809581756592,6.469659805297852,7.217118263244629,7.722414016723633,8.079646110534668,8.362799644470215,16.138715744018555,16.680633544921875,17.160924911499023,17.802284240722656,18.173738479614258,18.76003074645996,12.96619987487793,-0.17727616429328918
2003-10-01 06:30:00,16.088102340698242,8.251594543457031,14.90536117553711,16.892610549926758,16.344179153442383,15.588386535644531,12.420920372009277,5.724460124969482,8.111055374145508,10.068466186523438,12.484517097473145,14.188175201416016,16.223833084106445,11.131999015808105,11.914133071899414,12.979009628295898,17.169784545898438,17.690021514892578,6.592623710632324,5.091857433319092,5.608922958374023,8.970521926879883,9.988049507141113,11.196674346923828,15.474164962768555,14.260077476501465,10.338308334350586,15.335775375366211,15.912863731384277,16.472679138183594,16.91830062866211,17.410045623779297,18.584564208984375,4.541447162628174,6.775228500366211,7.870977878570557,13.643855094909668,9.421052932739258,17.947999954223633,17.616897583007812,0.33259227871894836,3.7616913318634033,4.2413201332092285,4.669186115264893,5.093261241912842,5.683766841888428,6.067690372467041,6.469538688659668,7.217005252838135,7.722293853759766,8.07956314086914,8.36269474029541,16.138683319091797,16.68056297302246,17.160884857177734,17.8022403717041,18.1737003326416,18.760025024414062,12.966108322143555,-0.1773492991924286
2003-10-01 06:31:00,16.08808708190918,8.251522064208984,14.905303955078125,16.892574310302734,16.344152450561523,15.58836841583252,12.42084789276123,5.724285125732422,8.111019134521484,10.068431854248047,12.484457015991211,14.188126564025879,16.22379493713379,11.131938934326172,11.914066314697266,12.978975296020508,17.169754028320312,17.68998908996582,6.592613220214844,5.091750144958496,5.608827114105225,8.97044563293457,9.987977027893066,11.19660758972168,15.47412395477295,14.260076522827148,10.338202476501465,15.335721969604492,15.91279125213623,16.472623825073242,16.91822624206543,17.41004753112793,18.58454704284668,4.5413818359375,6.775152206420898,7.8708906173706055,13.643853187561035,9.420965194702148,17.94794273376465,17.616838455200195,0.3324810564517975,3.7615933418273926,4.241150379180908,4.66903829574585,5.093114376068115,5.683629512786865,6.067571640014648,6.469418525695801,7.216893196105957,7.722174167633057,8.079480171203613,8.362590789794922,16.13865089416504,16.680492401123047,17.160844802856445,17.80219841003418,18.173654556274414,18.760026931762695,12.96601676940918,-0.1774216592311859
2003-10-01 06:32:00,16.088069915771484,8.251449584960938,14.90524673461914,16.892539978027344,16.344125747680664,15.588350296020508,12.420777320861816,5.724111080169678,8.110981941223145,10.068398475646973,12.484397888183594,14.188076972961426,16.2237548828125,11.131880760192871,11.914000511169434,12.978940963745117,17.16972541809082,17.68995475769043,6.592602729797363,5.091643810272217,5.608731269836426,8.970369338989258,9.987905502319336,11.196541786193848,15.47408390045166,14.260075569152832,10.33809757232666,15.335668563842773,15.912718772888184,16.472566604614258,16.918155670166016,17.410049438476562,18.584529876708984,4.541316986083984,6.775075912475586,7.8708038330078125,13.643852233886719,9.420878410339355,17.947885513305664,17.616777420043945,0.3323710560798645,3.76149582862854,4.240982532501221,4.668890476226807,5.092959403991699,5.683498382568359,6.067453861236572,6.469298839569092,7.2167816162109375,7.722054958343506,8.079399108886719,8.362486839294434,16.138620376586914,16.680423736572266,17.160804748535156,17.802154541015625,18.173608779907227,18.760028839111328,12.965926170349121,-0.17749324440956116
2003-10-01 06:33:00,16.088056564331055,8.251379013061523,14.905189514160156,16.89250373840332,16.344099044799805,15.588332176208496,12.420706748962402,5.723938465118408,8.110945701599121,10.068364143371582,12.48433780670166,14.188029289245605,16.223716735839844,11.131821632385254,11.913934707641602,12.978907585144043,17.169696807861328,17.689924240112305,6.592592239379883,5.091537952423096,5.608636379241943,8.970293045043945,9.987833976745605,11.196476936340332,15.474044799804688,14.260075569152832,10.337993621826172,15.335616111755371,15.91264820098877,16.472509384155273,16.9180850982666,17.410051345825195,18.58451271057129,4.5412516593933105,6.775000095367432,7.8707170486450195,13.643850326538086,9.420792579650879,17.947830200195312,17.616718292236328,0.33226221799850464,3.761399269104004,4.240815162658691,4.668740272521973,5.092801570892334,5.683372497558594,6.067336559295654,6.469180107116699,7.216670513153076,7.721936225891113,8.079318046569824,8.362383842468262,16.13858985900879,16.680355072021484,17.160764694213867,17.802112579345703,18.173574447631836,18.760019302368164,12.965834617614746,-0.17756406962871552
2003-10-01 06:34:00,16.088041305541992,8.251307487487793,14.905133247375488,16.89246940612793,16.344070434570312,15.5883150100708,12.420637130737305,5.723766803741455,8.110908508300781,10.068330764770508,12.48427963256836,14.187980651855469,16.223676681518555,11.13176441192627,11.91386890411377,12.978873252868652,17.169668197631836,17.689891815185547,6.592581748962402,5.091432571411133,5.608541965484619,8.970218658447266,9.987762451171875,11.1964111328125,15.474004745483398,14.260074615478516,10.337891578674316,15.335564613342285,15.912578582763672,16.47245216369629,16.918014526367188,17.410051345825195,18.584497451782227,4.541187286376953,6.774924278259277,7.870630741119385,13.64384937286377,9.420706748962402,17.947772979736328,17.61665916442871,0.3321545720100403,3.761302947998047,4.24064826965332,4.668588161468506,5.09264612197876,5.68325138092041,6.067218780517578,6.469061374664307,7.216560363769531,7.721817970275879,8.079237937927246,8.36228084564209,16.138559341430664,16.680286407470703,17.160724639892578,17.802072525024414,18.17353057861328,18.760019302368164,12.965744972229004,-0.17763414978981018
2003-10-01 06:35:00,16.08802604675293,8.251236915588379,14.90507698059082,16.892433166503906,16.344043731689453,15.588297843933105,12.42056655883789,5.723596096038818,8.110872268676758,10.06829833984375,12.484220504760742,14.187932014465332,16.2236385345459,11.131707191467285,11.913803100585938,12.978839874267578,17.169639587402344,17.689861297607422,6.592571258544922,5.0913286209106445,5.608448028564453,8.97014331817627,9.987690925598145,11.1963472366333,15.47396469116211,14.260074615478516,10.337790489196777,15.3355131149292,15.912508964538574,16.472393035888672,16.917945861816406,17.410051345825195,18.58448028564453,4.541122913360596,6.774848937988281,7.870544910430908,13.643848419189453,9.420621871948242,17.947715759277344,17.616600036621094,0.3320481777191162,3.76120662689209,4.240481376647949,4.668435096740723,5.092493534088135,5.683134078979492,6.067100524902344,6.468944072723389,7.2164506912231445,7.721700191497803,8.079158782958984,8.36217975616455,16.138526916503906,16.680217742919922,17.16068458557129,17.802030563354492,18.17348861694336,18.760019302368164,12.965654373168945,-0.17770348489284515
2003-10-01 06:36:00,16.0880126953125,8.251166343688965,14.905020713806152,16.892398834228516,16.34401512145996,15.588281631469727,12.420496940612793,5.72342586517334,8.110836029052734,10.068264961242676,12.484162330627441,14.187884330749512,16.223600387573242,11.131650924682617,11.913737297058105,12.978806495666504,17.16961097717285,17.689830780029297,6.592560768127441,5.091224670410156,5.608354568481445,8.97006893157959,9.98762035369873,11.196282386779785,15.473923683166504,14.2600736618042,10.337690353393555,15.33546257019043,15.912439346313477,16.472335815429688,16.917879104614258,17.410051345825195,18.584463119506836,4.541058540344238,6.774773597717285,7.87045955657959,13.64384651184082,9.420536994934082,17.947660446166992,17.61654281616211,0.3319459557533264,3.761101007461548,4.240314960479736,4.6682820320129395,5.092345237731934,5.683020114898682,6.066981792449951,6.468827247619629,7.216341972351074,7.721582889556885,8.079080581665039,8.362080574035645,16.13849639892578,16.680150985717773,17.160646438598633,17.801990509033203,18.173446655273438,18.76001739501953,12.965564727783203,-0.1777711659669876
2003-10-01 06:37:00,16.08799934387207,8.251096725463867,14.9049654006958,16.892364501953125,16.3439884185791,15.588266372680664,12.420428276062012,5.723257064819336,8.110799789428711,10.068232536315918,12.48410415649414,14.187836647033691,16.223562240600586,11.13159465789795,11.913670539855957,12.978774070739746,17.16958236694336,17.689800262451172,6.592550754547119,5.091121673583984,5.608262062072754,8.969995498657227,9.987549781799316,11.196218490600586,15.473883628845215,14.2600736618042,10.337592124938965,15.335412979125977,15.912369728088379,16.47227668762207,16.91781234741211,17.410051345825195,18.584447860717773,4.540994644165039,6.7746992111206055,7.87037467956543,13.643845558166504,9.420452117919922,17.94760513305664,17.616483688354492,0.3318473696708679,3.7609846591949463,4.240149021148682,4.668129920959473,5.092201232910156,5.68290901184082,6.0668625831604,6.468711853027344,7.216233730316162,7.721466541290283,8.07900333404541,8.361983299255371,16.13846778869629,16.680082321166992,17.160606384277344,17.801950454711914,18.173389434814453,18.760032653808594,12.965476036071777,-0.17783673107624054
2003-10-01 06:38:00,16.087984085083008,8.251028060913086,14.904911041259766,16.892330169677734,16.34395980834961,15.588250160217285,12.420360565185547,5.723089694976807,8.110764503479004,10.06820011138916,12.484046936035156,14.187789916992188,16.22352409362793,11.131539344787598,11.913604736328125,12.978740692138672,17.1695556640625,17.689769744873047,6.592540264129639,5.091019153594971,5.608170032501221,8.969922065734863,9.987480163574219,11.196155548095703,15.473843574523926,14.260072708129883,10.337494850158691,15.335363388061523,15.912301063537598,16.472217559814453,16.91774559020996,17.410049438476562,18.584430694580078,4.54093074798584,6.774624347686768,7.870290279388428,13.643843650817871,9.420366287231445,17.94754981994629,17.616426467895508,0.3317505717277527,3.7608602046966553,4.23998498916626,4.667978763580322,5.0920610427856445,5.682799816131592,6.066742420196533,6.468596935272217,7.216126441955566,7.72135066986084,8.078927040100098,8.36188793182373,16.138437271118164,16.680015563964844,17.160568237304688,17.801910400390625,18.173349380493164,18.76003074645996,12.965386390686035,-0.17790071666240692
2003-10-01 06:39:00,16.087970733642578,8.250958442687988,14.904855728149414,16.892295837402344,16.343931198120117,15.588234901428223,12.420292854309082,5.7229228019714355,8.11072826385498,10.068167686462402,12.483989715576172,14.187743186950684,16.223485946655273,11.131484985351562,11.913538932800293,12.978708267211914,17.169527053833008,17.689741134643555,6.592529773712158,5.090917587280273,5.608078479766846,8.9698486328125,9.987410545349121,11.19609260559082,15.473803520202637,14.260072708129883,10.337398529052734,15.33531379699707,15.912232398986816,16.47216033935547,16.917678833007812,17.41004753112793,18.584415435791016,4.540867328643799,6.774550437927246,7.870205879211426,13.643842697143555,9.420280456542969,17.947494506835938,17.616369247436523,0.33165428042411804,3.7607295513153076,4.239822864532471,4.667829513549805,5.09192419052124,5.682692527770996,6.066621780395508,6.468482971191406,7.216019630432129,7.721235275268555,8.078853607177734,8.361793518066406,16.13840675354004,16.679950714111328,17.16053009033203,17.801870346069336,18.17331886291504,18.76001739501953,12.965298652648926,-0.17796386778354645
2003-10-01 06:40:00,16.08795738220215,8.250889778137207,14.904801368713379,16.892261505126953,16.343902587890625,15.588220596313477,12.420226097106934,5.722756862640381,8.110692977905273,10.068135261535645,12.483933448791504,14.18769645690918,16.223447799682617,11.131429672241211,11.913473129272461,12.978675842285156,17.16950035095215,17.68971061706543,6.592519283294678,5.090816974639893,5.607987403869629,8.969776153564453,9.98734188079834,11.196029663085938,15.473763465881348,14.260071754455566,10.337303161621094,15.335265159606934,15.912163734436035,16.47210121154785,16.917613983154297,17.410045623779297,18.58439826965332,4.540804386138916,6.774476528167725,7.87012243270874,13.643841743469238,9.420195579528809,17.947439193725586,17.616313934326172,0.3315577208995819,3.7605948448181152,4.239663124084473,4.66768217086792,5.091789722442627,5.682586669921875,6.066500186920166,6.46837043762207,7.215913772583008,7.721120834350586,8.078780174255371,8.361699104309082,16.138378143310547,16.67988395690918,17.160490036010742,17.801830291748047,18.173274993896484,18.760021209716797,12.9652099609375,-0.17802679538726807
2003-10-01 06:41:00,16.08794593811035,8.250822067260742,14.904747009277344,16.892227172851562,16.343873977661133,15.588205337524414,12.420159339904785,5.722591876983643,8.110657691955566,10.068102836608887,12.48387622833252,14.187649726867676,16.223411560058594,11.131375312805176,11.913407325744629,12.978643417358398,17.16947364807129,17.689682006835938,6.592508316040039,5.090716361999512,5.6078972816467285,8.969703674316406,9.987273216247559,11.195967674255371,15.473724365234375,14.260071754455566,10.337209701538086,15.335216522216797,15.91209602355957,16.472043991088867,16.91754722595215,17.410043716430664,18.584383010864258,4.540741443634033,6.774403095245361,7.870039463043213,13.643839836120605,9.420109748840332,17.947383880615234,17.616256713867188,0.331460565328598,3.7604572772979736,4.239506721496582,4.667537212371826,5.091657638549805,5.68248176574707,6.066378593444824,6.468258857727051,7.215808391571045,7.721006870269775,8.07870864868164,8.361605644226074,16.138347625732422,16.679819107055664,17.160451889038086,17.80179214477539,18.173234939575195,18.760019302368164,12.965123176574707,-0.17808985710144043
2003-10-01 06:42:00,16.087932586669922,8.250754356384277,14.904693603515625,16.892194747924805,16.34384536743164,15.588191032409668,12.420093536376953,5.722427845001221,8.11062240600586,10.068071365356445,12.483819961547852,14.187602996826172,16.223373413085938,11.131321907043457,11.913341522216797,12.978611946105957,17.169445037841797,17.689653396606445,6.592497825622559,5.0906171798706055,5.607807159423828,8.969632148742676,9.987204551696777,11.195905685424805,15.473684310913086,14.26007080078125,10.337116241455078,15.33516788482666,15.912028312683105,16.471986770629883,16.91748046875,17.41004180908203,18.584367752075195,4.54067850112915,6.774329662322998,7.8699564933776855,13.643838882446289,9.420025825500488,17.947330474853516,17.616201400756836,0.331362783908844,3.7603187561035156,4.239353179931641,4.667394161224365,5.091527462005615,5.68237829208374,6.066256999969482,6.468148708343506,7.21570348739624,7.720893859863281,8.078638076782227,8.361512184143066,16.13831901550293,16.67975425720215,17.160415649414062,17.8017520904541,18.17318344116211,18.76003074645996,12.965035438537598,-0.17815323173999786
2003-10-01 06:43:00,16.087919235229492,8.250687599182129,14.904641151428223,16.892160415649414,16.343814849853516,15.588176727294922,12.420027732849121,5.722264766693115,8.110587120056152,10.068039894104004,12.4837646484375,14.187557220458984,16.223337173461914,11.131267547607422,11.913276672363281,12.978580474853516,17.169418334960938,17.689624786376953,6.592487335205078,5.090517997741699,5.607717990875244,8.969560623168945,9.987135887145996,11.195843696594238,15.473644256591797,14.26007080078125,10.337024688720703,15.33512020111084,15.911961555480957,16.4719295501709,16.917415618896484,17.4100399017334,18.5843505859375,4.540616035461426,6.774256706237793,7.869874000549316,13.643837928771973,9.419940948486328,17.947277069091797,17.616146087646484,0.33126458525657654,3.7601802349090576,4.23920202255249,4.667253017425537,5.0913987159729,5.682275772094727,6.066134929656982,6.468039512634277,7.21560001373291,7.7207818031311035,8.078568458557129,8.361418724060059,16.138290405273438,16.679689407348633,17.160377502441406,17.801713943481445,18.173147201538086,18.760025024414062,12.964948654174805,-0.17821690440177917
2003-10-01 06:44:00,16.087905883789062,8.25062084197998,14.904587745666504,16.892127990722656,16.343786239624023,15.588163375854492,12.419962882995605,5.722102642059326,8.110552787780762,10.068008422851562,12.483709335327148,14.187511444091797,16.22330093383789,11.131214141845703,11.91321086883545,12.978548049926758,17.169391632080078,17.689598083496094,6.592476844787598,5.090419769287109,5.607629299163818,8.969490051269531,9.987069129943848,11.195782661437988,15.473605155944824,14.260069847106934,10.336934089660645,15.33507251739502,15.911894798278809,16.471872329711914,16.91735076904297,17.410036087036133,18.584335327148438,4.540554046630859,6.774184226989746,7.869792461395264,13.64383602142334,9.419857025146484,17.947223663330078,17.616090774536133,0.33116626739501953,3.760042428970337,4.239054203033447,4.667113304138184,5.091270923614502,5.682173728942871,6.066012859344482,6.467931270599365,7.21549654006958,7.720670223236084,8.078499794006348,8.361326217651367,16.138259887695312,16.67962646484375,17.16033935546875,17.80167579650879,18.173107147216797,18.760025024414062,12.964862823486328,-0.178280770778656
2003-10-01 06:45:00,16.087892532348633,8.250554084777832,14.904535293579102,16.892093658447266,16.34375762939453,15.588149070739746,12.419898986816406,5.7219414710998535,8.110517501831055,10.067976951599121,12.483654022216797,14.18746566772461,16.223264694213867,11.131160736083984,11.913146018981934,12.978516578674316,17.16936683654785,17.6895694732666,6.592466354370117,5.090322494506836,5.607541084289551,8.969419479370117,9.987001419067383,11.195721626281738,15.473565101623535,14.260068893432617,10.336843490600586,15.3350248336792,15.91182804107666,16.471813201904297,16.917280197143555,17.4100399017334,18.584320068359375,4.540492057800293,6.774112224578857,7.869710922241211,13.643835067749023,9.41977310180664,17.94717025756836,17.61603546142578,0.3310681879520416,3.7599058151245117,4.238908767700195,4.666975021362305,5.091144561767578,5.682072162628174,6.065890789031982,6.467824935913086,7.215394496917725,7.720559597015381,8.078432083129883,8.361234664916992,16.13823127746582,16.679561614990234,17.160303115844727,17.801637649536133,18.173063278198242,18.760028839111328,12.964776992797852,-0.17834466695785522
2003-10-01 06:46:00,16.087881088256836,8.250487327575684,14.9044828414917,16.892061233520508,16.343727111816406,15.588135719299316,12.419835090637207,5.721781253814697,8.110483169555664,10.067946434020996,12.483598709106445,14.187419891357422,16.223228454589844,11.131107330322266,11.913081169128418,12.978486061096191,17.169340133666992,17.689542770385742,6.592455863952637,5.0902252197265625,5.607453346252441,8.969348907470703,9.986934661865234,11.195661544799805,15.473526000976562,14.260068893432617,10.336753845214844,15.334978103637695,15.911762237548828,16.471755981445312,16.91721534729004,17.410036087036133,18.584304809570312,4.540430068969727,6.774040222167969,7.869629859924316,13.643834114074707,9.419690132141113,17.94711685180664,17.61598014831543,0.3309706449508667,3.7597711086273193,4.238766193389893,4.6668381690979,5.0910186767578125,5.681971073150635,6.065769672393799,6.467719078063965,7.215292930603027,7.720449924468994,8.078365325927734,8.361143112182617,16.138202667236328,16.67949867248535,17.16026496887207,17.801599502563477,18.17302894592285,18.76002311706543,12.964691162109375,-0.17840836942195892
2003-10-01 06:47:00,16.087867736816406,8.250422477722168,14.904431343078613,16.89202880859375,16.343698501586914,15.588122367858887,12.419772148132324,5.721621990203857,8.110448837280273,10.067914962768555,12.48354434967041,14.18737506866455,16.22319221496582,11.131053924560547,11.913016319274902,12.97845458984375,17.169313430786133,17.68951416015625,6.592445373535156,5.0901288986206055,5.607366561889648,8.969279289245605,9.986867904663086,11.195601463317871,15.47348690032959,14.2600679397583,10.336666107177734,15.334931373596191,15.911697387695312,16.471698760986328,16.917142868041992,17.41004753112793,18.58428955078125,4.540368556976318,6.773968696594238,7.86954927444458,13.643832206726074,9.419607162475586,17.947063446044922,17.61592674255371,0.33087390661239624,3.7596383094787598,4.238625526428223,4.666701793670654,5.090893745422363,5.681870460510254,6.065648555755615,6.467615127563477,7.215191841125488,7.720340728759766,8.078298568725586,8.361051559448242,16.138174057006836,16.67943572998047,17.160228729248047,17.80156135559082,18.172996520996094,18.76001739501953,12.964606285095215,-0.17847171425819397
2003-10-01 06:48:00,16.08785629272461,8.250356674194336,14.904379844665527,16.891996383666992,16.34366798400879,15.58810806274414,12.419709205627441,5.721463680267334,8.110414505004883,10.06788444519043,12.483489990234375,14.18733024597168,16.223155975341797,11.131000518798828,11.912951469421387,12.978424072265625,17.169286727905273,17.68948745727539,6.592434406280518,5.090033531188965,5.6072797775268555,8.969209671020508,9.986802101135254,11.195541381835938,15.473447799682617,14.2600679397583,10.336578369140625,15.334885597229004,15.91163158416748,16.471641540527344,16.91707992553711,17.41004180908203,18.584274291992188,4.540307521820068,6.77389669418335,7.869469165802002,13.643831253051758,9.419525146484375,17.947011947631836,17.615873336791992,0.33077824115753174,3.759507179260254,4.2384867668151855,4.666566848754883,5.090770244598389,5.6817708015441895,6.06552791595459,6.467512130737305,7.215091705322266,7.7202324867248535,8.07823371887207,8.360960960388184,16.138147354125977,16.67937469482422,17.160192489624023,17.801525115966797,18.172948837280273,18.760025024414062,12.964522361755371,-0.17853453755378723
2003-10-01 06:49:00,16.08784294128418,8.250292778015137,14.904328346252441,16.891963958740234,16.343639373779297,15.588094711303711,12.419647216796875,5.721306324005127,8.110381126403809,10.067853927612305,12.483436584472656,14.187285423278809,16.223119735717773,11.13094711303711,11.912887573242188,12.978392601013184,17.169261932373047,17.68946075439453,6.592423915863037,5.089938640594482,5.607193946838379,8.969141006469727,9.986736297607422,11.19548225402832,15.473408699035645,14.260066986083984,10.336490631103516,15.3348388671875,15.911566734313965,16.47158432006836,16.917015075683594,17.410037994384766,18.584259033203125,4.540246486663818,6.773824214935303,7.869389533996582,13.643830299377441,9.419443130493164,17.94696044921875,17.61581802368164,0.33068379759788513,3.7593777179718018,4.238349914550781,4.6664323806762695,5.0906476974487305,5.681671142578125,6.065408229827881,6.467410087585449,7.214992523193359,7.720125198364258,8.078168869018555,8.360871315002441,16.138118743896484,16.679311752319336,17.16015625,17.801488876342773,18.172910690307617,18.76002311706543,12.964438438415527,-0.17859669029712677
2003-10-01 06:50:00,16.08782958984375,8.250227928161621,14.904277801513672,16.891931533813477,16.343608856201172,15.588082313537598,12.419585227966309,5.721149444580078,8.110346794128418,10.067824363708496,12.483382225036621,14.187241554260254,16.223085403442383,11.13089370727539,11.912823677062988,12.978362083435059,17.169235229492188,17.689434051513672,6.592413425445557,5.089844226837158,5.6071085929870605,8.969072341918945,9.98667049407959,11.195423126220703,15.473370552062988,14.260066986083984,10.336404800415039,15.334793090820312,15.911502838134766,16.471527099609375,16.916948318481445,17.41004180908203,18.584243774414062,4.540185928344727,6.773751258850098,7.86931037902832,13.643829345703125,9.41936206817627,17.94690704345703,17.615766525268555,0.3305906653404236,3.7592501640319824,4.238214492797852,4.666298866271973,5.090526103973389,5.681571960449219,6.065289497375488,6.467309474945068,7.214893817901611,7.72001838684082,8.078104972839355,8.360782623291016,16.138090133666992,16.679250717163086,17.160120010375977,17.80145263671875,18.17287826538086,18.7600154876709,12.964354515075684,-0.17865808308124542
2003-10-01 06:51:00,16.087818145751953,8.250163078308105,14.904226303100586,16.89189910888672,16.343578338623047,15.588068962097168,12.419524192810059,5.720993995666504,8.110313415527344,10.067793846130371,12.483328819274902,14.187196731567383,16.22304916381836,11.130841255187988,11.912759780883789,12.978331565856934,17.16921043395996,17.689407348632812,6.592402935028076,5.089750289916992,5.607023239135742,8.969003677368164,9.986605644226074,11.195364952087402,15.473331451416016,14.260066986083984,10.336318969726562,15.334747314453125,15.91143798828125,16.47146987915039,16.916887283325195,17.4100341796875,18.584228515625,4.540125370025635,6.773678302764893,7.869231700897217,13.643827438354492,9.419281959533691,17.946855545043945,17.615713119506836,0.3304988741874695,3.7591238021850586,4.238080978393555,4.666166305541992,5.090405464172363,5.681473731994629,6.065171241760254,6.467209815979004,7.21479606628418,7.719912528991699,8.078041076660156,8.36069393157959,16.1380615234375,16.679189682006836,17.160083770751953,17.801416397094727,18.17282485961914,18.76003074645996,12.964271545410156,-0.1787186861038208
2003-10-01 06:52:00,16.087804794311523,8.250100135803223,14.904176712036133,16.891868591308594,16.343549728393555,15.588055610656738,12.419463157653809,5.720839023590088,8.11028003692627,10.067764282226562,12.4832763671875,14.187152862548828,16.22301483154297,11.13078784942627,11.912696838378906,12.978302001953125,17.169185638427734,17.689380645751953,6.592392444610596,5.089657306671143,5.60693883895874,8.9689359664917,9.986540794372559,11.195306777954102,15.47329330444336,14.260066032409668,10.336233139038086,15.334702491760254,15.91137409210205,16.471412658691406,16.91681671142578,17.410043716430664,18.584213256835938,4.540064811706543,6.773604869842529,7.86915397644043,13.643826484680176,9.419200897216797,17.946805953979492,17.615659713745117,0.3304084539413452,3.7589988708496094,4.237948417663574,4.66603422164917,5.090285301208496,5.681375503540039,6.065054416656494,6.467111110687256,7.214698791503906,7.719807147979736,8.077978134155273,8.36060619354248,16.13803482055664,16.679128646850586,17.16004753112793,17.801380157470703,18.172780990600586,18.76003646850586,12.964188575744629,-0.17877843976020813
2003-10-01 06:53:00,16.087793350219727,8.25003719329834,14.90412712097168,16.891836166381836,16.34351921081543,15.588042259216309,12.419403076171875,5.720685005187988,8.110245704650879,10.067734718322754,12.483222961425781,14.187108993530273,16.222980499267578,11.13073444366455,11.912633895874023,12.978271484375,17.169158935546875,17.689353942871094,6.592381954193115,5.089564800262451,5.6068549156188965,8.96886920928955,9.986475944519043,11.1952486038208,15.473255157470703,14.260066032409668,10.336149215698242,15.334657669067383,15.911310195922852,16.471355438232422,16.91675567626953,17.4100399017334,18.584197998046875,4.540005207061768,6.773531436920166,7.869076251983643,13.64382553100586,9.419120788574219,17.946754455566406,17.61560821533203,0.330319344997406,3.7588748931884766,4.23781681060791,4.665902614593506,5.090165615081787,5.681278228759766,6.064938545227051,6.467013835906982,7.214602470397949,7.71970272064209,8.077916145324707,8.360518455505371,16.13800811767578,16.67906951904297,17.160011291503906,17.80134391784668,18.172754287719727,18.760025024414062,12.964106559753418,-0.1788373738527298
2003-10-01 06:54:00,16.087779998779297,8.249974250793457,14.904077529907227,16.891803741455078,16.343490600585938,15.588028907775879,12.419342994689941,5.720531940460205,8.110213279724121,10.067705154418945,12.483171463012695,14.187066078186035,16.222944259643555,11.130681991577148,11.91257095336914,12.978241920471191,17.16913414001465,17.689329147338867,6.592371463775635,5.089472770690918,5.606771469116211,8.968801498413086,9.986412048339844,11.1951904296875,15.473217010498047,14.260065078735352,10.336064338684082,15.334612846374512,15.911247253417969,16.471296310424805,16.916690826416016,17.4100399017334,18.584182739257812,4.539945125579834,6.773458003997803,7.868999481201172,13.643824577331543,9.419041633605957,17.94670295715332,17.615554809570312,0.33023151755332947,3.7587521076202393,4.237686634063721,4.665771961212158,5.0900468826293945,5.68118143081665,6.064823627471924,6.466917037963867,7.21450662612915,7.719598770141602,8.077855110168457,8.360432624816895,16.13797950744629,16.67900848388672,17.159976959228516,17.80130958557129,18.1727237701416,18.76001739501953,12.964024543762207,-0.1788954883813858
2003-10-01 06:55:00,16.0877685546875,8.249911308288574,14.904027938842773,16.891773223876953,16.343460083007812,15.588016510009766,12.419283866882324,5.720379829406738,8.110179901123047,10.067675590515137,12.483119010925293,14.18702220916748,16.222909927368164,11.13062858581543,11.912508010864258,12.978212356567383,17.169109344482422,17.689302444458008,6.592360973358154,5.089381694793701,5.606688499450684,8.968734741210938,9.986349105834961,11.195133209228516,15.47317886352539,14.260065078735352,10.335981369018555,15.33456802368164,15.91118335723877,16.47123908996582,16.916622161865234,17.41004753112793,18.58416748046875,4.539885997772217,6.7733845710754395,7.868923187255859,13.643823623657227,9.418962478637695,17.946653366088867,17.615503311157227,0.3301449120044708,3.7586300373077393,4.2375569343566895,4.665641784667969,5.08992862701416,5.681085109710693,6.064709663391113,6.466821670532227,7.214411735534668,7.71949577331543,8.077794075012207,8.360346794128418,16.13795280456543,16.6789493560791,17.159940719604492,17.8012752532959,18.17267417907715,18.760028839111328,12.963943481445312,-0.17895281314849854
2003-10-01 06:56:00,16.087757110595703,8.249849319458008,14.90397834777832,16.891742706298828,16.343429565429688,15.588003158569336,12.41922378540039,5.72022819519043,8.110146522521973,10.067646026611328,12.48306655883789,14.186979293823242,16.222875595092773,11.130576133728027,11.912446022033691,12.978182792663574,17.169084548950195,17.68927764892578,6.592350482940674,5.089290618896484,5.6066060066223145,8.968667984008789,9.986285209655762,11.195075988769531,15.473140716552734,14.260064125061035,10.335897445678711,15.334524154663086,15.911120414733887,16.471181869506836,16.91656494140625,17.4100399017334,18.58415412902832,4.539826393127441,6.773311138153076,7.868847370147705,13.643821716308594,9.41888427734375,17.946603775024414,17.61545181274414,0.3300594687461853,3.7585086822509766,4.237428665161133,4.6655120849609375,5.089810848236084,5.6809892654418945,6.064596652984619,6.466726779937744,7.214317321777344,7.719393253326416,8.077733993530273,8.360260963439941,16.13792610168457,16.678890228271484,17.1599063873291,17.801240921020508,18.172632217407227,18.760034561157227,12.963862419128418,-0.17900940775871277
2003-10-01 06:57:00,16.087743759155273,8.249787330627441,14.903929710388184,16.89171028137207,16.343400955200195,15.587990760803223,12.41916561126709,5.720077991485596,8.110114097595215,10.067617416381836,12.483015060424805,14.186936378479004,16.222843170166016,11.130522727966309,11.912384986877441,12.978153228759766,17.16905975341797,17.689252853393555,6.592339992523193,5.089200496673584,5.606524467468262,8.968602180480957,9.986222267150879,11.195019721984863,15.473103523254395,14.260064125061035,10.3358154296875,15.334479331970215,15.911057472229004,16.47112464904785,16.916501998901367,17.41004180908203,18.584138870239258,4.539767265319824,6.773237705230713,7.868772029876709,13.643820762634277,9.418806076049805,17.94655418395996,17.615400314331055,0.32997506856918335,3.758387804031372,4.237301349639893,4.6653828620910645,5.089694023132324,5.680894374847412,6.0644850730896,6.466633319854736,7.214223861694336,7.7192912101745605,8.07767391204834,8.360177040100098,16.13789939880371,16.6788330078125,17.15987205505371,17.801206588745117,18.172590255737305,18.76003646850586,12.963781356811523,-0.1790652871131897
2003-10-01 06:58:00,16.087732315063477,8.249726295471191,14.903882026672363,16.891679763793945,16.34337043762207,15.587977409362793,12.419107437133789,5.71992826461792,8.110081672668457,10.067587852478027,12.482964515686035,14.186894416809082,16.222808837890625,11.130470275878906,11.912322998046875,12.978123664855957,17.169034957885742,17.689226150512695,6.592329502105713,5.089111328125,5.606442928314209,8.968536376953125,9.986160278320312,11.194963455200195,15.473066329956055,14.260063171386719,10.335733413696289,15.334436416625977,15.910995483398438,16.471067428588867,16.916444778442383,17.4100341796875,18.584123611450195,4.539708614349365,6.773164749145508,7.868697166442871,13.643819808959961,9.41872787475586,17.946504592895508,17.6153507232666,0.3298916816711426,3.758267641067505,4.2371745109558105,4.665254592895508,5.089577674865723,5.680800437927246,6.064374923706055,6.466540336608887,7.214130878448486,7.7191901206970215,8.077615737915039,8.360093116760254,16.13787269592285,16.678773880004883,17.15983772277832,17.801172256469727,18.17256736755371,18.76002311706543,12.963701248168945,-0.1791205108165741
2003-10-01 06:59:00,16.087718963623047,8.249665260314941,14.903833389282227,16.89164924621582,16.343341827392578,15.587964057922363,12.419049263000488,5.7197794914245605,8.1100492477417,10.067559242248535,12.48291301727295,14.186851501464844,16.222774505615234,11.130416870117188,11.912261962890625,12.978095054626465,17.16901206970215,17.68920135498047,6.592319011688232,5.089022159576416,5.6063618659973145,8.968470573425293,9.986098289489746,11.194907188415527,15.473029136657715,14.260063171386719,10.335651397705078,15.334392547607422,15.910933494567871,16.471010208129883,16.916379928588867,17.4100399017334,18.584110260009766,4.539649963378906,6.773091793060303,7.86862325668335,13.643818855285645,9.418649673461914,17.946455001831055,17.615299224853516,0.3298092186450958,3.758147716522217,4.237048625946045,4.665126800537109,5.089462757110596,5.680706977844238,6.064265251159668,6.4664483070373535,7.214038372039795,7.719089508056641,8.077556610107422,8.36000919342041,16.137845993041992,16.6787166595459,17.15980339050293,17.80113983154297,18.172527313232422,18.760025024414062,12.963622093200684,-0.17917512357234955
