,1,2,3,4,5,6,7,8,9,10,11,12,13,14,15,16,17,18,19,20,21,22,23,24,25,26,27,28,29,30,31,34,35,37,38,41,42,43,44,45,46,47,48,49,50,51,52,53,54,55,64,65,66,68,69,70,71,72,32
2003-10-01 00:01:00,0.0,0.0,0.0,0.0,0.0,0.0,0.0,0.0,0.0,0.0,0.0,0.0,0.0,0.0,0.0,0.0,0.0,0.0,0.0,0.0,0.0,0.0,0.0,0.0,0.0,0.0,0.0,0.0,0.0,0.0,0.0,0.0,0.0,0.0,0.0,0.0,0.0,0.0,0.0,0.0,0.0,0.0,0.0,0.0,0.0,0.0,0.0,0.0,0.0,0.0,0.0,0.0,0.0,0.0,0.0,0.0,0.0,0.0,0.0
2003-10-01 00:02:00,0.0,0.0,0.0,0.0,0.0,0.0,0.0,0.0,0.0,0.0,0.0,0.0,0.0,0.0,0.0,0.0,0.0,0.0,0.0,0.0,0.0,0.0,0.0,0.0,0.0,0.0,0.0,0.0,0.0,0.0,0.0,0.0,0.0,0.0,0.0,0.0,0.0,0.0,0.0,0.0,0.0,0.0,0.0,0.0,0.0,0.0,0.0,0.0,0.0,0.0,0.0,0.0,0.0,0.0,0.0,0.0,0.0,0.0,0.0
2003-10-01 00:03:00,0.0,0.0,0.0,0.0,0.0,0.0,0.0,0.0,0.0,0.0,0.0,0.0,0.0,0.0,0.0,0.0,0.0,0.0,0.0,0.0,0.0,0.0,0.0,0.0,0.0,0.0,0.0,0.0,0.0,0.0,0.0,0.0,0.0,0.0,0.0,0.0,0.0,0.0,0.0,0.0,0.0,0.0,0.0,0.0,0.0,0.0,0.0,0.0,0.0,0.0,0.0,0.0,0.0,0.0,0.0,0.0,0.0,0.0,0.0
2003-10-01 00:04:00,0.0,0.0,0.0,0.0,0.0,0.0,0.0,0.0,0.0,0.0,0.0,0.0,0.0,0.0,0.0,0.0,0.0,0.0,0.0,0.0,0.0,0.0,0.0,0.0,0.0,0.0,0.0,0.0,0.0,0.0,0.0,0.0,0.0,0.0,0.0,0.0,0.0,0.0,0.0,0.0,0.0,0.0,0.0,0.0,0.0,0.0,0.0,0.0,0.0,0.0,0.0,0.0,0.0,0.0,0.0,0.0,0.0,0.0,0.0
2003-10-01 00:05:00,0.0,0.0,0.0,0.0,0.0,0.0,0.0,0.0,0.0,0.0,0.0,0.0,0.0,0.0,0.0,0.0,0.0,0.0,0.0,0.0,0.0,0.0,0.0,0.0,0.0,0.0,0.0,0.0,0.0,0.0,0.0,0.0,0.0,0.0,0.0,0.0,0.0,0.0,0.0,0.0,0.0,0.0,0.0,0.0,0.0,0.0,0.0,0.0,0.0,0.0,0.0,0.0,0.0,0.0,0.0,0.0,0.0,0.0,0.0
2003-10-01 00:06:00,5.3917287004878744e-05,9.400772250955924e-05,5.964747106190771e-05,2.7663789296639152e-05,9.283530744141899e-06,1.826662446546834e-05,8.617991625214927e-06,1.4505061699310318e-05,2.511358161427779e-06,9.421690265298821e-06,2.6208243070868775e-05,2.459124880260788e-05,5.9981317463098094e-05,9.061361197382212e-06,5.246825094218366e-05,5.483573841047473e-05,2.295523700013291e-05,1.4376169929164462e-05,1.507515935372794e-05,3.0276158213382587e-05,4.0887527575250715e-05,2.8151922379038297e-05,3.461089727352373e-05,1.914865970320534e-05,3.6501446629699785e-06,7.209144314401783e-06,2.5909668693202548e-05,1.901770338008646e-05,7.394033332275285e-07,1.949953912117053e-06,0.0,1.3831411251885584e-06,1.292534579988569e-05,1.9662309568957426e-05,1.9618751139205415e-06,7.849153575989476e-07,0.0,0.0,0.0,4.0332051867153496e-06,4.700638783106115e-06,1.8557566363597289e-06,1.777993816176604e-06,5.2270343076088466e-06,1.4782476682739798e-05,0.0,2.888555718527641e-05,2.3088843590812758e-05,4.877890205534641e-06,3.3415353755117394e-06,8.071441470747232e-07,1.0160793863178696e-05,2.6665491077437764e-06,1.9852782315865625e-06,0.0,7.911801276350161e-07,1.0674900750018423e-06,1.6856603224368882e-06,8.874756531440653e-06
2003-10-01 00:07:00,0.00028532693977467716,0.0004860117915086448,0.00035132651100866497,0.00017478644440416247,0.00015704432735219598,0.00012028113269479945,6.164403021102771e-05,0.0001472202711738646,2.0783565560122952e-05,8.787119440967217e-05,0.00013394698908086866,0.00014362910587806255,0.0004125274426769465,8.259068999905139e-05,0.0004839691973756999,0.0003148867399431765,0.0001355051645077765,7.761603774270043e-05,9.578255412634462e-05,0.0001390285324305296,0.0002147140767192468,0.00015254155732691288,0.00019659729150589556,9.513313852949068e-05,4.519563299254514e-05,5.812758899992332e-05,0.00013961440708953887,0.00011653226101770997,3.7542467907769606e-06,1.4350481251312885e-05,0.0,6.644074346695561e-06,7.209170871647075e-05,0.00013103429228067398,1.1625169463513885e-05,6.0752290664822794e-06,1.6373259086321923e-06,1.555630547045439e-06,2.3284671897272347e-06,3.245253537897952e-05,4.1907864215318114e-05,1.2857387446274515e-05,1.0163695151277352e-05,3.2412510336143896e-05,9.442985174246132e-05,0.0,0.00015700938820373267,0.00021126899810042232,3.6794393963646144e-05,2.384115578024648e-05,2.6659192826627987e-06,7.590034510940313e-05,2.0487812435021624e-05,1.4010842278366908e-05,1.556448523842846e-06,5.665243861585623e-06,8.782946679275483e-06,1.4323861250886694e-05,5.2366445743246004e-05
2003-10-01 00:08:00,0.000584991299547255,0.001110197976231575,0.0008071180782280862,0.00045870663598179817,0.0005195295671001077,0.0003313256020192057,0.00022050284314900637,0.0005237305304035544,8.105231972876936e-05,0.0003683757095132023,0.0003311325563117862,0.00038660340942442417,0.0012727283174172044,0.00026742721092887223,0.0012039109133183956,0.0007044525700621307,0.000362096558092162,0.00021500341244973242,0.00035972241312265396,0.0002844889822881669,0.00048570617218501866,0.0003425005415920168,0.00044266198528930545,0.00019687635358422995,0.0001442785724066198,0.0002313550066901371,0.0003321413532830775,0.00039128956268541515,1.3973108252685051e-05,0.00013239876716397703,1.1492013527458766e-06,2.056407174677588e-05,0.00019526993855834007,0.0005127537879161537,4.876493403571658e-05,7.275617099367082e-05,1.2148925634392072e-05,5.353649157768814e-06,1.7287535229115747e-05,0.00012873296509496868,0.00019429063831921667,9.082302130991593e-05,3.3082880690926686e-05,0.00011393399472581223,0.00033423182321712375,0.0,0.00036978936986997724,0.0004863043432123959,0.00014042685506865382,0.00021787940931972116,1.0040528650279157e-05,0.0003118374152109027,8.571219223085791e-05,5.4660482419421896e-05,5.423087259259773e-06,2.5955210730899125e-05,4.2632222175598145e-05,6.920294254086912e-05,0.00013790409138891846
2003-10-01 00:09:00,0.0009439405403099954,0.0018086435738950968,0.0014758341712877154,0.0009244102402590215,0.0012565754586830735,0.0006355333025567234,0.0005045100697316229,0.0012263464741408825,0.00020729047537315637,0.001019882271066308,0.000561992172151804,0.0007618939271196723,0.002817261265590787,0.000551435281522572,0.002320007886737585,0.0012335050851106644,0.000663850165437907,0.00041717011481523514,0.0008600445580668747,0.0005326705286279321,0.000838952197227627,0.0005887406296096742,0.000770904531236738,0.00033119996078312397,0.00033051602076739073,0.0007007610984146595,0.0005941600538790226,0.0008184956386685371,8.267272642115131e-05,0.00036816950887441635,3.086973492827383e-06,6.176909664645791e-05,0.00035194100928492844,0.0013175146887078881,0.00023604479792993516,0.000255021033808589,5.5536012951051816e-05,2.1862770154257305e-05,5.77104656258598e-05,0.0003470935334917158,0.0005267795640975237,0.0002770663413684815,7.658898539375514e-05,0.0002450727915856987,0.0007875413284637034,0.0,0.0006603242945857346,0.0008910178439691663,0.00033562324824742973,0.0006013269303366542,2.6221274310955778e-05,0.0008760208729654551,0.00025336354156024754,0.0001529626315459609,3.6921446735505015e-05,0.00010013149585574865,0.00016063520160969347,0.00023244452313520014,0.00026611750945448875
2003-10-01 00:10:00,0.0013853691052645445,0.0026005764957517385,0.0024440642446279526,0.0016984933754429221,0.0021419748663902283,0.001075540785677731,0.0010173015762120485,0.0019810295198112726,0.0004759380826726556,0.00185116333886981,0.0008474196074530482,0.0013713751686736941,0.005144085735082626,0.0010269813938066363,0.003964316565543413,0.001947806915268302,0.0010529698338359594,0.0007020193734206259,0.0015257750637829304,0.001507389242760837,0.0012704149121418595,0.0009083623299375176,0.0012007078621536493,0.0006109697860665619,0.000725242483895272,0.001404054812155664,0.0009367542224936187,0.00151363096665591,0.00020430127915460616,0.0007672529900446534,1.206453271151986e-05,0.00028047949308529496,0.0005561089492402971,0.0022216439247131348,0.0004819185705855489,0.0005145534523762763,0.00015308264119084924,9.548427624395117e-05,0.00015290934243239462,0.0007159709930419922,0.0011006848653778434,0.0006409882917068899,0.00016437038721051067,0.0004267021140549332,0.0014753786381334066,0.0,0.0010412483243271708,0.0014643928734585643,0.0006360680563375354,0.0012033520033583045,0.0001427464303560555,0.001722003216855228,0.0005157519481144845,0.00033762381644919515,0.00012064707698300481,0.00029812572756782174,0.00044671387877315283,0.0005481675616465509,0.00047321556485258043
2003-10-01 00:11:00,0.0019600156228989363,0.003652130486443639,0.004073091316968203,0.003080319380387664,0.0032549870666116476,0.0018025707686319947,0.0019394063856452703,0.0031301858834922314,0.0010903053916990757,0.002943159779533744,0.0012657083570957184,0.002427647588774562,0.008215735666453838,0.001871547312475741,0.006388070061802864,0.0030426247976720333,0.0016127570997923613,0.0011406406993046403,0.0025728484615683556,0.002279281849041581,0.0018252157606184483,0.001358351088128984,0.0018458835547789931,0.0015918221324682236,0.0014997554244473577,0.002387066837400198,0.0014359644846990705,0.0029051045421510935,0.0004083236854057759,0.0012435782700777054,8.664431516081095e-05,0.00055763527052477,0.000858747458551079,0.00351841002702713,0.0008920039399527013,0.0009433641098439693,0.0003033294342458248,0.00019211405015084893,0.0003070643579121679,0.0013293914962559938,0.0020341293420642614,0.0012699583312496543,0.0004094902833458036,0.0007316396804526448,0.002549361204728484,0.0,0.0015870736679062247,0.002370440401136875,0.0010814197594299912,0.0020320662297308445,0.00031230950844474137,0.002888460410758853,0.0009422812727279961,0.0006714693736284971,0.0003472960088402033,0.0007720969151705503,0.0010835463181138039,0.001099022920243442,0.0008224779739975929
2003-10-01 00:12:00,0.0027641255874186754,0.005179695785045624,0.006587171461433172,0.005247475113719702,0.004848465323448181,0.0030387716833502054,0.003608483588322997,0.004787076730281115,0.0019434227142482996,0.004469775129109621,0.0019454400753602386,0.0043161469511687756,0.012444562278687954,0.003629563841968775,0.010033982805907726,0.004634058102965355,0.0025130684953182936,0.0018783328123390675,0.004343882668763399,0.0033986398484557867,0.0026008696295320988,0.00204010889865458,0.0028843474574387074,0.002449338324368,0.002583843655884266,0.0037549862172454596,0.0022473009303212166,0.0053017777390778065,0.0007205691654235125,0.0020851639565080404,0.00024159644090104848,0.001048398669809103,0.001337947091087699,0.005433895159512758,0.0015464922180399299,0.0015742278192192316,0.0005743737565353513,0.0003658141940832138,0.0005143401212990284,0.0023061055690050125,0.0036164126358926296,0.002335192635655403,0.0010269047925248742,0.001246284693479538,0.004213371314108372,0.0,0.0024931381922215223,0.0038882591761648655,0.0017574805533513427,0.0032218925189226866,0.0006532875122502446,0.004561141133308411,0.0016500349156558514,0.0012659651692956686,0.000950280693359673,0.0018722580280154943,0.002283222507685423,0.0019519309280440211,0.0014663265319541097
2003-10-01 00:13:00,0.0038736741989851,0.0071988231502473354,0.010104316286742687,0.008395169861614704,0.006654632743448019,0.004922765307128429,0.006370650138705969,0.006980920676141977,0.0032784598879516125,0.00621434859931469,0.0030557974241673946,0.007731620222330093,0.01829794980585575,0.006912434473633766,0.014963909052312374,0.006756429560482502,0.0039061650168150663,0.0031932638958096504,0.006798668298870325,0.004975057672709227,0.003699539229273796,0.0030242945067584515,0.004504023119807243,0.003796975128352642,0.004156111273914576,0.005416024476289749,0.003626351011916995,0.00869633350521326,0.0011223370674997568,0.0032390609849244356,0.0006021338049322367,0.001901415758766234,0.002123598475009203,0.007847543805837631,0.002199974376708269,0.0024372118059545755,0.0009286191198043525,0.0006064409972168505,0.0008178273565135896,0.003550173481926322,0.005974483210593462,0.0041499328799545765,0.0022028672974556684,0.0020844910759478807,0.00662017660215497,0.0,0.0038172861095517874,0.006162602920085192,0.0025779984425753355,0.004859237931668758,0.0011881159152835608,0.006683062762022018,0.0027634596917778254,0.002334445482119918,0.00216119596734643,0.0038459294009953737,0.004007789772003889,0.002955575240775943,0.002613082528114319
2003-10-01 00:14:00,0.005409042350947857,0.009905689395964146,0.014889872632920742,0.012767826206982136,0.008638659492135048,0.007748205214738846,0.010426406748592854,0.00937666092067957,0.004950165748596191,0.008070426061749458,0.005073201842606068,0.012797275558114052,0.026312796398997307,0.010685784742236137,0.020903106778860092,0.009558320045471191,0.0058585163205862045,0.005306052044034004,0.009922369383275509,0.0071912952698767185,0.005171997006982565,0.004530547186732292,0.006817418150603771,0.005856631323695183,0.006300194188952446,0.007174937054514885,0.00581313157454133,0.013446093536913395,0.001658306224271655,0.004650465678423643,0.0011776135070249438,0.003214991884306073,0.0034476094879209995,0.01058758795261383,0.0030618796590715647,0.003421425586566329,0.0013825454516336322,0.0009355662623420358,0.0011889785528182983,0.00494901230558753,0.009088716469705105,0.006777023896574974,0.004002782981842756,0.003413747763261199,0.009552126750349998,0.0,0.005690877325832844,0.008737985976040363,0.003496526973322034,0.00680205412209034,0.002090341178700328,0.009240921586751938,0.004310118965804577,0.004136977717280388,0.004233091603964567,0.006465361453592777,0.006014264654368162,0.003985755145549774,0.004377186764031649
2003-10-01 00:15:00,0.007551734801381826,0.013690968975424767,0.02132578007876873,0.01830308698117733,0.010828991420567036,0.011645186692476273,0.015952931717038155,0.01202547736465931,0.007113019470125437,0.00987863540649414,0.008865537121891975,0.02005404606461525,0.03615966811776161,0.01608235202729702,0.027793508023023605,0.012810919433832169,0.008528408594429493,0.00826939009130001,0.013742300681769848,0.010058066807687283,0.007024914491921663,0.006662886124104261,0.009917587973177433,0.008842484094202518,0.008914261125028133,0.008941656909883022,0.008989997208118439,0.01904924027621746,0.0022812315728515387,0.006367383524775505,0.0019985788967460394,0.004505699500441551,0.0054722935892641544,0.013247719965875149,0.0040975045412778854,0.004531550221145153,0.0019141228403896093,0.0013107315171509981,0.0016062934882938862,0.006382384337484837,0.012863538227975368,0.010439024306833744,0.006836569402366877,0.005496490281075239,0.013175719417631626,0.0,0.00844574999064207,0.011883043684065342,0.00440563028678298,0.008925718255341053,0.003428088268265128,0.012370663695037365,0.00648962426930666,0.006836273707449436,0.007078744005411863,0.0094198202714324,0.008082431741058826,0.004942184314131737,0.006938333157449961
2003-10-01 00:16:00,0.010734105482697487,0.019065601751208305,0.02936449833214283,0.025364484637975693,0.013009338639676571,0.016989264637231827,0.02335233800113201,0.015002010390162468,0.009512686170637608,0.011948803439736366,0.0141219487413764,0.030173007398843765,0.04786974564194679,0.02258051373064518,0.03587216138839722,0.016710493713617325,0.01234409585595131,0.012332762591540813,0.018235396593809128,0.013349401764571667,0.009339696727693081,0.00958940014243126,0.014030209742486477,0.012567169964313507,0.011991361156105995,0.010907993651926517,0.013486848212778568,0.025862831622362137,0.00295847631059587,0.008264928124845028,0.0032383722718805075,0.006317616440355778,0.008516978472471237,0.016223285347223282,0.005254084710031748,0.005782621446996927,0.002530044876039028,0.0017618628917261958,0.0021040679421275854,0.007917673327028751,0.01717357337474823,0.01534448191523552,0.010900188237428665,0.008529562503099442,0.0,0.0,0.012700424529612064,0.015822574496269226,0.005363320000469685,0.01125037670135498,0.005282143596559763,0.016606289893388748,0.009619008749723434,0.010519586503505707,0.010552700608968735,0.012487317435443401,0.010180787183344364,0.005936809349805117,0.010220577009022236
2003-10-01 00:17:00,0.019923344254493713,0.026958204805850983,0.03907651826739311,0.03425509110093117,0.015162425115704536,0.02430601604282856,0.0327894426882267,0.01878519542515278,0.01235040184110403,0.014363352209329605,0.02196422964334488,0.04262882098555565,0.06218789890408516,0.031111272051930428,0.04515128955245018,0.022197486832737923,0.017451057210564613,0.017459316179156303,0.02341444231569767,0.017273521050810814,0.01228021364659071,0.013631178066134453,0.01979476399719715,0.018371958285570145,0.015614043921232224,0.0132798682898283,0.019829051569104195,0.034907203167676926,0.003813529619947076,0.010565375909209251,0.004802515264600515,0.008617504499852657,0.012994117103517056,0.020010702311992645,0.006583144888281822,0.007214447017759085,0.003296918934211135,0.0023288207594305277,0.0026544006541371346,0.00963271502405405,0.022139044478535652,0.021058570593595505,0.01628575101494789,0.013057700358331203,0.0179013479501009,0.0,0.019006960093975067,0.020779171958565712,0.006368051748722792,0.013674124144017696,0.007899845018982887,0.02231234312057495,0.013916794210672379,0.014963422901928425,0.014447437599301338,0.015701478347182274,0.012462157756090164,0.007065305951982737,0.014213565737009048
2003-10-01 00:18:00,0.04359722137451172,0.03771037608385086,0.051478732377290726,0.04514441639184952,0.017298374325037003,0.03417814150452614,0.044700298458337784,0.022675195708870888,0.015542562119662762,0.016954906284809113,0.03280027210712433,0.058172643184661865,0.07888538390398026,0.041032951325178146,0.056115590035915375,0.028863316401839256,0.02365674078464508,0.023323001340031624,0.029320282861590385,0.0216364748775959,0.016174962744116783,0.01931234449148178,0.02694384567439556,0.02434896118938923,0.01978497952222824,0.015845011919736862,0.027976268902420998,0.04597293585538864,0.004786633886396885,0.013042581267654896,0.0068512349389493465,0.01111560594290495,0.01882011443376541,0.024087347090244293,0.007990418933331966,0.008792662993073463,0.004147369414567947,0.0029398801270872355,0.00325054326094687,0.011424641124904156,0.02761903777718544,0.027799218893051147,0.022917885333299637,0.01921861246228218,0.02141106128692627,0.0,0.028331201523542404,0.027731580659747124,0.00745563767850399,0.015999624505639076,0.011619063094258308,0.029291506856679916,0.019260091707110405,0.019845809787511826,0.018566889688372612,0.01903068646788597,0.014885937795042992,0.008241194300353527,0.019277790561318398
2003-10-01 00:19:00,0.06007583066821098,0.05177207663655281,0.06608762592077255,0.05856384336948395,0.019300008192658424,0.046648766845464706,0.05763518810272217,0.02693101577460766,0.019005795940756798,0.019539402797818184,0.04750471189618111,0.07738221436738968,0.09705046564340591,0.052904509007930756,0.06834372878074646,0.037232592701911926,0.031624846160411835,0.03043264150619507,0.03586592152714729,0.02625202387571335,0.021300142630934715,0.02654845081269741,0.03547454625368118,0.033021438866853714,0.024254966527223587,0.018434926867485046,0.03893377259373665,0.060168854892253876,0.005778602324426174,0.015762483701109886,0.009084171615540981,0.013716916553676128,0.026507271453738213,0.0281539224088192,0.00953366607427597,0.01041195634752512,0.005076801870018244,0.0036327431444078684,0.0039034641813486814,0.01324498187750578,0.03344324976205826,0.03542478382587433,0.030671097338199615,0.027087222784757614,0.026755772531032562,0.0,0.04090419039130211,0.036989953368902206,0.008534933440387249,0.018505651503801346,0.01634528860449791,0.03720561042428017,0.02537555992603302,0.024874869734048843,0.022775452584028244,0.022431936115026474,0.01740051433444023,0.009418962523341179,0.02495574951171875
2003-10-01 00:20:00,0.0816301479935646,0.06984918564558029,0.08314663171768188,0.07452722638845444,0.021342486143112183,0.061498984694480896,0.07065197825431824,0.031087063252925873,0.022552751004695892,0.02210787869989872,0.06559112668037415,0.09863647073507309,0.11847274750471115,0.06642241030931473,0.0824255496263504,0.04768144339323044,0.040483858436346054,0.03807821497321129,0.04255514219403267,0.031930238008499146,0.027725819498300552,0.035471852868795395,0.04670553654432297,0.04524381831288338,0.029067575931549072,0.021042894572019577,0.05277527868747711,0.07837393879890442,0.006859694607555866,0.018591756001114845,0.01168455183506012,0.016390807926654816,0.03572719916701317,0.032376646995544434,0.011121478863060474,0.01210583746433258,0.006055573932826519,0.0043659452348947525,0.004569243174046278,0.015096066519618034,0.03945644199848175,0.04371558874845505,0.03924600034952164,0.03610781580209732,0.0,0.002143186517059803,0.05778409540653229,0.0496697761118412,0.009601162746548653,0.020993053913116455,0.022283675149083138,0.04564714431762695,0.03193550556898117,0.029880426824092865,0.027006274089217186,0.02586512826383114,0.019939135760068893,0.010574201121926308,0.03139657899737358
2003-10-01 00:21:00,0.11282076686620712,0.09246967732906342,0.10341810435056686,0.09297661483287811,0.02333998680114746,0.07781572639942169,0.08339374512434006,0.035961005836725235,0.026351256296038628,0.02505522221326828,0.08759292960166931,0.12399882823228836,0.14216025173664093,0.08248906582593918,0.0986686497926712,0.060307081788778305,0.05062097683548927,0.046206023544073105,0.04968830198049545,0.03888864442706108,0.03591814264655113,0.047225501388311386,0.060558170080184937,0.06061664596199989,0.03406070917844772,0.023992348462343216,0.07121545076370239,0.1044648215174675,0.008045563474297523,0.021588213741779327,0.014638439752161503,0.019232753664255142,0.04632683843374252,0.03690863773226738,0.012818383984267712,0.013867507688701153,0.007124582305550575,0.005155056715011597,0.0052727689035236835,0.01706305518746376,0.0457315593957901,0.05234808847308159,0.048507895320653915,0.04637399688363075,0.052195046097040176,0.010176491923630238,0.07850813865661621,0.06584960967302322,0.010794862173497677,0.023523030802607536,0.029368486255407333,0.05483321100473404,0.03885013610124588,0.03488680347800255,0.03134523332118988,0.029423227533698082,0.02263229712843895,0.011854203417897224,0.03839951753616333
2003-10-01 00:22:00,0.1462753415107727,0.12058821320533752,0.12649501860141754,0.11369182914495468,0.025275636464357376,0.09496030956506729,0.09673912823200226,0.04162384942173958,0.030370263382792473,0.02847454510629177,0.11380228400230408,0.1518213450908661,0.17019928991794586,0.0999794453382492,0.11771369725465775,0.07465069741010666,0.06158991530537605,0.055254533886909485,0.05795881152153015,0.048066068440675735,0.04704499989748001,0.06169790402054787,0.07874640822410583,0.07990793883800507,0.03960629180073738,0.02756010927259922,0.0962684378027916,0.1424754112958908,0.009357369504868984,0.02490014210343361,0.017666352912783623,0.022116437554359436,0.058198850601911545,0.042135123163461685,0.014649628661572933,0.015848005190491676,0.008371664211153984,0.00606096675619483,0.00602510804310441,0.01930353045463562,0.05249335989356041,0.061463017016649246,0.05832606926560402,0.05797472596168518,0.014815162867307663,0.0226103737950325,0.10278056561946869,0.08720658719539642,0.012145401909947395,0.025986528024077415,0.03757691755890846,0.06463677436113358,0.04606005921959877,0.03998197987675667,0.03591790422797203,0.03329275920987129,0.025699710473418236,0.013314950279891491,0.04584876075387001
2003-10-01 00:23:00,0.19212177395820618,0.15191270411014557,0.1530875563621521,0.13540731370449066,0.027195245027542114,0.11286047101020813,0.11134157329797745,0.04772646725177765,0.03486018255352974,0.032058581709861755,0.14302155375480652,0.18428899347782135,0.20231346786022186,0.12089668214321136,0.13876886665821075,0.09000302851200104,0.07340168207883835,0.06486310809850693,0.06654010713100433,0.05905147269368172,0.06088574603199959,0.08029137551784515,0.10118170082569122,0.10581191629171371,0.04571957886219025,0.03129908815026283,0.13111665844917297,0.18435794115066528,0.010783643461763859,0.028327398002147675,0.021147727966308594,0.02500913105905056,0.07039335370063782,0.04775706306099892,0.016594819724559784,0.017895935103297234,0.0097081633284688,0.007012309972196817,0.006809300743043423,0.021677233278751373,0.059757836163043976,0.0711890161037445,0.06854487210512161,0.07001081854104996,0.0384366475045681,0.03639069199562073,0.13170737028121948,0.11819356679916382,0.013584642671048641,0.028649726882576942,0.04674270376563072,0.07454130798578262,0.053470976650714874,0.04525064304471016,0.0407571867108345,0.03747847303748131,0.029012922197580338,0.014791838824748993,0.05393524467945099
2003-10-01 00:24:00,0.24604997038841248,0.18787896633148193,0.17930132150650024,0.15837061405181885,0.02910805307328701,0.13139158487319946,0.12697729468345642,0.05397334694862366,0.03947128728032112,0.03566374257206917,0.17738744616508484,0.22022633254528046,0.23978380858898163,0.14330793917179108,0.1615743339061737,0.1063614934682846,0.0858999714255333,0.07505539059638977,0.07552484422922134,0.07283154129981995,0.07920505851507187,0.10330292582511902,0.130284383893013,0.1407550871372223,0.0521431602537632,0.03508462384343147,0.1743398755788803,0.23421421647071838,0.012308584526181221,0.03193831443786621,0.024547934532165527,0.027998613193631172,0.08315571397542953,0.05354909226298332,0.018682898953557014,0.020038189366459846,0.011113875545561314,0.00802813284099102,0.007626104634255171,0.024097470566630363,0.06739557534456253,0.08124926686286926,0.07923197746276855,0.08260739594697952,0.03860948234796524,0.04838775098323822,0.1608992964029312,0.1584089696407318,0.015039901249110699,0.03144663944840431,0.056607529520988464,0.08461318165063858,0.061047110706567764,0.05072036758065224,0.045776207000017166,0.04187163710594177,0.03241238370537758,0.01625145599246025,0.062448810786008835
2003-10-01 00:25:00,0.3064389228820801,0.22685694694519043,0.20793676376342773,0.1818179190158844,0.031002869829535484,0.15049117803573608,0.1433168351650238,0.06030843406915665,0.0442579910159111,0.03923756256699562,0.21546010673046112,0.262319952249527,0.28289592266082764,0.16872428357601166,0.1851898580789566,0.12312508374452591,0.09877731651067734,0.08570925146341324,0.08505794405937195,0.08947968482971191,0.10218742489814758,0.1322781890630722,0.16738545894622803,0.18283458054065704,0.058745939284563065,0.038873810321092606,0.22862915694713593,0.30355337262153625,0.013845746405422688,0.035665228962898254,0.028294190764427185,0.030905060470104218,0.0961395874619484,0.0592682920396328,0.02078964002430439,0.02218484878540039,0.012584109790623188,0.009091517888009548,0.008447575382888317,0.02654050476849079,0.07527883350849152,0.0918147936463356,0.09036117792129517,0.09562278538942337,0.0608050599694252,0.06220785155892372,0.1893346905708313,0.19930407404899597,0.0164567232131958,0.034247469156980515,0.06687354296445847,0.09480893611907959,0.06882548332214355,0.056420497596263885,0.0509813129901886,0.046293165534734726,0.035802848637104034,0.017680354416370392,0.07146430015563965
2003-10-01 00:26:00,0.3598272204399109,0.27375859022140503,0.2375558763742447,0.20603272318840027,0.03296602517366409,0.17058923840522766,0.16043981909751892,0.06757835298776627,0.04919278621673584,0.043379046022892,0.2592701315879822,0.30984246730804443,0.3313302993774414,0.19476954638957977,0.20998959243297577,0.1412222683429718,0.11270279437303543,0.09689215570688248,0.0951162800192833,0.11037684977054596,0.13179771602153778,0.16842228174209595,0.21481893956661224,0.24034014344215393,0.06579256802797318,0.043251290917396545,0.2988286316394806,0.3791469931602478,0.015520753338932991,0.03958345577120781,0.032147202640771866,0.033939212560653687,0.11029993742704391,0.06565449386835098,0.0230561476200819,0.024509143084287643,0.014158370904624462,0.010199985466897488,0.009318980388343334,0.029178783297538757,0.08355611562728882,0.10270711034536362,0.10189804434776306,0.10941153019666672,0.08452478796243668,0.07328389585018158,0.21856234967708588,0.2322670966386795,0.018074631690979004,0.037149667739868164,0.07757231593132019,0.10613992810249329,0.07706813514232635,0.062315817922353745,0.056263115257024765,0.05082837492227554,0.03943068906664848,0.019353611394762993,0.08087650686502457
2003-10-01 00:27:00,0.4347566068172455,0.32553911209106445,0.2679535746574402,0.23148858547210693,0.03520131856203079,0.1920020431280136,0.17951786518096924,0.07634388655424118,0.05479239672422409,0.04830298572778702,0.30894067883491516,0.3650430142879486,0.3873995244503021,0.22312454879283905,0.23676714301109314,0.16063553094863892,0.1274878978729248,0.10916798561811447,0.1063401848077774,0.13884101808071136,0.1690821349620819,0.21520189940929413,0.27737516164779663,0.30923449993133545,0.07372726500034332,0.04863269254565239,0.374007910490036,0.4356706738471985,0.0178304985165596,0.04379860684275627,0.036196235567331314,0.037182461470365524,0.12495735287666321,0.07347089052200317,0.02554384432733059,0.027081018313765526,0.016003189608454704,0.011474949307739735,0.010267260484397411,0.032219048589468,0.09268319606781006,0.11422649770975113,0.11411244422197342,0.12398646771907806,0.07656972110271454,0.08520998805761337,0.25124430656433105,0.26538214087486267,0.019986355677247047,0.04033295437693596,0.0888974592089653,0.11846552044153214,0.08586357533931732,0.06851572543382645,0.061825089156627655,0.05574537068605423,0.04375988245010376,0.021335802972316742,0.09094394743442535
2003-10-01 00:28:00,0.5204107165336609,0.38384541869163513,0.3008265793323517,0.2586103677749634,0.037554457783699036,0.2155950367450714,0.2009398192167282,0.08571061491966248,0.0608971081674099,0.05341761186718941,0.366068035364151,0.42856138944625854,0.45326194167137146,0.2529439926147461,0.26557910442352295,0.1816267967224121,0.14346298575401306,0.12247473746538162,0.11875554919242859,0.17520226538181305,0.21713098883628845,0.275762140750885,0.35370591282844543,0.3897886872291565,0.08242681622505188,0.054245442152023315,0.44349342584609985,0.49272650480270386,0.02063635364174843,0.048296403139829636,0.04040679708123207,0.04065902531147003,0.14060622453689575,0.08174426853656769,0.028236443176865578,0.02986832521855831,0.018007386475801468,0.012841101735830307,0.011269520036876202,0.03547048196196556,0.10269457846879959,0.12673364579677582,0.1270103007555008,0.13928301632404327,0.1026211753487587,0.09589537978172302,0.28574809432029724,0.30257943272590637,0.021963540464639664,0.04384473338723183,0.1007913276553154,0.13117730617523193,0.09504780173301697,0.0749141201376915,0.06757065653800964,0.060854826122522354,0.04858280345797539,0.023310480639338493,0.10204099863767624
2003-10-01 00:29:00,0.6281912922859192,0.44971129298210144,0.33445829153060913,0.28757578134536743,0.039979200810194016,0.2411586344242096,0.22365689277648926,0.09522775560617447,0.0673590749502182,0.05851926654577255,0.431476891040802,0.5013449192047119,0.5291147232055664,0.285095751285553,0.29564106464385986,0.20352669060230255,0.16056928038597107,0.13686393201351166,0.13182982802391052,0.21862396597862244,0.27947890758514404,0.35108256340026855,0.44212013483047485,0.47035306692123413,0.09162800759077072,0.05987514927983284,0.5092968940734863,0.5570579767227173,0.023594217374920845,0.05342012643814087,0.04510264843702316,0.04433161020278931,0.1567903310060501,0.09026997536420822,0.031092191115021706,0.032679345458745956,0.020085101947188377,0.014274440705776215,0.01230929046869278,0.03874363377690315,0.11328846216201782,0.13990481197834015,0.14072087407112122,0.15546174347400665,0.062490787357091904,0.1081031784415245,0.3216577172279358,0.34225142002105713,0.02396886795759201,0.04749861732125282,0.11301183700561523,0.1441376507282257,0.104473777115345,0.08132647722959518,0.07263743877410889,0.06465483456850052,0.053803928196430206,0.02516292780637741,0.11392370611429214
2003-10-01 00:30:00,0.7420715093612671,0.5263644456863403,0.37063246965408325,0.3186240494251251,0.042428158223629,0.26821276545524597,0.24697034060955048,0.1047498881816864,0.07393722981214523,0.06358826160430908,0.5079314112663269,0.5857079029083252,0.6187955737113953,0.3183709979057312,0.32705041766166687,0.2266187220811844,0.1785498708486557,0.15213964879512787,0.14508941769599915,0.27962157130241394,0.3572075366973877,0.44067075848579407,0.5351471304893494,0.5538609027862549,0.10115156322717667,0.06543926894664764,0.5772879123687744,0.6263893246650696,0.026095014065504074,0.05809904262423515,0.049821026623249054,0.04819992557168007,0.17419828474521637,0.09887479245662689,0.03396177664399147,0.03556869551539421,0.02220110222697258,0.015767639502882957,0.013361052609980106,0.04197397828102112,0.12414548546075821,0.1537618786096573,0.15519128739833832,0.17230954766273499,0.10387875884771347,0.11721944808959961,0.3590400218963623,0.38299229741096497,0.025920402258634567,0.05122310668230057,0.12547823786735535,0.15728458762168884,0.11417998373508453,0.08916579186916351,0.08484047651290894,0.06688620895147324,0.046439412981271744,0.027907971292734146,0.1264084279537201
2003-10-01 00:31:00,0.867055356502533,0.6155542135238647,0.40976476669311523,0.35189613699913025,0.04521918296813965,0.29705575108528137,0.2717491388320923,0.1162523478269577,0.08097442239522934,0.06980106979608536,0.5959151387214661,0.686362624168396,0.7284165620803833,0.3538176715373993,0.36064139008522034,0.251621812582016,0.19807955622673035,0.16815459728240967,0.1597432643175125,0.3531836271286011,0.45102834701538086,0.5414290428161621,0.6306985020637512,0.6379194259643555,0.11133882403373718,0.07221187651157379,0.64927738904953,0.698722243309021,0.028869111090898514,0.06334574520587921,0.054801709949970245,0.05200226977467537,0.1925879418849945,0.1086423322558403,0.03716558590531349,0.038734015077352524,0.02454064041376114,0.017376771196722984,0.014522788114845753,0.04566571116447449,0.13567492365837097,0.16819918155670166,0.17043405771255493,0.19048048555850983,0.10901210457086563,0.1285378336906433,0.3988511562347412,0.4254752993583679,0.028306933119893074,0.05514468625187874,0.13816428184509277,0.17370888590812683,0.12588605284690857,0.09859268367290497,0.08864353597164154,0.06894426047801971,0.046510592103004456,0.03700469061732292,0.1396925151348114
2003-10-01 00:32:00,0.9978787899017334,0.7217198014259338,0.4527701139450073,0.3882066309452057,0.048586100339889526,0.32881030440330505,0.30095982551574707,0.1305697113275528,0.08923295140266418,0.0775405615568161,0.7014082670211792,0.8075354099273682,0.8569383025169373,0.39227283000946045,0.3991400897502899,0.2800825536251068,0.2194807380437851,0.1864386945962906,0.17704227566719055,0.44696709513664246,0.5589507222175598,0.6493398547172546,0.7284514904022217,0.7268872261047363,0.12342420220375061,0.08087589591741562,0.7260175943374634,0.7758046984672546,0.032248083502054214,0.06953877210617065,0.06023896485567093,0.05631939694285393,0.21290451288223267,0.12104588001966476,0.04092969372868538,0.042406801134347916,0.027286387979984283,0.019279301166534424,0.015865838155150414,0.05025973916053772,0.14891934394836426,0.1838598996400833,0.1868392378091812,0.21031104028224945,0.1261468082666397,0.14220066368579865,0.4431402385234833,0.472160667181015,0.031280238181352615,0.05998687073588371,0.15187381207942963,0.19286859035491943,0.13999176025390625,0.11291112005710602,0.10434523224830627,0.08249557018280029,0.05796902999281883,0.015298943966627121,0.154362753033638
2003-10-01 00:33:00,1.1625653505325317,0.8467600345611572,0.4999143183231354,0.4284605383872986,0.05227324366569519,0.3646373748779297,0.33443188667297363,0.1456976979970932,0.09864913672208786,0.08544281870126724,0.8276386260986328,0.9527150988578796,1.0097054243087769,0.4347185492515564,0.44124212861061096,0.31085196137428284,0.24338366091251373,0.2069384604692459,0.19605453312397003,0.5541943907737732,0.6754072308540344,0.761741578578949,0.8302466869354248,0.8225813508033752,0.13702665269374847,0.08983850479125977,0.8076843023300171,0.8587377667427063,0.03584914281964302,0.07637771964073181,0.06631284207105637,0.061302315443754196,0.2346668690443039,0.13442420959472656,0.04509066417813301,0.04641710966825485,0.030157754197716713,0.021350067108869553,0.01731976494193077,0.05519019812345505,0.16369526088237762,0.200933575630188,0.2044796496629715,0.23156388103961945,0.1331830620765686,0.15482619404792786,0.49067479372024536,0.5230297446250916,0.03433440998196602,0.06539319455623627,0.1662961095571518,0.2142704576253891,0.1555110663175583,0.12244676798582077,0.10914315283298492,0.08519915491342545,0.05863156542181969,0.011787149123847485,0.1710694432258606
2003-10-01 00:34:00,1.3066712617874146,0.9999240040779114,0.55059814453125,0.47274667024612427,0.056187704205513,0.4048006534576416,0.3703833818435669,0.16110049188137054,0.10851098597049713,0.09338567405939102,0.9769905805587769,1.1206780672073364,1.1796233654022217,0.4816240072250366,0.48636096715927124,0.3441081643104553,0.2693268954753876,0.2292240560054779,0.21650131046772003,0.6774088740348816,0.7971407175064087,0.877136766910553,0.9363642930984497,0.9185231328010559,0.15147025883197784,0.09879320859909058,0.8951550722122192,0.9479399919509888,0.039508622139692307,0.08370974659919739,0.07300978153944016,0.06686041504144669,0.2587526738643646,0.14803603291511536,0.04941128194332123,0.052604857832193375,0.0330142006278038,0.023547491058707237,0.01885661669075489,0.06026056408882141,0.17885030806064606,0.21780771017074585,0.22304920852184296,0.2541750967502594,0.14124396443367004,0.17129480838775635,0.5415562987327576,0.5774258971214294,0.03736777603626251,0.07106979936361313,0.18118759989738464,0.23153991997241974,0.16890062391757965,0.13160037994384766,0.1298253983259201,0.10380703210830688,0.07512140274047852,0.03878054767847061,0.18958033621311188
2003-10-01 00:35:00,1.5138572454452515,1.17509126663208,0.6061207056045532,0.5212127566337585,0.06018369644880295,0.44765013456344604,0.40703973174095154,0.17661292850971222,0.11860325932502747,0.10123787820339203,1.1495798826217651,1.3092643022537231,1.3641787767410278,0.530800461769104,0.5337059497833252,0.3792931139469147,0.2974194586277008,0.2530088722705841,0.23725837469100952,0.8043064475059509,0.9215345978736877,0.9965488314628601,1.0474982261657715,1.0252015590667725,0.16621184349060059,0.10768049955368042,0.9970530271530151,1.0828601121902466,0.04316189885139465,0.09136956185102463,0.08012472093105316,0.07269161939620972,0.28499799966812134,0.16165222227573395,0.05372759327292442,0.05928279086947441,0.035661544650793076,0.025791577994823456,0.02043982595205307,0.06532513350248337,0.19493946433067322,0.23654048144817352,0.24193216860294342,0.2773181200027466,0.14327439665794373,0.18911094963550568,0.5940555930137634,0.643527090549469,0.04038596525788307,0.076700359582901,0.2682008743286133,0.2496635913848877,0.1824573427438736,0.14494283497333527,0.13320666551589966,0.10501165688037872,0.07417719811201096,0.04164087772369385,0.20891954004764557
2003-10-01 00:36:00,1.7586802244186401,1.3768830299377441,0.6683995723724365,0.5747412443161011,0.06510615348815918,0.49358391761779785,0.44743674993515015,0.19710750877857208,0.12993124127388,0.11216887086629868,1.3445998430252075,1.5136139392852783,1.5605639219284058,0.584226667881012,0.5872432589530945,0.41999974846839905,0.328392893075943,0.27861008048057556,0.2612473964691162,0.9424943327903748,1.05036461353302,1.122178316116333,1.1700387001037598,1.1475820541381836,0.18290701508522034,0.11971303820610046,1.1308344602584839,1.2228939533233643,0.047809720039367676,0.09996145963668823,0.08790571987628937,0.07881392538547516,0.31434953212738037,0.17855538427829742,0.05899570509791374,0.06553292274475098,0.05128921568393707,0.030840223655104637,0.02229589782655239,0.07195055484771729,0.21132530272006989,0.2570822536945343,0.26363086700439453,0.30333614349365234,0.1534712016582489,0.20430941879749298,0.6533755660057068,0.700118899345398,0.044539064168930054,0.0834110677242279,0.2911986708641052,0.27050653100013733,0.19863393902778625,0.12597869336605072,0.13645830750465393,0.10451209545135498,0.06994222849607468,0.04684736207127571,0.22983290255069733
2003-10-01 00:37:00,2.0394670963287354,1.6042836904525757,0.7412284016609192,0.6355997323989868,0.07154961675405502,0.547774076461792,0.5004094243049622,0.22397764027118683,0.14470529556274414,0.12671181559562683,1.5598149299621582,1.7352049350738525,1.7751785516738892,0.6478253602981567,0.6536295413970947,0.46846723556518555,0.364757776260376,0.3101062774658203,0.29219815135002136,1.0826704502105713,1.1877347230911255,1.2621700763702393,1.3163548707962036,1.300394892692566,0.20456771552562714,0.13616226613521576,1.2742221355438232,1.3430548906326294,0.05408243089914322,0.110616035759449,0.09664897620677948,0.0862579196691513,0.34732282161712646,0.20219391584396362,0.06594505161046982,0.05923951789736748,0.05479569360613823,0.03770815208554268,0.02465229295194149,0.08342581987380981,0.20386101305484772,0.29549792408943176,0.29114603996276855,0.3337148427963257,0.16863228380680084,0.22315505146980286,0.72456955909729,0.7691850066184998,0.05015024170279503,0.09239976853132248,0.3108837306499481,0.2875288128852844,0.2119482457637787,0.13022443652153015,0.13964052498340607,0.10379224270582199,0.0652981698513031,0.05219365656375885,0.2545296251773834
2003-10-01 00:38:00,2.350067138671875,1.8500473499298096,0.8231335878372192,0.7067923545837402,0.07887845486402512,0.613878071308136,0.5640661120414734,0.2528977394104004,0.16201484203338623,0.14155615866184235,1.79277765750885,1.9740766286849976,2.0093994140625,0.721830427646637,0.7291674017906189,0.522757887840271,0.40695270895957947,0.3474385738372803,0.3275429308414459,1.237951636314392,1.340075969696045,1.4242357015609741,1.4877716302871704,1.461082100868225,0.2296726554632187,0.15305376052856445,1.4092350006103516,1.4704540967941284,0.06094873696565628,0.12288559973239899,0.10693154484033585,0.0953863114118576,0.3855297267436981,0.2278701514005661,0.07353708148002625,0.08163788169622421,0.04479468986392021,0.0315556526184082,0.027419790625572205,0.04522755369544029,0.2472139149904251,0.33502793312072754,0.3245964050292969,0.3741540312767029,0.186522975564003,0.245754212141037,0.8058288097381592,0.8563021421432495,0.055927567183971405,0.1026381105184555,0.33515021204948425,0.30919748544692993,0.24430380761623383,0.15349873900413513,0.13212469220161438,0.09209837019443512,0.05642690882086754,0.05755096673965454,0.28462329506874084
2003-10-01 00:39:00,2.6808953285217285,2.113668203353882,0.9161495566368103,0.7900703549385071,0.08677425980567932,0.6902741193771362,0.6313862204551697,0.28178122639656067,0.18053217232227325,0.1562735140323639,2.045670509338379,2.2325446605682373,2.2648098468780518,0.8051946759223938,0.8114746809005737,0.5832438468933105,0.45529264211654663,0.3896377980709076,0.36557015776634216,1.402161717414856,1.5141515731811523,1.6090130805969238,1.6731946468353271,1.6301300525665283,0.25658348202705383,0.16976208984851837,1.547867774963379,1.6183786392211914,0.06791770458221436,0.13609632849693298,0.11862238496541977,0.10584750771522522,0.43041566014289856,0.25356021523475647,0.08153672516345978,0.09515953063964844,0.048874348402023315,0.03762901946902275,0.030153540894389153,-0.0002836952917277813,0.21317043900489807,0.3468710780143738,0.3608381450176239,0.4188363552093506,0.2062835991382599,0.27148932218551636,0.8992605805397034,0.9533888101577759,0.06156514585018158,0.11356466263532639,0.3480111062526703,0.3197334110736847,0.25788578391075134,0.15794213116168976,0.13464121520519257,0.09060352295637131,0.05619007349014282,0.06291233003139496,0.31891068816185
2003-10-01 00:40:00,3.0377631187438965,2.400956153869629,1.0209375619888306,0.8830536007881165,0.09486337751150131,0.771579384803772,0.6999716758728027,0.3110771179199219,0.1994602382183075,0.1708967387676239,2.3167667388916016,2.511815071105957,2.549879550933838,0.8962986469268799,0.899777889251709,0.6492913961410522,0.507914125919342,0.43429362773895264,0.40451952815055847,1.5893393754959106,1.7108535766601562,1.8120728731155396,1.864302635192871,1.7985293865203857,0.28416991233825684,0.18661579489707947,1.6994693279266357,1.7768137454986572,0.074887715280056,0.14995543658733368,0.13139136135578156,0.11683381348848343,0.4790057837963104,0.2790015935897827,0.08969848603010178,0.09239450097084045,0.046315040439367294,0.031969502568244934,0.04580295830965042,0.014409659430384636,0.23049092292785645,0.36447596549987793,0.37764066457748413,0.45179158449172974,0.22749637067317963,0.29946327209472656,0.9994930624961853,1.0599839687347412,0.06715109944343567,0.12442292273044586,0.3621041476726532,0.3476274907588959,0.24986663460731506,0.15071207284927368,0.13283617794513702,0.08709456771612167,0.05618755891919136,0.06823025643825531,0.35583117604255676
2003-10-01 00:41:00,3.5114405155181885,2.7361819744110107,1.1915360689163208,1.0100358724594116,0.11380309611558914,0.8721669912338257,0.8023774027824402,0.3849780559539795,0.22687126696109772,0.20937876403331757,2.628779649734497,2.839817523956299,2.8888356685638428,1.0065762996673584,1.023200511932373,0.7457857728004456,0.5779272317886353,0.49212926626205444,0.4672043025493622,1.8042162656784058,1.935062050819397,2.035799026489258,2.0806264877319336,2.010035753250122,0.3258269727230072,0.2294360101222992,1.8851628303527832,1.9916654825210571,0.08986908942461014,0.16877175867557526,0.14565815031528473,0.12993356585502625,0.5384964942932129,0.3340919613838196,0.10472985357046127,0.05765440687537193,0.023290984332561493,0.009588752873241901,0.007379101123660803,0.10602902621030807,0.3105747103691101,0.4194135069847107,0.46168339252471924,0.5056329369544983,0.26114335656166077,0.338031530380249,1.1154379844665527,1.1940898895263672,0.0812215581536293,0.1417948305606842,0.42337918281555176,0.38475704193115234,0.22346995770931244,0.10290700197219849,0.0575336329638958,-0.005970338825136423,0.05618752911686897,0.07576146721839905,0.400307297706604
2003-10-01 00:42:00,4.12582540512085,3.165330410003662,1.4765081405639648,1.2120665311813354,0.15328355133533478,1.0488401651382446,1.0201762914657593,0.5131787657737732,0.28198593854904175,0.27350756525993347,3.0105133056640625,3.2706849575042725,3.322920560836792,1.1784777641296387,1.2320486307144165,0.9001478552818298,0.6860777139663696,0.5957133769989014,0.5837696194648743,2.088461399078369,2.2158262729644775,2.3159453868865967,2.378434181213379,2.300959587097168,0.4064766764640808,0.30678391456604004,2.1344528198242188,2.2736291885375977,0.11815989762544632,0.19863471388816833,0.16540318727493286,0.1511770337820053,0.631654679775238,0.4447186291217804,0.13156312704086304,0.04657901078462601,0.01716025173664093,-0.022047026082873344,0.06158697232604027,0.16137172281742096,0.31131666898727417,0.42302584648132324,0.47614675760269165,0.5989428162574768,0.31407037377357483,0.4009091556072235,1.311447024345398,1.3722237348556519,0.10576044023036957,0.17442938685417175,0.42570602893829346,0.37745213508605957,0.21610401570796967,0.11529321223497391,0.04759061709046364,-0.032637227326631546,0.05618752911686897,0.07580321282148361,0.476741760969162
2003-10-01 00:43:00,4.917937278747559,3.684816598892212,1.863590121269226,1.5201247930526733,0.20360004901885986,1.3338289260864258,1.3021936416625977,0.6490462422370911,0.3795492649078369,0.33971282839775085,3.488517999649048,3.7853684425354004,3.8709306716918945,1.4252020120620728,1.5082842111587524,1.1001709699630737,0.8442345261573792,0.7516337633132935,0.7349024415016174,2.500063180923462,2.5319952964782715,2.67754864692688,2.765599250793457,2.665367364883423,0.5119029879570007,0.38574349880218506,2.44642972946167,2.6221730709075928,0.0805431678891182,0.2811039686203003,0.20035971701145172,0.1838855892419815,0.7535890936851501,0.5682172179222107,0.16327908635139465,0.042850978672504425,0.016613712534308434,-0.030891597270965576,0.07373477518558502,0.1888347864151001,0.3041091859340668,0.4243527352809906,0.48834338784217834,0.6600004434585571,0.3783094882965088,0.4837881326675415,1.5535674095153809,1.633742332458496,0.12991273403167725,0.2156456857919693,0.4268820881843567,0.36934971809387207,0.21602511405944824,0.13142593204975128,0.047644514590501785,-0.04929686710238457,0.05618752911686897,0.07580332458019257,0.5984740853309631
2003-10-01 00:44:00,5.891458034515381,4.343090534210205,2.36592435836792,1.933775544166565,0.2589264512062073,1.6736493110656738,1.6459076404571533,0.7791013121604919,0.4960361123085022,0.3954611122608185,4.111072063446045,4.53481388092041,4.675014019012451,1.735927700996399,1.8340284824371338,1.3520194292068481,1.0527855157852173,0.9359862208366394,0.8775004148483276,2.869065999984741,2.9233925342559814,3.1435489654541016,3.2316458225250244,3.1401636600494385,0.5891728401184082,0.46385133266448975,2.8649497032165527,3.0595219135284424,0.1231062039732933,0.35565462708473206,0.2655748128890991,0.22465065121650696,0.9164661765098572,0.685359537601471,0.19688449800014496,0.03943726420402527,0.01659458316862583,-0.031604163348674774,0.07855483144521713,0.1904447078704834,0.29625600576400757,0.42518532276153564,0.5000322461128235,0.7122644186019897,0.47066283226013184,0.5865591168403625,1.8059653043746948,1.9344433546066284,0.15285660326480865,0.25889647006988525,0.4280177056789398,0.3613012433052063,0.216024249792099,0.13334588706493378,0.05387669429183006,-0.059729427099227905,0.05618752911686897,0.07580332458019257,0.7556280493736267
2003-10-01 00:45:00,7.317166328430176,5.1869797706604,2.946117877960205,2.3689193725585938,0.34542885422706604,2.039534568786621,2.1994519233703613,1.0229417085647583,0.5341384410858154,0.46052834391593933,4.890683174133301,5.251884460449219,5.290360927581787,2.112082004547119,2.2117972373962402,1.6462316513061523,1.283851146697998,1.1462386846542358,1.168309211730957,3.3460614681243896,3.468834638595581,3.7063188552856445,3.8947787284851074,3.804753303527832,0.9056105017662048,0.5485966205596924,3.362092971801758,3.5496127605438232,0.07676243782043457,0.34198975563049316,0.3420231342315674,0.26925408840179443,1.1299082040786743,0.7965208888053894,0.23060934245586395,0.035845156759023666,0.016593903303146362,-0.03165432810783386,0.07857326418161392,0.19053307175636292,0.2884228825569153,0.4258267879486084,0.5115950703620911,0.762482225894928,0.5793815851211548,0.7105682492256165,2.091912031173706,2.239527940750122,0.17499153316020966,0.302023708820343,0.4291761517524719,0.35292401909828186,0.216024249792099,0.13345298171043396,0.06072714552283287,-0.0696721225976944,0.05618752911686897,0.07580332458019257,0.9280238151550293
2003-10-01 00:46:00,8.5308256149292,5.94158935546875,3.428130626678467,2.8384885787963867,0.3991472125053406,2.3219358921051025,2.23292875289917,1.0280838012695312,0.5835278630256653,0.49095210433006287,5.622485160827637,5.949149131774902,6.273950576782227,2.5230610370635986,2.56211519241333,1.925331950187683,1.5557119846343994,1.4375778436660767,1.3143006563186646,3.955364465713501,4.0776286125183105,4.334378719329834,4.350873947143555,4.334098815917969,0.9126471877098083,0.5581514835357666,3.7113468647003174,4.050299167633057,0.07664802670478821,0.33725592494010925,0.33726873993873596,0.3120577335357666,1.3571207523345947,0.8574162721633911,0.25256621837615967,0.03685379400849342,0.016593879088759422,-0.03165782615542412,0.0785733014345169,0.19053789973258972,0.29155805706977844,0.42575564980506897,0.5110478401184082,0.7902398705482483,0.6425891518592834,0.8279892206192017,2.4020564556121826,2.4868760108947754,0.18251335620880127,0.3321116864681244,0.4289717972278595,0.35419002175331116,0.216024249792099,0.1334589123725891,0.06070251762866974,-0.06939109414815903,0.05618752911686897,0.07580332458019257,1.0870124101638794
2003-10-01 00:47:00,9.900299072265625,6.816281795501709,3.814222574234009,3.1702568531036377,0.30757981538772583,2.513827085494995,2.1552236080169678,1.0211427211761475,0.5241689682006836,0.4908236861228943,6.554155349731445,6.890172481536865,7.068104267120361,2.9399971961975098,2.8100764751434326,2.164552688598633,1.772237777709961,1.5001269578933716,1.2623344659805298,4.485925674438477,4.665025234222412,4.8273701667785645,4.800873279571533,4.773235321044922,0.9091453552246094,0.5613046288490295,4.099576950073242,4.263669967651367,0.08309593796730042,0.33551156520843506,0.33563077449798584,0.3378083407878876,1.5259288549423218,0.841434895992279,0.25666895508766174,0.038488101214170456,0.016593879088759422,-0.03165806829929352,0.0785733014345169,0.1905381679534912,0.29502925276756287,0.42537176609039307,0.5087084174156189,0.7925291657447815,0.6301392912864685,0.8723743557929993,2.685681104660034,2.6501126289367676,0.1768844574689865,0.3358815014362335,0.42866289615631104,0.3564366102218628,0.216024249792099,0.13345924019813538,0.059855591505765915,-0.06818047910928726,0.05618752911686897,0.07580332458019257,1.182009220123291
2003-10-01 00:48:00,11.005956649780273,7.635830879211426,4.011507034301758,3.1540610790252686,0.3048659563064575,2.5227622985839844,2.169419765472412,1.0154725313186646,0.5560013651847839,0.47480031847953796,7.371382713317871,7.152320861816406,6.836871147155762,3.3099751472473145,2.9031176567077637,2.3178930282592773,1.7750972509384155,1.4354369640350342,1.2519375085830688,4.927237510681152,5.134064197540283,5.2643537521362305,5.252364158630371,5.090900897979736,0.8970261812210083,0.5559974908828735,4.322111129760742,4.399229526519775,0.08948717266321182,0.33390501141548157,0.3338790833950043,0.34545329213142395,1.6060189008712769,0.8202373385429382,0.2546384036540985,0.040025319904088974,0.016593879088759422,-0.03165808692574501,0.0785733014345169,0.1905381828546524,0.29839059710502625,0.42460909485816956,0.5062888264656067,0.7895078063011169,0.6130673289299011,0.8743260502815247,2.8612937927246094,2.8084750175476074,0.17391571402549744,0.3290960490703583,0.42835745215415955,0.3586480915546417,0.216024249792099,0.13345925509929657,0.05902550369501114,-0.06699485331773758,0.05618752911686897,0.07580332458019257,1.2083393335342407
2003-10-01 00:49:00,11.845922470092773,8.275412559509277,3.960432529449463,3.095247507095337,0.2892417013645172,2.502232789993286,2.154890775680542,1.0089983940124512,0.5610248446464539,0.46201735734939575,8.043354034423828,7.784951210021973,7.222719192504883,2.321460008621216,3.3330485820770264,2.2050087451934814,1.7012070417404175,1.4177337884902954,1.240549921989441,4.589697360992432,4.409446716308594,4.469690799713135,5.6505889892578125,5.242520809173584,0.8851260542869568,0.5508993864059448,4.452754497528076,4.512059688568115,0.0957678034901619,0.33198535442352295,0.3321097195148468,0.3422495424747467,1.617647409439087,0.8085595965385437,0.25045111775398254,0.041521478444337845,0.016593879088759422,-0.03165808692574501,0.0785733014345169,0.1905381828546524,0.3017536699771881,0.42349183559417725,0.5039181113243103,0.7853161096572876,0.6012994647026062,0.8621945381164551,2.919534206390381,2.887296676635742,0.17041771113872528,0.31929972767829895,0.42804592847824097,0.36088526248931885,0.216024249792099,0.13345925509929657,0.05819759517908096,-0.06580796092748642,0.05618752911686897,0.07580332458019257,1.2028471231460571
2003-10-01 00:50:00,12.788585662841797,9.507525444030762,3.8336539268493652,3.0280778408050537,0.2702597975730896,2.476719379425049,2.135967254638672,1.0026142597198486,0.5607916116714478,0.4528820812702179,8.64508056640625,8.438419342041016,7.952116012573242,2.36492919921875,2.1589512825012207,2.5462486743927,1.6272647380828857,1.4113963842391968,1.2192249298095703,5.278963565826416,5.067897319793701,4.9142961502075195,4.429986476898193,3.910357713699341,0.8732764720916748,0.5458804368972778,3.0011000633239746,2.8989834785461426,0.10197189450263977,0.3300093412399292,0.33004623651504517,0.3337036669254303,1.6181195974349976,0.8001048564910889,0.2455504834651947,0.04295983538031578,0.016593879088759422,-0.03165808692574501,0.0785733014345169,0.1905381828546524,0.3050552010536194,0.4229879379272461,0.5013637542724609,0.7809048295021057,0.5927263498306274,0.845431923866272,2.535217046737671,2.781712770462036,0.16637477278709412,0.3078240156173706,0.42773663997650146,0.3630939722061157,0.216024249792099,0.13345925509929657,0.057371146976947784,-0.06461868435144424,0.05618752911686897,0.07580332458019257,1.1879074573516846
2003-10-01 00:51:00,12.799176216125488,9.327432632446289,3.599555253982544,2.9278926849365234,0.2662133574485779,2.408675193786621,2.085453748703003,0.9605478048324585,0.5845651626586914,0.42972058057785034,8.934412956237793,8.739715576171875,8.272600173950195,2.5657670497894287,2.3779337406158447,1.7548447847366333,1.7925251722335815,1.3599908351898193,1.1721348762512207,5.423433303833008,5.226480007171631,5.081929683685303,4.623252868652344,4.127583026885986,0.8289726972579956,0.5206091403961182,3.2522735595703125,3.1505589485168457,0.11353232711553574,0.3259103298187256,0.3258800804615021,0.32054367661476135,1.0101258754730225,0.7820963859558105,0.23750175535678864,0.04304925724864006,0.016593879088759422,-0.03165808692574501,0.07839810103178024,0.1905381828546524,0.3050067722797394,0.4152972400188446,0.48884254693984985,0.8000497817993164,0.578559160232544,0.822313666343689,2.1705241203308105,2.3193013668060303,0.15900130569934845,0.2938798666000366,0.42709705233573914,0.3669670820236206,0.216024249792099,0.13145756721496582,0.05547013133764267,-0.059862229973077774,0.05618752911686897,0.07580332458019257,1.1661514043807983
2003-10-01 00:52:00,12.820082664489746,9.239347457885742,3.3917555809020996,2.797112464904785,0.2567318081855774,2.3161933422088623,2.0102689266204834,0.9149402379989624,0.590503454208374,0.39850902557373047,9.071163177490234,8.88265323638916,8.429000854492188,2.501894235610962,2.324237585067749,1.7488994598388672,1.8003853559494019,1.2147817611694336,1.1218026876449585,5.656205654144287,5.466293811798096,5.320367336273193,4.880153179168701,4.404582977294922,0.7813228964805603,0.49318593740463257,3.567323923110962,3.470241069793701,0.1253259778022766,0.32141393423080444,0.32132959365844727,0.30693674087524414,0.4000895321369171,0.7210471630096436,0.22477680444717407,0.044596485793590546,0.016593879088759422,-0.03165808692574501,0.07233092933893204,0.1905381828546524,0.3089708685874939,0.4150965213775635,0.4841521978378296,0.748759388923645,0.5571661591529846,0.7956920862197876,1.5244683027267456,1.7163901329040527,0.14792320132255554,0.2753760516643524,0.42656394839286804,0.3713533580303192,0.216024249792099,0.12071318924427032,0.055558349937200546,-0.05268625169992447,0.05618752911686897,0.07580332458019257,1.3212329149246216
2003-10-01 00:53:00,12.704465866088867,9.230528831481934,3.160632371902466,2.6329355239868164,0.23293155431747437,2.1985023021698,1.8941251039505005,0.8693640828132629,0.5535736083984375,0.37060025334358215,9.015541076660156,8.841971397399902,8.411391258239746,2.5493650436401367,2.3841922283172607,1.855506181716919,1.528961420059204,1.1486514806747437,1.0577787160873413,5.614981651306152,5.444046497344971,5.311432361602783,4.900623321533203,4.457052707672119,0.7335843443870544,0.4657164216041565,3.6656429767608643,3.5772223472595215,0.13686919212341309,0.31647923588752747,0.316621333360672,0.2877943813800812,0.6419572830200195,0.6466093063354492,0.21058133244514465,0.04654678329825401,0.016593879088759422,-0.03165808692574501,0.06629090011119843,0.1905381828546524,0.3137216567993164,0.4153289198875427,0.4795655906200409,0.7151509523391724,0.5352389216423035,0.7597634196281433,1.7121604681015015,1.8847955465316772,0.13708336651325226,0.25454723834991455,0.4259699583053589,0.3754305839538574,0.216024249792099,0.10988783836364746,0.05575085058808327,-0.04540180414915085,0.05618752911686897,0.07580332458019257,1.4073580503463745
2003-10-01 00:54:00,12.410505294799805,9.144811630249023,2.9712893962860107,2.5554749965667725,0.1924496740102768,2.1893198490142822,1.7555369138717651,0.8234925866127014,0.4915594756603241,0.3470474183559418,8.919685363769531,8.759588241577148,8.35644817352295,2.585829496383667,2.4342846870422363,1.9542088508605957,1.3378753662109375,1.1303670406341553,0.9728754758834839,5.553538799285889,5.402245044708252,5.284694194793701,4.905072212219238,4.496678352355957,0.6859406232833862,0.43829652667045593,3.75321888923645,3.6758358478546143,0.14802901446819305,0.31124547123908997,0.3113657534122467,0.2669551372528076,1.1043245792388916,0.6511929035186768,0.1959114521741867,0.048617877066135406,0.016593879088759422,-0.03165808692574501,0.060225944966077805,0.1905381828546524,0.3188721239566803,0.4158947765827179,0.4753974378108978,0.6975794434547424,0.5135638117790222,0.7222357392311096,2.137894868850708,2.290044069290161,0.12636873126029968,0.23315295577049255,0.425348699092865,0.3796651363372803,0.216024249792099,0.09923835843801498,0.05603070184588432,-0.037922248244285583,0.05618752911686897,0.07580332458019257,0.7910385131835938
2003-10-01 00:55:00,12.155813217163086,9.008808135986328,2.8409805297851562,2.4673099517822266,0.155034139752388,2.156203269958496,1.6839388608932495,0.7788041830062866,0.4372507631778717,0.3237724006175995,8.823896408081055,8.677804946899414,8.297224044799805,2.5421018600463867,2.4042856693267822,1.9732083082199097,1.1733601093292236,1.1181477308273315,0.891930878162384,5.560417175292969,5.430213451385498,5.323977470397949,4.974383354187012,4.595897674560547,0.6395071744918823,0.4119777977466583,3.896956205368042,3.826385974884033,0.15882359445095062,0.3056876063346863,0.30582305788993835,0.24522393941879272,1.1859670877456665,0.6696457266807556,0.18096914887428284,0.050404783338308334,0.016593879088759422,-0.03165808692574501,0.05416856333613396,0.17479796707630157,0.3233952224254608,0.41551750898361206,0.4701104760169983,0.6938276886940002,0.4918493628501892,0.6841209530830383,2.1971638202667236,2.331632614135742,0.11575090885162354,0.21139104664325714,0.42473694682121277,0.38378942012786865,0.216024249792099,0.08872877061367035,0.056579429656267166,-0.03062254935503006,0.05618752911686897,0.07580332458019257,0.4351040720939636
2003-10-01 00:56:00,11.906445503234863,8.883896827697754,2.7408926486968994,2.427609920501709,0.11433044821023941,2.0324342250823975,1.6415951251983643,0.7555494904518127,0.3829169273376465,0.3095894753932953,8.706571578979492,8.56883716583252,8.20206356048584,2.4756417274475098,2.343076467514038,1.932660698890686,1.1106504201889038,1.0848091840744019,0.8358212113380432,5.548087120056152,5.426322937011719,5.3267502784729,4.994862079620361,4.635295391082764,0.6177643537521362,0.4026055335998535,3.9647839069366455,3.9001359939575195,0.1524503529071808,0.2901914417743683,0.2916691303253174,0.22341632843017578,1.165363073348999,0.6380204558372498,0.16810527443885803,0.05109697952866554,0.016593879088759422,-0.03165808692574501,0.05075511336326599,0.1647440642118454,0.32511746883392334,0.41458848118782043,0.4661354124546051,0.6847932934761047,0.4695020914077759,0.6475642323493958,2.154980182647705,2.2801218032836914,0.10761383920907974,0.1922576129436493,0.42440009117126465,0.3860747218132019,0.216024249792099,0.0848960354924202,0.055962879210710526,-0.026619261130690575,0.05618752911686897,0.07580332458019257,0.6346795558929443
2003-10-01 00:57:00,11.649300575256348,8.691825866699219,2.6255476474761963,2.2894725799560547,0.09695448726415634,1.929795503616333,1.5402909517288208,0.7647104263305664,0.36581599712371826,0.29581353068351746,8.527056694030762,8.399097442626953,8.045937538146973,2.3955259323120117,2.2740230560302734,1.8549062013626099,1.0773465633392334,1.0215981006622314,0.821571946144104,5.484469890594482,5.370548248291016,5.277039527893066,4.9622578620910645,4.6207499504089355,0.611750066280365,0.4082499146461487,3.97689151763916,3.9151713848114014,0.14593495428562164,0.2752053737640381,0.2810768187046051,0.2050335556268692,1.281581997871399,0.5561290979385376,0.15808001160621643,0.051638852804899216,0.016593879088759422,-0.03165808692574501,0.04761670529842377,0.1552584022283554,0.32653579115867615,0.4139171838760376,0.4627649486064911,0.6691327691078186,0.4487900733947754,0.6146803498268127,2.2440717220306396,2.3603479862213135,0.10212764889001846,0.17845222353935242,0.4240801930427551,0.388224720954895,0.216024249792099,0.0818435400724411,0.05575861409306526,-0.023024506866931915,0.05618752911686897,0.07580332458019257,0.9911537766456604
2003-10-01 00:58:00,11.3317232131958,8.566798210144043,2.453835964202881,2.1501059532165527,0.08102487027645111,1.8226876258850098,1.4999034404754639,0.7594601511955261,0.3505682051181793,0.27985602617263794,8.403564453125,8.281538009643555,7.9416584968566895,2.3859784603118896,2.2721915245056152,1.4199117422103882,1.0378018617630005,0.979857861995697,0.802230954170227,5.401684761047363,5.295411109924316,5.2087554931640625,4.911919116973877,4.589369773864746,0.5961556434631348,0.402351975440979,3.9726247787475586,3.914591073989868,0.13944438099861145,0.26030418276786804,0.27906501293182373,0.19006654620170593,1.452999472618103,0.4903041124343872,0.14920774102210999,0.055548783391714096,0.02015290968120098,-0.023680634796619415,0.044547684490680695,0.1457740068435669,0.32047468423843384,0.40916404128074646,0.45530927181243896,0.6540399789810181,0.4337503910064697,0.5856923460960388,2.3875980377197266,2.495358467102051,0.09649249911308289,0.16697309911251068,0.4237617552280426,0.39033111929893494,0.216024249792099,0.0792463943362236,0.05544816330075264,-0.019099805504083633,0.05618752911686897,0.07580332458019257,1.097193956375122
2003-10-01 00:59:00,11.010110855102539,8.35902214050293,2.2999963760375977,2.022674560546875,0.07107901573181152,1.7308390140533447,1.4237122535705566,0.6703070998191833,0.3211159408092499,0.2654537856578827,8.222320556640625,8.107823371887207,7.7795329093933105,2.2718160152435303,2.16546368598938,1.1113919019699097,1.146956443786621,0.9076652526855469,0.777596116065979,5.364349842071533,5.264658451080322,5.183568954467773,4.903914928436279,4.599658012390137,0.5747754573822021,0.38469234108924866,4.009364128112793,3.957186222076416,0.13355425000190735,0.24580229818820953,0.2717141807079315,0.17692388594150543,1.5584005117416382,0.45946061611175537,0.14062607288360596,0.059286195784807205,0.023277852684259415,-0.011197259649634361,0.041419584304094315,0.1362169086933136,0.31501510739326477,0.40478038787841797,0.44836267828941345,0.6397889852523804,0.42063698172569275,0.5610257983207703,2.46836519241333,2.5674116611480713,0.09073568135499954,0.1561417281627655,0.42344480752944946,0.39237621426582336,0.216024249792099,0.07638733834028244,0.05549827218055725,-0.015173738822340965,0.05618752911686897,0.07580332458019257,1.0068246126174927
2003-10-01 01:00:00,10.665322303771973,8.158950805664062,2.160020589828491,1.9024478197097778,0.06276820600032806,1.619157075881958,1.3165415525436401,0.669029712677002,0.3071884512901306,0.25092920660972595,8.022956848144531,7.917301654815674,7.605793476104736,2.13454008102417,2.0086677074432373,1.2008607387542725,1.1630665063858032,0.834746241569519,0.7665879130363464,5.340286731719971,5.250767230987549,5.175663471221924,4.9122114181518555,4.625604629516602,0.5744450688362122,0.3406619727611542,4.0619611740112305,4.012618064880371,0.13212202489376068,0.23580536246299744,0.261627197265625,0.1652051955461502,1.6201789379119873,0.4515993893146515,0.13212856650352478,0.061636943370103836,0.02492421865463257,0.005803857930004597,0.038287874311208725,0.12670311331748962,0.3126152753829956,0.4017481803894043,0.4425606429576874,0.6277762651443481,0.4034757614135742,0.5369925498962402,2.5055923461914062,2.5959177017211914,0.0849236249923706,0.1456032246351242,0.4231090545654297,0.39455610513687134,0.216024249792099,0.07380304485559464,0.05550110712647438,-0.011125771328806877,0.05618752911686897,0.07278864085674286,0.8560047745704651
2003-10-01 01:01:00,10.332986831665039,7.9983673095703125,2.0213756561279297,1.7763965129852295,0.055528949946165085,1.5065213441848755,1.2560765743255615,0.6427080631256104,0.29294541478157043,0.23751133680343628,7.891265392303467,7.7896037101745605,7.490455150604248,2.0900020599365234,1.7286036014556885,1.2147364616394043,1.0523799657821655,0.8183999061584473,0.7527926564216614,5.278094291687012,5.194738388061523,5.124466896057129,4.874478340148926,4.601560592651367,0.55556720495224,0.3145546317100525,4.059445858001709,4.014127254486084,0.13486753404140472,0.23320522904396057,0.25266098976135254,0.15426436066627502,1.6765247583389282,0.4533306658267975,0.12461304664611816,0.062426790595054626,0.025443842634558678,0.01879243738949299,0.036292918026447296,0.1204807236790657,0.31194478273391724,0.40038254857063293,0.43920037150382996,0.6177424788475037,0.3861943185329437,0.5126349329948425,2.5477170944213867,2.633002996444702,0.08011440187692642,0.13578467071056366,0.421819806098938,0.3946523070335388,0.22053122520446777,0.07271704077720642,0.05540100112557411,-0.00816919282078743,0.05618752911686897,0.06901334226131439,0.6873050928115845
2003-10-01 01:02:00,10.051556587219238,7.850544452667236,1.8927242755889893,1.6623543500900269,0.05138256400823593,1.4247838258743286,1.2085613012313843,0.6205077171325684,0.2787514925003052,0.22693996131420135,7.725998401641846,7.626955509185791,7.335761070251465,2.0074121952056885,1.351218819618225,1.2559831142425537,0.9604787230491638,0.8126880526542664,0.707356333732605,5.210561752319336,5.128966808319092,5.060358047485352,4.820206642150879,4.555715084075928,0.5192177891731262,0.30252400040626526,4.032031059265137,3.985443115234375,0.13273529708385468,0.2265201061964035,0.24480991065502167,0.14451543986797333,1.6194508075714111,0.4521361291408539,0.11834383010864258,0.06428515166044235,0.02691129595041275,0.027269378304481506,0.03439316898584366,0.1143457219004631,0.3084101378917694,0.3975151479244232,0.4345855414867401,0.601256787776947,0.37177643179893494,0.4902406930923462,2.5681185722351074,2.6485416889190674,0.07640088349580765,0.12810750305652618,0.4177382290363312,0.39181801676750183,0.22492878139019012,0.07755338400602341,0.061105672270059586,0.0004067565605510026,0.05618752911686897,0.06546475738286972,0.5220913887023926
2003-10-01 01:03:00,9.735969543457031,7.652358055114746,1.7846072912216187,1.5736949443817139,0.04935133084654808,1.362849235534668,1.16020667552948,0.5992809534072876,0.2657618224620819,0.21646985411643982,7.541337490081787,7.44915246963501,7.166250705718994,1.883376121520996,1.3195172548294067,1.2878198623657227,0.8893088698387146,0.7856631278991699,0.6522815227508545,5.169639587402344,5.091249465942383,5.028038501739502,4.796784400939941,4.538460731506348,0.4811728596687317,0.29397690296173096,4.031676769256592,3.9797098636627197,0.12679433822631836,0.21793080866336823,0.2366972118616104,0.1359882801771164,1.1664012670516968,0.44311287999153137,0.11243488639593124,0.06785786151885986,0.02894282341003418,0.034990325570106506,0.033754583448171616,0.10961195826530457,0.30622875690460205,0.39736661314964294,0.43277424573898315,0.5301837921142578,0.3580150008201599,0.46993160247802734,2.6593167781829834,2.7397987842559814,0.07264751940965652,0.12133222818374634,0.4122585654258728,0.3877949118614197,0.22835299372673035,0.08763952553272247,0.0721263438463211,0.014253362081944942,0.05618752911686897,0.06191108375787735,0.437799870967865
2003-10-01 01:04:00,9.475631713867188,7.50993013381958,1.6983718872070312,1.4993865489959717,0.04782193899154663,1.3040090799331665,1.105260968208313,0.5780874490737915,0.2588878571987152,0.20561669766902924,7.4124674797058105,7.322346210479736,7.054073333740234,1.8046619892120361,1.3713949918746948,1.1862194538116455,0.8439188599586487,0.743126392364502,0.6130243539810181,5.138129711151123,5.064095497131348,5.000875473022461,4.777757167816162,4.531260967254639,0.45477619767189026,0.283736914396286,4.046350002288818,3.8827064037323,0.11546605080366135,0.2142811268568039,0.2275436967611313,0.12853507697582245,0.6187963485717773,0.42387697100639343,0.10672298073768616,0.07073449343442917,0.03057056851685047,0.04090840369462967,0.036670129746198654,0.10841397941112518,0.3048003017902374,0.39729732275009155,0.43096452951431274,0.5583928823471069,0.343794584274292,0.45043233036994934,2.3108103275299072,2.7438132762908936,0.06883775442838669,0.11487875133752823,0.406147837638855,0.3830938935279846,0.23106472194194794,0.09697195142507553,0.08237706124782562,0.027357712388038635,0.05618752911686897,0.05836250260472298,0.4937312602996826
2003-10-01 01:05:00,9.252943992614746,7.3894548416137695,1.6183092594146729,1.429518461227417,0.04601370915770531,1.2438167333602905,1.0583840608596802,0.5568941235542297,0.2484513819217682,0.1947912573814392,7.292877197265625,7.207414627075195,6.948029041290283,1.6701096296310425,1.2470780611038208,1.0914870500564575,0.8110784292221069,0.6980344653129578,0.583106279373169,5.168635368347168,5.098303318023682,5.039693355560303,4.832830905914307,4.534294605255127,0.43180498480796814,0.27236208319664,4.047165393829346,3.8574531078338623,0.10496610403060913,0.20987708866596222,0.22035019099712372,0.12157970666885376,0.4977225959300995,0.3962043225765228,0.1011245921254158,0.07270289212465286,0.03197187930345535,0.04510962963104248,0.03936097025871277,0.10677829384803772,0.30091097950935364,0.39493024349212646,0.42625895142555237,0.5710785388946533,0.3294450640678406,0.4307851195335388,1.374497890472412,2.545788049697876,0.06500884890556335,0.10839186608791351,0.3993367850780487,0.3777441084384918,0.23312798142433167,0.10568322986364365,0.09205012768507004,0.03984292596578598,0.05618752911686897,0.05481709912419319,0.5534024834632874
2003-10-01 01:06:00,9.052186965942383,7.284107685089111,1.5431318283081055,1.3639339208602905,0.04447291046380997,1.1881126165390015,1.01559317111969,0.5374062061309814,0.23688945174217224,0.1855846792459488,7.1871161460876465,7.102309703826904,6.8492584228515625,1.4631750583648682,1.1545560359954834,1.0401169061660767,0.77074134349823,0.6598392724990845,0.5559394955635071,5.271711826324463,5.199293613433838,5.139675617218018,4.934446334838867,4.572342395782471,0.4110223054885864,0.26174402236938477,3.8658125400543213,3.3701674938201904,0.09807953983545303,0.20143848657608032,0.2131611406803131,0.11494097113609314,0.6507353186607361,0.3720598518848419,0.09601987153291702,0.07450389862060547,0.03312024846673012,0.0485571026802063,0.03944815695285797,0.10404925048351288,0.2981713116168976,0.3919210135936737,0.4220857620239258,0.5660584568977356,0.3169436454772949,0.4123537838459015,1.0643649101257324,1.8373358249664307,0.061728689819574356,0.10240589082241058,0.3938027620315552,0.3732413053512573,0.2344146966934204,0.11212685704231262,0.09917016327381134,0.04921441152691841,0.05618752911686897,0.05240802839398384,0.5538783669471741
2003-10-01 01:07:00,8.870555877685547,7.211844444274902,1.4756566286087036,1.304230809211731,0.043870195746421814,1.1387717723846436,0.9761175513267517,0.5194281339645386,0.22643829882144928,0.17791283130645752,7.137856483459473,7.062904357910156,6.824466705322266,1.301908254623413,1.1289868354797363,0.9797701835632324,0.732800304889679,0.6296306848526001,0.5319315791130066,5.383642196655273,5.234083652496338,5.167555809020996,4.931015968322754,4.331858158111572,0.39332693815231323,0.25232845544815063,3.4013757705688477,2.6494672298431396,0.09352218359708786,0.19145432114601135,0.20484775304794312,0.10888824611902237,0.7595567107200623,0.3566986620426178,0.09161732345819473,0.07624559849500656,0.034410540014505386,0.052110470831394196,0.038801632821559906,0.10043733566999435,0.2939869165420532,0.3890858292579651,0.4178050756454468,0.5579050779342651,0.30511805415153503,0.395938515663147,1.2989901304244995,1.2097678184509277,0.05906292051076889,0.09739606827497482,0.38815784454345703,0.36852407455444336,0.2353065013885498,0.11798640340566635,0.10560210049152374,0.0576898455619812,0.05618752911686897,0.05001753568649292,0.5164989829063416
2003-10-01 01:08:00,8.76516342163086,7.206768035888672,1.4119958877563477,1.2435535192489624,0.044259291142225266,1.0921180248260498,0.9390144348144531,0.5018439292907715,0.21664424240589142,0.17028114199638367,7.124553203582764,7.0543599128723145,6.827261447906494,1.225557565689087,1.1083508729934692,0.916760265827179,0.7054961323738098,0.6022400259971619,0.5098704695701599,5.494927406311035,5.415057182312012,5.258123874664307,4.684750556945801,3.799697160720825,0.3772332966327667,0.24289783835411072,2.7986574172973633,2.2910308837890625,0.0900077298283577,0.18123383820056915,0.19535459578037262,0.10338957607746124,0.7204615473747253,0.34477105736732483,0.08743138611316681,0.07871966063976288,0.0361829437315464,0.052649691700935364,0.03826924040913582,0.09707659482955933,0.28817108273506165,0.3845750391483307,0.41226905584335327,0.548686146736145,0.2922901511192322,0.3800227642059326,1.5343070030212402,1.290544033050537,0.05641648918390274,0.0928635224699974,0.38216716051101685,0.36351028084754944,0.23589825630187988,0.12357363849878311,0.11179986596107483,0.0659898966550827,0.05618752911686897,0.047600407153367996,0.48241913318634033
2003-10-01 01:09:00,8.667080879211426,7.195753574371338,1.3474531173706055,1.1896332502365112,0.04370947182178497,1.0507291555404663,0.902350902557373,0.4843645989894867,0.2072017341852188,0.16262739896774292,7.1167402267456055,7.049436092376709,6.829503059387207,1.1822987794876099,1.0697935819625854,0.8731959462165833,0.6806387901306152,0.5755882263183594,0.48888564109802246,5.495023727416992,5.331560134887695,5.075252532958984,4.283730506896973,3.229811191558838,0.36184078454971313,0.23335176706314087,2.4875106811523438,2.3357350826263428,0.08677889406681061,0.17151781916618347,0.18541191518306732,0.09842801839113235,0.6246930360794067,0.331827849149704,0.08342098444700241,0.0773988887667656,0.03932219743728638,0.050325240939855576,0.03710925206542015,0.09310109913349152,0.2799387276172638,0.37412092089653015,0.40207383036613464,0.5365490317344666,0.2784919738769531,0.36332717537879944,1.502041220664978,1.516274333000183,0.053769249469041824,0.088423952460289,0.37591099739074707,0.35820844769477844,0.2361988127231598,0.1288582682609558,0.11767297983169556,0.07398693263530731,0.05618752911686897,0.04517742991447449,0.4648590683937073
2003-10-01 01:10:00,8.57787799835205,7.158432960510254,1.2913060188293457,1.1421940326690674,0.04240912199020386,1.009783387184143,0.8659555315971375,0.4667544960975647,0.1977962702512741,0.15497300028800964,7.0786566734313965,7.016582489013672,6.759340286254883,1.0956774950027466,1.0340489149093628,0.8396028876304626,0.6523730754852295,0.5505367517471313,0.4680677354335785,5.377810478210449,5.079407691955566,4.66781759262085,3.7588531970977783,2.894298553466797,0.34659838676452637,0.22377178072929382,2.4630637168884277,2.4292759895324707,0.08350837975740433,0.16256721317768097,0.17586755752563477,0.09374984353780746,0.5713040232658386,0.31728941202163696,0.07946944236755371,0.07340539991855621,0.04303883761167526,0.047978729009628296,0.033492691814899445,0.08663466572761536,0.2698133885860443,0.35909295082092285,0.3934384882450104,0.5208980441093445,0.2645755112171173,0.34634318947792053,1.3405731916427612,1.5123125314712524,0.05108378455042839,0.08417336642742157,0.36938098073005676,0.3526064157485962,0.2362186759710312,0.13386395573616028,0.12328508496284485,0.08169830590486526,0.05618752911686897,0.042783476412296295,0.45343998074531555
2003-10-01 01:11:00,8.483685493469238,7.1231842041015625,1.239812970161438,1.097313404083252,0.040855418890714645,0.9689130187034607,0.831460177898407,0.45049694180488586,0.1887655109167099,0.1483067274093628,7.045570373535156,6.973962783813477,6.582032680511475,1.0226764678955078,1.0256531238555908,0.7989237308502197,0.6250165700912476,0.5272412896156311,0.4482787847518921,5.125051975250244,4.686325550079346,4.174560546875,3.287238597869873,2.854970693588257,0.33194831013679504,0.21516194939613342,2.464052677154541,2.319685459136963,0.08043947070837021,0.15438927710056305,0.16678906977176666,0.08930125087499619,0.5589317679405212,0.30355292558670044,0.07584031671285629,0.07048647850751877,0.0457686223089695,0.04610021784901619,0.028630761429667473,0.08539682626724243,0.2655693292617798,0.350869745016098,0.3934079706668854,0.5136635303497314,0.2514441907405853,0.32978805899620056,1.2522083520889282,1.3520883321762085,0.04875199869275093,0.08013063669204712,0.36388757824897766,0.34778183698654175,0.23567309975624084,0.13711193203926086,0.12693284451961517,0.08689826726913452,0.058657266199588776,0.04098181799054146,0.4383228123188019
2003-10-01 01:12:00,8.372807502746582,7.023689270019531,1.189917802810669,1.0541943311691284,0.039348918944597244,0.9304959774017334,0.8006309270858765,0.4359588027000427,0.18087106943130493,0.1427377313375473,6.960671424865723,6.8080153465271,6.371832370758057,0.9391328692436218,1.0215940475463867,0.7590687274932861,0.601599395275116,0.5055258274078369,0.4305756986141205,4.689220428466797,4.219396114349365,3.717590093612671,3.042907238006592,2.837737560272217,0.3189249634742737,0.20778654515743256,2.3197429180145264,2.1417369842529297,0.07775948941707611,0.14712272584438324,0.1583048701286316,0.08525197952985764,0.5487975478172302,0.2922400236129761,0.07269199192523956,0.06764458119869232,0.04624982550740242,0.044369105249643326,0.021729404106736183,0.08854053169488907,0.2640199661254883,0.34606003761291504,0.3850160241127014,0.5044158101081848,0.23948371410369873,0.3143170177936554,1.236310601234436,1.2712035179138184,0.046861737966537476,0.07668613642454147,0.35795074701309204,0.34245818853378296,0.23451843857765198,0.1396440863609314,0.12989050149917603,0.09136617183685303,0.06426920741796494,0.039324503391981125,0.42030084133148193
2003-10-01 01:13:00,8.223776817321777,6.851742267608643,1.1419174671173096,1.013859748840332,0.03785775229334831,0.8955063223838806,0.7720825672149658,0.4217044413089752,0.17370158433914185,0.13720254600048065,6.733940601348877,6.471641540527344,5.870604991912842,0.8876928687095642,1.016687273979187,0.7220343351364136,0.580446720123291,0.48519590497016907,0.41430020332336426,4.228659629821777,3.767742395401001,3.3908584117889404,2.9256863594055176,2.689581871032715,0.30699920654296875,0.2004772573709488,2.158517837524414,2.0524864196777344,0.0751396045088768,0.14065293967723846,0.15069538354873657,0.08156290650367737,0.5284746885299683,0.28187257051467896,0.06971024721860886,0.06486072391271591,0.04691798985004425,0.0426405668258667,0.016906753182411194,0.08990420401096344,0.260653018951416,0.339307576417923,0.37528032064437866,0.4922121465206146,0.22841620445251465,0.29993289709091187,1.2128173112869263,1.2653037309646606,0.04499658942222595,0.07355691492557526,0.3522680997848511,0.33745333552360535,0.23321601748466492,0.14203813672065735,0.13235247135162354,0.09540297091007233,0.06947331875562668,0.03768916428089142,0.40307173132896423
2003-10-01 01:14:00,7.900040149688721,6.432621002197266,1.0930688381195068,0.9781646132469177,0.036382559686899185,0.8625303506851196,0.7442379593849182,0.40755945444107056,0.16679280996322632,0.13163399696350098,6.35131311416626,6.011192798614502,5.3537726402282715,0.882958710193634,0.9789355993270874,0.6901729106903076,0.5599954724311829,0.4661247432231903,0.3985775411128998,3.7778382301330566,3.428873062133789,3.1735408306121826,2.800269365310669,2.5395171642303467,0.2953868806362152,0.1931265890598297,2.068429470062256,2.0211949348449707,0.07245733588933945,0.13480687141418457,0.1438007801771164,0.07815883308649063,0.506584882736206,0.27148666977882385,0.06684374064207077,0.06204734370112419,0.04767737537622452,0.0417923629283905,0.013768319971859455,0.08934803307056427,0.25646504759788513,0.33194053173065186,0.3643559217453003,0.47820812463760376,0.21807919442653656,0.2864395081996918,1.1690341234207153,1.2415658235549927,0.04311051592230797,0.07055098563432693,0.3491359055042267,0.33537182211875916,0.2319832146167755,0.14460928738117218,0.1333179920911789,0.09788859635591507,0.07311908900737762,0.036047592759132385,0.3874432146549225
2003-10-01 01:15:00,7.455537796020508,5.9616193771362305,1.0498722791671753,0.9444049596786499,0.03491748869419098,0.8301236033439636,0.7167099714279175,0.39341652393341064,0.16001304984092712,0.12607011198997498,5.869444370269775,5.473304748535156,4.814223289489746,0.9116062521934509,0.9045447707176208,0.6662277579307556,0.538316547870636,0.44793590903282166,0.3830675184726715,3.416252851486206,3.206794261932373,2.994028329849243,2.66536808013916,2.436420440673828,0.2840797007083893,0.18572816252708435,2.027961015701294,1.972240924835205,0.06971433013677597,0.12925966084003448,0.13758280873298645,0.07491502910852432,0.4871029257774353,0.26094773411750793,0.0640212669968605,0.059239648282527924,0.04836639389395714,0.04263240471482277,0.011540673673152924,0.08779681473970413,0.25291508436203003,0.3249705135822296,0.35488012433052063,0.46427589654922485,0.20840339362621307,0.27357837557792664,1.125846028327942,1.1923534870147705,0.04122168943285942,0.06753666698932648,0.35087549686431885,0.33757370710372925,0.23844997584819794,0.15464791655540466,0.13392239809036255,0.09997685998678207,0.07632944732904434,0.0343797393143177,0.3726470470428467
2003-10-01 01:16:00,6.960381984710693,5.465250492095947,1.0087453126907349,0.9113290309906006,0.033538881689310074,0.7984997630119324,0.6902583241462708,0.3805336654186249,0.1534840613603592,0.12118573486804962,5.380959987640381,4.977101802825928,4.362570762634277,0.8634055256843567,0.8354582190513611,0.6491830348968506,0.515065610408783,0.43102771043777466,0.36840444803237915,3.2471764087677,3.016568660736084,2.8358376026153564,2.5569908618927,2.3637423515319824,0.2733074724674225,0.17910408973693848,1.9821048974990845,1.9042832851409912,0.06717200577259064,0.12394795566797256,0.1318347305059433,0.07173722237348557,0.46850207448005676,0.2511753439903259,0.06141399219632149,0.05718497186899185,0.04900476336479187,0.04591956362128258,0.010502887889742851,0.08350668102502823,0.2500569224357605,0.3194507956504822,0.3447134494781494,0.45066747069358826,0.19971930980682373,0.2617471516132355,1.08906090259552,1.1471781730651855,0.03957265615463257,0.06475255638360977,0.3511374294757843,0.3382840156555176,0.2362566888332367,0.15544584393501282,0.13294781744480133,0.10027144849300385,0.07751020789146423,0.033170200884342194,0.35825034976005554
2003-10-01 01:17:00,6.4345383644104,5.01206111907959,0.9730042815208435,0.8783394694328308,0.03234134241938591,0.7688095569610596,0.6667177677154541,0.36902302503585815,0.14773964881896973,0.11705712229013443,4.933042049407959,4.574779510498047,4.0805206298828125,0.8406144380569458,0.7928574085235596,0.6297092437744141,0.4931084215641022,0.41609081625938416,0.3550567030906677,3.0792601108551025,2.844785690307617,2.714236259460449,2.4777913093566895,2.2960407733917236,0.2635156214237213,0.1734437644481659,1.9194444417953491,1.8445658683776855,0.06497341394424438,0.11914021521806717,0.12643584609031677,0.06886443495750427,0.450592964887619,0.24293377995491028,0.05915340036153793,0.055189602077007294,0.049955226480960846,0.0466742180287838,0.012199930846691132,0.07902810722589493,0.24471145868301392,0.3120138347148895,0.3367224633693695,0.4387369453907013,0.191862091422081,0.2510852813720703,1.0536755323410034,1.1111606359481812,0.03819717839360237,0.062302447855472565,0.3497708737850189,0.33749324083328247,0.22989033162593842,0.15174151957035065,0.1320607215166092,0.10051626712083817,0.07855644822120667,0.031992457807064056,0.34482547640800476
2003-10-01 01:18:00,6.023386478424072,4.651362895965576,0.9365057945251465,0.8470539450645447,0.03120172582566738,0.7420421838760376,0.6450400352478027,0.3576709032058716,0.14246554672718048,0.11297557502985,4.582797527313232,4.282752513885498,3.859929323196411,0.8262054920196533,0.7570231556892395,0.6088574528694153,0.474045068025589,0.4021667242050171,0.34257158637046814,2.9155519008636475,2.722820520401001,2.6220197677612305,2.4067373275756836,2.225008487701416,0.25450021028518677,0.16779817640781403,1.8577704429626465,1.794338345527649,0.06286047399044037,0.11475427448749542,0.1214134469628334,0.06623867899179459,0.4339684247970581,0.23502740263938904,0.05702205374836922,0.05384701490402222,0.0508907213807106,0.04645123332738876,0.013729643076658249,0.07492075115442276,0.23877443373203278,0.30434364080429077,0.32819709181785583,0.4273740351200104,0.1844273805618286,0.24125996232032776,1.0195543766021729,1.0756548643112183,0.036850616335868835,0.06007405370473862,0.3458351492881775,0.33406975865364075,0.22024132311344147,0.14506833255290985,0.1311570256948471,0.10075313597917557,0.07959981262683868,0.030824171379208565,0.33253949880599976
2003-10-01 01:19:00,5.6631622314453125,4.370476722717285,0.9038755297660828,0.8178948163986206,0.030121300369501114,0.7174637317657471,0.6237798929214478,0.3463984727859497,0.13738445937633514,0.10889855027198792,4.305018901824951,4.052247524261475,3.685638904571533,0.7976884841918945,0.7277339696884155,0.5880893468856812,0.4570466876029968,0.38863110542297363,0.33067092299461365,2.7889437675476074,2.633183717727661,2.5398306846618652,2.334826946258545,2.157217502593994,0.24581745266914368,0.16211222112178802,1.803442358970642,1.7427210807800293,0.0607491172850132,0.11056447774171829,0.116841621696949,0.06381253898143768,0.41827961802482605,0.2270546853542328,0.05495012551546097,0.054112937301397324,0.05159991607069969,0.04498614743351936,0.014474439434707165,0.07305090129375458,0.23394842445850372,0.29909834265708923,0.32054242491722107,0.41617923974990845,0.1774551123380661,0.23200950026512146,0.9875662326812744,1.0399982929229736,0.03549157455563545,0.05795235186815262,0.33811864256858826,0.32709622383117676,0.20865337550640106,0.13605614006519318,0.1302461326122284,0.1009887084364891,0.08063209056854248,0.029687047004699707,0.3211689889431
2003-10-01 01:20:00,5.360531330108643,4.143638610839844,0.8740389347076416,0.7901961803436279,0.029072018340229988,0.6938651204109192,0.6026734709739685,0.3351905941963196,0.1324291080236435,0.10479295998811722,4.081696033477783,3.8620662689208984,3.545306444168091,0.768815279006958,0.7015470266342163,0.5675914883613586,0.44104400277137756,0.3752909302711487,0.31898966431617737,2.689316749572754,2.5533597469329834,2.460124969482422,2.2637293338775635,2.092167854309082,0.23727509379386902,0.15641376376152039,1.7502065896987915,1.6849000453948975,0.05862300097942352,0.10656066983938217,0.11255283653736115,0.061521016061306,0.40352389216423035,0.21899904310703278,0.052905309945344925,0.05700060352683067,0.05237314850091934,0.04172690585255623,0.014711018651723862,0.07003702968358994,0.22664479911327362,0.29445880651474,0.314853310585022,0.4063906967639923,0.17082342505455017,0.22328202426433563,0.9573637247085571,1.0062000751495361,0.03413489833474159,0.055856406688690186,0.3199523687362671,0.3094882667064667,0.19921191036701202,0.12931954860687256,0.1292756199836731,0.1012481078505516,0.08166832476854324,0.02854333259165287,0.31024742126464844
2003-10-01 01:21:00,5.103620529174805,3.954627275466919,0.8455542922019958,0.7634238600730896,0.028080228716135025,0.6707462668418884,0.5823588371276855,0.3248501121997833,0.12762032449245453,0.1011190190911293,3.895780563354492,3.7068920135498047,3.4250800609588623,0.7417231798171997,0.6769494414329529,0.5480766296386719,0.4257219731807709,0.3623090982437134,0.3078966736793518,2.600504159927368,2.4743282794952393,2.3835716247558594,2.194455862045288,2.0278868675231934,0.22900390625,0.15120919048786163,1.691601037979126,1.6189296245574951,0.05664738267660141,0.10277895629405975,0.10845749080181122,0.059353169053792953,0.38977259397506714,0.21146073937416077,0.05095565319061279,0.0563368946313858,0.0531114861369133,0.0386546291410923,0.014652254991233349,0.06615709513425827,0.22109179198741913,0.28808894753456116,0.3087877035140991,0.39752766489982605,0.16458097100257874,0.21505595743656158,0.9298296570777893,0.9745315313339233,0.032911401242017746,0.053842514753341675,0.2935633063316345,0.283124178647995,0.19648002088069916,0.12881749868392944,0.12872149050235748,0.10134706646203995,0.08244428038597107,0.02763976715505123,0.2995302677154541
2003-10-01 01:22:00,4.899855613708496,3.795689105987549,0.8176865577697754,0.7378429770469666,0.027173468843102455,0.6489288806915283,0.5638062953948975,0.31550338864326477,0.12323109805583954,0.09793534129858017,3.7408220767974854,3.5729684829711914,3.3141326904296875,0.7162743210792542,0.654198944568634,0.5296549797058105,0.41129425168037415,0.3502153754234314,0.2977094054222107,2.5186612606048584,2.3972432613372803,2.310718297958374,2.126072645187378,1.9609858989715576,0.22148364782333374,0.14668777585029602,1.627112865447998,1.5567892789840698,0.05490655079483986,0.09930222481489182,0.10460367798805237,0.05730113014578819,0.3765304684638977,0.20493678748607635,0.049241822212934494,0.05297126621007919,0.05566521733999252,0.033083945512771606,0.014442907646298409,0.03121218830347061,0.22291213274002075,0.28564736247062683,0.3032142221927643,0.38886019587516785,0.15883532166481018,0.2073899358510971,0.9036445617675781,0.9482945799827576,0.03185752034187317,0.05202115699648857,0.28316447138786316,0.2727733850479126,0.19655433297157288,0.13118530809879303,0.1279536783695221,0.10155098885297775,0.0832141861319542,0.026688437908887863,0.28936898708343506
2003-10-01 01:23:00,4.696401119232178,3.659963607788086,0.790807843208313,0.713776707649231,0.026316575706005096,0.6284952759742737,0.5465757250785828,0.3062974512577057,0.11921562254428864,0.09479046612977982,3.6050233840942383,3.449474334716797,3.2095181941986084,0.6922041177749634,0.6326097846031189,0.5120442509651184,0.39776599407196045,0.33884525299072266,0.2881726920604706,2.440823793411255,2.3232967853546143,2.239065170288086,2.0551135540008545,1.8909828662872314,0.21453708410263062,0.14220012724399567,1.567808985710144,1.5107817649841309,0.053205009549856186,0.09597371518611908,0.10103520005941391,0.055359210819005966,0.3641759157180786,0.19864830374717712,0.04761788621544838,0.04980454966425896,0.05479735881090164,0.02749638818204403,0.01413918286561966,0.054353367537260056,0.22349417209625244,0.2831518352031708,0.30065351724624634,0.38233453035354614,0.1533505618572235,0.20022566616535187,0.8780777454376221,0.9238964915275574,0.030830202624201775,0.05028067156672478,0.27975282073020935,0.2697700262069702,0.19624069333076477,0.13290749490261078,0.1267435997724533,0.101065494120121,0.08324534446001053,0.025931334123015404,0.2798827886581421
2003-10-01 01:24:00,4.503866672515869,3.536130905151367,0.7684768438339233,0.6904788017272949,0.02550705522298813,0.6093741059303284,0.5299707651138306,0.29722860455513,0.11536850035190582,0.09166353195905685,3.4801130294799805,3.336486339569092,3.1099650859832764,0.6694933176040649,0.6118842363357544,0.49536216259002686,0.3850173354148865,0.32804906368255615,0.27906450629234314,2.3655550479888916,2.2506566047668457,2.165846109390259,1.9842702150344849,1.8274754285812378,0.20779232680797577,0.13772065937519073,1.52047598361969,1.473250150680542,0.05152789503335953,0.09282327443361282,0.09765995293855667,0.05353497341275215,0.3528883457183838,0.19241952896118164,0.0460444875061512,0.047627005726099014,0.05479744076728821,0.024344012141227722,0.013777678832411766,0.037147898226976395,0.22032473981380463,0.2787173390388489,0.2967475950717926,0.376478910446167,0.14814986288547516,0.19341979920864105,0.8554683327674866,0.8985844850540161,0.029805153608322144,0.04867645353078842,0.27594783902168274,0.26625481247901917,0.1946592926979065,0.13345862925052643,0.12243443727493286,0.09770258516073227,0.08045194298028946,0.025037435814738274,0.2709241211414337
2003-10-01 01:25:00,4.348423957824707,3.4191486835479736,0.7539339065551758,0.6675466895103455,0.02470569685101509,0.5912224650382996,0.5134932398796082,0.2882271409034729,0.11154258996248245,0.08851300179958344,3.366151809692383,3.2284109592437744,3.0123932361602783,0.6476731896400452,0.591886579990387,0.4794001579284668,0.3726740777492523,0.31761667132377625,0.2700952887535095,2.291745662689209,2.1773219108581543,2.0929577350616455,1.9186352491378784,1.7719038724899292,0.20116113126277924,0.13321757316589355,1.481097936630249,1.4354966878890991,0.04984666779637337,0.08978313207626343,0.09441407769918442,0.05179516226053238,0.34203699231147766,0.186128169298172,0.04448958858847618,0.04575881361961365,0.05479744076728821,0.02245192788541317,0.013382147066295147,0.045279454439878464,0.21568194031715393,0.2727924585342407,0.2910570800304413,0.36942774057388306,0.14303195476531982,0.18682770431041718,0.8346269726753235,0.8750099539756775,0.028771208599209785,0.04707840085029602,0.2705174386501312,0.26121801137924194,0.19173972308635712,0.13260109722614288,0.11816687136888504,0.0943235531449318,0.07767223566770554,0.024160824716091156,0.2622644901275635
2003-10-01 01:26:00,4.208140850067139,3.3077054023742676,0.7317920327186584,0.644348680973053,0.023607084527611732,0.5728006958961487,0.49583348631858826,0.2777155935764313,0.10744120180606842,0.08447625488042831,3.255598545074463,3.1229605674743652,2.9142746925354004,0.6258843541145325,0.5711698532104492,0.4627385139465332,0.3600413501262665,0.3068723976612091,0.2601678967475891,2.215681552886963,2.1043012142181396,2.023571252822876,1.8589942455291748,1.7208281755447388,0.1939009130001068,0.12782856822013855,1.4428389072418213,1.3944438695907593,0.04783817380666733,0.08606480807065964,0.09108615666627884,0.05003559589385986,0.3306524455547333,0.17876306176185608,0.042697783559560776,0.042897749692201614,0.05479744076728821,0.02141684480011463,0.012895448133349419,0.03828222304582596,0.20556411147117615,0.26805877685546875,0.28472888469696045,0.3608356714248657,0.1445772647857666,0.17629528045654297,0.8124256134033203,0.8515161871910095,0.027400532737374306,0.04518114775419235,0.2626608610153198,0.2540760636329651,0.1870073676109314,0.13107530772686005,0.11126741021871567,0.08870848268270493,0.07322771102190018,0.022554796189069748,0.25350844860076904
2003-10-01 01:27:00,4.073184967041016,3.1966140270233154,0.7047563195228577,0.6207290291786194,0.021970832720398903,0.5517429113388062,0.47471439838409424,0.26538175344467163,0.10242947190999985,0.07946519553661346,3.148082733154297,3.0158822536468506,2.8125956058502197,0.6023075580596924,0.547408938407898,0.44418787956237793,0.3462245762348175,0.2945615351200104,0.24839019775390625,2.142486333847046,2.0338683128356934,1.9583683013916016,1.8019928932189941,1.6697105169296265,0.18534471094608307,0.12123222649097443,1.401084542274475,1.3495032787322998,0.04581405967473984,0.08188481628894806,0.08756015449762344,0.0479218065738678,0.31845328211784363,0.16968558728694916,0.040464431047439575,0.037870656698942184,0.05479744076728821,0.022709650918841362,0.012245366349816322,0.03370041027665138,0.18499639630317688,0.26340189576148987,0.2799409031867981,0.35210153460502625,0.14005902409553528,0.1683066189289093,0.7874577045440674,0.8258385062217712,0.025577202439308167,0.0425785556435585,0.25236067175865173,0.24444478750228882,0.18107759952545166,0.12772244215011597,0.10547476261854172,0.0844276174902916,0.07023350149393082,0.02258792705833912,0.24378511309623718
2003-10-01 01:28:00,3.936215400695801,3.0850727558135986,0.6757355332374573,0.5951980352401733,0.020014721900224686,0.5274409055709839,0.4511193633079529,0.2525479793548584,0.09673568606376648,0.07432492822408676,3.0385024547576904,2.9069623947143555,2.7115113735198975,0.5769665241241455,0.5213916897773743,0.4244861602783203,0.33102744817733765,0.2808910310268402,0.23549515008926392,2.07083797454834,1.9674111604690552,1.8956795930862427,1.7449146509170532,1.6160576343536377,0.17596197128295898,0.11455433815717697,1.3549269437789917,1.3002746105194092,0.04409308359026909,0.07722365111112595,0.08349893242120743,0.04540073126554489,0.305448979139328,0.16013000905513763,0.03802276402711868,0.03301648795604706,0.05479744076728821,0.02309505082666874,0.01149933785200119,0.032117679715156555,0.16674815118312836,0.2506478726863861,0.2709605097770691,0.34228014945983887,0.13522188365459442,0.16229631006717682,0.7611795663833618,0.7974181175231934,0.023685606196522713,0.03958408161997795,0.24053773283958435,0.23334729671478271,0.1741207242012024,0.12137944996356964,0.10291815549135208,0.08320868760347366,0.07030338793992996,0.02561180479824543,0.23281146585941315
2003-10-01 01:29:00,3.7910940647125244,2.9723193645477295,0.6443977952003479,0.5666841864585876,0.017959821969270706,0.5003436803817749,0.42650336027145386,0.2397250235080719,0.09073235839605331,0.0691915899515152,2.928385019302368,2.7980446815490723,2.6105313301086426,0.5493758916854858,0.49407902359962463,0.4038245677947998,0.31444790959358215,0.2660315930843353,0.2219816893339157,2.0012435913085938,1.9032001495361328,1.8323860168457031,1.685133934020996,1.5589154958724976,0.1661555916070938,0.10789532214403152,1.3045430183410645,1.248172402381897,0.04197770729660988,0.0726969838142395,0.07927107065916061,0.042567502707242966,0.291051983833313,0.15040911734104156,0.0354277640581131,0.029272042214870453,0.05370428040623665,0.022747458890080452,0.010697443969547749,0.03151334077119827,0.15365691483020782,0.23383091390132904,0.2562562823295593,0.32797157764434814,0.1300383061170578,0.15177638828754425,0.7317699790000916,0.7675586342811584,0.021839167922735214,0.03637722134590149,0.2339225560426712,0.22752100229263306,0.17439574003219604,0.10896331071853638,0.10012359917163849,0.08174701780080795,0.07005918025970459,0.02832784317433834,0.22100406885147095
2003-10-01 01:30:00,3.6404824256896973,2.860394239425659,0.6101250648498535,0.5357868075370789,0.015688518062233925,0.4722772240638733,0.4017062187194824,0.22689665853977203,0.08467645943164825,0.06411919742822647,2.818317174911499,2.6893296241760254,2.5096805095672607,0.5205129981040955,0.4659104347229004,0.3818027079105377,0.2967880666255951,0.25071224570274353,0.2083217203617096,1.9330328702926636,1.8381307125091553,1.7673766613006592,1.622607946395874,1.4997518062591553,0.1562308967113495,0.10128770023584366,1.2518385648727417,1.1970804929733276,0.0396232083439827,0.06806299835443497,0.07492569833993912,0.039468325674533844,0.2748836278915405,0.14069496095180511,0.03285114839673042,0.026507794857025146,0.0506628192961216,0.021955415606498718,0.00985911674797535,0.030323047190904617,0.1431574523448944,0.2160598635673523,0.23860345780849457,0.30939528346061707,0.1251436173915863,0.14334304630756378,0.6969221234321594,0.7342379689216614,0.02000713162124157,0.03301896154880524,0.22248822450637817,0.21670472621917725,0.16354353725910187,0.09959026426076889,0.09650062769651413,0.0796080157160759,0.06901957094669342,0.030248697847127914,0.208612322807312
2003-10-01 01:31:00,3.49668025970459,2.748267889022827,0.5753254294395447,0.5045246481895447,0.013675401918590069,0.4443732798099518,0.3778320550918579,0.21557986736297607,0.07876323908567429,0.059825774282217026,2.708789825439453,2.5821304321289062,2.4104249477386475,0.4913901090621948,0.43766558170318604,0.35985004901885986,0.2792208790779114,0.2355956882238388,0.19534826278686523,1.863823652267456,1.7715681791305542,1.7007595300674438,1.5582220554351807,1.4388717412948608,0.14669178426265717,0.09552063792943954,1.1975867748260498,1.1370937824249268,0.03737454488873482,0.06355863064527512,0.0704025849699974,0.036310311406850815,0.25787943601608276,0.13214907050132751,0.03048841282725334,0.024605968967080116,0.048456717282533646,0.020963720977306366,0.009070738218724728,0.028763653710484505,0.1342976838350296,0.19889195263385773,0.22050167620182037,0.28911930322647095,0.11057750880718231,0.13326889276504517,0.6578214168548584,0.6948100924491882,0.018474005162715912,0.029973551630973816,0.20523253083229065,0.20001162588596344,0.15063345432281494,0.09475920349359512,0.09273209422826767,0.07667233049869537,0.06688600778579712,0.03012799099087715,0.19616098701953888
2003-10-01 01:32:00,3.353910207748413,2.6397063732147217,0.5416484475135803,0.4742565453052521,0.012096886523067951,0.41875261068344116,0.3572137951850891,0.20593246817588806,0.0737142339348793,0.05648943409323692,2.6018404960632324,2.476830244064331,2.3112614154815674,0.46255677938461304,0.4118821918964386,0.33946314454078674,0.2628653049468994,0.2218807190656662,0.1840880811214447,1.7966822385787964,1.704485535621643,1.6337541341781616,1.4938229322433472,1.3767309188842773,0.13834694027900696,0.09094873070716858,1.13771390914917,1.071213722229004,0.035421181470155716,0.05966341868042946,0.06611942499876022,0.0334647037088871,0.24165752530097961,0.12522351741790771,0.028540771454572678,0.0234866701066494,0.046311698853969574,0.0199655219912529,0.008388208225369453,0.027217071503400803,0.1271148920059204,0.18384087085723877,0.20362459123134613,0.2693432867527008,0.1072394996881485,0.12521545588970184,0.6182675957679749,0.6544118523597717,0.01735694147646427,0.02754914201796055,0.19185057282447815,0.18696345388889313,0.1407654732465744,0.09101207554340363,0.08709114789962769,0.07186512649059296,0.06269428879022598,0.027850208804011345,0.18455854058265686
2003-10-01 01:33:00,3.2281930446624756,2.5325870513916016,0.509725034236908,0.44643154740333557,0.01068898569792509,0.3958842158317566,0.338827520608902,0.1967114508152008,0.06924936920404434,0.05332570895552635,2.497230291366577,2.3743505477905273,2.215841054916382,0.435894250869751,0.3878558874130249,0.3200480341911316,0.247562438249588,0.20935387909412384,0.1738833487033844,1.7294576168060303,1.6369291543960571,1.5664520263671875,1.4277267456054688,1.309949517250061,0.13091246783733368,0.08649947494268417,1.073523998260498,1.007787823677063,0.03359849378466606,0.05608920380473137,0.06205247715115547,0.030892033129930496,0.2263990193605423,0.11883218586444855,0.02678314596414566,0.022637899965047836,0.044180724769830704,0.01896517165005207,0.007777274586260319,0.02553858980536461,0.12058621644973755,0.17031033337116241,0.18844804167747498,0.25087276101112366,0.06439804285764694,0.11850211769342422,0.5793735980987549,0.6151418089866638,0.016300655901432037,0.02549254521727562,0.18331746757030487,0.17553143203258514,0.13225777447223663,0.08492356538772583,0.08083033561706543,0.06655733287334442,0.058098070323467255,0.013949036598205566,0.1742277294397354
2003-10-01 01:34:00,3.090156078338623,2.429051637649536,0.4798722267150879,0.4210902154445648,0.009501989930868149,0.3752288222312927,0.32161471247673035,0.18758317828178406,0.06511327624320984,0.05014045536518097,2.3943424224853516,2.274005174636841,2.1214206218719482,0.410726398229599,0.36489003896713257,0.30168086290359497,0.2334994673728943,0.19787250459194183,0.16436049342155457,1.6617426872253418,1.5689983367919922,1.4979215860366821,1.3576725721359253,1.2408957481384277,0.12392737716436386,0.08204934000968933,1.0108569860458374,0.9505543112754822,0.03182213753461838,0.0527176670730114,0.05848277360200882,0.028578218072652817,0.21258307993412018,0.11257871985435486,0.02510857582092285,0.02250307984650135,0.04203812777996063,0.01797718182206154,0.007207948714494705,0.023782802745699883,0.11420193314552307,0.15797893702983856,0.17463359236717224,0.2337801605463028,0.1026882752776146,0.11057158559560776,0.5427219867706299,0.5770978331565857,0.015238950029015541,0.023621801286935806,0.178097203373909,0.16486094892024994,0.12427975237369537,0.08059211820363998,0.0785042941570282,0.06508217751979828,0.05707481876015663,0.014954842627048492,0.16464002430438995
2003-10-01 01:35:00,2.9586880207061768,2.3261120319366455,0.4524103105068207,0.39796286821365356,0.008453179150819778,0.35595300793647766,0.30472564697265625,0.17853790521621704,0.06114920228719711,0.04693899303674698,2.2935054302215576,2.174295425415039,2.028294324874878,0.3865962624549866,0.3431133031845093,0.2844536006450653,0.22038495540618896,0.18703342974185944,0.15516671538352966,1.5941277742385864,1.499807596206665,1.4266326427459717,1.2860597372055054,1.1737213134765625,0.11714789271354675,0.07758796960115433,0.9532480835914612,0.898831844329834,0.030102767050266266,0.04950949549674988,0.05504917725920677,0.026317404583096504,0.20010238885879517,0.10641741007566452,0.02347489818930626,0.021636618301272392,0.039899151772260666,0.016993360593914986,0.006672664079815149,0.02193579263985157,0.10813684016466141,0.14804230630397797,0.1627858430147171,0.2182629406452179,0.09852771461009979,0.10429152101278305,0.5087509751319885,0.5410944819450378,0.014172825962305069,0.02177060954272747,0.17557401955127716,0.15539073944091797,0.11776936054229736,0.0776614099740982,0.07559642940759659,0.06280234456062317,0.05415238067507744,0.010121897794306278,0.1555871069431305
2003-10-01 01:36:00,2.8275253772735596,2.2267394065856934,0.4275975227355957,0.37663182616233826,0.007523610256612301,0.3373166024684906,0.28858256340026855,0.17038394510746002,0.05738808959722519,0.04418136924505234,2.193960666656494,2.0765156745910645,1.9353632926940918,0.3640251159667969,0.3228677213191986,0.26866334676742554,0.20825740694999695,0.1768469214439392,0.14655227959156036,1.5234591960906982,1.4286302328109741,1.3537695407867432,1.216447353363037,1.110508918762207,0.11074430495500565,0.07362037897109985,0.901248037815094,0.8520462512969971,0.028519688174128532,0.046527449041604996,0.05179824307560921,0.024362284690141678,0.18861393630504608,0.10077374428510666,0.02192681096494198,0.020568087697029114,0.038291942328214645,0.01606113649904728,0.006178268697112799,0.020285245031118393,0.10219065845012665,0.13911375403404236,0.15260432660579681,0.2047528773546219,0.0920746698975563,0.0974365621805191,0.4779970645904541,0.5076952576637268,0.013267754577100277,0.020123248919844627,0.17243139445781708,0.14788880944252014,0.1123848631978035,0.07536229491233826,0.07448556274175644,0.06230989471077919,0.04531783610582352,0.00745353102684021,0.14695124328136444
2003-10-01 01:37:00,2.706289291381836,2.128056287765503,0.40462419390678406,0.3565938174724579,0.006754924077540636,0.3199928402900696,0.2743270993232727,0.16336722671985626,0.054082900285720825,0.04195323586463928,2.0957300662994385,1.9803725481033325,1.8419344425201416,0.3430781662464142,0.30480095744132996,0.2543444335460663,0.19702254235744476,0.16749121248722076,0.1389516144990921,1.45269775390625,1.3565753698349,1.282457709312439,1.151616096496582,1.0519189834594727,0.10506585985422134,0.0703858733177185,0.8543941974639893,0.8081585764884949,0.02713073417544365,0.04389490932226181,0.04877695441246033,0.022594531998038292,0.17818064987659454,0.09599281847476959,0.020646298304200172,0.019511381164193153,0.0372513122856617,0.015201748348772526,0.005752295255661011,0.018968740478157997,0.09686986356973648,0.1311856359243393,0.14367827773094177,0.19292503595352173,0.07316035777330399,0.09180755168199539,0.45090213418006897,0.47746244072914124,0.012537739239633083,0.018731437623500824,0.16812576353549957,0.14175574481487274,0.10815642029047012,0.07404273003339767,0.0722464919090271,0.05755506083369255,0.034602805972099304,0.007612500339746475,0.13904909789562225
2003-10-01 01:38:00,2.570375680923462,2.0314552783966064,0.3831830620765686,0.33799731731414795,0.006075090263038874,0.304241806268692,0.26151785254478455,0.1566704958677292,0.051138486713171005,0.03981968015432358,1.9994105100631714,1.8849570751190186,1.7507864236831665,0.324043333530426,0.28839346766471863,0.24105870723724365,0.18664659559726715,0.158961221575737,0.13200370967388153,1.3818297386169434,1.2857496738433838,1.215213656425476,1.0911064147949219,0.9968728423118591,0.09996143728494644,0.06725036352872849,0.81108558177948,0.7669546008110046,0.025846319273114204,0.04152172803878784,0.04594931751489639,0.021019108593463898,0.16870088875293732,0.09156004339456558,0.019484316930174828,0.018482446670532227,0.036652736365795135,0.01442299410700798,0.005375076550990343,0.017864825204014778,0.092369444668293,0.12405367195606232,0.13564246892929077,0.18242612481117249,0.056125931441783905,0.08836033940315247,0.4265570640563965,0.4506698250770569,0.011852817609906197,0.017520759254693985,0.16313479840755463,0.13636615872383118,0.10444094985723495,0.0716695562005043,0.06809087097644806,0.046162959188222885,0.0297223050147295,0.008853713981807232,0.13177429139614105
2003-10-01 01:39:00,2.445784330368042,1.9369704723358154,0.36334097385406494,0.3210422992706299,0.005513353738933802,0.2897888422012329,0.24954070150852203,0.15007749199867249,0.0484427809715271,0.037698350846767426,1.9034641981124878,1.7918004989624023,1.6624908447265625,0.3066065013408661,0.27310410141944885,0.22860150039196014,0.17704346776008606,0.15113729238510132,0.12545886635780334,1.3130804300308228,1.218618392944336,1.1524163484573364,1.0354974269866943,0.9474722743034363,0.09508702158927917,0.06412260979413986,0.7704500555992126,0.7289698719978333,0.024599570780992508,0.039293449372053146,0.043518099933862686,0.01961592026054859,0.15979275107383728,0.08725099265575409,0.018386678770184517,0.017470382153987885,0.0362381748855114,0.013689166866242886,0.005023173987865448,0.016866978257894516,0.08852803707122803,0.11777565628290176,0.1284351795911789,0.17282706499099731,0.06853418797254562,0.08221831172704697,0.4043421447277069,0.42660582065582275,0.011173705570399761,0.016437163576483727,0.15776045620441437,0.13047528266906738,0.09993194043636322,0.06615898758172989,0.06012294068932533,0.03871891647577286,0.030156005173921585,0.009482578374445438,0.1250709742307663
2003-10-01 01:40:00,2.329651117324829,1.8419510126113892,0.3448946177959442,0.305255264043808,0.004973638337105513,0.27639034390449524,0.23794515430927277,0.14346228539943695,0.04580240324139595,0.03557853400707245,1.8103035688400269,1.7018725872039795,1.5782748460769653,0.29040220379829407,0.2585522532463074,0.2168668806552887,0.16815298795700073,0.14368879795074463,0.11914443224668503,1.246469259262085,1.155979871749878,1.0942074060440063,0.983854353427887,0.9008302092552185,0.0904598981142044,0.06099241226911545,0.7324225902557373,0.6933547854423523,0.023396853357553482,0.03718429431319237,0.04111297428607941,0.018352044746279716,0.15134862065315247,0.08297616243362427,0.017340965569019318,0.01646558754146099,0.035969097167253494,0.012982949614524841,0.004691464826464653,0.015870317816734314,0.08515941351652145,0.11217863112688065,0.12199164181947708,0.16404509544372559,0.03831982612609863,0.07886859774589539,0.3836440145969391,0.4043702185153961,0.01049025822430849,0.015400240197777748,0.1518474966287613,0.12276002764701843,0.09353400766849518,0.058478325605392456,0.05278791859745979,0.03594189137220383,0.03134527429938316,0.00901178177446127,0.1187741607427597
2003-10-01 01:41:00,2.2268309593200684,1.7521387338638306,0.3280864357948303,0.2905885577201843,0.004499528557062149,0.2635919153690338,0.22667309641838074,0.13748830556869507,0.043302010744810104,0.033709511160850525,1.7211740016937256,1.614805817604065,1.4965986013412476,0.2750009000301361,0.24497835338115692,0.2059711366891861,0.15980657935142517,0.1367167979478836,0.11325080692768097,1.1818749904632568,1.0982917547225952,1.0401078462600708,0.9360685348510742,0.8576520085334778,0.08600309491157532,0.058169446885585785,0.6967554688453674,0.6596956253051758,0.022278832271695137,0.03518184274435043,0.038990505039691925,0.01722612977027893,0.14359620213508606,0.0791071355342865,0.016381127759814262,0.01550512108951807,0.035052552819252014,0.012319471687078476,0.004386638756841421,0.014884352684020996,0.08192487806081772,0.1071605235338211,0.11625241488218307,0.15621048212051392,0.06564490497112274,0.07370777428150177,0.3644198179244995,0.3836480975151062,0.00989935826510191,0.014432360418140888,0.14509913325309753,0.11411959677934647,0.08612235635519028,0.051810987293720245,0.048268873244524,0.03534828498959541,0.031030569225549698,0.008113617077469826,0.11283749341964722
2003-10-01 01:42:00,2.122359275817871,1.664266586303711,0.3120916485786438,0.2769823670387268,0.004099832847714424,0.2514464259147644,0.21648767590522766,0.13226312398910522,0.041066110134124756,0.032164618372917175,1.6345093250274658,1.5323020219802856,1.4215030670166016,0.26085132360458374,0.23270846903324127,0.19602584838867188,0.1520945429801941,0.13022643327713013,0.10787887126207352,1.1240085363388062,1.0447328090667725,0.9897267818450928,0.8915430307388306,0.8169432878494263,0.08200747519731522,0.05580119788646698,0.6633595824241638,0.6268259882926941,0.021294130012392998,0.03341628611087799,0.036967113614082336,0.016186174005270004,0.13658013939857483,0.07571826875209808,0.015543133951723576,0.01466768141835928,0.03388750180602074,0.011714663356542587,0.004122922662645578,0.014001540839672089,0.07865611463785172,0.10244773328304291,0.11104832589626312,0.1491394191980362,0.06496690213680267,0.06973341852426529,0.34704381227493286,0.36450374126434326,0.009407180361449718,0.013577633537352085,0.1374911516904831,0.10587936639785767,0.0792325884103775,0.047476284205913544,0.04573458433151245,0.034733500331640244,0.029695214703679085,0.007314350921660662,0.10740462690591812
2003-10-01 01:43:00,2.018977165222168,1.5813744068145752,0.2974139451980591,0.26423367857933044,0.0037528073880821466,0.24015913903713226,0.20730146765708923,0.12720096111297607,0.03904983773827553,0.03068867139518261,1.5531986951828003,1.4564192295074463,1.352182149887085,0.24787582457065582,0.2214309275150299,0.1867237687110901,0.14491476118564606,0.12421219050884247,0.1030338928103447,1.0697745084762573,0.9946322441101074,0.942818820476532,0.8492861986160278,0.7770940065383911,0.07839218527078629,0.053533609956502914,0.6311092376708984,0.5953973531723022,0.020374897867441177,0.03178334981203079,0.03509435057640076,0.015230942517518997,0.1299799233675003,0.07252879440784454,0.014766686595976353,0.013905251398682594,0.032568782567977905,0.011162475682795048,0.003875947557389736,0.013165302574634552,0.07532300055027008,0.0980425775051117,0.10622715950012207,0.1426609456539154,0.0637061595916748,0.06682132929563522,0.33129313588142395,0.34722965955734253,0.008947930298745632,0.012762530706822872,0.12970323860645294,0.09889302402734756,0.07365138828754425,0.04491228610277176,0.04387538135051727,0.03345363587141037,0.028024010360240936,0.006707566790282726,0.10241515934467316
2003-10-01 01:44:00,1.9254732131958008,1.5041942596435547,0.2836529612541199,0.25225505232810974,0.0034486802760511637,0.22988860309123993,0.19861969351768494,0.12227895110845566,0.03720276057720184,0.029210925102233887,1.4773057699203491,1.3859837055206299,1.2882047891616821,0.23603017628192902,0.2107679545879364,0.17805549502372742,0.1382279396057129,0.11862409859895706,0.0984126478433609,1.0196532011032104,0.9478369951248169,0.8986400961875916,0.8095186948776245,0.7411907315254211,0.074933722615242,0.051261741667985916,0.599992036819458,0.5658664703369141,0.019491489976644516,0.03025781735777855,0.03337668254971504,0.014346856623888016,0.12373000383377075,0.0694042220711708,0.014024791307747364,0.013182012364268303,0.031199300661683083,0.010642990469932556,0.0036481369752436876,0.012361588887870312,0.07193408161401749,0.09376776963472366,0.10162799805402756,0.13660717010498047,0.01630290038883686,0.06410697847604752,0.31644654273986816,0.3315123915672302,0.008494584821164608,0.012054409831762314,0.12198709696531296,0.09323582053184509,0.06933578848838806,0.04308275878429413,0.04197264462709427,0.03173856437206268,0.02640572004020214,0.006249445024877787,0.09775204956531525
2003-10-01 01:45:00,1.8270059823989868,1.4324086904525757,0.27072617411613464,0.24109022319316864,0.003184736706316471,0.22014473378658295,0.19020725786685944,0.11737437546253204,0.0353531539440155,0.027734436094760895,1.4066358804702759,1.3215456008911133,1.227903962135315,0.2245609611272812,0.20068734884262085,0.1698041707277298,0.13188304007053375,0.11330048739910126,0.09391989558935165,0.9718711376190186,0.9037455320358276,0.8569856286048889,0.7717742323875427,0.7060901522636414,0.07159371674060822,0.048982057720422745,0.5706104040145874,0.5383207201957703,0.01861291378736496,0.028807174414396286,0.03169981390237808,0.013534348458051682,0.11781362444162369,0.06629518419504166,0.013297542929649353,0.012486708350479603,0.029788589105010033,0.01014306303113699,0.003432939061895013,0.01160352397710085,0.0685073509812355,0.08954482525587082,0.09714845567941666,0.1307557076215744,0.036546383053064346,0.061427026987075806,0.3023602068424225,0.31671494245529175,0.008038729429244995,0.011381023563444614,0.11472239345312119,0.08843925595283508,0.06576526910066605,0.04129483178257942,0.03987935930490494,0.029958108440041542,0.02496379427611828,0.005860463250428438,0.09333446621894836
2003-10-01 01:46:00,1.7400531768798828,1.3654145002365112,0.25866785645484924,0.23060347139835358,0.002952486975118518,0.21079465746879578,0.18205499649047852,0.11281831562519073,0.03360878676176071,0.026429427787661552,1.3407907485961914,1.2606416940689087,1.169803500175476,0.21387439966201782,0.19118283689022064,0.16208593547344208,0.12602896988391876,0.10825672745704651,0.08967652171850204,0.9254077076911926,0.8622896671295166,0.8175974488258362,0.7357442378997803,0.6729015707969666,0.0684138834476471,0.046909600496292114,0.5430094599723816,0.5128188729286194,0.01780104450881481,0.02742549404501915,0.030182640999555588,0.012780437245965004,0.1123339980840683,0.06338214874267578,0.01259088609367609,0.011819407343864441,0.028447801247239113,0.009674792177975178,0.0032367201056331396,0.010937198996543884,0.06516919285058975,0.08528318256139755,0.09274931997060776,0.12511971592903137,0.06102146580815315,0.058274466544389725,0.28894320130348206,0.3026823103427887,0.0076230172999203205,0.010753779672086239,0.10799717158079147,0.08434279263019562,0.06262297183275223,0.03937746211886406,0.037791818380355835,0.02831747569143772,0.02369903214275837,0.005538534838706255,0.08910422027111053
2003-10-01 01:47:00,1.6625946760177612,1.3034554719924927,0.24784716963768005,0.22085633873939514,0.0027453103102743626,0.2019401341676712,0.17464181780815125,0.10882997512817383,0.03203330561518669,0.025316152721643448,1.2795735597610474,1.2023675441741943,1.115548849105835,0.2039162516593933,0.18250498175621033,0.15498386323451996,0.12048673629760742,0.10353686660528183,0.0858360305428505,0.884045422077179,0.8233646750450134,0.7801501750946045,0.7019073963165283,0.6420332789421082,0.06552935391664505,0.04514940828084946,0.517414391040802,0.4898684322834015,0.017071198672056198,0.02616598829627037,0.028812700882554054,0.012035888619720936,0.10722318291664124,0.06086581200361252,0.011992497369647026,0.011238404549658298,0.027228182181715965,0.00925184041261673,0.0030659078620374203,0.010378237813711166,0.062076371163129807,0.08126012235879898,0.08842544257640839,0.11971808969974518,0.016086377203464508,0.05726567283272743,0.2764831483364105,0.2897063195705414,0.0072713266126811504,0.01018642820417881,0.1019814983010292,0.08059682697057724,0.05971091240644455,0.03744323179125786,0.03587197884917259,0.026898138225078583,0.02263716608285904,0.005282261408865452,0.0851205438375473
2003-10-01 01:48:00,1.594298243522644,1.2437301874160767,0.23746225237846375,0.21158502995967865,0.0025571021251380444,0.19377470016479492,0.16779331862926483,0.10500654578208923,0.0305939968675375,0.024240808561444283,1.2211394309997559,1.1477380990982056,1.0656505823135376,0.19470426440238953,0.17444966733455658,0.1482865810394287,0.11527297645807266,0.09921327233314514,0.08223284780979156,0.8444259166717529,0.7861711382865906,0.7446775436401367,0.6699278354644775,0.6129235029220581,0.06284967064857483,0.04343906044960022,0.4942382574081421,0.4677942991256714,0.01638706587255001,0.02501378394663334,0.027506183832883835,0.011352984234690666,0.10231350362300873,0.05855860561132431,0.011444730684161186,0.010704226791858673,0.026083236560225487,0.008841929957270622,0.002903326414525509,0.009869572706520557,0.059226181358098984,0.0774587094783783,0.08430599421262741,0.11452768743038177,0.05933485925197601,0.05324281379580498,0.26460254192352295,0.2770991623401642,0.006953898351639509,0.009672371670603752,0.09650462865829468,0.07698020339012146,0.05693202465772629,0.035600051283836365,0.03411482274532318,0.02567346580326557,0.02168579027056694,0.005031945649534464,0.08142931759357452
2003-10-01 01:49:00,1.525044322013855,1.1876120567321777,0.22721144556999207,0.20290884375572205,0.002383620012551546,0.1861448884010315,0.16130469739437103,0.10119715332984924,0.029263008385896683,0.023184696212410927,1.1661503314971924,1.0967497825622559,1.0182300806045532,0.18624378740787506,0.16681420803070068,0.1419711858034134,0.11038769036531448,0.09512510150671005,0.07885754108428955,0.8068175315856934,0.7507725358009338,0.7112082242965698,0.639535129070282,0.5845614075660706,0.060314446687698364,0.041739895939826965,0.47229987382888794,0.4465790092945099,0.01573161780834198,0.023903802037239075,0.02628307417035103,0.010760055854916573,0.09767226874828339,0.05626918748021126,0.010920797474682331,0.010197879746556282,0.025011209771037102,0.008459379896521568,0.002749755745753646,0.009387200698256493,0.05655450373888016,0.0739189013838768,0.08042720705270767,0.10950672626495361,0.0,0.052513785660266876,0.2531856596469879,0.2652301490306854,0.006637927144765854,0.009197920560836792,0.09140001237392426,0.07349823415279388,0.05428093671798706,0.03388680890202522,0.03255189210176468,0.024556182324886322,0.0207639392465353,0.004776295740157366,0.07808329164981842
2003-10-01 01:50:00,1.456382393836975,1.1354776620864868,0.21772940456867218,0.19474993646144867,0.0022202383261173964,0.17887195944786072,0.15502747893333435,0.09741804003715515,0.028009826317429543,0.022127540782094002,1.1148335933685303,1.0490373373031616,0.9735399484634399,0.17793476581573486,0.15954814851284027,0.13601894676685333,0.10575343668460846,0.09122101217508316,0.07558095455169678,0.771543562412262,0.717343807220459,0.679421067237854,0.6111345887184143,0.559514045715332,0.05785959213972092,0.04003802686929703,0.451168417930603,0.42615464329719543,0.015100068412721157,0.02285514958202839,0.025129137560725212,0.010217313654720783,0.09330955147743225,0.05397151783108711,0.010411154478788376,0.009710265323519707,0.023996759206056595,0.008096214383840561,0.0026042573153972626,0.008930710144340992,0.054042842239141464,0.07050701230764389,0.07674845308065414,0.1046990379691124,0.01564912684261799,0.04935462400317192,0.24222171306610107,0.2538084089756012,0.00631984556093812,0.008745396509766579,0.08675964921712875,0.0701458528637886,0.051781002432107925,0.03233390673995018,0.03109787404537201,0.0234808512032032,0.01984242908656597,0.004515895154327154,0.07494916021823883
2003-10-01 01:51:00,1.3908436298370361,1.0867606401443481,0.208875834941864,0.18701483309268951,0.0020702178589999676,0.1718961000442505,0.14897873997688293,0.09393221884965897,0.026768658310174942,0.021161548793315887,1.0666086673736572,1.0037131309509277,0.9313411712646484,0.17017315328121185,0.1527150422334671,0.1303863227367401,0.10139576345682144,0.08749206364154816,0.07248635590076447,0.7375756502151489,0.6855958700180054,0.6493757963180542,0.5846472382545471,0.5352640151977539,0.05551571398973465,0.03847449645400047,0.43089044094085693,0.4070091247558594,0.014500309713184834,0.021866150200366974,0.024030720815062523,0.009723597206175327,0.08923931419849396,0.05179179459810257,0.009933260269463062,0.00925370678305626,0.02305999957025051,0.007753073237836361,0.002468760358169675,0.008500812575221062,0.05168583616614342,0.06734775006771088,0.07327129691839218,0.10016106814146042,0.05141424760222435,0.04666009172797203,0.23179735243320465,0.24303656816482544,0.006024452392011881,0.008325151167809963,0.08248060941696167,0.06710522621870041,0.04945642501115799,0.030893750488758087,0.029725130647420883,0.02244243212044239,0.01896512508392334,0.004294498823583126,0.07194115221500397
2003-10-01 01:52:00,1.3316986560821533,1.0402545928955078,0.2005869746208191,0.17970795929431915,0.0019362644525244832,0.16529522836208344,0.14340679347515106,0.09084242582321167,0.02560187131166458,0.020329337567090988,1.0207196474075317,0.960620641708374,0.8907063007354736,0.1629377007484436,0.14638862013816833,0.12512043118476868,0.09728410094976425,0.08400411903858185,0.06964826583862305,0.7053797841072083,0.6556486487388611,0.6215337514877319,0.5596411228179932,0.5121472477912903,0.0533386766910553,0.03712790831923485,0.411204069852829,0.3838840126991272,0.013953447341918945,0.0209656972438097,0.022975454106926918,0.009260543622076511,0.08558827638626099,0.049846798181533813,0.009503760375082493,0.00882808119058609,0.02221187949180603,0.007439298089593649,0.0023481009993702173,0.008120928891003132,0.0495145358145237,0.06437613815069199,0.07004024088382721,0.09594530612230301,0.039600834250450134,0.04483776167035103,0.22230733931064606,0.23157744109630585,0.0057680075988173485,0.007933741435408592,0.07850826531648636,0.06431932002305984,0.047313179820775986,0.029549989849328995,0.02843116968870163,0.021480336785316467,0.018191862851381302,0.004104821942746639,0.06907360255718231
2003-10-01 01:53:00,1.2763458490371704,0.9959734082221985,0.19278809428215027,0.17285843193531036,0.00181487575173378,0.15911900997161865,0.13821445405483246,0.0878545269370079,0.02453439123928547,0.019547132775187492,0.9769706130027771,0.9196963906288147,0.8513474464416504,0.1561877578496933,0.14045649766921997,0.12013903260231018,0.0934537947177887,0.08072812110185623,0.06696400046348572,0.6740292310714722,0.6278079748153687,0.5952653884887695,0.5357136130332947,0.4895245134830475,0.05132616311311722,0.03582686185836792,0.3902119994163513,0.3641047477722168,0.013438522815704346,0.02012491412460804,0.022046122699975967,0.00882758665829897,0.08216135948896408,0.048023685812950134,0.009104110300540924,0.00843997672200203,0.021418005228042603,0.007145644631236792,0.0022391818929463625,0.0077698249369859695,0.047526612877845764,0.06162998080253601,0.06700138747692108,0.09200341254472733,0.0,0.043067384511232376,0.2134278118610382,0.22290483117103577,0.005528449546545744,0.0075744325295090675,0.07485990226268768,0.061673276126384735,0.04531056433916092,0.028308125212788582,0.027243157848715782,0.020591381937265396,0.017473530024290085,0.003922678995877504,0.06635856628417969
2003-10-01 01:54:00,1.2248992919921875,0.9536253213882446,0.185495525598526,0.16635730862617493,0.0017031991155818105,0.1533525288105011,0.13325323164463043,0.08488699048757553,0.023534931242465973,0.01876581273972988,0.9355642199516296,0.8803869485855103,0.8153474926948547,0.1498686522245407,0.1349167823791504,0.1154005378484726,0.08982154726982117,0.07762100547552109,0.0644090473651886,0.6458869576454163,0.6015493273735046,0.5701583623886108,0.5127139091491699,0.4674616754055023,0.049413468688726425,0.034531351178884506,0.3707936108112335,0.3494318723678589,0.012927633710205555,0.01932349056005478,0.021148186177015305,0.008424036204814911,0.07888874411582947,0.04624728858470917,0.008729115128517151,0.008076216094195843,0.02064850926399231,0.006867346353828907,0.0021297044586390257,0.00742631871253252,0.045655347406864166,0.05908205732703209,0.0641685500741005,0.08822625130414963,0.036767326295375824,0.04035568609833717,0.20483700931072235,0.21458809077739716,0.0052941711619496346,0.007239405531436205,0.0714966431260109,0.05915732681751251,0.043434109538793564,0.027132848277688026,0.0261232927441597,0.019758298993110657,0.016783375293016434,0.0037377248518168926,0.06378649920225143
2003-10-01 01:55:00,1.1753339767456055,0.9140638113021851,0.17866061627864838,0.16018225252628326,0.0015991630498319864,0.14780515432357788,0.12843839824199677,0.08194510638713837,0.02257472090423107,0.017980752512812614,0.8965457081794739,0.8433153033256531,0.7821320295333862,0.14401179552078247,0.1295330822467804,0.11086023598909378,0.0863456204533577,0.07468868046998978,0.0619424469769001,0.6189562082290649,0.5764518976211548,0.54594486951828,0.4901270866394043,0.446246862411499,0.04756234586238861,0.03323259577155113,0.35437965393066406,0.33649078011512756,0.012440451420843601,0.018550438806414604,0.020297518000006676,0.008045876398682594,0.07577142119407654,0.04448745399713516,0.008361712098121643,0.0077226050198078156,0.01990860141813755,0.0065978155471384525,0.002026525093242526,0.007092890329658985,0.04386013001203537,0.05663226917386055,0.061525728553533554,0.08466281741857529,0.03653600066900253,0.03905654698610306,0.19664040207862854,0.20624205470085144,0.005061140283942223,0.006917595863342285,0.06840647011995316,0.05672604218125343,0.04163968935608864,0.026017526164650917,0.02506183087825775,0.018956439569592476,0.016100188717246056,0.0035507269203662872,0.06133289262652397
2003-10-01 01:56:00,1.1173292398452759,0.8767037391662598,0.1720532774925232,0.15428520739078522,0.0015032575465738773,0.1424560844898224,0.12378395348787308,0.07920569181442261,0.02165103890001774,0.017258083447813988,0.8591541647911072,0.8089640736579895,0.7502730488777161,0.13847315311431885,0.12437676638364792,0.10658896714448929,0.08305060863494873,0.0718754455447197,0.05960142984986305,0.5933288931846619,0.5522981882095337,0.5227551460266113,0.46844494342803955,0.42698416113853455,0.04578998312354088,0.032026756554841995,0.34051352739334106,0.32385897636413574,0.011979122646152973,0.017814213410019875,0.019490119069814682,0.007688930258154869,0.0728139579296112,0.04283243045210838,0.008016054518520832,0.0073896669782698154,0.019215263426303864,0.006334055680781603,0.0019300507847219706,0.006786112207919359,0.04215966910123825,0.05435894802212715,0.05902079492807388,0.08132283389568329,0.0362243577837944,0.03800586611032486,0.1888970285654068,0.1980861872434616,0.004843189846724272,0.006609306670725346,0.06541140377521515,0.05449170619249344,0.039959680289030075,0.024973586201667786,0.02403470128774643,0.01818256825208664,0.015450975857675076,0.003384319134056568,0.058978937566280365
2003-10-01 01:57:00,1.0737284421920776,0.8408463001251221,0.16575217247009277,0.14866605401039124,0.001387349097058177,0.13736139237880707,0.11947113275527954,0.07675130665302277,0.02082611620426178,0.016626505181193352,0.8241513967514038,0.7772249579429626,0.7196863889694214,0.13313229382038116,0.11954889446496964,0.10260682553052902,0.07993646711111069,0.06924410909414291,0.057407446205616,0.5691822171211243,0.5291325449943542,0.5004565119743347,0.448135644197464,0.40875673294067383,0.0441262312233448,0.030966879799962044,0.32779714465141296,0.3117104172706604,0.011556694284081459,0.017114553600549698,0.018723173066973686,0.007353058084845543,0.07001578062772751,0.04139891266822815,0.007702391128987074,0.007087097503244877,0.018572963774204254,0.0060909204185009,0.0018419903935864568,0.006505542900413275,0.04056777060031891,0.05222185701131821,0.05667620524764061,0.07821009308099747,0.032136667519807816,0.036892395466566086,0.1816808432340622,0.19036997854709625,0.004651025868952274,0.006322549190372229,0.06265930086374283,0.05243445187807083,0.03839687630534172,0.023982757702469826,0.023082518950104713,0.017468580976128578,0.01486882846802473,0.00323767913505435,0.05675194784998894
2003-10-01 01:58:00,1.0310240983963013,0.8073542714118958,0.1597338169813156,0.14331914484500885,0.0013004495995119214,0.13257375359535217,0.11550695449113846,0.07438598573207855,0.020049970597028732,0.016024760901927948,0.7913471460342407,0.7465296387672424,0.6906558871269226,0.1278109848499298,0.11503376066684723,0.09888461977243423,0.0769958421587944,0.06677553802728653,0.05534077435731888,0.5459418892860413,0.5069554448127747,0.4792097806930542,0.42971640825271606,0.39340245723724365,0.04257553070783615,0.02995964139699936,0.3157297968864441,0.3000268340110779,0.011157805100083351,0.016469115391373634,0.01801753230392933,0.007037000264972448,0.06735941767692566,0.040044285356998444,0.0074061062186956406,0.00680681923404336,0.017970165237784386,0.005864141974598169,0.0017601879080757499,0.0062421876937150955,0.03907467797398567,0.050216756761074066,0.0544695109128952,0.07532137632369995,0.0,0.036489833146333694,0.17491330206394196,0.18310868740081787,0.00447913957759738,0.006056765094399452,0.0601213164627552,0.05047013238072395,0.036921001970767975,0.02304377220571041,0.02219267003238201,0.016805633902549744,0.014323548413813114,0.0030937492847442627,0.05471297726035118
2003-10-01 01:59:00,0.9909815192222595,0.7755135297775269,0.15382020175457,0.13826163113117218,0.0012203018413856626,0.12806524336338043,0.1116863489151001,0.07203686237335205,0.01930893212556839,0.015434284694492817,0.7602195143699646,0.7168751955032349,0.662837564945221,0.12293178588151932,0.11077408492565155,0.09530995041131973,0.07419771701097488,0.06440853327512741,0.05337611958384514,0.5234730243682861,0.4857792556285858,0.4594230651855469,0.4131866693496704,0.37884286046028137,0.041100092232227325,0.028951983898878098,0.3040884733200073,0.28882092237472534,0.010773255489766598,0.01585778407752514,0.017343252897262573,0.00673744035884738,0.06483779847621918,0.038694847375154495,0.007120905444025993,0.0065375459380447865,0.01738872192800045,0.0056511336006224155,0.0016830603126436472,0.005987838841974735,0.03766164183616638,0.048340875655412674,0.05239829793572426,0.07251137495040894,0.043185316026210785,0.03426843136548996,0.16857905685901642,0.17628756165504456,0.004313922021538019,0.005783205386251211,0.05775700509548187,0.04857579246163368,0.03551164269447327,0.022162482142448425,0.021354839205741882,0.016176849603652954,0.013792485930025578,0.0029473218601197004,0.05283096060156822
2003-10-01 02:00:00,0.9568883776664734,0.7452053427696228,0.14826799929141998,0.1336221545934677,0.001147810835391283,0.12380935996770859,0.10795397311449051,0.06970536708831787,0.018590783700346947,0.01483995746821165,0.7306986451148987,0.6883416771888733,0.6364490389823914,0.11833303421735764,0.10670850425958633,0.09185628592967987,0.07153599709272385,0.06213441118597984,0.051475998014211655,0.502032995223999,0.46585342288017273,0.4413383901119232,0.3978520631790161,0.3649449050426483,0.039668429642915726,0.027940141037106514,0.29292404651641846,0.2782272398471832,0.010401895269751549,0.015271821059286594,0.016687124967575073,0.006458231247961521,0.06256633996963501,0.03733912482857704,0.006842653267085552,0.006266639102250338,0.01682257652282715,0.00544445076957345,0.0016112766461446881,0.00573647441342473,0.036314211785793304,0.04656143859028816,0.05045625567436218,0.0698535293340683,0.024764496833086014,0.03313785418868065,0.16248342394828796,0.16986477375030518,0.004148172214627266,0.005533827003091574,0.05548611655831337,0.04673304408788681,0.03415996581315994,0.021328318864107132,0.020553700625896454,0.01556498371064663,0.013269036076962948,0.002796055981889367,0.051013365387916565
2003-10-01 02:01:00,0.9209155440330505,0.7162823677062988,0.14314547181129456,0.1291586309671402,0.0010823277989402413,0.11968399584293365,0.10432440042495728,0.06752077490091324,0.017890358343720436,0.014287598431110382,0.7021752595901489,0.6613456606864929,0.6106755137443542,0.1139795333147049,0.10283152014017105,0.08856727927923203,0.06901225447654724,0.059955909848213196,0.049691341817379,0.4807169437408447,0.4474840462207794,0.42479273676872253,0.3833464980125427,0.35174310207366943,0.038293641060590744,0.026995789259672165,0.2823731303215027,0.26807716488838196,0.010048948228359222,0.014714428223669529,0.016077978536486626,0.006192319560796022,0.06041000038385391,0.03604152798652649,0.006578241009265184,0.00601330678910017,0.016279973089694977,0.005247632972896099,0.001544832019135356,0.005770430900156498,0.034656230360269547,0.0448019802570343,0.048599012196063995,0.06734876334667206,0.02476012334227562,0.031639281660318375,0.15671689808368683,0.1637750118970871,0.003989378921687603,0.0053114499896764755,0.05331471189856529,0.04502905160188675,0.032885804772377014,0.02052976004779339,0.019773859530687332,0.014970878139138222,0.012767772190272808,0.002662376035004854,0.04924463853240013
2003-10-01 02:02:00,0.8862423896789551,0.6887168884277344,0.13831937313079834,0.1248541995882988,0.0010239245602861047,0.11570612341165543,0.10089914500713348,0.06553959101438522,0.017204148694872856,0.013800160028040409,0.6747236251831055,0.6351763010025024,0.5861393213272095,0.1098673865199089,0.09921784698963165,0.08546389639377594,0.06661218404769897,0.057902563363313675,0.04802226275205612,0.46230241656303406,0.43079259991645813,0.4092872738838196,0.36961787939071655,0.33934491872787476,0.0370146706700325,0.026155438274145126,0.27234816551208496,0.25838425755500793,0.009722324088215828,0.01420003641396761,0.015499347820878029,0.005942021496593952,0.058339957147836685,0.03486059606075287,0.006335260812193155,0.005784476641565561,0.015780387446284294,0.005065358709543943,0.001482881372794509,0.005524762906134129,0.03366430848836899,0.0430607795715332,0.04675759747624397,0.06497088074684143,0.024654215201735497,0.030483990907669067,0.15129725635051727,0.1580256074666977,0.003844675375148654,0.005103781819343567,0.05129501223564148,0.04345184937119484,0.03170023113489151,0.01976681686937809,0.019044604152441025,0.014420034363865852,0.01231882069259882,0.0025505295488983393,0.047541942447423935
2003-10-01 02:03:00,0.8531801104545593,0.6618961095809937,0.1336994469165802,0.12070414423942566,0.0009708684519864619,0.11190566420555115,0.09768210351467133,0.06363052129745483,0.01657767966389656,0.013342132791876793,0.6482449769973755,0.6105052828788757,0.5641425848007202,0.10598677396774292,0.09575190395116806,0.0825088769197464,0.06435274332761765,0.05595614016056061,0.046419259160757065,0.4449158012866974,0.41515231132507324,0.39460858702659607,0.3566511869430542,0.32755187153816223,0.03579556941986084,0.025346023961901665,0.26265743374824524,0.24922192096710205,0.009410682134330273,0.013718096539378166,0.014956663362681866,0.0057064201682806015,0.05633707344532013,0.03374216705560684,0.006106161512434483,0.005570432171225548,0.015305735170841217,0.004893255420029163,0.0014241297030821443,0.005258535500615835,0.03266124054789543,0.041569340974092484,0.045032620429992676,0.06267650425434113,0.02811225689947605,0.029121555387973785,0.14612461626529694,0.15257957577705383,0.003707406111061573,0.004908721428364515,0.04940585419535637,0.041933320462703705,0.030565816909074783,0.019048389047384262,0.018361719325184822,0.013909487053751945,0.011902986094355583,0.002439104253426194,0.04591665416955948
2003-10-01 02:04:00,0.8221347332000732,0.6362556219100952,0.12925715744495392,0.11672785878181458,0.0009219152270816267,0.10831110924482346,0.0946461483836174,0.0617704801261425,0.015990054234862328,0.012884640134871006,0.6232474446296692,0.5876883864402771,0.5436911582946777,0.10244239866733551,0.09242143481969833,0.07970362156629562,0.0622132308781147,0.05409109219908714,0.044901516288518906,0.4285992681980133,0.40037763118743896,0.3807217478752136,0.3445991277694702,0.3164932429790497,0.0346311554312706,0.02454388700425625,0.2533606290817261,0.24066883325576782,0.00910855457186699,0.013255342841148376,0.014436425641179085,0.005485369823873043,0.054400332272052765,0.03265432268381119,0.005867701955139637,0.0053650992922484875,0.014840510673820972,0.004727876745164394,0.0013680135598406196,0.005021205637603998,0.03163927420973778,0.040180232375860214,0.04345729947090149,0.0605049654841423,0.0,0.028197214007377625,0.1411467045545578,0.14739738404750824,0.0035737825091928244,0.004723842721432447,0.04762451350688934,0.04046417772769928,0.02948201447725296,0.018375471234321594,0.01771698333323002,0.013426658697426319,0.011497797444462776,0.0023254146799445152,0.04436522349715233
2003-10-01 02:05:00,0.7916586399078369,0.6122240424156189,0.12513568997383118,0.11293371766805649,0.0008761228527873755,0.10490885376930237,0.09173452109098434,0.059882815927267075,0.015426301397383213,0.01242529135197401,0.6001198887825012,0.5664684176445007,0.5245359539985657,0.09896744787693024,0.08921891450881958,0.07701373100280762,0.06014085188508034,0.052310727536678314,0.04343834146857262,0.41324394941329956,0.38636475801467896,0.36759984493255615,0.33298468589782715,0.3056410849094391,0.033502090722322464,0.02374950610101223,0.24455526471138,0.23260436952114105,0.00881236419081688,0.012806928716599941,0.01393891591578722,0.005285761319100857,0.05253801867365837,0.03157692775130272,0.005636819638311863,0.005166160874068737,0.014387160539627075,0.004569503013044596,0.0013139313086867332,0.0050373440608382225,0.03033618815243244,0.03877764567732811,0.04199138656258583,0.05849264934659004,0.034903086721897125,0.026883454993367195,0.13637030124664307,0.14240685105323792,0.0034415258560329676,0.0045518288388848305,0.04592911899089813,0.03904274106025696,0.028440773487091064,0.017729012295603752,0.017096636816859245,0.012963240966200829,0.011101888492703438,0.002207452431321144,0.04287227988243103
2003-10-01 02:06:00,0.762782096862793,0.5902085304260254,0.12115475535392761,0.10931871831417084,0.0008336135651916265,0.10163702070713043,0.08886271715164185,0.05811262130737305,0.014883180148899555,0.011995197273790836,0.5787712931632996,0.5469986200332642,0.5061668157577515,0.09560318291187286,0.08615393191576004,0.07444322854280472,0.05815189331769943,0.0506003238260746,0.04201356694102287,0.3987719416618347,0.3730844557285309,0.355290025472641,0.321758896112442,0.2952894866466522,0.0324113667011261,0.022998802363872528,0.23627570271492004,0.22492742538452148,0.008527140133082867,0.01237503346055746,0.013464649207890034,0.005094842053949833,0.050752412527799606,0.030550293624401093,0.0054334490559995174,0.0049774181097745895,0.013957318849861622,0.00441714096814394,0.001262464327737689,0.004778174217790365,0.02950580231845379,0.03746366873383522,0.04055069386959076,0.05652231350541115,0.034719016402959824,0.026073144748806953,0.13181748986244202,0.13763682544231415,0.00331579870544374,0.0043847812339663506,0.04431578516960144,0.03771066665649414,0.027451738715171814,0.01711331680417061,0.016510000452399254,0.012515101581811905,0.010721122846007347,0.0020968555472791195,0.04143320769071579
2003-10-01 02:07:00,0.7357509136199951,0.5696195363998413,0.11731573939323425,0.10586392134428024,0.0007947336998768151,0.09848859161138535,0.08613176643848419,0.05649835616350174,0.014391787350177765,0.011610401794314384,0.5586275458335876,0.5283394455909729,0.48870426416397095,0.09237564355134964,0.08326072990894318,0.07203999906778336,0.05625779181718826,0.04896967485547066,0.04066765308380127,0.38523080945014954,0.3605479598045349,0.34358370304107666,0.3109684884548187,0.28549709916114807,0.0313851572573185,0.022323787212371826,0.22848741710186005,0.21781004965305328,0.008252105675637722,0.011962929740548134,0.013012207113206387,0.004911939147859812,0.04903686046600342,0.0296134352684021,0.005245501641184092,0.0048026531003415585,0.0135574359446764,0.004274262115359306,0.0012144445208832622,0.0,0.028637178242206573,0.036269258707761765,0.03920572251081467,0.0546688586473465,0.03452964127063751,0.02542831003665924,0.1275569349527359,0.13321463763713837,0.003202239517122507,0.004226241260766983,0.04273970052599907,0.03647507354617119,0.02653113380074501,0.016530713066458702,0.015946408733725548,0.012091103941202164,0.010368880815804005,0.0020042157266288996,0.04006068408489227
2003-10-01 02:08:00,0.7104994058609009,0.5501092672348022,0.11362288892269135,0.10255858302116394,0.0007586999563500285,0.0955207422375679,0.08356395363807678,0.05494250729680061,0.013929246924817562,0.011240965686738491,0.5394902229309082,0.5105530023574829,0.4723987579345703,0.08929581940174103,0.08052261918783188,0.0697346180677414,0.054444193840026855,0.04743655025959015,0.03939008340239525,0.372584730386734,0.34879419207572937,0.3323030173778534,0.3006633222103119,0.2762230634689331,0.03041611798107624,0.021673033013939857,0.22124885022640228,0.21107523143291473,0.007998686283826828,0.011571262031793594,0.012580554001033306,0.004737112671136856,0.047386474907398224,0.028724757954478264,0.005067880265414715,0.004639275372028351,0.013175442814826965,0.004135513212531805,0.001169107505120337,0.004523819778114557,0.027584625408053398,0.035055454820394516,0.037926629185676575,0.052923157811164856,0.03435392305254936,0.024924252182245255,0.12348310649394989,0.12900079786777496,0.0030946023762226105,0.004076146055012941,0.04127125069499016,0.035292889922857285,0.02565382793545723,0.01597527228295803,0.015411541797220707,0.011692820116877556,0.010035957209765911,0.0019195269560441375,0.038759082555770874
2003-10-01 02:09:00,0.6867237091064453,0.5315263867378235,0.11008860170841217,0.09946783632040024,0.0007249367190524936,0.09271509945392609,0.08111236244440079,0.05340873450040817,0.013482451438903809,0.010876324959099293,0.5212793350219727,0.4936637282371521,0.45683780312538147,0.08620689064264297,0.07792030274868011,0.06755855679512024,0.05271654576063156,0.045983679592609406,0.03816971555352211,0.36039498448371887,0.337514191865921,0.3213987350463867,0.29076817631721497,0.2668539583683014,0.029505841434001923,0.02102840505540371,0.21433959901332855,0.2033987194299698,0.007754957303404808,0.011183252558112144,0.012166116386651993,0.004570199642330408,0.04579376056790352,0.02786002866923809,0.004901884589344263,0.004481647163629532,0.012804911471903324,0.0039993696846067905,0.0011258588638156652,0.004291061777621508,0.026857618242502213,0.03395270183682442,0.03669228032231331,0.05124696344137192,0.03418906405568123,0.024514131247997284,0.11965734511613846,0.1257503628730774,0.0029900844674557447,0.003933113068342209,0.03988347202539444,0.0341438390314579,0.024809913709759712,0.015447639860212803,0.0149082588031888,0.011314467526972294,0.009714529849588871,0.001845142338424921,0.0375373549759388
2003-10-01 02:10:00,0.6640305519104004,0.5139317512512207,0.10674382746219635,0.09653580188751221,0.0006929633673280478,0.08998658508062363,0.07873581349849701,0.051883548498153687,0.013046988286077976,0.010512991808354855,0.5039498209953308,0.47752687335014343,0.44187602400779724,0.08333667367696762,0.07543725520372391,0.06543947011232376,0.051060356199741364,0.04457581415772438,0.036990515887737274,0.34874656796455383,0.3265986144542694,0.310857892036438,0.2812035083770752,0.2583378851413727,0.02860225923359394,0.020390639081597328,0.20718708634376526,0.19636812806129456,0.007516704499721527,0.010818598791956902,0.011768107302486897,0.00441072229295969,0.04427621141076088,0.027002740651369095,0.004739500116556883,0.004327878355979919,0.012432565912604332,0.0038688890635967255,0.0010842435294762254,0.004251169506460428,0.025873491540551186,0.03285715728998184,0.035528138279914856,0.049637869000434875,0.03403211385011673,0.02417019009590149,0.1158326119184494,0.12271470576524734,0.002887061331421137,0.003795559983700514,0.038568370044231415,0.03302767127752304,0.0239948071539402,0.014941757544875145,0.014424431137740612,0.010946551337838173,0.009401977993547916,0.0017684039194136858,0.036375246942043304
2003-10-01 02:11:00,0.6424034237861633,0.4970453381538391,0.1035509780049324,0.09369196742773056,0.0006629118579439819,0.08733836561441422,0.07642772793769836,0.05046425759792328,0.01262323372066021,0.010171916335821152,0.48738715052604675,0.4620692729949951,0.42763039469718933,0.08062956482172012,0.07306046783924103,0.06339575350284576,0.049475330859422684,0.043237779289484024,0.03584040328860283,0.3375401794910431,0.31601300835609436,0.30072498321533203,0.2722947597503662,0.2502734363079071,0.027718745172023773,0.019785752519965172,0.20036789774894714,0.19073385000228882,0.007288637571036816,0.010470261797308922,0.011387405917048454,0.004258070606738329,0.042918212711811066,0.026221783831715584,0.004583154805004597,0.00418110704049468,0.012078467756509781,0.003744680667296052,0.0010425311047583818,0.004023811314254999,0.025206105783581734,0.031804848462343216,0.03439536318182945,0.048099301755428314,0.0,0.02362619712948799,0.11212892085313797,0.11935817450284958,0.0027887921314686537,0.003663546871393919,0.0373072624206543,0.031977616250514984,0.023218264803290367,0.01445758156478405,0.013959805481135845,0.010590849444270134,0.00910141784697771,0.0016964755486696959,0.035253316164016724
2003-10-01 02:12:00,0.6217256188392639,0.4809294641017914,0.10049133002758026,0.09094945341348648,0.0006350524490699172,0.08479032665491104,0.07423508167266846,0.04912836477160454,0.012221245095133781,0.009869457222521305,0.4716775417327881,0.4476604759693146,0.4140488803386688,0.07807256281375885,0.07080437988042831,0.06145224720239639,0.04797707870602608,0.0419643297791481,0.034748636186122894,0.32673388719558716,0.305805504322052,0.2910850942134857,0.26378971338272095,0.2424231469631195,0.026887692511081696,0.01923675276339054,0.19417431950569153,0.18533311784267426,0.007075812667608261,0.01014157198369503,0.011032539419829845,0.004112116992473602,0.041627321392297745,0.02550314925611019,0.004436981398612261,0.004037358332425356,0.011749598197638988,0.003629929618909955,0.0010033095022663474,0.003980492241680622,0.024312566965818405,0.030808111652731895,0.03332217410206795,0.04664038121700287,0.014088654890656471,0.02287961356341839,0.10863988101482391,0.1159026101231575,0.002698558382689953,0.0035386180970817804,0.03611108660697937,0.03099551610648632,0.02248312532901764,0.013996836729347706,0.013518573716282845,0.010255341418087482,0.008824460208415985,0.0016326727345585823,0.034211788326501846
2003-10-01 02:13:00,0.601996898651123,0.46578189730644226,0.09755275398492813,0.08831857144832611,0.0006089556263759732,0.08235058933496475,0.0721653401851654,0.04784022271633148,0.011842118576169014,0.00957880076020956,0.45713746547698975,0.43381503224372864,0.40093928575515747,0.07564457505941391,0.06866655498743057,0.05959342047572136,0.04654436185956001,0.04072574898600578,0.03371082618832588,0.31600916385650635,0.29602813720703125,0.2819552421569824,0.25563904643058777,0.23499652743339539,0.02610185742378235,0.018706807866692543,0.18842154741287231,0.17999623715877533,0.006872760597616434,0.009829756803810596,0.010694069787859917,0.003972778562456369,0.04040072485804558,0.02479846589267254,0.004297608509659767,0.003903669770807028,0.011435167863965034,0.0035205231979489326,0.0009681041119620204,0.0037720301188528538,0.023713314905762672,0.029868679121136665,0.032283712178468704,0.04527222365140915,0.014092699624598026,0.022348282858729362,0.10534743219614029,0.11248145997524261,0.0026130869518965483,0.0034201289527118206,0.034973666071891785,0.03004538267850876,0.02178286947309971,0.01355778705328703,0.013101556338369846,0.00994259212166071,0.008561663329601288,0.001571712433360517,0.03323117271065712
2003-10-01 02:14:00,0.5833014249801636,0.4516414403915405,0.09471989423036575,0.08577723056077957,0.0005842832033522427,0.08001622557640076,0.07017623633146286,0.04657352343201637,0.011479649692773819,0.00928948912769556,0.44316378235816956,0.42016035318374634,0.3877519965171814,0.07333861291408539,0.06660814583301544,0.057802312076091766,0.04516490548849106,0.03952720761299133,0.03271694853901863,0.3056052625179291,0.2868051528930664,0.27333536744117737,0.24783217906951904,0.2279670536518097,0.025349458679556847,0.018189743161201477,0.18296299874782562,0.17474856972694397,0.006676012184470892,0.009531533345580101,0.010370825417339802,0.0038398257456719875,0.039228010922670364,0.024100057780742645,0.004162798170000315,0.0037759828846901655,0.011129978112876415,0.0034151123836636543,0.0009346907027065754,0.0037235282361507416,0.022930026054382324,0.0289467666298151,0.03129151463508606,0.04395338520407677,0.014022691175341606,0.021620403975248337,0.10223286598920822,0.10916060954332352,0.0025302539579570293,0.0033071485813707113,0.0338703915476799,0.029133368283510208,0.021119726821780205,0.013147527351975441,0.01270257867872715,0.009641637094318867,0.008305995725095272,0.0015116258291527629,0.032282013446092606
2003-10-01 02:15:00,0.5655062198638916,0.43778055906295776,0.0919843390583992,0.08333070576190948,0.0005607685307040811,0.07778456062078476,0.06823562830686569,0.04531547427177429,0.011128537356853485,0.009000205434858799,0.4293523132801056,0.4067355990409851,0.3755643963813782,0.07120805233716965,0.06460036337375641,0.056079547852277756,0.04386298358440399,0.038368456065654755,0.03175603970885277,0.29632270336151123,0.2780359089374542,0.2650602459907532,0.2403755933046341,0.2212669551372528,0.02462063729763031,0.01766979694366455,0.17763899266719818,0.1694522649049759,0.006483597215265036,0.009243919514119625,0.010059324093163013,0.003712867386639118,0.0380939319729805,0.023409754037857056,0.004031072836369276,0.003653882769867778,0.010832584463059902,0.0033126415219157934,0.0009024617029353976,0.002691620495170355,0.022223375737667084,0.028098398819565773,0.030338047072291374,0.04265832528471947,0.0,0.02113822102546692,0.09924737364053726,0.10596168786287308,0.0024539113510400057,0.0031990455463528633,0.032809268683195114,0.028246738016605377,0.020477954298257828,0.012750426307320595,0.012310517020523548,0.00934911984950304,0.008056608960032463,0.0014515368966385722,0.031360018998384476
2003-10-01 02:16:00,0.5489983558654785,0.424358993768692,0.08936157822608948,0.08097752928733826,0.0005385134136304259,0.07562987506389618,0.06634534150362015,0.04411947354674339,0.010787785053253174,0.008726432919502258,0.4158756136894226,0.39399442076683044,0.36426663398742676,0.06914296746253967,0.06266019493341446,0.054433953016996384,0.04259554296731949,0.03724728152155876,0.030832704156637192,0.28728634119033813,0.26971176266670227,0.2570967972278595,0.23325879871845245,0.2148340493440628,0.023913472890853882,0.01717377081513405,0.172445610165596,0.16450896859169006,0.006301649380475283,0.008967483416199684,0.009758939035236835,0.0035916611086577177,0.03699496388435364,0.02274259924888611,0.0039047703612595797,0.00353683321736753,0.010546139441430569,0.0032143117859959602,0.0008716698503121734,0.0034850991796702147,0.021660689264535904,0.02725333534181118,0.029432162642478943,0.04138414189219475,0.03368990123271942,0.02019103430211544,0.09637086093425751,0.1028815433382988,0.0023811180144548416,0.0030966345220804214,0.03179987147450447,0.02741168811917305,0.019861670210957527,0.012361741624772549,0.01193487923592329,0.009066447615623474,0.007814384065568447,0.00139568280428648,0.030462762340903282
2003-10-01 02:17:00,0.5334909558296204,0.41109389066696167,0.08673723042011261,0.07872415333986282,0.0005177054554224014,0.07354851812124252,0.06453835219144821,0.043014511466026306,0.010471722111105919,0.008482008241117,0.4029562473297119,0.38202613592147827,0.3533921241760254,0.06712809950113297,0.06080480292439461,0.052865609526634216,0.0413689948618412,0.03617463260889053,0.029957395046949387,0.2786352038383484,0.2616998553276062,0.24945802986621857,0.22647403180599213,0.20871126651763916,0.02324172481894493,0.016720861196517944,0.16755761206150055,0.15980246663093567,0.006130702793598175,0.008706359192728996,0.009470412507653236,0.0034765133168548346,0.03593234717845917,0.022119799628853798,0.0037865801714360714,0.0034273688215762377,0.010271928273141384,0.0031218871008604765,0.0008426966378465295,0.0034232367761433125,0.020966852083802223,0.02646343968808651,0.028571022674441338,0.04017648845911026,0.0,0.020262518897652626,0.09360551834106445,0.0999630019068718,0.002311941236257553,0.00300329877063632,0.03083992749452591,0.026620304211974144,0.019272854551672935,0.01198961678892374,0.011581705883145332,0.008798114024102688,0.007588823325932026,0.0013459043111652136,0.029594967141747475
2003-10-01 02:18:00,0.5173583626747131,0.3984691798686981,0.08430331945419312,0.07655610889196396,0.000498083361890167,0.07154388725757599,0.06282008439302444,0.04194655269384384,0.010157247073948383,0.008247406221926212,0.39068326354026794,0.37065955996513367,0.3428991436958313,0.0651756078004837,0.05902794748544693,0.05135690048336983,0.04020117595791817,0.03514871746301651,0.029124761000275612,0.2703495919704437,0.2539857029914856,0.24214695394039154,0.22002212703227997,0.2028682976961136,0.02262040413916111,0.016283517703413963,0.1628783494234085,0.1553298383951187,0.005967671051621437,0.008464038372039795,0.009195386432111263,0.0033672633580863476,0.034909993410110474,0.021523326635360718,0.003674083622172475,0.003323191776871681,0.01000989694148302,0.003033469896763563,0.000815161969512701,0.0011207176139578223,0.02041463926434517,0.025713473558425903,0.02774418145418167,0.03903220593929291,0.0,0.019568687304854393,0.0910324975848198,0.09722916781902313,0.002244900446385145,0.002912672469392419,0.029931601136922836,0.025852540507912636,0.018706820905208588,0.011635052040219307,0.011245097033679485,0.008543484844267368,0.00737394206225872,0.0012991800904273987,0.028760865330696106
2003-10-01 02:19:00,0.5017606616020203,0.38649800419807434,0.08195767551660538,0.07446788251399994,0.00047966104466468096,0.0696500837802887,0.06116772070527077,0.040893711149692535,0.009852837771177292,0.008013671264052391,0.3790394961833954,0.35993343591690063,0.3327983617782593,0.06328927725553513,0.057321254163980484,0.04991202801465988,0.0390942357480526,0.034165892750024796,0.028336085379123688,0.26239854097366333,0.24657084047794342,0.23516689240932465,0.21387921273708344,0.19723999500274658,0.022024385631084442,0.015850378200411797,0.15834324061870575,0.1510351002216339,0.005809574853628874,0.008231227286159992,0.008933454751968384,0.003263224149122834,0.03391234949231148,0.02094125561416149,0.0035654399544000626,0.003223015693947673,0.009756620042026043,0.002948029898107052,0.0007887664251029491,0.003205652814358473,0.019883882254362106,0.024975094944238663,0.026959555223584175,0.03793775662779808,0.0,0.01891561783850193,0.08851225674152374,0.09457048773765564,0.002179121831431985,0.002825384261086583,0.029057702049613,0.025105314329266548,0.01816108636558056,0.01129561010748148,0.010921490378677845,0.008298222906887531,0.007166035007685423,0.001257333904504776,0.027957528829574585
2003-10-01 02:20:00,0.4868665337562561,0.3751523792743683,0.07970475405454636,0.0724744126200676,0.00046289298916235566,0.06783926486968994,0.05955732986330986,0.039860405027866364,0.009563399478793144,0.0077798087149858475,0.3680010139942169,0.3496829569339752,0.323089599609375,0.06146904081106186,0.055679239332675934,0.04851728305220604,0.03801178187131882,0.03322335705161095,0.02757558971643448,0.25476592779159546,0.2394639551639557,0.2285161316394806,0.20814861357212067,0.19198869168758392,0.021437298506498337,0.015418094582855701,0.15394259989261627,0.14686067402362823,0.00565350754186511,0.008005707524716854,0.008683503605425358,0.0031638420186936855,0.03294295072555542,0.020366353914141655,0.003459272673353553,0.00312550226226449,0.00950783770531416,0.0028648131992667913,0.0007632761262357235,0.003143115434795618,0.0192879606038332,0.02427447959780693,0.026201235130429268,0.03688359260559082,0.010181822814047337,0.018583372235298157,0.08605208247900009,0.09198113530874252,0.0021140205208212137,0.0027407491579651833,0.028217297047376633,0.02437637932598591,0.017633097246289253,0.010968911461532116,0.010608460754156113,0.008060322143137455,0.006962487939745188,0.001214606687426567,0.027181435376405716
2003-10-01 02:21:00,0.47270646691322327,0.3644390106201172,0.07769220322370529,0.07055798918008804,0.000446790101705119,0.06607090681791306,0.057991888374090195,0.038870323449373245,0.009283301420509815,0.007557200733572245,0.3574141561985016,0.339718759059906,0.313865602016449,0.05971476063132286,0.05409988388419151,0.04717176780104637,0.036964647471904755,0.03232323005795479,0.026848118752241135,0.24745550751686096,0.23267705738544464,0.22221054136753082,0.20262034237384796,0.1867714375257492,0.02085227146744728,0.015009046532213688,0.14971919357776642,0.1430688351392746,0.0055023664608597755,0.00778605230152607,0.00843868963420391,0.003046659519895911,0.0320063978433609,0.019812921062111855,0.003357242327183485,0.0030317609198391438,0.009266362525522709,0.0027858137618750334,0.0007388652302324772,0.002968842862173915,0.018733089789748192,0.023605963215231895,0.025469176471233368,0.035871509462594986,0.010174261406064034,0.018479986116290092,0.08366686850786209,0.08945983648300171,0.0020511839538812637,0.0026586551684886217,0.027408014982938766,0.023687181994318962,0.017131205648183823,0.010662885382771492,0.01030679326504469,0.00783037394285202,0.006768678314983845,0.0011736768065020442,0.02642950415611267
2003-10-01 02:22:00,0.4592650532722473,0.354071706533432,0.07569742202758789,0.06871732324361801,0.00043151943827979267,0.0643538311123848,0.05648857727646828,0.03792679309844971,0.009028386324644089,0.007353020831942558,0.3472011089324951,0.3301559090614319,0.3050817847251892,0.05802889168262482,0.05258941277861595,0.04589181765913963,0.03596114739775658,0.031461454927921295,0.02612866461277008,0.24050766229629517,0.22621208429336548,0.21622015535831451,0.19723990559577942,0.18175607919692993,0.02028616890311241,0.014635585248470306,0.1457541137933731,0.13953614234924316,0.005359362810850143,0.007574891671538353,0.008193297311663628,0.0029252730309963226,0.031098520383238792,0.019296817481517792,0.003261320758610964,0.002943572122603655,0.009039318189024925,0.0027109761722385883,0.0007158052176237106,0.0010411846451461315,0.018272632732987404,0.022943338379263878,0.02476407401263714,0.03490614891052246,0.010167032480239868,0.018386710435152054,0.0813758447766304,0.08701501786708832,0.0019923532381653786,0.0025798636488616467,0.026633938774466515,0.023046910762786865,0.01666063442826271,0.01036747358739376,0.010019989684224129,0.007612047716975212,0.00658668065443635,0.0011359223863109946,0.02570277638733387
2003-10-01 02:23:00,0.44639554619789124,0.34407269954681396,0.07375118881464005,0.0669642835855484,0.0004169478779658675,0.06268714368343353,0.05505376681685448,0.0370204821228981,0.008791740983724594,0.007155884988605976,0.3375284671783447,0.3209559917449951,0.2965778112411499,0.05641116574406624,0.05115070566534996,0.04468446969985962,0.03499528020620346,0.030627116560935974,0.025430941954255104,0.2338513880968094,0.22008562088012695,0.2106585055589676,0.19200879335403442,0.17698507010936737,0.01975049264729023,0.014273034408688545,0.14203551411628723,0.13604308664798737,0.005221876315772533,0.007371628191322088,0.007969324477016926,0.002822520211338997,0.03021986596286297,0.018803013488650322,0.0031705324072390795,0.002859326545149088,0.008822520263493061,0.002638980047777295,0.0006938243168406188,0.00286593334749341,0.017840100452303886,0.022298157215118408,0.024074072018265724,0.03397282585501671,0.013843168504536152,0.01756109856069088,0.07916786521673203,0.08465100079774857,0.0019361622398719192,0.0025044246576726437,0.025898605585098267,0.0224286038428545,0.01620570756494999,0.010081613436341286,0.009745735675096512,0.007406872697174549,0.006412024609744549,0.0010996587807312608,0.025004854425787926
2003-10-01 02:24:00,0.43406906723976135,0.33467045426368713,0.07185900956392288,0.06526493281126022,0.00040296465158462524,0.06108066812157631,0.05369033291935921,0.036132000386714935,0.008559328503906727,0.006961454171687365,0.32832232117652893,0.312068372964859,0.28855499625205994,0.05486077815294266,0.0497722290456295,0.04350439831614494,0.03405909985303879,0.029818013310432434,0.024757275357842445,0.227730855345726,0.2142857313156128,0.20524895191192627,0.18695276975631714,0.1724403351545334,0.01923641748726368,0.013913859613239765,0.13838328421115875,0.13204418122768402,0.0050881244242191315,0.007175161968916655,0.007755639497190714,0.0027359535451978445,0.029371244832873344,0.018321648240089417,0.0030845452565699816,0.0027796379290521145,0.008611302822828293,0.002569143893197179,0.0006727057625539601,0.002805281663313508,0.017350586131215096,0.021700026467442513,0.023414265364408493,0.033082179725170135,0.013747377321124077,0.016494853422045708,0.0770367756485939,0.08224786818027496,0.0018815848743543029,0.002434921683743596,0.02517549879848957,0.021822646260261536,0.015763811767101288,0.00980603788048029,0.009482573717832565,0.007208408322185278,0.006241132505238056,0.0010641097323969007,0.02433522418141365
2003-10-01 02:25:00,0.4222758412361145,0.325562447309494,0.07001838833093643,0.06360813975334167,0.0003894783731084317,0.05953728035092354,0.05238916724920273,0.03525107726454735,0.008330436423420906,0.006768078543245792,0.3193342387676239,0.303580641746521,0.2809051275253296,0.05337151512503624,0.048443522304296494,0.04238685593008995,0.03314921632409096,0.029035836458206177,0.02412557043135166,0.22172336280345917,0.2088659703731537,0.19997023046016693,0.18207652866840363,0.16799837350845337,0.01873720809817314,0.013555414043366909,0.13458837568759918,0.1278899610042572,0.004956916440278292,0.006984302308410406,0.0075506423600018024,0.002655573422089219,0.028554707765579224,0.01784668117761612,0.0029990975745022297,0.002701185178011656,0.008403046056628227,0.0025009524542838335,0.0006522855255752802,0.002738501876592636,0.01687866821885109,0.021124396473169327,0.022782832384109497,0.03222905471920967,0.013668948784470558,0.0156856682151556,0.07498602569103241,0.07998140901327133,0.0018277743365615606,0.0023669961374253035,0.024471648037433624,0.021228639408946037,0.015334725379943848,0.00954014528542757,0.009227399714291096,0.007014038041234016,0.006072163116186857,0.0010289294878020883,0.023696040734648705
2003-10-01 02:26:00,0.4110216498374939,0.3167117238044739,0.06823129206895828,0.06200118735432625,0.00037654463085345924,0.05805104970932007,0.05110391601920128,0.034409068524837494,0.008105655200779438,0.00658399797976017,0.31066739559173584,0.2954871952533722,0.27354535460472107,0.05194104090332985,0.047167953103780746,0.0412900373339653,0.03226953744888306,0.028285393491387367,0.02350587584078312,0.2160160392522812,0.2036125361919403,0.19480282068252563,0.17734627425670624,0.16358709335327148,0.01825326681137085,0.013218453153967857,0.13069668412208557,0.12397988140583038,0.004826951771974564,0.006799318362027407,0.007351900450885296,0.0025802920572459698,0.027797237038612366,0.017387935891747475,0.0029163549188524485,0.002625361317768693,0.008198391646146774,0.0024351696483790874,0.0006326910224743187,0.0026574779767543077,0.01642380654811859,0.020571984350681305,0.022176750004291534,0.03139645233750343,0.013602186925709248,0.015069964341819286,0.07300936430692673,0.07782083749771118,0.0017758490284904838,0.0023006258998066187,0.02379939891397953,0.020664101466536522,0.014922576025128365,0.00928102619946003,0.00897272489964962,0.006824653595685959,0.005908516235649586,0.000995705253444612,0.023090166971087456
2003-10-01 02:27:00,0.4002677798271179,0.30819401144981384,0.06650330126285553,0.060447808355093,0.0003642587107606232,0.05661673843860626,0.04986012354493141,0.03362439200282097,0.007888813503086567,0.006414567586034536,0.30237436294555664,0.2878043055534363,0.2665414810180664,0.050566166639328,0.04593814164400101,0.04022354260087013,0.031425680965185165,0.027564147487282753,0.0229080468416214,0.2105647325515747,0.1984730213880539,0.18976227939128876,0.17272411286830902,0.15920722484588623,0.01779213361442089,0.012904406525194645,0.126866415143013,0.12047889083623886,0.004699531476944685,0.006619743537157774,0.007159276399761438,0.002509069163352251,0.02711983397603035,0.016956981271505356,0.0028379668947309256,0.00255356403067708,0.008005048148334026,0.0023734192363917828,0.0006141076446510851,0.002516659442335367,0.01599356159567833,0.020041193813085556,0.02159573882818222,0.0305959302932024,0.013551236130297184,0.014570891857147217,0.0711364671587944,0.07575920969247818,0.0017270735697820783,0.002236461266875267,0.023156650364398956,0.020128954201936722,0.014527015388011932,0.009030727669596672,0.008733171038329601,0.006643236614763737,0.005755209363996983,0.0009652992594055831,0.022500865161418915
2003-10-01 02:28:00,0.38985371589660645,0.3000519871711731,0.06483101844787598,0.058946430683135986,0.00035252360976301134,0.05523180961608887,0.048664674162864685,0.03286430984735489,0.007680484559386969,0.00625141616910696,0.29446059465408325,0.2804615795612335,0.2597501575946808,0.04916772618889809,0.04478047043085098,0.03918901085853577,0.030614320188760757,0.026868557557463646,0.022331785410642624,0.20527376234531403,0.1934261918067932,0.18484272062778473,0.16817888617515564,0.15484751760959625,0.01735100895166397,0.012599267065525055,0.12322956323623657,0.11720273643732071,0.00458233617246151,0.006438140291720629,0.006972052622586489,0.0024412465281784534,0.02645951882004738,0.016543008387088776,0.002762695075944066,0.0024847842287272215,0.007820900529623032,0.0023090660106390715,0.0005963395233266056,0.0023363528307527304,0.015591561794281006,0.0195266455411911,0.02103610895574093,0.02982296608388424,0.013506519608199596,0.014182641170918941,0.06935373693704605,0.07379598915576935,0.0016804542392492294,0.0021746002603322268,0.022541606798768044,0.01960821822285652,0.014144619926810265,0.008790350519120693,0.00850602611899376,0.006470362190157175,0.005611401051282883,0.0009361682459712029,0.021930232644081116
2003-10-01 02:29:00,0.3797856569290161,0.2922799289226532,0.06321194767951965,0.057495784014463425,0.00034125742968171835,0.0538991279900074,0.04751120135188103,0.03211481496691704,0.007479382678866386,0.0060907648876309395,0.2869170010089874,0.2735803723335266,0.2531401515007019,0.04791557788848877,0.043646156787872314,0.03818165510892868,0.029832258820533752,0.026195868849754333,0.021774286404252052,0.20011471211910248,0.18847429752349854,0.1800215244293213,0.16359400749206543,0.15027263760566711,0.016925012692809105,0.012297175824642181,0.11991927772760391,0.11414174735546112,0.0044695474207401276,0.0062658474780619144,0.006787871941924095,0.002376362681388855,0.025812936946749687,0.01613868586719036,0.002689642831683159,0.0024191089905798435,0.00764145702123642,0.002247781027108431,0.000579857500270009,0.000904553453437984,0.015242182649672031,0.019032925367355347,0.020505256950855255,0.029075562953948975,0.013466192409396172,0.01387566514313221,0.06763730198144913,0.07192162424325943,0.0016352544771507382,0.0021148910745978355,0.021957652643322945,0.019099395722150803,0.01377431396394968,0.00856190174818039,0.008286657743155956,0.00630525778979063,0.005470057018101215,0.0009075975976884365,0.021378016099333763
2003-10-01 02:30:00,0.37008577585220337,0.2848905026912689,0.06164497509598732,0.056097231805324554,0.00033039163099601865,0.05261705443263054,0.046389635652303696,0.03136995807290077,0.00728387339040637,0.005931009538471699,0.2797422409057617,0.2668648958206177,0.24671785533428192,0.04668477922677994,0.04257175326347351,0.03720039129257202,0.02907979115843773,0.02556360699236393,0.021233396604657173,0.19507203996181488,0.1836100071668625,0.17526322603225708,0.15909868478775024,0.14620834589004517,0.01651904731988907,0.011995907872915268,0.11676954478025436,0.11127378046512604,0.00435939384624362,0.006102648098021746,0.006609996315091848,0.002314050681889057,0.025178896263241768,0.01573953963816166,0.002620420418679714,0.002353525720536709,0.00746516976505518,0.0021886921022087336,0.0005637157591991127,0.0,0.01491110771894455,0.01855609007179737,0.01999072916805744,0.02835278958082199,0.013429488055408001,0.013629570603370667,0.0659727230668068,0.07012307643890381,0.0015909555368125439,0.0020570678170770407,0.02138991467654705,0.018609045073390007,0.013415929861366749,0.008345203474164009,0.008074725046753883,0.006145081948488951,0.005329655949026346,0.0008793594315648079,0.020840540528297424
2003-10-01 02:31:00,0.36076629161834717,0.27781617641448975,0.06013328209519386,0.05474795401096344,0.0003199607308488339,0.05137104541063309,0.04529358446598053,0.030655520036816597,0.007093580439686775,0.005778429098427296,0.2728095054626465,0.26025187969207764,0.24047943949699402,0.045502085238695145,0.04150738567113876,0.03625299409031868,0.028360523283481598,0.02494862675666809,0.02071663737297058,0.19013282656669617,0.1788240373134613,0.17059007287025452,0.15478983521461487,0.1423969715833664,0.016128960996866226,0.01170768029987812,0.11378533393144608,0.1085766851902008,0.004254586528986692,0.005948007572442293,0.006438571494072676,0.002254011109471321,0.02455849014222622,0.01535447034984827,0.0025540096685290337,0.0022863056510686874,0.007294616661965847,0.0021320844534784555,0.0005480846157297492,0.0023143712896853685,0.014533939771354198,0.018092157319188118,0.019492175430059433,0.02763976715505123,0.013396577909588814,0.013430865481495857,0.06435637921094894,0.06842801719903946,0.0015482624294236302,0.002001069486141205,0.020841611549258232,0.018136894330382347,0.013072377070784569,0.0081345085054636,0.007869487628340721,0.005988046061247587,0.005193041171878576,0.0008534937514923513,0.02031736820936203
2003-10-01 02:32:00,0.3518073260784149,0.27096185088157654,0.05867733433842659,0.053443729877471924,0.0003100287285633385,0.05016215518116951,0.04423963278532028,0.030010992661118507,0.006910834461450577,0.005637224297970533,0.2660563290119171,0.25378239154815674,0.23442094027996063,0.04442160204052925,0.0404684953391552,0.03534833714365959,0.02767106145620346,0.02435299940407276,0.020223179832100868,0.18528877198696136,0.17412543296813965,0.16605624556541443,0.15083277225494385,0.13884472846984863,0.015750277787446976,0.011439880356192589,0.11095886677503586,0.10606952756643295,0.00415468355640769,0.005800675600767136,0.006274207960814238,0.0021960793528705835,0.023950235918164253,0.01499281544238329,0.0024902927689254284,0.002224183641374111,0.007132647093385458,0.0020785077940672636,0.0005331353168003261,0.0022651911713182926,0.01417224295437336,0.017648959532380104,0.019011886790394783,0.026949254795908928,0.013366387225687504,0.013281101360917091,0.06283100694417953,0.06682296097278595,0.0015080494340509176,0.0019472299609333277,0.020314102992415428,0.017696592956781387,0.012752827256917953,0.007930112071335316,0.007672063075006008,0.005836567375808954,0.005064907018095255,0.0008309894474223256,0.01981160044670105
2003-10-01 02:33:00,0.3431670665740967,0.2642790973186493,0.057270489633083344,0.05218105763196945,0.000300525309285149,0.048992644995450974,0.04323075711727142,0.02937234379351139,0.00673568295314908,0.0055009606294333935,0.25947102904319763,0.24748876690864563,0.22856082022190094,0.04337729886174202,0.039457693696022034,0.0344809927046299,0.027006227523088455,0.0237773135304451,0.019746091216802597,0.18054097890853882,0.16954459249973297,0.16171495616436005,0.14704254269599915,0.13539086282253265,0.015383576974272728,0.01118018664419651,0.10830181837081909,0.10371268540620804,0.0040581608191132545,0.005658930633217096,0.006116553675383329,0.0021425329614430666,0.02335250936448574,0.014652423560619354,0.0024285679683089256,0.0021652602590620518,0.006976912263780832,0.0020282019395381212,0.0005192065145820379,0.0022163947578519583,0.013825583271682262,0.017218753695487976,0.018549177795648575,0.02629443071782589,0.01333809643983841,0.01315328199416399,0.06133941933512688,0.0652611255645752,0.0014695461140945554,0.0018955135019496083,0.01980791985988617,0.017270732671022415,0.012441370636224747,0.007731412537395954,0.007481394335627556,0.005691253114491701,0.004942794796079397,0.000809230376034975,0.01932460628449917
2003-10-01 02:34:00,0.33480581641197205,0.25776106119155884,0.055908482521772385,0.05096031725406647,0.0002913904027082026,0.04788444936275482,0.042254991829395294,0.028736790642142296,0.0065670255571603775,0.0053689987398684025,0.25305497646331787,0.24134530127048492,0.2226911038160324,0.042339034378528595,0.03847743943333626,0.03364603966474533,0.026368310675024986,0.023245297372341156,0.019280552864074707,0.1754409670829773,0.16515250504016876,0.15757516026496887,0.14340299367904663,0.1321011334657669,0.01502677146345377,0.010923732072114944,0.10579866915941238,0.1014513149857521,0.0039639659225940704,0.005521898157894611,0.0059652915224432945,0.0020908040460199118,0.02277103066444397,0.014342201873660088,0.002368306741118431,0.002108633052557707,0.006824837531894445,0.0019793964456766844,0.0005059575196355581,0.0021670295391231775,0.013495354913175106,0.01680098846554756,0.018098944798111916,0.025664392858743668,0.013311387971043587,0.013043510727584362,0.059872351586818695,0.0637311190366745,0.001432327670045197,0.0018457345431670547,0.019320273771882057,0.016850993037223816,0.01213647611439228,0.007538422476500273,0.007296939380466938,0.005551363807171583,0.004824234172701836,0.0007877253228798509,0.01888086646795273
2003-10-01 02:35:00,0.32669612765312195,0.25141170620918274,0.05459246784448624,0.04979141056537628,0.0002825730771292001,0.046823956072330475,0.04130074381828308,0.028102723881602287,0.00640419777482748,0.0052385395392775536,0.24677371978759766,0.23524318635463715,0.21686477959156036,0.041315559297800064,0.037529002875089645,0.0328410379588604,0.02575453743338585,0.022714879363775253,0.018824543803930283,0.1708986610174179,0.16094395518302917,0.15372665226459503,0.1399061679840088,0.12896747887134552,0.01467744167894125,0.010668420232832432,0.10342078655958176,0.099223792552948,0.0038713840767741203,0.0053887199610471725,0.0058195204474031925,0.0020405577961355448,0.022211480885744095,0.014023549854755402,0.0023091272450983524,0.002054541138932109,0.006674784701317549,0.0019316957332193851,0.0004929501446895301,0.00211710250005126,0.01317770779132843,0.016399849206209183,0.017661936581134796,0.025052886456251144,0.0,0.012903489172458649,0.058436766266822815,0.06223141774535179,0.001395953237079084,0.0017976820236071944,0.018851323053240776,0.016437245532870293,0.011837970465421677,0.007351535838097334,0.0071195210330188274,0.0054153501987457275,0.004707490559667349,0.000766233541071415,0.018457047641277313
2003-10-01 02:36:00,0.318819135427475,0.24522928893566132,0.05332658812403679,0.048666030168533325,0.0002740962663665414,0.04578249529004097,0.04036370664834976,0.027471214532852173,0.006246099714189768,0.005111825652420521,0.24058547616004944,0.22925393283367157,0.21139931678771973,0.040313780307769775,0.03661477193236351,0.03206634148955345,0.02515926957130432,0.02219199761748314,0.018381312489509583,0.16670799255371094,0.15693870186805725,0.15002834796905518,0.13655129075050354,0.12600915133953094,0.014335967600345612,0.01042302418500185,0.1011338010430336,0.09696939587593079,0.0037816327530890703,0.0052594710141420364,0.005680996458977461,0.001991765107959509,0.02167484350502491,0.013707077130675316,0.002251699334010482,0.00200247997418046,0.006528968457132578,0.001885465462692082,0.00048027822049334645,0.0020684204064309597,0.012870569713413715,0.016011200845241547,0.01723989099264145,0.024462593719363213,0.0,0.012612869963049889,0.0570422001183033,0.060763970017433167,0.0013607523869723082,0.0017512405756860971,0.018396984785795212,0.016040047630667686,0.011549140326678753,0.007171190343797207,0.006946760229766369,0.005283525679260492,0.004595875274389982,0.0007454081205651164,0.018043283373117447
2003-10-01 02:37:00,0.3111627995967865,0.23912668228149414,0.05210864171385765,0.04757532849907875,0.0002660048776306212,0.04476181045174599,0.03945338726043701,0.0268885288387537,0.006093948148190975,0.0049931020475924015,0.23454251885414124,0.22351297736167908,0.2062070667743683,0.03933991491794586,0.03573809936642647,0.031322579830884933,0.024581072852015495,0.02168167196214199,0.017955178394913673,0.16257117688655853,0.15315209329128265,0.14646431803703308,0.13335071504116058,0.12317424267530441,0.014007121324539185,0.010196167044341564,0.09888917207717896,0.09472127258777618,0.003696141764521599,0.00513505982235074,0.005547450389713049,0.0019395379349589348,0.021159516647458076,0.013403601944446564,0.0021969270892441273,0.001952928607352078,0.006389377173036337,0.0018412587232887745,0.0004680757410824299,0.0,0.012578255496919155,0.01563349924981594,0.016831550747156143,0.023895997554063797,0.013343391939997673,0.012159711681306362,0.05569970980286598,0.05933476984500885,0.0013273931108415127,0.001706585637293756,0.017956946045160294,0.01566188968718052,0.011271603405475616,0.006997738033533096,0.006781139876693487,0.005160036031156778,0.004490234423428774,0.0007256778771989048,0.017621876671910286
2003-10-01 02:38:00,0.30370354652404785,0.23326881229877472,0.050930097699165344,0.04651327058672905,0.0002582475426606834,0.04376404732465744,0.0385763980448246,0.026327088475227356,0.005947635974735022,0.004878085106611252,0.22892864048480988,0.2180003970861435,0.2011752426624298,0.03839661180973053,0.034895554184913635,0.030606325715780258,0.024036046117544174,0.021185116842389107,0.017539557069540024,0.1586225926876068,0.14958153665065765,0.14301227033138275,0.13028959929943085,0.12042728811502457,0.013676216825842857,0.009976532310247421,0.09666647017002106,0.09251516312360764,0.0036136165726929903,0.005015076603740454,0.005417685955762863,0.0018853865331038833,0.02065829001367092,0.013109521940350533,0.002144130179658532,0.0019052281277254224,0.006251526530832052,0.0017986203311011195,0.0004562674439512193,0.0007858378812670708,0.012258017435669899,0.015268606133759022,0.016435494646430016,0.02334754168987274,0.013235507532954216,0.012003024108707905,0.05440424382686615,0.0579477995634079,0.0012953237164765596,0.0016636474756523967,0.017513541504740715,0.015294509008526802,0.01100324746221304,0.0068310028873384,0.006622836459428072,0.00504107354208827,0.004387409891933203,0.0007065787212923169,0.017205504700541496
2003-10-01 02:39:00,0.29647719860076904,0.22767606377601624,0.04978516697883606,0.045482151210308075,0.0002507797908037901,0.04279294237494469,0.03773738816380501,0.02577531524002552,0.005806216970086098,0.004764670040458441,0.22339703142642975,0.21266676485538483,0.19634360074996948,0.03748445212841034,0.03408422693610191,0.02991514839231968,0.023499662056565285,0.020698025822639465,0.017130834981799126,0.15486326813697815,0.14610664546489716,0.1396765410900116,0.12734568119049072,0.11774669587612152,0.013360145501792431,0.009759405627846718,0.09447237849235535,0.09036824852228165,0.0035331558901816607,0.0048989187926054,0.0052925278432667255,0.0018343309639021754,0.020169872790575027,0.012820996344089508,0.0020927954465150833,0.0018588893581181765,0.006119283381849527,0.0017571948701515794,0.00044478924246504903,0.0015904023312032223,0.011970345862209797,0.014915441162884235,0.01605207286775112,0.022819623351097107,0.0,0.011813269928097725,0.053148433566093445,0.05660303682088852,0.0012641232460737228,0.0016222575213760138,0.017087697982788086,0.014935830608010292,0.01074301265180111,0.0066708349622786045,0.0064696636982262135,0.004924831446260214,0.004286312032490969,0.0006878526764921844,0.016805993393063545
2003-10-01 02:40:00,0.283299058675766,0.22249354422092438,0.04867498204112053,0.0444856621325016,0.00024356372887268662,0.04185417294502258,0.03694162145256996,0.025227993726730347,0.005668739788234234,0.00465440284460783,0.21798014640808105,0.2075352817773819,0.19172319769859314,0.03660266101360321,0.03329971805214882,0.0292406864464283,0.02296898327767849,0.02022053487598896,0.01673322170972824,0.15125693380832672,0.14273479580879211,0.1364557445049286,0.12449627369642258,0.11512064933776855,0.013055027462542057,0.009542886167764664,0.09231143444776535,0.08825419098138809,0.003454206744208932,0.004785956349223852,0.005172640085220337,0.001785949571058154,0.0196955818682909,0.01253532711416483,0.0020425482653081417,0.0018135573482140899,0.005989977158606052,0.0017172357765957713,0.0004335881967563182,0.0017532507190480828,0.01170641090720892,0.014555433765053749,0.015673434361815453,0.02231748215854168,0.0,0.011488527990877628,0.05193202570080757,0.05529889464378357,0.0012334855273365974,0.0015822063433006406,0.01667792536318302,0.01458471268415451,0.010490158572793007,0.006517667789012194,0.006314688362181187,0.004810894373804331,0.004186201374977827,0.000669349916279316,0.016420984640717506
2003-10-01 02:41:00,0.27803993225097656,0.21719098091125488,0.04759827256202698,0.0435146689414978,0.0002366152621107176,0.04095029458403587,0.036184199154376984,0.024700894951820374,0.005535703618079424,0.004549096338450909,0.21268941462039948,0.2026725858449936,0.18727532029151917,0.03574991971254349,0.03253907710313797,0.028581658378243446,0.022446898743510246,0.019755154848098755,0.01634952798485756,0.14776478707790375,0.13945885002613068,0.13334539532661438,0.12172601372003555,0.11254864931106567,0.01275954581797123,0.009333950467407703,0.09018345177173615,0.08618508279323578,0.003377637593075633,0.0046763005666434765,0.005055577494204044,0.0017398876370862126,0.019235748797655106,0.012257569469511509,0.001993851037696004,0.0017698646988719702,0.005864494945853949,0.0016785751795396209,0.00042272190330550075,0.0018298143986612558,0.011450424790382385,0.014216255396604538,0.015305085107684135,0.02182115986943245,0.0,0.011227043345570564,0.05075475573539734,0.05403484031558037,0.0012038038112223148,0.0015434088418260217,0.016283661127090454,0.014249734580516815,0.010248667560517788,0.006370640825480223,0.006167163141071796,0.004699339624494314,0.004088659770786762,0.000651975569780916,0.016048027202486992
2003-10-01 02:42:00,0.27172666788101196,0.21201477944850922,0.04656511917710304,0.04261293262243271,0.0002301102358615026,0.0400799959897995,0.035445742309093475,0.024204300716519356,0.005407710559666157,0.004448987077921629,0.20766209065914154,0.19813330471515656,0.18295423686504364,0.034925419837236404,0.03180232644081116,0.027940452098846436,0.021941836923360825,0.019305480644106865,0.01598251797258854,0.14438019692897797,0.13628214597702026,0.13033972680568695,0.11902962625026703,0.1100478544831276,0.012476694770157337,0.009142287075519562,0.08809992671012878,0.08422131091356277,0.0033045285381376743,0.004570686724036932,0.004941578488796949,0.0016958927735686302,0.018790222704410553,0.011993668973445892,0.0019473702413961291,0.0017286880174651742,0.005744710098952055,0.001641405513510108,0.00041228183545172215,0.0018126124050468206,0.011212852783501148,0.013895910233259201,0.014955751597881317,0.021336901932954788,0.0,0.011015092954039574,0.049615997821092606,0.05281069874763489,0.0011755912564694881,0.0015060034347698092,0.01590440608561039,0.013932593166828156,0.010017415508627892,0.006226209457963705,0.006025451235473156,0.004591315984725952,0.003996082115918398,0.00063593644881621,0.015687283128499985
2003-10-01 02:43:00,0.26546379923820496,0.2070634961128235,0.04557398334145546,0.041725095361471176,0.00022417170112021267,0.03923693299293518,0.03472360223531723,0.02372189611196518,0.005284382961690426,0.004351378418505192,0.20287905633449554,0.19369147717952728,0.1787641942501068,0.034127127379179,0.03108711540699005,0.027320856228470802,0.0214679092168808,0.018870221450924873,0.015629911795258522,0.14109942317008972,0.13320444524288177,0.12742947041988373,0.11640220135450363,0.10760477930307388,0.012206205166876316,0.008955515921115875,0.08608793467283249,0.08238721638917923,0.0032338558230549097,0.0044686500914394855,0.00483081815764308,0.0016514702001586556,0.018357886001467705,0.011738625355064869,0.001902552554383874,0.0016888539539650083,0.005628776270896196,0.0016053979052230716,0.00040220070513896644,0.001773823401890695,0.010986628010869026,0.013586916960775852,0.014620790258049965,0.02086803875863552,0.0,0.01084183156490326,0.048510998487472534,0.05162472277879715,0.0011493739439174533,0.0014518595999106765,0.015544234775006771,0.013623690232634544,0.009792682714760303,0.006085405591875315,0.0058904471807181835,0.004486766178160906,0.0039070528000593185,0.0006205196841619909,0.015339006669819355
2003-10-01 02:44:00,0.25951868295669556,0.20232094824314117,0.044611744582653046,0.04085536673665047,0.00021839763212483376,0.03841859847307205,0.03401628136634827,0.023246098309755325,0.005164895672351122,0.00425488967448473,0.19827398657798767,0.1893470138311386,0.1747063547372818,0.03335331380367279,0.030393097549676895,0.026720261201262474,0.020998205989599228,0.018449200317263603,0.015289360657334328,0.1379193812608719,0.1302221566438675,0.12460517883300781,0.11383668333292007,0.10522037744522095,0.011944749392569065,0.008769365027546883,0.08417270332574844,0.08061511069536209,0.0031667291186749935,0.004371505230665207,0.0047233821824193,0.0016070440178737044,0.0179377943277359,0.011488930322229862,0.0018589772516861558,0.0016500273486599326,0.005515470635145903,0.0015703021781519055,0.00039242126513272524,0.000717775197699666,0.010729816742241383,0.013289562426507473,0.014299347996711731,0.020412985235452652,0.0,0.010698890313506126,0.04743660241365433,0.050474461168050766,0.001124601112678647,0.001409724703989923,0.015195298939943314,0.01332317478954792,0.009573157876729965,0.005948288831859827,0.005758186802268028,0.004385317675769329,0.0038203373551368713,0.000605425622779876,0.015002337284386158
2003-10-01 02:45:00,0.25383248925209045,0.1977424919605255,0.04367345571517944,0.04000524431467056,0.00021276868938002735,0.037621863186359406,0.03332098200917244,0.022773418575525284,0.005048389546573162,0.004158861003816128,0.19380854070186615,0.1851050704717636,0.17077569663524628,0.032602448016405106,0.02971799485385418,0.026133332401514053,0.02053641341626644,0.018041560426354408,0.01495797373354435,0.13483640551567078,0.1273295134305954,0.12185827642679214,0.11133254319429398,0.10291710495948792,0.01168963685631752,0.008583244867622852,0.08239342272281647,0.07890989631414413,0.0030999991577118635,0.0042776428163051605,0.0046197399497032166,0.0015640760539099574,0.017529375851154327,0.011242271400988102,0.0018163342028856277,0.0016119338106364012,0.005403957329690456,0.0015359240351244807,0.00038289595977403224,0.0015710496809333563,0.010491195134818554,0.013000980019569397,0.013987008482217789,0.01997067593038082,0.0,0.010579782538115978,0.046390216797590256,0.04935735464096069,0.0011003917315974832,0.0013728912454098463,0.014856777153909206,0.013027071952819824,0.009362435899674892,0.005814236588776112,0.005629018414765596,0.0042863935232162476,0.0037349890917539597,0.0005904725985601544,0.014675849117338657
2003-10-01 02:46:00,0.24836130440235138,0.19330042600631714,0.04280438274145126,0.03917533531785011,0.00020730173855554312,0.03684474527835846,0.03263784199953079,0.022317146882414818,0.004938682075589895,0.004066217225044966,0.18946683406829834,0.18097525835037231,0.16696777939796448,0.031873345375061035,0.029060933738946915,0.025560690090060234,0.020085329189896584,0.017647095024585724,0.014636373147368431,0.13184618949890137,0.12452036142349243,0.11918555945158005,0.10891178250312805,0.10070103406906128,0.011440872214734554,0.00840301439166069,0.08066662400960922,0.07729214429855347,0.003034857101738453,0.004185879603028297,0.004519394598901272,0.0015231441939249635,0.01713358610868454,0.011002602055668831,0.0017749733524397016,0.0015749246813356876,0.0052959066815674305,0.0015024890890344977,0.0003736640210263431,0.0016535113099962473,0.010276811197400093,0.012718988582491875,0.013683715835213661,0.019542254507541656,0.0,0.010479791089892387,0.04537114128470421,0.048276353627443314,0.0010767577914521098,0.0013396871509030461,0.014528336003422737,0.012743662111461163,0.009157453663647175,0.005683344788849354,0.005503795109689236,0.004191601648926735,0.0036525470204651356,0.0005759824998676777,0.014358249492943287
2003-10-01 02:47:00,0.2431037425994873,0.18898393213748932,0.04197556897997856,0.038363076746463776,0.00020202467567287385,0.03608822077512741,0.031977590173482895,0.02190067432820797,0.004839049652218819,0.003978935070335865,0.18524585664272308,0.17696668207645416,0.16327758133411407,0.03116575814783573,0.02842339500784874,0.025006771087646484,0.01964748091995716,0.017267271876335144,0.014330098405480385,0.1289541870355606,0.12179093062877655,0.11659194529056549,0.10657802224159241,0.09861632436513901,0.01121121272444725,0.00823307503014803,0.07899297028779984,0.07566998898983002,0.00297230645082891,0.004096852149814367,0.004422105848789215,0.0014844591496512294,0.016750935465097427,0.010774601250886917,0.0017354120500385761,0.0015394861111417413,0.0051925103180110455,0.001470342744141817,0.0003647923585958779,0.0016249578911811113,0.010077301412820816,0.0124471141025424,0.01338920183479786,0.01912916637957096,0.0,0.010223476216197014,0.0443902425467968,0.047203000634908676,0.001054990105330944,0.001310181338340044,0.014210792258381844,0.012471361085772514,0.008958236314356327,0.0055568465031683445,0.005383818410336971,0.0041008032858371735,0.003574423724785447,0.0005622617900371552,0.014050032012164593
2003-10-01 02:48:00,0.23844259977340698,0.1847803145647049,0.04113772511482239,0.03756948933005333,0.0001969158765859902,0.03535394370555878,0.031340986490249634,0.02148914709687233,0.004740177188068628,0.0038942492101341486,0.1811463087797165,0.1730860024690628,0.15971556305885315,0.030479202046990395,0.027808161452412605,0.024485180154442787,0.019223306328058243,0.016902290284633636,0.01403726078569889,0.12615498900413513,0.11913879960775375,0.11408258974552155,0.10439025610685349,0.09659789502620697,0.010987179353833199,0.00806791428476572,0.07734273374080658,0.07403234392404556,0.002912527183070779,0.00401213439181447,0.004327960312366486,0.0014481223188340664,0.016380073502659798,0.01055519562214613,0.0016972135053947568,0.0015052370727062225,0.005092123057693243,0.0014392173616215587,0.0003562253259588033,0.0006725575658492744,0.009851545095443726,0.012183611281216145,0.013102923519909382,0.01872827485203743,0.0,0.009931057691574097,0.04344279691576958,0.0461406484246254,0.0010339844739064574,0.001282224548049271,0.013903195038437843,0.012204811908304691,0.008764021098613739,0.005434673745185137,0.005267840810120106,0.004012677352875471,0.0034985903184860945,0.0005489911418408155,0.013751721009612083
2003-10-01 02:49:00,0.23349221050739288,0.1806836873292923,0.04030390456318855,0.03679722920060158,0.000191956089111045,0.03464188054203987,0.030723538249731064,0.021078936755657196,0.004642345476895571,0.003810851601883769,0.17717759311199188,0.16933411359786987,0.15626278519630432,0.029814185574650764,0.02721424214541912,0.023971540853381157,0.018811577931046486,0.016550753265619278,0.013752387836575508,0.12342990934848785,0.11656857281923294,0.11167394369840622,0.10228841751813889,0.09460459649562836,0.010766939260065556,0.00790487602353096,0.07570609450340271,0.07240527123212814,0.0028541211504489183,0.003929554484784603,0.004236978944391012,0.0014138524420559406,0.01602151431143284,0.0103409169241786,0.001660042442381382,0.0014718864113092422,0.004993824288249016,0.001409291522577405,0.00034791542566381395,0.001504180021584034,0.009638290852308273,0.011926445178687572,0.012824912555515766,0.018337668851017952,0.0,0.009708501398563385,0.042521920055150986,0.04513764753937721,0.0010130067821592093,0.0012555875582620502,0.013605443760752678,0.011943248100578785,0.008574468083679676,0.005316485185176134,0.005155220627784729,0.003926742356270552,0.0034243911504745483,0.0005370028084143996,0.013463209383189678
2003-10-01 02:50:00,0.2285567671060562,0.1767369657754898,0.03948206454515457,0.036047160625457764,0.00018712846213020384,0.0339505597949028,0.030120134353637695,0.02066941186785698,0.0045455279760062695,0.003728080540895462,0.17333808541297913,0.16570541262626648,0.15298020839691162,0.029169555753469467,0.026636086404323578,0.023470047861337662,0.018412478268146515,0.016210123896598816,0.013472472317516804,0.12078188359737396,0.11408612132072449,0.1093558520078659,0.10021928697824478,0.09264625608921051,0.010549829341471195,0.007742772810161114,0.07408762723207474,0.07083884626626968,0.002796396380290389,0.0038486698176711798,0.004148802720010281,0.0013814119156450033,0.01567450352013111,0.0101288678124547,0.0016236494993790984,0.001439217128790915,0.004896943923085928,0.0013801116729155183,0.00033982301829382777,0.001522364909760654,0.009455828927457333,0.0116761215031147,0.01255425252020359,0.017956210300326347,0.0,0.009527369402348995,0.0416254960000515,0.044167518615722656,0.0009919815929606557,0.001229824498295784,0.013316395692527294,0.011685896664857864,0.008389251306653023,0.005201746243983507,0.0050451988354325294,0.003842646488919854,0.003351720981299877,0.0005255445721559227,0.013183473609387875
2003-10-01 02:51:00,0.22375953197479248,0.17293626070022583,0.03867838531732559,0.03532126173377037,0.00018244395323563367,0.03328966721892357,0.0295293889939785,0.020271826535463333,0.004449943546205759,0.0036482305731624365,0.169650137424469,0.16220256686210632,0.14972232282161713,0.028544466942548752,0.026078196242451668,0.022999439388513565,0.018025031313300133,0.015879128128290176,0.013198490254580975,0.11821425706148148,0.11169271916151047,0.10713774710893631,0.09818590432405472,0.09072401374578476,0.01033635251224041,0.0075860098004341125,0.0725027322769165,0.06934276223182678,0.0027400001417845488,0.0037695534992963076,0.004063113126903772,0.00135056022554636,0.015340701676905155,0.009922309778630733,0.0015883082523941994,0.0014081801054999232,0.004802560433745384,0.0013516164617612958,0.00033197691664099693,0.0006421080324798822,0.009257735684514046,0.011435736902058125,0.01229153759777546,0.017585596069693565,0.0,0.009379073046147823,0.0407540462911129,0.043227165937423706,0.0009712175233289599,0.0012047577183693647,0.013034590519964695,0.011437981389462948,0.008209745399653912,0.005090423859655857,0.004938018508255482,0.0037606293335556984,0.003281312296167016,0.0005143113085068762,0.012911041267216206
2003-10-01 02:52:00,0.2191152721643448,0.16927435994148254,0.03789771720767021,0.03462041914463043,0.00017792228027246892,0.03264515846967697,0.02895350195467472,0.0198941882699728,0.004356611520051956,0.003573079127818346,0.16606545448303223,0.15879316627979279,0.14660969376564026,0.02794020250439644,0.025540878996253014,0.022533919662237167,0.017649991437792778,0.015558176673948765,0.012932580895721912,0.11582869291305542,0.10939489305019379,0.10505358874797821,0.09618031978607178,0.08884549140930176,0.010128924623131752,0.007438190281391144,0.07096506655216217,0.06792309135198593,0.0026857280172407627,0.003692665370181203,0.003979776985943317,0.0013211022596806288,0.01505600567907095,0.009725102223455906,0.0015544284833595157,0.0013781832531094551,0.0047102514654397964,0.0013241084525361657,0.0003244280524086207,0.0014092004857957363,0.009069284424185753,0.011201826855540276,0.01203762087970972,0.01722780056297779,0.0,0.009257053956389427,0.039921898394823074,0.04235763102769852,0.0009510862873867154,0.0011804047971963882,0.01276083942502737,0.011201134882867336,0.00803715456277132,0.0049827867187559605,0.004835284315049648,0.0036815020721405745,0.0032143464777618647,0.0005035694339312613,0.012645615264773369
2003-10-01 02:53:00,0.21461324393749237,0.16571250557899475,0.03714006394147873,0.03394090011715889,0.00017354563169647008,0.032014522701501846,0.02839309722185135,0.019526582211256027,0.0042658159509301186,0.003500291844829917,0.16257883608341217,0.15549470484256744,0.14360228180885315,0.0273556150496006,0.025018690153956413,0.022076359018683434,0.0172866377979517,0.015246189199388027,0.012673554942011833,0.11345383524894714,0.10720204561948776,0.10300128161907196,0.09420454502105713,0.08701735734939575,0.009927640669047832,0.007294767070561647,0.06948674470186234,0.06657619029283524,0.002633011434227228,0.0036178918089717627,0.0038987325970083475,0.0012928778305649757,0.014774061739444733,0.009534090757369995,0.001521665370091796,0.0013490737183019519,0.004620162770152092,0.0012973942793905735,0.00031713166390545666,0.001426701433956623,0.008906090632081032,0.010975395329296589,0.011791659519076347,0.016880789771676064,0.0,0.009121047332882881,0.03916746750473976,0.041545476764440536,0.0009314229828305542,0.0011566943721845746,0.01249962393194437,0.010970444418489933,0.007869591936469078,0.004878763109445572,0.004735537804663181,0.0036050849594175816,0.0031497415620833635,0.0004930751165375113,0.012399722822010517
2003-10-01 02:54:00,0.21024106442928314,0.1622483730316162,0.03640390932559967,0.033279769122600555,0.00016929804405663162,0.03139735013246536,0.02784675545990467,0.019164009019732475,0.00417734682559967,0.003428643336519599,0.15919511020183563,0.15229815244674683,0.14066974818706512,0.026790790259838104,0.024523967877030373,0.021628117188811302,0.0169339831918478,0.014942103996872902,0.012420609593391418,0.11115853488445282,0.10508312284946442,0.1009741798043251,0.0922691598534584,0.08525731414556503,0.00973161868751049,0.007153351791203022,0.06806840747594833,0.06526627391576767,0.0025814296677708626,0.0035450183786451817,0.003819890320301056,0.0012657466577365994,0.014494163915514946,0.00934575591236353,0.00147926842328161,0.0013206455623731017,0.004533093888312578,0.0012713159667328,0.0003100493922829628,0.0006113675190135837,0.008720828220248222,0.010758950375020504,0.01155310682952404,0.01654311642050743,0.0,0.008873628452420235,0.03842770308256149,0.04075400158762932,0.0009120977483689785,0.001133542275056243,0.012243781238794327,0.010744469240307808,0.007706481497734785,0.004779573529958725,0.004638278856873512,0.0035310632083564997,0.0030865943990647793,0.00048266921658068895,0.012164494022727013
2003-10-01 02:55:00,0.2059922218322754,0.15888457000255585,0.03568733111023903,0.03263495862483978,0.0001651654893066734,0.030793016776442528,0.02731209620833397,0.018803982064127922,0.004090832080692053,0.003357518231496215,0.15591193735599518,0.1491943746805191,0.13782840967178345,0.026245713233947754,0.02403719164431095,0.021187810227274895,0.01659099943935871,0.014644944109022617,0.012172825634479523,0.10894884169101715,0.10309209674596786,0.09896507859230042,0.0903816968202591,0.08354191482067108,0.009539761580526829,0.007012778427451849,0.06669680029153824,0.0639897957444191,0.0025306791067123413,0.0034737957175821066,0.003735598176717758,0.0012395826634019613,0.014217577874660492,0.00915846973657608,0.0014388681156560779,0.0012927426723763347,0.004448167979717255,0.0012457482516765594,0.0003031490196008235,0.0013188936281949282,0.00854397565126419,0.010548766702413559,0.011322942562401295,0.016222089529037476,0.012999079190194607,0.008609402924776077,0.03769631311297417,0.03997942805290222,0.0008930132025852799,0.0011108629405498505,0.01199426781386137,0.010523180477321148,0.007548315450549126,0.004685115534812212,0.004543347284197807,0.0034588829148560762,0.003024243749678135,0.00047226034803315997,0.011930491775274277
2003-10-01 02:56:00,0.2018619328737259,0.15562036633491516,0.034989673644304276,0.03200548142194748,0.00016115550533868372,0.030209532007575035,0.026788022369146347,0.01844526268541813,0.004006173461675644,0.003288764739409089,0.1527264267206192,0.14618602395057678,0.1350889652967453,0.02571604587137699,0.02356450818479061,0.020757682621479034,0.01625758595764637,0.014354763552546501,0.011931314133107662,0.10681924968957901,0.1011098101735115,0.09697781503200531,0.08854515850543976,0.08187353610992432,0.009352035820484161,0.0068766046315431595,0.06537069380283356,0.06274623423814774,0.0024812158662825823,0.003404271323233843,0.003653810592368245,0.0012142759514972568,0.013944176957011223,0.008975832723081112,0.00140355434268713,0.0012655712198466063,0.004365392494946718,0.0012208273401483893,0.0002964526356663555,0.0013361145975068212,0.008390170522034168,0.010342149995267391,0.011100159958004951,0.015895303338766098,0.012986024841666222,0.008390983566641808,0.03697410970926285,0.039219651371240616,0.0008743664948269725,0.0010886458912864327,0.011751005426049232,0.01031081099063158,0.007395567372441292,0.004591826349496841,0.004451137036085129,0.0033884537406265736,0.0029633447993546724,0.0004620532563421875,0.011698509566485882
2003-10-01 02:57:00,0.19784724712371826,0.1524553894996643,0.03431204706430435,0.031398650258779526,0.00015728265861980617,0.02966313064098358,0.0262728463858366,0.018103865906596184,0.003923983778804541,0.0032238420099020004,0.14963936805725098,0.14327892661094666,0.13244587182998657,0.025205058977007866,0.023111827671527863,0.020338978618383408,0.015934038907289505,0.014072658494114876,0.011697669513523579,0.1047661080956459,0.099147267639637,0.0950232744216919,0.08676331490278244,0.08025684207677841,0.009170076809823513,0.006747812498360872,0.06409190595149994,0.06152963265776634,0.0024336427450180054,0.003336789319291711,0.0035762700717896223,0.0011897512013092637,0.013675088062882423,0.00880140345543623,0.0013721626019105315,0.001239438191987574,0.004285892006009817,0.00119677628390491,0.0002900000545196235,0.0011061488185077906,0.0082058385014534,0.01013964880257845,0.010883219540119171,0.015566536225378513,0.0,0.008301366120576859,0.03626435250043869,0.03847330063581467,0.0008564091986045241,0.0010669766925275326,0.011514699086546898,0.010107690468430519,0.007248112466186285,0.00450056092813611,0.00436226325109601,0.003320821560919285,0.002904977183789015,0.0004522838571574539,0.011470479890704155
2003-10-01 02:58:00,0.19394774734973907,0.14941589534282684,0.033655762672424316,0.030812721699476242,0.00015353246999438852,0.029119540005922318,0.025769319385290146,0.01777637004852295,0.0038443400990217924,0.0031608548015356064,0.1467602252960205,0.14046399295330048,0.1298905611038208,0.024708906188607216,0.022661251947283745,0.01993149146437645,0.01561964862048626,0.013799111358821392,0.01147598959505558,0.10276038944721222,0.09720374643802643,0.09310860931873322,0.08503621816635132,0.07868926227092743,0.00899374857544899,0.006622676737606525,0.06284994632005692,0.060333508998155594,0.002387463580816984,0.0032712349202483892,0.003506411099806428,0.0011659536976367235,0.013410283252596855,0.00863271951675415,0.0013441956834867597,0.0012141119223088026,0.004208658821880817,0.001173642580397427,0.0002837555657606572,0.0012626299867406487,0.008055759593844414,0.009941278025507927,0.010671407915651798,0.015273784287273884,0.0,0.008208854123950005,0.03556622192263603,0.03773992508649826,0.000838982523418963,0.0010458474280312657,0.011270059272646904,0.009911952540278435,0.007104590535163879,0.004411401692777872,0.004276131745427847,0.003255916992202401,0.00284823146648705,0.0004427524108905345,0.011247758753597736
2003-10-01 02:59:00,0.19018635153770447,0.14655572175979614,0.03301906958222389,0.03024151362478733,0.00014989195915404707,0.02858077920973301,0.025278689339756966,0.0174556951969862,0.003766957437619567,0.0030988003127276897,0.14398299157619476,0.13782502710819244,0.12739482522010803,0.024253109470009804,0.022215871140360832,0.01953485980629921,0.01531409565359354,0.01353384181857109,0.011257591657340527,0.10078457742929459,0.09528247267007828,0.09123988449573517,0.0833619236946106,0.07716540992259979,0.008822189643979073,0.006499219220131636,0.06163441017270088,0.059136394411325455,0.00234230887144804,0.003207411151379347,0.0034374750684946775,0.0011428355937823653,0.01315084844827652,0.00846789963543415,0.001317352638579905,0.0011897548101842403,0.004133001901209354,0.0011512583587318659,0.00027768831932917237,0.0,0.007919364608824253,0.009751267731189728,0.010466408915817738,0.014980027452111244,0.0,0.007955006323754787,0.03488336130976677,0.037019725888967514,0.0008219566661864519,0.0010252214269712567,0.011038563214242458,0.009721205569803715,0.006963810883462429,0.004324415232986212,0.004192378371953964,0.003192552365362644,0.0027926720213145018,0.0004332782991696149,0.011030844412744045
2003-10-01 03:00:00,0.18656210601329803,0.1438334733247757,0.032398924231529236,0.02968171425163746,0.00014634960098192096,0.028051067143678665,0.024821840226650238,0.017138386145234108,0.0036914474330842495,0.0030371712055057287,0.14126937091350555,0.13523635268211365,0.12496324628591537,0.023817401379346848,0.021775951609015465,0.019148584455251694,0.015016726218163967,0.013274977914988995,0.011042430996894836,0.0988372266292572,0.09339151531457901,0.0894206315279007,0.08173651248216629,0.07567815482616425,0.008654595352709293,0.0063784862868487835,0.06043117865920067,0.05793258920311928,0.0022979096975177526,0.003145093796774745,0.003370360005646944,0.0011203506728634238,0.012896724976599216,0.008305494673550129,0.001291297608986497,0.0011659187730401754,0.004058447666466236,0.001129243290051818,0.0002717723837122321,0.0011942631099373102,0.007744905538856983,0.009565469808876514,0.010269606485962868,0.014694255776703358,0.0,0.007549002300947905,0.034215047955513,0.03631321340799332,0.0008052298799157143,0.0010050470009446144,0.010816836729645729,0.00953021552413702,0.006825726944953203,0.004239366389811039,0.004107113927602768,0.0031307556200772524,0.002739191288128495,0.0004235013038851321,0.010819392278790474
2003-10-01 03:01:00,0.18306758999824524,0.14115311205387115,0.03179388865828514,0.02913341112434864,0.00014291088155005127,0.027534551918506622,0.02437184564769268,0.01683119684457779,0.0036176647990942,0.0029774911236017942,0.13860386610031128,0.13268838822841644,0.1225777342915535,0.023377634584903717,0.021343758329749107,0.0187735166400671,0.014727357774972916,0.013022171333432198,0.010832322761416435,0.09691993147134781,0.09153787791728973,0.08765257149934769,0.08015576750040054,0.07422138750553131,0.008491193875670433,0.006261067930608988,0.059222571551799774,0.05663187429308891,0.0022546257823705673,0.003084297524765134,0.003304958576336503,0.0010984557447955012,0.012648532167077065,0.008147518150508404,0.0012661331566050649,0.0011426208075135946,0.0039857435040175915,0.0011077175149694085,0.0002659986785147339,0.0012202623765915632,0.00761590339243412,0.009383232332766056,0.010078241117298603,0.014418193139135838,0.0,0.007144550792872906,0.03356293961405754,0.03562083840370178,0.0007889356347732246,0.000985330669209361,0.010601531714200974,0.009344351477921009,0.006691390182822943,0.004155502188950777,0.004025599919259548,0.003070132341235876,0.002677032956853509,0.00041565921856090426,0.01061298232525587
2003-10-01 03:02:00,0.17966854572296143,0.1385037899017334,0.031203975901007652,0.02860132046043873,0.00013958688941784203,0.027031291276216507,0.02393171563744545,0.016539007425308228,0.0035460626240819693,0.002920975908637047,0.13599126040935516,0.13018369674682617,0.12022646516561508,0.022938169538974762,0.02092248760163784,0.018410712480545044,0.014446116052567959,0.012776258401572704,0.010628890246152878,0.09503578394651413,0.08972697705030441,0.08593597263097763,0.07861516624689102,0.0727861076593399,0.00833282433450222,0.006148841697722673,0.05799019709229469,0.055328428745269775,0.0022129444405436516,0.0030252798460423946,0.003243024228140712,0.0010772098321467638,0.012406837195158005,0.00799642689526081,0.001242072437889874,0.0011201197048649192,0.003915760666131973,0.00108686916064471,0.0002578267303761095,0.0011072233319282532,0.0074549042619764805,0.009206500835716724,0.009889678098261356,0.014154791831970215,0.0,0.006833669729530811,0.03293003514409065,0.03494397923350334,0.0007732325466349721,0.00096703419694677,0.010392745956778526,0.009165518917143345,0.006561193615198135,0.004073784686625004,0.003946606069803238,0.0030088124331086874,0.0026289401575922966,0.0004070947179570794,0.010411964729428291
2003-10-01 03:03:00,0.17635372281074524,0.13589997589588165,0.03063230589032173,0.0280909426510334,0.00013636592484544963,0.026540234684944153,0.02350240759551525,0.016254300251603127,0.0034766707103699446,0.0028660765383392572,0.13342824578285217,0.12771756947040558,0.1179097592830658,0.022502223029732704,0.020512765273451805,0.018058598041534424,0.014172300696372986,0.012536916881799698,0.01043111551553011,0.0931880995631218,0.08796189725399017,0.084267757833004,0.07710570096969604,0.07136058062314987,0.008179145865142345,0.00603927206248045,0.056745581328868866,0.054080039262771606,0.0021724537946283817,0.00296793389134109,0.0031829422805458307,0.0010566437849774957,0.012172377668321133,0.007849968038499355,0.0012187870452180505,0.0010982461972162127,0.003847680287435651,0.0010665751760825515,0.0002509163459762931,0.0011734124273061752,0.007331567816436291,0.009033054113388062,0.009704007767140865,0.013912365771830082,0.0,0.006576026324182749,0.032319385558366776,0.034284092485904694,0.0007579479715786874,0.0009490791126154363,0.010190211236476898,0.008991402573883533,0.006436453666538,0.0039939782582223415,0.003869728883728385,0.0029493130277842283,0.0025735115632414818,0.00040690661990083754,0.010216616094112396
2003-10-01 03:04:00,0.17311584949493408,0.1333421915769577,0.030076317489147186,0.02758800983428955,0.0001332374376943335,0.026059435680508614,0.0230831541121006,0.015973327681422234,0.0034092345740646124,0.002811963437125087,0.13091009855270386,0.12528778612613678,0.11563276499509811,0.022072093561291695,0.020114317536354065,0.017715802416205406,0.013905400410294533,0.012304308824241161,0.010244136676192284,0.09137970209121704,0.08624327182769775,0.08264264464378357,0.07561803609132767,0.06994131207466125,0.008031976409256458,0.005930761341005564,0.055509913712739944,0.0529029406607151,0.0021277579944580793,0.0029114929493516684,0.0031239306554198265,0.0010366850765421987,0.011944007128477097,0.007706483360379934,0.0011960531119257212,0.0010768647771328688,0.003781575011089444,0.0010449870023876429,0.0002450014289934188,0.00111304537858814,0.007178724743425846,0.008863645605742931,0.00952156912535429,0.013666781596839428,0.0,0.006361466832458973,0.031728122383356094,0.03364265710115433,0.0007429902325384319,0.0009314506896771491,0.009995133616030216,0.008822408504784107,0.006315101869404316,0.003915793262422085,0.003795338561758399,0.002891983836889267,0.002530132420361042,0.0,0.010026742704212666
2003-10-01 03:05:00,0.1699477583169937,0.130827397108078,0.02953246608376503,0.027092959731817245,0.00013019204197917134,0.02558889053761959,0.022672440856695175,0.015694238245487213,0.003343418473377824,0.0027582128532230854,0.12843336164951324,0.12289538979530334,0.11340060085058212,0.021649256348609924,0.019726425409317017,0.01738128624856472,0.013645362108945847,0.012078848667442799,0.010058583691716194,0.08961236476898193,0.08456936478614807,0.08105352520942688,0.07412858307361603,0.06832236051559448,0.007882300764322281,0.005823033861815929,0.054313432425260544,0.05184255540370941,0.00208543729968369,0.0028476794250309467,0.003064808901399374,0.0010172752663493156,0.011720419861376286,0.0075648133642971516,0.0011737144086509943,0.0010558702051639557,0.00371617847122252,0.0010229868348687887,0.0002394616458332166,0.0005309980479069054,0.007045192644000053,0.00869828276336193,0.009342570789158344,0.013420788571238518,0.0,0.006181944627314806,0.031150205060839653,0.03301889821887016,0.000728284940123558,0.0009141332120634615,0.009806307964026928,0.008655674755573273,0.006195990834385157,0.003839431796222925,0.003722281428053975,0.0028350965585559607,0.002478701528161764,0.0003766797308344394,0.009841861203312874
2003-10-01 03:06:00,0.16684341430664062,0.1283540576696396,0.028999825939536095,0.02660665661096573,0.00012723389954771847,0.0251286793500185,0.022269554436206818,0.015423182398080826,0.00327908992767334,0.0027060864958912134,0.12599746882915497,0.12054521590471268,0.11121757328510284,0.021234797313809395,0.01934904418885708,0.017055608332157135,0.013392428867518902,0.011858610436320305,0.009873430244624615,0.08788644522428513,0.08293558657169342,0.0794844925403595,0.07259605824947357,0.06685889512300491,0.007732799742370844,0.005723011679947376,0.0531846359372139,0.050825051963329315,0.00204522255808115,0.0027881113346666098,0.003005383536219597,0.0009983661584556103,0.011501559987664223,0.00742668192833662,0.0011519574327394366,0.0010321872541680932,0.0036521938163787127,0.0010020674671977758,0.00023424957180395722,0.001094801351428032,0.006920991465449333,0.00853547640144825,0.009167589247226715,0.013177447021007538,0.0,0.006031155586242676,0.03058396279811859,0.032411035150289536,0.0007139408844523132,0.0008971401257440448,0.00962162483483553,0.008494504727423191,0.006080031860619783,0.0037647876888513565,0.003650929545983672,0.0027803576085716486,0.002429494634270668,0.00038957063225097954,0.009661468677222729
2003-10-01 03:07:00,0.16379879415035248,0.12592297792434692,0.028478464111685753,0.026129892095923424,0.00012437162513379008,0.024679208174347878,0.021876446902751923,0.015169454738497734,0.003216609824448824,0.0026566018350422382,0.12360469996929169,0.11824344098567963,0.1090850904583931,0.020829742774367332,0.01898285746574402,0.016739729791879654,0.013146461918950081,0.011643039993941784,0.009692215360701084,0.08620024472475052,0.08133348822593689,0.07792496681213379,0.0710805356502533,0.06546763330698013,0.007592138834297657,0.0056260633282363415,0.05215400457382202,0.04984759911894798,0.00200810213573277,0.0027330906596034765,0.0029466089326888323,0.0009799273684620857,0.011287775821983814,0.007294182665646076,0.0011309983674436808,0.0010103776585310698,0.0035906354896724224,0.000982258701696992,0.00022934739536140114,0.0010164453415200114,0.006787761114537716,0.00836586207151413,0.008994869887828827,0.012938914820551872,0.0,0.005904087796807289,0.03003060258924961,0.03181808441877365,0.0007001060293987393,0.0008805280085653067,0.009441912174224854,0.008338718675076962,0.00596659304574132,0.003692143363878131,0.0035816554445773363,0.0027276610489934683,0.002382599748671055,0.0003633021842688322,0.009485723450779915
2003-10-01 03:08:00,0.16081102192401886,0.1235354095697403,0.027967682108283043,0.02566300705075264,0.00012159578182036057,0.024240707978606224,0.021495964378118515,0.014925390481948853,0.003155998419970274,0.0026084815617650747,0.1212574914097786,0.11599130928516388,0.10700106620788574,0.02043450064957142,0.018627207726240158,0.01643238589167595,0.012906519696116447,0.011432177387177944,0.009516525082290173,0.08454988896846771,0.07975510507822037,0.07637670636177063,0.06960476189851761,0.06415653228759766,0.007456088904291391,0.005530436523258686,0.051184579730033875,0.04890670254826546,0.001972982892766595,0.002681779908016324,0.002889589872211218,0.000961938058026135,0.011078727431595325,0.007165481802076101,0.0011106192832812667,0.0009897251147776842,0.0035305903293192387,0.0009633242734707892,0.00022469027317129076,0.0005137426196597517,0.006669908296316862,0.008203609846532345,0.008821913041174412,0.012703249230980873,0.0,0.005796538200229406,0.029488567262887955,0.031239133328199387,0.000686676474288106,0.0008643007022328675,0.009266935288906097,0.008185667917132378,0.00585534144192934,0.003621480893343687,0.003514358773827553,0.0026769896503537893,0.002339822705835104,0.0003794507647398859,0.009314777329564095
2003-10-01 03:09:00,0.15793681144714355,0.12119552493095398,0.027467234060168266,0.025206413120031357,0.00011889779125340283,0.023813631385564804,0.021126866340637207,0.01468126755207777,0.003097043139860034,0.0025610339362174273,0.11897225677967072,0.11379273980855942,0.10496170073747635,0.02004912495613098,0.018281174823641777,0.01613243855535984,0.01267203502357006,0.011226095259189606,0.009345592930912971,0.082930788397789,0.07819625735282898,0.07484784722328186,0.06819591671228409,0.06290942430496216,0.007323679514229298,0.005435396451503038,0.05024021491408348,0.048002950847148895,0.0019384933402761817,0.002632167423143983,0.002834394108504057,0.0009443805320188403,0.010874120518565178,0.007039228454232216,0.0010906655807048082,0.0009699457441456616,0.00347160454839468,0.0009450797806493938,0.00022022842313162982,0.0010515565518289804,0.0065622772090137005,0.008047916926443577,0.008652767166495323,0.012470131739974022,0.0,0.005705094896256924,0.02895611897110939,0.03067302145063877,0.0006735642091371119,0.0008484434802085161,0.009096256457269192,0.008034782484173775,0.005746180657297373,0.003552804933860898,0.003449179930612445,0.0026275680866092443,0.002303273417055607,0.0,0.009148399345576763
2003-10-01 03:10:00,0.1551644504070282,0.11891535669565201,0.026977159082889557,0.024760456755757332,0.00011626997002167627,0.023397676646709442,0.020766276866197586,0.014436331577599049,0.0030394643545150757,0.002513900864869356,0.11674604564905167,0.11164161562919617,0.10296229273080826,0.01967337727546692,0.017943773418664932,0.015838991850614548,0.01244264654815197,0.0110245943069458,0.00917853508144617,0.08133921027183533,0.07665759325027466,0.07335086166858673,0.06685292720794678,0.061774831265211105,0.007194031961262226,0.005340574309229851,0.0493205189704895,0.04713422805070877,0.0019044734071940184,0.0025839584413915873,0.0027809422463178635,0.0009270774316973984,0.010673812590539455,0.006914476864039898,0.001071025850251317,0.0009508279617875814,0.0034133780281990767,0.0009273812756873667,0.00021592322445940226,0.0010014945873990655,0.006440247409045696,0.007898889482021332,0.008488759398460388,0.01224038191139698,0.0,0.005626976024359465,0.0284322090446949,0.030118510127067566,0.0006607671966776252,0.0008302837377414107,0.008929524570703506,0.007885933853685856,0.005639071576297283,0.003486073110252619,0.0033856648951768875,0.0025793167296797037,0.002260661218315363,0.0003436318365857005,0.00898613128811121
2003-10-01 03:11:00,0.15242913365364075,0.11668501794338226,0.026498230174183846,0.024325406178832054,0.00011371557047823444,0.02299230918288231,0.020412815734744072,0.014196622185409069,0.002983149839565158,0.0024681331124156713,0.11455830931663513,0.10952872782945633,0.10095659643411636,0.01930704154074192,0.017614727839827538,0.015552456490695477,0.012219071388244629,0.010832244530320168,0.009015710093080997,0.07954051345586777,0.0751517117023468,0.0718957781791687,0.06559106707572937,0.06065673008561134,0.0070692142471671104,0.005248050671070814,0.04842238500714302,0.04629821330308914,0.0018712141318246722,0.0025370626244693995,0.0027291171718388796,0.0009096523863263428,0.010478171519935131,0.006792704574763775,0.0010522068478167057,0.0009324127458967268,0.0033564232289791107,0.0009102650219574571,0.00021186142112128437,0.0008759432821534574,0.006324811838567257,0.007759132422506809,0.00833121221512556,0.01201608031988144,0.0,0.005559999030083418,0.0279180109500885,0.029574740678071976,0.0006485191988758743,0.0008121115970425308,0.008766594342887402,0.0077415104024112225,0.005534733645617962,0.0034213268663734198,0.003323821583762765,0.0025325114838778973,0.0022198304068297148,0.0003588433610275388,0.008827545680105686
2003-10-01 03:12:00,0.14973580837249756,0.11449667066335678,0.026031147688627243,0.023901335895061493,0.00011124146840302274,0.022597340866923332,0.020067831501364708,0.01396659854799509,0.0029283950570970774,0.002424586797133088,0.11240697652101517,0.10744123160839081,0.09889023751020432,0.01895013265311718,0.017294535413384438,0.015274064615368843,0.012002764269709587,0.010645902715623379,0.008861266076564789,0.07793040573596954,0.07369250059127808,0.07049757242202759,0.06444311887025833,0.0595623254776001,0.006955537013709545,0.005159454420208931,0.04755152016878128,0.045492514967918396,0.001839082920923829,0.002492930507287383,0.0026789656840264797,0.0008934096549637616,0.01028775330632925,0.006675728131085634,0.0010344951879233122,0.0009148101089522243,0.0033001189585775137,0.0008938219980336726,0.00020805950043722987,0.0,0.0062326970510184765,0.007622006349265575,0.008180428296327591,0.011799315921962261,0.0,0.005502409767359495,0.027416246011853218,0.029041960835456848,0.000636856653727591,0.0007950504077598453,0.008607715368270874,0.007602468598634005,0.005433619488030672,0.0033587052021175623,0.003264287719503045,0.0024887179024517536,0.0021800643298774958,0.0003314698114991188,0.008672921918332577
2003-10-01 03:13:00,0.14708596467971802,0.11234299093484879,0.025578854605555534,0.023506931960582733,0.00010883998038480058,0.022211207076907158,0.019731447100639343,0.013741772621870041,0.002875217469409108,0.0023822011426091194,0.11028166860342026,0.10535575449466705,0.0969124585390091,0.018602412194013596,0.016982832923531532,0.015003330074250698,0.011792918667197227,0.010464668273925781,0.008713234215974808,0.07638170570135117,0.07227370887994766,0.06916091591119766,0.06331482529640198,0.05849776417016983,0.006842274684458971,0.005072854924947023,0.04670806974172592,0.04471411556005478,0.0018082024762406945,0.0024501641746610403,0.002630647039040923,0.0008771167485974729,0.010102431289851665,0.006562002468854189,0.0010171154281124473,0.0008981735445559025,0.0032447155099362135,0.0008786038379184902,0.00020437242346815765,0.0009683603420853615,0.006117760669440031,0.0074885133653879166,0.008034761063754559,0.011589371599256992,0.0,0.005452632438391447,0.02692698873579502,0.02852061204612255,0.0006256263004615903,0.0007789466762915254,0.008453303016722202,0.007466733455657959,0.005335269495844841,0.003299171570688486,0.0032068961299955845,0.0024456242099404335,0.0021418544929474592,0.00032562651904299855,0.008522400632500648
2003-10-01 03:14:00,0.1444992870092392,0.11021865904331207,0.025143783539533615,0.02311822958290577,0.00010650409967638552,0.021832382306456566,0.019402949139475822,0.013519726693630219,0.0028234419878572226,0.002340395702049136,0.10817766189575195,0.10331176966428757,0.0950850322842598,0.018263589590787888,0.01667916774749756,0.014739664271473885,0.01158900000154972,0.010288344696164131,0.008568582125008106,0.07488991320133209,0.07089976221323013,0.06788154691457748,0.06221039593219757,0.05746210739016533,0.006729814223945141,0.00498734787106514,0.0458919033408165,0.04396649822592735,0.0017785861855372787,0.002408383646979928,0.0025839421432465315,0.0008610151708126068,0.009921951219439507,0.006450377404689789,0.0009999886387959123,0.0008821653900668025,0.003190848743543029,0.0008634991245344281,0.00020040280651301146,0.0009344114805571735,0.00600632606074214,0.007358211558312178,0.007893349975347519,0.011385359801352024,0.0,0.005409365985542536,0.026449820026755333,0.028010930866003036,0.000614707067143172,0.0007636553491465747,0.008302535861730576,0.007333919871598482,0.005240109283477068,0.00324358232319355,0.0031509618274867535,0.0024032513611018658,0.0021045466419309378,0.0003198308404535055,0.008375784382224083
2003-10-01 03:15:00,0.14195309579372406,0.10811814665794373,0.02471974864602089,0.022733086720108986,0.00010422752529848367,0.021461399272084236,0.019081177189946175,0.013299177400767803,0.0027728367131203413,0.0022988654673099518,0.10610675811767578,0.10132487118244171,0.09327682107686996,0.017933323979377747,0.016383042559027672,0.01448250375688076,0.01139048207551241,0.010116121731698513,0.008425867184996605,0.07351542264223099,0.06957444548606873,0.06668863445520401,0.06113005056977272,0.05645476654171944,0.00661816168576479,0.004902428016066551,0.045103251934051514,0.04324228689074516,0.0017491386970505118,0.0023674750700592995,0.002538683358579874,0.0008451883331872523,0.009746037423610687,0.006340031046420336,0.0009830574272200465,0.0008663646876811981,0.0031386930495500565,0.0008486296283081174,0.00019642287224996835,0.0008201122982427478,0.005901660304516554,0.0072310920804739,0.007755388040095568,0.011186420917510986,0.0,0.005371530540287495,0.025984026491642,0.02751290425658226,0.0006040057050995529,0.0007490502903237939,0.008155274204909801,0.00720412889495492,0.005147757939994335,0.003188565606251359,0.0030961199663579464,0.002361490624025464,0.002068278845399618,0.0,0.008231950923800468
2003-10-01 03:16:00,0.13944336771965027,0.10605145990848541,0.024304362013936043,0.022352803498506546,0.0001020128620439209,0.021098604425787926,0.018765684217214584,0.0130842300131917,0.002723336685448885,0.00225904886610806,0.10408022999763489,0.09940441697835922,0.09159442037343979,0.017611423507332802,0.016094496473670006,0.014232194051146507,0.011197486892342567,0.009951524436473846,0.0082852179184556,0.07217596471309662,0.06830815225839615,0.06558031588792801,0.06006673350930214,0.05547691881656647,0.006507650949060917,0.004819727502763271,0.04434053599834442,0.04253656044602394,0.0017201544251292944,0.0023273960687220097,0.0024947128258645535,0.0008296897285617888,0.00957395974546671,0.006235453300178051,0.0009664565441198647,0.0008508892497047782,0.0030878817196935415,0.0008340681088156998,0.00019258473184891045,0.00046861672308295965,0.0058027091436088085,0.007107132114470005,0.007620960008352995,0.010992883704602718,0.0,0.0053383102640509605,0.025529924780130386,0.027026431635022163,0.0005935602239333093,0.0007350524538196623,0.00801147986203432,0.007078861352056265,0.00505817960947752,0.0031342788133770227,0.003042439930140972,0.002320484956726432,0.0020275618880987167,0.0003432622761465609,0.00808408111333847
2003-10-01 03:17:00,0.1369732767343521,0.1040319874882698,0.023896943777799606,0.021978573873639107,9.986568329622969e-05,0.020744509994983673,0.018457885831594467,0.012878181412816048,0.0026753488928079605,0.0022213568445295095,0.10211145132780075,0.09756526350975037,0.0899529755115509,0.01729794777929783,0.015814080834388733,0.013989628292620182,0.011011161841452122,0.009791652671992779,0.00814722664654255,0.07086413353681564,0.06711658835411072,0.06449460238218307,0.05902346596121788,0.05452977865934372,0.006399238482117653,0.004740736912935972,0.04360209032893181,0.04184996336698532,0.0016919784247875214,0.0022882691118866205,0.002451931359246373,0.0008145528845489025,0.009405574761331081,0.006139551289379597,0.0009503387263976038,0.0008358927443623543,0.0030387553852051497,0.000819928536657244,0.00018890018691308796,0.0,0.005715343169867992,0.006986761931329966,0.007490477524697781,0.010805330239236355,0.0,0.005309058353304863,0.025088446214795113,0.02655181847512722,0.0005834471667185426,0.0007216009544208646,0.00787142850458622,0.006958390586078167,0.004971344489604235,0.003080932656303048,0.002990113338455558,0.002280232962220907,0.001993043115362525,0.0003039352595806122,0.007941508665680885
2003-10-01 03:18:00,0.13454772531986237,0.1020711213350296,0.02349684201180935,0.021611180156469345,9.777969535207376e-05,0.020399121567606926,0.018157953396439552,0.012676963582634926,0.002628784626722336,0.002184299984946847,0.10020775347948074,0.09579277783632278,0.08834467083215714,0.016992755234241486,0.015541545115411282,0.01375420019030571,0.010830134153366089,0.009633699432015419,0.008011690340936184,0.06960027664899826,0.06597179174423218,0.06342412531375885,0.05800319463014603,0.05361105501651764,0.006293103564530611,0.00466380687430501,0.042885951697826385,0.0411822535097599,0.0016644109273329377,0.0022500299382954836,0.002410267945379019,0.0007997960201464593,0.009240956045687199,0.006044549401849508,0.0009319846867583692,0.0008212729590013623,0.0029909121803939342,0.0008061334956437349,0.00018534404807724059,0.0008983750594779849,0.00561528792604804,0.006868833675980568,0.0073633440770208836,0.010622837580740452,0.0,0.005283127538859844,0.024658378213644028,0.026089074090123177,0.0005735883605666459,0.0007086339173838496,0.007735070306807756,0.006840637419372797,0.004886579234153032,0.0030284998938441277,0.0029389862902462482,0.0022413849364966154,0.0019615867640823126,0.00032071516034193337,0.00780465267598629
2003-10-01 03:19:00,0.13217201828956604,0.10017385333776474,0.02310396544635296,0.02125117927789688,9.574914292898029e-05,0.020062271505594254,0.01786511018872261,0.01247835997492075,0.002583419205620885,0.0021475600078701973,0.09836789965629578,0.09407652169466019,0.08678153157234192,0.016695648431777954,0.015276441350579262,0.013525000773370266,0.01065320335328579,0.009477639570832253,0.007878489792346954,0.06838284432888031,0.06489061564207077,0.06236686185002327,0.05700964108109474,0.05273819342255592,0.006189064122736454,0.0045879678800702095,0.042192280292510986,0.04053293541073799,0.0016373007092624903,0.002212588209658861,0.002369650872424245,0.000785424723289907,0.009080079384148121,0.005949850659817457,0.0009139806497842073,0.0008069485775195062,0.0029441462829709053,0.0007926187827251852,0.0001818954333430156,0.0008731106063351035,0.005518885795027018,0.006753657013177872,0.007239197846502066,0.01044460665434599,0.0,0.005259977653622627,0.02423856034874916,0.025637833401560783,0.0005639197770506144,0.0006960889440961182,0.007604040205478668,0.006724820006638765,0.004803524352610111,0.0029772405978292227,0.002890154253691435,0.002203485695645213,0.0019306183094158769,0.00029431504663079977,0.007672167848795652
2003-10-01 03:20:00,0.12985014915466309,0.09833917766809464,0.022718442603945732,0.020898884162306786,9.376883099321276e-05,0.019733509048819542,0.017578203231096268,0.012281179428100586,0.002539027016609907,0.0021109667140990496,0.09658776223659515,0.09241237491369247,0.0852714478969574,0.016406331211328506,0.015018141828477383,0.013301067054271698,0.010479545220732689,0.009323467500507832,0.007747428026050329,0.06722114235162735,0.06386275589466095,0.06131887063384056,0.05604848265647888,0.05189155787229538,0.006086805369704962,0.004512680694460869,0.04151693359017372,0.03990230709314346,0.0016105353133752942,0.0021758454386144876,0.002330073621124029,0.000771434570197016,0.008922820910811424,0.005855207331478596,0.0008967497851699591,0.0007928564446046948,0.0028979284688830376,0.0007793328841216862,0.00017853705503512174,0.000841196277178824,0.005425587762147188,0.006640811916440725,0.007119268178939819,0.010270425118505955,0.0,0.005239157471805811,0.023827990517020226,0.025197507813572884,0.0005543909501284361,0.0006839062552899122,0.007476682309061289,0.006611910182982683,0.004721915349364281,0.0029270935337990522,0.0028417303692549467,0.002166333608329296,0.0018945621559396386,0.00029316102154552937,0.007543292362242937
2003-10-01 03:21:00,0.1275845319032669,0.09656426310539246,0.022340890020132065,0.02055448107421398,9.184089140035212e-05,0.01941247098147869,0.017296748235821724,0.012088865973055363,0.0024955165572464466,0.0020752737764269114,0.09486420452594757,0.09080161154270172,0.08381900191307068,0.01612456515431404,0.014766375534236431,0.013082282617688179,0.010309482924640179,0.009171542711555958,0.007619004230946302,0.06610327214002609,0.06283873319625854,0.060285020619630814,0.055118296295404434,0.05106284096837044,0.005986349657177925,0.004439281299710274,0.04085924103856087,0.03928937017917633,0.0015843124128878117,0.002139816526323557,0.0022913794964551926,0.0007578145596198738,0.00876938458532095,0.005761881358921528,0.0008802750380709767,0.0007790759555064142,0.0028526417445391417,0.0007663312135264277,0.00017527586896903813,0.0008277939050458372,0.0053338101133704185,0.006530228070914745,0.007001423742622137,0.010100724175572395,0.0,0.005220355931669474,0.023427022621035576,0.024767575785517693,0.0005450521130114794,0.0006720539531670511,0.0073518031276762486,0.006501123774796724,0.004642133601009846,0.0028780216816812754,0.0027942038141191006,0.0021299037616699934,0.0018656823085621,0.00030633967253379524,0.007417500950396061
2003-10-01 03:22:00,0.1253812462091446,0.094880111515522,0.021971847862005234,0.020218055695295334,8.996990800369531e-05,0.019099116325378418,0.01702185533940792,0.011904239654541016,0.0024530822411179543,0.002041112631559372,0.09319668263196945,0.08924618363380432,0.0824178159236908,0.015850258991122246,0.014521362259984016,0.012869845144450665,0.010147024877369404,0.009022445417940617,0.007493865210562944,0.06502339243888855,0.06182193383574486,0.05927035212516785,0.054217446595430374,0.050254084169864655,0.00588829955086112,0.004369027446955442,0.04021960496902466,0.03869340941309929,0.0015588878886774182,0.002104631159454584,0.0022535359021276236,0.0007445545634254813,0.008619943633675575,0.005671300459653139,0.000864593603182584,0.0007657276000827551,0.002808757359161973,0.0007537056808359921,0.00017212539387401193,0.0007854585419408977,0.005245866719633341,0.0064225816167891026,0.006885825656354427,0.009935643523931503,0.0,0.005203340668231249,0.023036735132336617,0.024348054081201553,0.00053597945952788,0.0006605335511267185,0.007229658775031567,0.006393723655492067,0.004564575385302305,0.0028300939593464136,0.0027478141710162163,0.002094580326229334,0.001833374728448689,0.00032155003282241523,0.007294747047126293
2003-10-01 03:23:00,0.1232403814792633,0.09323156625032425,0.021611029282212257,0.019889432936906815,8.81506857695058e-05,0.01879313960671425,0.016753626987338066,0.011723835952579975,0.0024117412976920605,0.002007795264944434,0.09158198535442352,0.08777514845132828,0.08106838911771774,0.015583166852593422,0.014282881282269955,0.012663129717111588,0.009986352175474167,0.008875994011759758,0.007371591869741678,0.06399175524711609,0.060816578567028046,0.05827781558036804,0.05334363505244255,0.049464575946331024,0.00579265458509326,0.004300518427044153,0.03959739953279495,0.03811326250433922,0.0015340674435719848,0.0020702502224594355,0.0022165304981172085,0.0007316438714042306,0.008474172092974186,0.005582633428275585,0.0008495116489939392,0.0007527212146669626,0.002765893004834652,0.0007413887651637197,0.00016906829841900617,0.0007730120560154319,0.005159122869372368,0.006316781975328922,0.006772495806217194,0.009774263948202133,0.0,0.005187824834138155,0.022656166926026344,0.023938853293657303,0.0005271186819300056,0.0006493214750662446,0.007110249251127243,0.006288955919444561,0.004489774350076914,0.0027831813786178827,0.0027024683076888323,0.002059915801510215,0.001805493258871138,0.0002964228915516287,0.007175048813223839
2003-10-01 03:24:00,0.12115705758333206,0.09163468331098557,0.021258192136883736,0.01956840790808201,8.637846622150391e-05,0.01849464699625969,0.01649145409464836,0.01154574565589428,0.0023714108392596245,0.0019754960667341948,0.09004741162061691,0.08641801029443741,0.07975379377603531,0.015323000960052013,0.014050365425646305,0.01246071606874466,0.009827446192502975,0.00873224250972271,0.00725187174975872,0.06297238916158676,0.059820741415023804,0.057309553027153015,0.052494652569293976,0.04869360849261284,0.005699144676327705,0.004232927691191435,0.038991883397102356,0.0375479981303215,0.0015097038121894002,0.0020366038661450148,0.0021803423296660185,0.0007190699107013643,0.008331779390573502,0.005495244171470404,0.0008348843548446894,0.0007399844471365213,0.002723772544413805,0.0007293241797015071,0.00016609005979262292,0.0007078704657033086,0.005076803732663393,0.006213537883013487,0.00666127260774374,0.009615969844162464,0.0,0.005173568148165941,0.022284239530563354,0.0235395859926939,0.0005184237961657345,0.0006383893196471035,0.006993527989834547,0.006186394486576319,0.004416434094309807,0.002737129107117653,0.0026580579578876495,0.002025988884270191,0.0017741862684488297,0.00028782576555386186,0.007058246526867151
2003-10-01 03:25:00,0.11913440376520157,0.09010975807905197,0.020913250744342804,0.019255779683589935,8.464894926873967e-05,0.018208857625722885,0.01623464561998844,0.011368928477168083,0.0023320973850786686,0.001943667302839458,0.0885857567191124,0.08507443964481354,0.07846387475728989,0.015069366432726383,0.013823028653860092,0.01226165983825922,0.009670451283454895,0.00859113223850727,0.0071343788877129555,0.06196459382772446,0.058838363736867905,0.056366823613643646,0.0516684353351593,0.04794047027826309,0.005607416853308678,0.004165793769061565,0.038402292877435684,0.036996856331825256,0.0014856860507279634,0.0020036103669553995,0.0021449376363307238,0.0007068178383633494,0.008192514069378376,0.005408673081547022,0.0008206030470319092,0.0007274943054653704,0.002682212507352233,0.0007174664060585201,0.0001631785708013922,0.0006968573434278369,0.004993977956473827,0.006112842820584774,0.006552435923367739,0.009460419416427612,0.0,0.005160368047654629,0.02191998064517975,0.023156724870204926,0.0005098572000861168,0.0006277066422626376,0.006879325490444899,0.006085109431296587,0.004344124346971512,0.002692003268748522,0.0026148853357881308,0.001992909237742424,0.0017489077290520072,0.0,0.006944071967154741
2003-10-01 03:26:00,0.11691674590110779,0.08865320682525635,0.020576950162649155,0.01895192824304104,8.29638956929557e-05,0.017928391695022583,0.015982121229171753,0.011196319013834,0.0022936465684324503,0.0019123128149658442,0.08717402815818787,0.08374353498220444,0.07719587534666061,0.014821895398199558,0.01360047422349453,0.012066026218235493,0.009515801444649696,0.008452825248241425,0.007019417826086283,0.060969430953264236,0.05787312611937523,0.05545015260577202,0.05086372420191765,0.04720579832792282,0.005517424549907446,0.004100262653082609,0.037829235196113586,0.03647053241729736,0.001462169922888279,0.0019712785724550486,0.0021102773025631905,0.0006948717636987567,0.008056141436100006,0.0053237914107739925,0.0008067303569987416,0.0007157000945881009,0.002641493221744895,0.0007061238866299391,0.00016034113650675863,0.0006857822882011533,0.004913399927318096,0.006014249287545681,0.006446302868425846,0.009308218955993652,0.0,0.005148112308233976,0.02157403528690338,0.022815072908997536,0.0005014623166061938,0.000617261859588325,0.006767485290765762,0.005986334290355444,0.004273295868188143,0.002648049034178257,0.002572747180238366,0.001960338559001684,0.0017190349753946066,0.0002785148099064827,0.006832276936620474
2003-10-01 03:27:00,0.11453171819448471,0.0872621163725853,0.020249569788575172,0.018655775114893913,8.132711809594184e-05,0.017652790993452072,0.01573490910232067,0.011030360125005245,0.002256144070997834,0.0018820847617462277,0.08579470962285995,0.08242620527744293,0.07594923675060272,0.014580356888473034,0.013382764533162117,0.011874311603605747,0.009363971650600433,0.008317709900438786,0.006907457020133734,0.059988606721162796,0.05692794546484947,0.054559700191020966,0.05008022114634514,0.04649117588996887,0.005429632030427456,0.004037419334053993,0.037275657057762146,0.035969328135252,0.0014393647434189916,0.0019397122086957097,0.0020763517823070288,0.000683219579514116,0.007921405136585236,0.005241663195192814,0.0007933559245429933,0.0007041807984933257,0.0026020093355327845,0.0006952321855351329,0.00015759035886731,0.0006749703898094594,0.004835240542888641,0.005917735397815704,0.0063463496044278145,0.009160895831882954,0.0,0.005136728752404451,0.0212475024163723,0.02247350662946701,0.0004933028249070048,0.0006070671952329576,0.0066581303253769875,0.005890672095119953,0.0042042722925543785,0.0026052382308989763,0.002531412523239851,0.0019284173613414168,0.001690641394816339,0.0002706285158637911,0.00672294432297349
2003-10-01 03:28:00,0.1123548373579979,0.08590549230575562,0.01993035525083542,0.018366346135735512,7.973432366270572e-05,0.01738196797668934,0.015493643470108509,0.010889838449656963,0.002219568705186248,0.0018524914048612118,0.08443821966648102,0.08112341165542603,0.07472415268421173,0.014344373717904091,0.013169471174478531,0.01168618630617857,0.009217212907969952,0.00818563625216484,0.006798076443374157,0.059023965150117874,0.05600479245185852,0.05369478836655617,0.049317143857479095,0.04579640552401543,0.00534400437027216,0.003976077772676945,0.03674192726612091,0.035484980791807175,0.0014171010116115212,0.0019088737899437547,0.0020432029850780964,0.0006718507502228022,0.007787948939949274,0.005161484703421593,0.0007803624612279236,0.0006928799557499588,0.002563657471910119,0.0006845351890660822,0.00015491321391891688,0.0006643515080213547,0.00475931353867054,0.00582340732216835,0.006246709264814854,0.009017561562359333,0.0,0.005126079078763723,0.020922698080539703,0.022136297076940536,0.0004853350401390344,0.0005971122300252318,0.006551234982907772,0.005796894431114197,0.004136749543249607,0.0025633838959038258,0.0024908396881073713,0.0018971747485920787,0.001663398346863687,0.00026871971203945577,0.006616130471229553
2003-10-01 03:29:00,0.11033257097005844,0.08456882834434509,0.019618529826402664,0.0180829931050539,7.818153244443238e-05,0.017116351053118706,0.015264373272657394,0.010709350928664207,0.002183816861361265,0.0018232424044981599,0.08310137689113617,0.07983679324388504,0.07352151721715927,0.014113573357462883,0.012960384599864483,0.011502612382173538,0.009075802750885487,0.008056176826357841,0.006690979469567537,0.058077242225408554,0.055104829370975494,0.052854448556900024,0.048573851585388184,0.04512140899896622,0.0052602896466851234,0.003915530629456043,0.03622976318001747,0.035012826323509216,0.0013952488079667091,0.0018787005683407187,0.002012019045650959,0.0006607543909922242,0.007656469009816647,0.005082642659544945,0.0007676612003706396,0.0006817544344812632,0.0025262446142733097,0.0006739997770637274,0.00015229870041366667,0.0006539133610203862,0.004686280153691769,0.005731295328587294,0.006148334126919508,0.00887702964246273,0.0,0.005116047337651253,0.02059817686676979,0.021802227944135666,0.00047752104001119733,0.0005873808404430747,0.006440202705562115,0.005704737734049559,0.004070513416081667,0.0025223619304597378,0.0024510184302926064,0.001866837264969945,0.001637045294046402,0.0002614566474221647,0.0065117087215185165
2003-10-01 03:30:00,0.10842682421207428,0.08324768394231796,0.019313491880893707,0.01780572347342968,7.666515011806041e-05,0.0168586578220129,0.015048782341182232,0.010547376237809658,0.002148758852854371,0.0017941740807145834,0.08178357779979706,0.07856819778680801,0.0723424106836319,0.013887676410377026,0.012755520641803741,0.011323007754981518,0.008935866877436638,0.007929197512567043,0.006585874129086733,0.05714988708496094,0.05422854796051979,0.05203762650489807,0.04784995689988136,0.04446638748049736,0.005178168416023254,0.0038553799968212843,0.03573529049754143,0.03454634174704552,0.0013737102271988988,0.0018491193186491728,0.0019808816723525524,0.0006499190931208432,0.007527409121394157,0.005004688166081905,0.0007551847957074642,0.0006707699503749609,0.002489156322553754,0.0006635987665504217,0.00014973754878155887,0.0006436283001676202,0.004617227707058191,0.005641839001327753,0.006051645614206791,0.008738777600228786,0.0,0.00510653480887413,0.02027532272040844,0.02147071436047554,0.0004698291886597872,0.0005778535269200802,0.006332346238195896,0.00561512541025877,0.004008191172033548,0.0024819565005600452,0.002411961555480957,0.001837461837567389,0.0016111964359879494,0.00025615550111979246,0.0064094760455191135
2003-10-01 03:31:00,0.10661052167415619,0.08194953948259354,0.019015401601791382,0.017535239458084106,7.518667553085834e-05,0.016608742997050285,0.014833632856607437,0.010377791710197926,0.002114345086738467,0.0017657841090112925,0.08053231984376907,0.07731848210096359,0.07118827104568481,0.013666568323969841,0.012554948218166828,0.011147089302539825,0.008797823451459408,0.007804814260452986,0.006483004428446293,0.05624302104115486,0.05337600037455559,0.05124353617429733,0.047145601361989975,0.04383077472448349,0.005097589455544949,0.0037966109812259674,0.03525284305214882,0.034084104001522064,0.0013526186812669039,0.0018201336497440934,0.0019502387149259448,0.0006393329822458327,0.0074012670665979385,0.004928319714963436,0.0007430140394717455,0.0006599865155294538,0.002452708315104246,0.0006533848936669528,0.0001472364237997681,0.0006334636127576232,0.004548999946564436,0.005554946605116129,0.0059571778401732445,0.008603311143815517,0.0,0.005097507499158382,0.01995587721467018,0.021141741424798965,0.00046229438157752156,0.0005685247015208006,0.006227879785001278,0.005528579466044903,0.003946417942643166,0.0024422246497124434,0.002374011091887951,0.0018092767568305135,0.0015860642306506634,0.00026371050626039505,0.00630925502628088
2003-10-01 03:32:00,0.10487312078475952,0.08070903271436691,0.01872493140399456,0.01727401092648506,7.374931738013402e-05,0.016382673755288124,0.014618718065321445,0.010235365480184555,0.0020817166659981012,0.0017385154496878386,0.07931473106145859,0.07608309388160706,0.07006070017814636,0.013450268656015396,0.012358888983726501,0.010975020937621593,0.008662106469273567,0.007683330215513706,0.006382756866514683,0.05535741522908211,0.05254701152443886,0.05047173053026199,0.04646112397313118,0.0432148315012455,0.0050189378671348095,0.0037401625886559486,0.03478042036294937,0.03362715244293213,0.001332176267169416,0.001791877206414938,0.001920125214383006,0.0006289875018410385,0.007278441917151213,0.004854410886764526,0.0007312266388908029,0.0006495054694823921,0.002417267533019185,0.0006434210226871073,0.00014480632671620697,0.0006234543980099261,0.004481895826756954,0.005470301955938339,0.005865126382559538,0.008471263572573662,0.0,0.005088955629616976,0.019641872495412827,0.0208158977329731,0.00045496842358261347,0.0005594072863459587,0.006126698572188616,0.005444306880235672,0.003885552054271102,0.0024031498469412327,0.002334839664399624,0.0017816632753238082,0.0015619880286976695,0.0002619548758957535,0.006211139727383852
2003-10-01 03:33:00,0.10320454835891724,0.07948622107505798,0.018443411216139793,0.01702384650707245,7.234947406686842e-05,0.016158832237124443,0.014405208639800549,0.010088478215038776,0.002051378134638071,0.0017118353862315416,0.07809209823608398,0.0748683363199234,0.06896017491817474,0.013238640502095222,0.012167012318968773,0.010806268081068993,0.00852877926081419,0.007564624305814505,0.006284767296165228,0.054493505507707596,0.05174117162823677,0.04972149059176445,0.045796532183885574,0.04261916130781174,0.004942178260535002,0.0036850208416581154,0.03431596979498863,0.033176057040691376,0.0013121995143592358,0.0017642599996179342,0.0018905727192759514,0.0006188753759488463,0.007158876396715641,0.004782259464263916,0.000719732663128525,0.0006392546347342432,0.0023829052224755287,0.0006336618098430336,0.00014243698387872428,0.0006135805160738528,0.004415855742990971,0.005389821249991655,0.005775765981525183,0.008342261426150799,0.0,0.005080804694443941,0.019333764910697937,0.020493874326348305,0.00044781461474485695,0.0005504947039298713,0.006028501316905022,0.005361075047403574,0.003825413528829813,0.0023646303452551365,0.0022974470630288124,0.001754684722982347,0.0015384603757411242,0.0,0.006115230731666088
2003-10-01 03:34:00,0.10158982127904892,0.07826752215623856,0.01817101426422596,0.01678166165947914,7.098381320247427e-05,0.015935510396957397,0.01419419888406992,0.009943480603396893,0.002021250082179904,0.0016854734858497977,0.07687404751777649,0.07367903739213943,0.06788644194602966,0.013031482696533203,0.0119789345189929,0.010640470311045647,0.008397871628403664,0.0074485065415501595,0.006188768427819014,0.05365145951509476,0.05095794424414635,0.04899216070771217,0.04515068978071213,0.042035866528749466,0.004867091309279203,0.0036305768880993128,0.033858370035886765,0.03273135796189308,0.001292578992433846,0.0017372240545228124,0.001861589029431343,0.0006089892704039812,0.0070424689911305904,0.004711323883384466,0.0007084658718667924,0.0006291890167631209,0.0023490148596465588,0.0006240729708224535,0.00014011964958626777,0.0006038353312760592,0.004350799601525068,0.00531028350815177,0.005689038895070553,0.008216209709644318,0.0,0.0050729913637042046,0.019031718373298645,0.020176252350211143,0.0004408008244354278,0.000541775138117373,0.005932928528636694,0.005278569180518389,0.0037659681402146816,0.0023268635850399733,0.0022614572662860155,0.001728104893118143,0.0015124848578125238,0.00028456959989853203,0.006021478679031134
2003-10-01 03:35:00,0.10002060234546661,0.07705552875995636,0.017926465719938278,0.016544731333851814,6.964932981645688e-05,0.015712644904851913,0.013985775411128998,0.009799524210393429,0.0019913394935429096,0.0016592942411080003,0.07567232847213745,0.07251842319965363,0.06683899462223053,0.012828548438847065,0.011794369667768478,0.01047896035015583,0.008269398473203182,0.007334760390222073,0.006094501353800297,0.05283123999834061,0.05019669234752655,0.04828285053372383,0.04452136904001236,0.04146330803632736,0.00479340273886919,0.0035764845088124275,0.03340715542435646,0.03229350969195366,0.0012732318136841059,0.001710706390440464,0.0018331677420064807,0.0005993210361339152,0.006929079070687294,0.004641201347112656,0.0006973756244406104,0.0006192729924805462,0.0023154611699283123,0.000614626333117485,0.00013784687325824052,0.0005941990530118346,0.0042866491712629795,0.005232051480561495,0.005604306235909462,0.008092830888926983,0.0,0.005065462086349726,0.0187357347458601,0.019863473251461983,0.000433899782365188,0.0005332336877472699,0.005839656572788954,0.005196744110435247,0.003707255469635129,0.002289996249601245,0.002226470969617367,0.0017017576610669494,0.0014896284556016326,0.00023453710309695452,0.005929739214479923
2003-10-01 03:36:00,0.09849700331687927,0.075904980301857,0.01768067292869091,0.016311122104525566,6.834728264948353e-05,0.015490607358515263,0.013780160807073116,0.00965886004269123,0.001961690140888095,0.0016337207052856684,0.07451284676790237,0.07139068096876144,0.06581730395555496,0.012629818171262741,0.011614360846579075,0.010323329828679562,0.00814334861934185,0.0072233788669109344,0.006002173293381929,0.05203263834118843,0.049456700682640076,0.04759259894490242,0.043906908482313156,0.04090126231312752,0.0047210645861923695,0.0035235933028161526,0.032962504774332047,0.031863097101449966,0.0012542682234197855,0.0016847084043547511,0.0018052939558401704,0.0005898624658584595,0.006818750873208046,0.00457247206941247,0.0006865242030471563,0.0006095514982007444,0.002282483968883753,0.0006053553079254925,0.0001356244320049882,0.0005847254651598632,0.004223434254527092,0.005155063699930906,0.005521366372704506,0.007972358725965023,0.0,0.0050582136027514935,0.018446290865540504,0.019555911421775818,0.0004271395446266979,0.0005248665111139417,0.005748474504798651,0.005116722546517849,0.0036496534012258053,0.002254118211567402,0.002192320069298148,0.0016757930861786008,0.0014649684308096766,0.0002790486323647201,0.005839865654706955
2003-10-01 03:37:00,0.09701384603977203,0.07475431263446808,0.017435932531952858,0.01608038693666458,6.708041473757476e-05,0.015270067378878593,0.013578382320702076,0.009523337706923485,0.0019324736203998327,0.0016091344878077507,0.07336771488189697,0.07028967142105103,0.06482139974832535,0.012435538694262505,0.011438938789069653,0.010169921442866325,0.008019820787012577,0.007114563137292862,0.0059121339581906796,0.05125533044338226,0.04873719811439514,0.04692051559686661,0.043306395411491394,0.04035007953643799,0.004650529474020004,0.00347391446121037,0.03252480924129486,0.03144080191850662,0.0012358404928818345,0.0016592988977208734,0.001777967787347734,0.0005806074477732182,0.006711533758789301,0.004505873657763004,0.0006759906536899507,0.0006000946741551161,0.0022503898944705725,0.0005963149596937001,0.000133461770019494,0.0006152953719720244,0.004160159733146429,0.00507905101403594,0.005440075881779194,0.00785503163933754,0.0,0.005051259882748127,0.018164215609431267,0.019254088401794434,0.00042056251550093293,0.0005166843766346574,0.005659417249262333,0.005039028357714415,0.003593438072130084,0.0022192636970430613,0.002159013645723462,0.0016503019724041224,0.0014438725775107741,0.00022787794296164066,0.005751921329647303
2003-10-01 03:38:00,0.09556163847446442,0.07361374795436859,0.017192872241139412,0.015852246433496475,6.584567745449021e-05,0.015051542781293392,0.013381077907979488,0.009396782144904137,0.0019037554739043117,0.0015851276693865657,0.07224091142416,0.06921592354774475,0.06385092437267303,0.012245619669556618,0.011267309077084064,0.01001869235187769,0.007898813113570213,0.007008189335465431,0.005824175663292408,0.050498805940151215,0.04803726077079773,0.04626533389091492,0.04271851107478142,0.0398087352514267,0.004581877496093512,0.003425063332542777,0.032094087451696396,0.031026819720864296,0.0012178259203210473,0.0016344488831236959,0.0017511920304968953,0.0005715510342270136,0.006607151590287685,0.004440804943442345,0.0006657047779299319,0.0005908528692089021,0.0022189575247466564,0.000587468093726784,0.00013135114568285644,0.000604563276283443,0.004099871031939983,0.005004116799682379,0.005360058043152094,0.007740194909274578,0.0,0.0050445543602108955,0.017889060080051422,0.018958376720547676,0.0004141376994084567,0.0005086818709969521,0.0055729602463543415,0.00496281310915947,0.003538442077115178,0.0021853651851415634,0.0021269661374390125,0.0016255375230684876,0.001421238062903285,0.00027383564156480134,0.005665968172252178
2003-10-01 03:39:00,0.09413613379001617,0.07248955965042114,0.016952618956565857,0.01563243940472603,6.464026955654845e-05,0.014835975132882595,0.013189470395445824,0.009273075498640537,0.0018755218479782343,0.0015614521689713001,0.07113613933324814,0.0681697204709053,0.06290674954652786,0.012059813365340233,0.011099006049335003,0.0098720109090209,0.0077802506275475025,0.006904107518494129,0.0057380907237529755,0.049768827855587006,0.04735558107495308,0.045625753700733185,0.04214204102754593,0.03927648067474365,0.004514758940786123,0.003376452252268791,0.03167053312063217,0.030622003600001335,0.0012001291615888476,0.0016101117944344878,0.0017256233841180801,0.0005626878701150417,0.006514694541692734,0.0043768007308244705,0.0006556122098118067,0.0005817851051688194,0.0021880194544792175,0.0005787829868495464,0.0001292848028242588,0.0005944119766354561,0.0040404703468084335,0.004930706229060888,0.005281222518533468,0.007636030670255423,0.0,0.005038059316575527,0.01762237399816513,0.018669040873646736,0.00040783785516396165,0.0005008493317291141,0.005490004550665617,0.004887768998742104,0.0034845927730202675,0.0021524732001125813,0.0020955181680619717,0.0016011036932468414,0.0014016693457961082,0.0002220370079157874,0.005581873934715986
2003-10-01 03:40:00,0.09273618459701538,0.07138608396053314,0.01671706885099411,0.015416436828672886,6.346164445858449e-05,0.014623169787228107,0.013002516701817513,0.009147108532488346,0.0018477236153557897,0.0015379628166556358,0.07005568593740463,0.06715137511491776,0.061989426612854004,0.011877993121743202,0.01093485951423645,0.00972981471568346,0.00766384182497859,0.0068021477200090885,0.0056536076590418816,0.04905720055103302,0.046690814197063446,0.04500054195523262,0.04157593473792076,0.038752831518650055,0.004448852501809597,0.003327934304252267,0.031254496425390244,0.030226316303014755,0.0011826774571090937,0.0015862336149439216,0.0017010958399623632,0.0005540120764635503,0.0064253974705934525,0.004313515033572912,0.0006456709234043956,0.0005728586693294346,0.0021574513521045446,0.0005702334456145763,0.00012725649867206812,0.0006055120611563325,0.003981283400207758,0.0048584057949483395,0.005203429143875837,0.007532662712037563,0.0,0.005031741689890623,0.017366942018270493,0.01838715560734272,0.0004016395832877606,0.0004931744188070297,0.005407937336713076,0.004813844338059425,0.0034318184480071068,0.0021203476935625076,0.002064453437924385,0.0015771705657243729,0.0013795583508908749,0.00024439088883809745,0.005499653052538633
2003-10-01 03:41:00,0.09136185050010681,0.07030633836984634,0.016485091298818588,0.015201283618807793,6.23109081061557e-05,0.014413520693778992,0.012819327414035797,0.00902198813855648,0.001820349832996726,0.0015150058316066861,0.06900109350681305,0.06616096198558807,0.06109572574496269,0.011700218543410301,0.010774406604468822,0.00958886370062828,0.007549752946943045,0.006702306680381298,0.005570847541093826,0.048362188041210175,0.04604209586977959,0.04438868537545204,0.0410197377204895,0.03823832795023918,0.004384078551083803,0.0032803055364638567,0.03084658645093441,0.02984013967216015,0.0011655644048005342,0.0015633291332051158,0.0016768276691436768,0.000545517192222178,0.006337704136967659,0.004251436330378056,0.0006359342951327562,0.0005641095922328532,0.0021262471564114094,0.0005618459545075893,0.0001252711663255468,0.0005948814214207232,0.003924205899238586,0.004788310267031193,0.005126968026161194,0.007428295444697142,0.0,0.005025609862059355,0.017120007425546646,0.018113361671566963,0.00039556584670208395,0.00048565369797870517,0.005327334627509117,0.004741882439702749,0.0033802955877035856,0.002088923007249832,0.0020338904578238726,0.0015537344152107835,0.001359922462143004,0.0002661871840246022,0.005419193301349878
2003-10-01 03:42:00,0.09001362323760986,0.06925226002931595,0.016256067901849747,0.014987717382609844,6.119105819379911e-05,0.014207602478563786,0.012640036642551422,0.008900103159248829,0.0017935060895979404,0.0014929029857739806,0.06797327101230621,0.0651979148387909,0.06022355705499649,0.011526424437761307,0.010617255233228207,0.009449911303818226,0.007438185624778271,0.0066047292202711105,0.005490052048116922,0.047683440148830414,0.04540855810046196,0.043789464980363846,0.040473610162734985,0.03773390129208565,0.004320697858929634,0.0032343182247132063,0.030447451397776604,0.029464058578014374,0.001148988027125597,0.001540999161079526,0.0016529823187738657,0.0005371987936086953,0.006251288577914238,0.004191194195300341,0.0006264702533371747,0.000555595790501684,0.0020958781242370605,0.0005536662065424025,0.00012333682388998568,0.0005849240114912391,0.003867664374411106,0.0047197649255394936,0.00505237327888608,0.007324413396418095,0.0,0.005019684322178364,0.016879979521036148,0.0178475733846426,0.0003896516573149711,0.0004782958421856165,0.005248332396149635,0.004672307055443525,0.003330458886921406,0.002060867613181472,0.002003980567678809,0.001530882203951478,0.001342752599157393,0.0,0.005340483505278826
2003-10-01 03:43:00,0.08869195729494095,0.06822460889816284,0.01602959632873535,0.014776347205042839,6.010676224832423e-05,0.01400561723858118,0.012464494444429874,0.00878013763576746,0.0017672162503004074,0.0014713037526234984,0.06697211414575577,0.06426017731428146,0.05937142297625542,0.011356360279023647,0.010463555343449116,0.009313058108091354,0.007329056039452553,0.006509265396744013,0.005410929210484028,0.04702044278383255,0.044789280742406845,0.04320206865668297,0.039937324821949005,0.037239208817481995,0.004258683882653713,0.00318929529748857,0.03005729243159294,0.02909795753657818,0.0011332720750942826,0.001519096433185041,0.0016295412788167596,0.0005290529225021601,0.006165856495499611,0.004132278263568878,0.0006172201246954501,0.0005472741322591901,0.0020664571784436703,0.0005456614308059216,0.00012144658103352413,0.0005874729249626398,0.0038121091201901436,0.004651748109608889,0.00497928261756897,0.007221445441246033,0.0,0.0050139338709414005,0.016645174473524094,0.017589246854186058,0.0003838710254058242,0.00047109610750339925,0.00517099117860198,0.004604620393365622,0.0032822913490235806,0.0020328143145889044,0.0019747111946344376,0.0015086090425029397,0.0013232986675575376,0.0,0.005263518076390028
2003-10-01 03:44:00,0.08739762753248215,0.06722576171159744,0.015805630013346672,0.014567683450877666,5.905636498937383e-05,0.013807614333927631,0.012292314320802689,0.0086613018065691,0.0017414437606930733,0.0014499934623017907,0.06599652022123337,0.06334570795297623,0.05853845551609993,0.01119047962129116,0.01031614188104868,0.009178283624351025,0.007222249172627926,0.006415737327188253,0.00533330999314785,0.04637257382273674,0.04418336600065231,0.042625799775123596,0.039410658180713654,0.03675401210784912,0.004198148846626282,0.0031473308335989714,0.029676232486963272,0.028741752728819847,0.0011175813851878047,0.0014975967351347208,0.0016065078089013696,0.0005210755043663085,0.006081277038902044,0.0040742927230894566,0.0006081383908167481,0.0005391088197939098,0.0020377349574118853,0.0005378035129979253,0.00011959446419496089,0.0005773818120360374,0.003757632104679942,0.004584979265928268,0.004907458554953337,0.0071195391938090324,0.0,0.005008331034332514,0.016414428129792213,0.017337607219815254,0.00037820078432559967,0.00046404622844420373,0.005095304921269417,0.004538414068520069,0.003235324053093791,0.002004757523536682,0.0019460381008684635,0.0014869369333609939,0.001304075587540865,0.0002113613300025463,0.005188205279409885
2003-10-01 03:45:00,0.08613058179616928,0.06625045090913773,0.015584303997457027,0.014362099580466747,5.803645035484806e-05,0.013613494113087654,0.01212300918996334,0.008543132804334164,0.0017161272699013352,0.001428845222108066,0.06504537165164948,0.06245284155011177,0.0577242337167263,0.011028559878468513,0.010169942863285542,0.009045415557920933,0.007117641158401966,0.00632399320602417,0.005257194396108389,0.04573915898799896,0.04358996823430061,0.04206008091568947,0.0388934351503849,0.03627835214138031,0.004139080177992582,0.003104835283011198,0.029306773096323013,0.028414025902748108,0.0011020320234820247,0.0014764446532353759,0.0015838737599551678,0.0005132617661729455,0.005997507832944393,0.00401694281026721,0.000599189312197268,0.00053107098210603,0.002009849762544036,0.0005300690536387265,0.00011777538020396605,0.0,0.003704141126945615,0.0045191142708063126,0.0048368447460234165,0.007018759846687317,0.0,0.005002852529287338,0.016186943277716637,0.01709182932972908,0.00037265633000060916,0.00045713703730143607,0.005021207965910435,0.004473294131457806,0.003189230337738991,0.0019767903722822666,0.0019179496448487043,0.001465691952034831,0.0012853897642344236,0.00020999062689952552,0.00511440122500062
2003-10-01 03:46:00,0.08489036560058594,0.06529886275529861,0.015366009436547756,0.01415988989174366,5.704682553187013e-05,0.013423172757029533,0.01195637695491314,0.008427264168858528,0.0016912417486310005,0.0014081558911129832,0.0641176775097847,0.06158069893717766,0.05692818760871887,0.010869926773011684,0.01002522837370634,0.008914872072637081,0.007015252020210028,0.006234077736735344,0.005182772874832153,0.045119509100914,0.043008361011743546,0.041504621505737305,0.038385968655347824,0.03581354022026062,0.004081151448190212,0.0030625215731561184,0.028949283063411713,0.02808338776230812,0.0010867167729884386,0.001455638324841857,0.0015616253949701786,0.0005056072841398418,0.005914705339819193,0.003960666246712208,0.0005904181161895394,0.0005231905379332602,0.001982590649276972,0.0005224800552241504,0.00011599349090829492,0.0,0.0036518678534775972,0.004454293753951788,0.004767376929521561,0.006919491570442915,0.0,0.0049975099973380566,0.015962688252329826,0.016851194202899933,0.00036725885001942515,0.00045037551899440587,0.004948634188622236,0.0044097877107560635,0.003144047223031521,0.0019490618724375963,0.0018905425677075982,0.00144482112955302,0.0012671819422394037,0.00020894102635793388,0.005042322911322117
2003-10-01 03:47:00,0.083676777780056,0.06437064707279205,0.015151137486100197,0.01396126113831997,5.60883927391842e-05,0.013236665166914463,0.01179286278784275,0.00831515435129404,0.0016668634489178658,0.001388205331750214,0.06321252137422562,0.06072884425520897,0.056149423122406006,0.010714692994952202,0.009886810556054115,0.008786972612142563,0.006915153935551643,0.006146160885691643,0.00511020515114069,0.04451296478509903,0.04243800416588783,0.040959469974040985,0.03788908198475838,0.03536064177751541,0.004024440422654152,0.003021249547600746,0.028610028326511383,0.027756227180361748,0.0010717626428231597,0.001435226877219975,0.0015397586394101381,0.0004981097881682217,0.005833310075104237,0.0039059275295585394,0.0005818831850774586,0.0005155166145414114,0.0019560656510293484,0.0005150753422640264,0.00011425563570810482,0.00029649349744431674,0.00359252723865211,0.004390770103782415,0.004699189215898514,0.006822122726589441,0.0,0.0049923257902264595,0.015742158517241478,0.01661529392004013,0.0003619913768488914,0.0004437669995240867,0.0048776413314044476,0.004348237533122301,0.0031003104522824287,0.0019217883236706257,0.0018640701891854405,0.001424405723810196,0.001249590888619423,0.00020822655642405152,0.004974795039743185
2003-10-01 03:48:00,0.0824894830584526,0.06346479803323746,0.014939737506210804,0.013766268268227577,5.5158117902465165e-05,0.013053837232291698,0.011632530950009823,0.008205277845263481,0.0016430034302175045,0.001368694007396698,0.06232881546020508,0.05989595130085945,0.05538720637559891,0.010563223622739315,0.009750055149197578,0.00866147130727768,0.006817230023443699,0.006060135085135698,0.005039160139858723,0.04391889646649361,0.04187847673892975,0.040424782782793045,0.03740901127457619,0.034947287291288376,0.003968855831772089,0.0029806052334606647,0.028299639001488686,0.027431616559624672,0.0010570933809503913,0.0014151947107166052,0.001518273027613759,0.0004907668335363269,0.005753475707024336,0.003852195106446743,0.0005735350423492491,0.0005080121336504817,0.0019300903659313917,0.000507826276589185,0.0001125560374930501,0.00029163958970457315,0.0035429545678198338,0.0043281326070427895,0.004632149823009968,0.006726421415805817,0.0,0.004987275693565607,0.015525189228355885,0.016383832320570946,0.0003568327520042658,0.00043730391189455986,0.004808241967111826,0.004288176074624062,0.0030575620476156473,0.0018949207151308656,0.0018380158580839634,0.0014044250128790736,0.0012324670096859336,0.0,0.004908435512334108
2003-10-01 03:49:00,0.08132798969745636,0.06258031725883484,0.014731847681105137,0.013574909418821335,5.4253290727501735e-05,0.012874549254775047,0.011475157923996449,0.008096721023321152,0.0016196237411350012,0.001349436934106052,0.06146610528230667,0.059088122099637985,0.05464313179254532,0.010414764285087585,0.009614416398108006,0.008538356050848961,0.006721355952322483,0.005975842475891113,0.004969394765794277,0.04333677515387535,0.041329726576805115,0.03990274667739868,0.03695109859108925,0.034531593322753906,0.003914249129593372,0.002940321108326316,0.02798859402537346,0.027110643684864044,0.001042647985741496,0.0013955143513157964,0.00149716401938349,0.0004835750150959939,0.005675089545547962,0.003799199126660824,0.0005653347470797598,0.0005008291336707771,0.0019045253284275532,0.0005007084109820426,0.00011088967585237697,0.0004774934786837548,0.003491514828056097,0.004266900476068258,0.004566289018839598,0.0066322037018835545,0.0,0.00498233875259757,0.0153115913271904,0.01615654118359089,0.00035176429082639515,0.0004309765645302832,0.004740355536341667,0.004228868521749973,0.0030152953695505857,0.001868431456387043,0.0018123434856534004,0.0013846677029505372,0.0012160753831267357,0.0,0.004842856898903847
2003-10-01 03:50:00,0.08019181340932846,0.061717402189970016,0.01452748291194439,0.013387133367359638,5.337148468242958e-05,0.012698616832494736,0.011320387944579124,0.007988945581018925,0.001596666406840086,0.0013303236337378621,0.06062590330839157,0.058301061391830444,0.05391349643468857,0.010271803475916386,0.00948020163923502,0.008417556993663311,0.00662739435210824,0.00589310796931386,0.004900705069303513,0.042766276746988297,0.04079228267073631,0.03939428925514221,0.0365043468773365,0.034124936908483505,0.0038604578003287315,0.0029002351220697165,0.027677999809384346,0.026794468984007835,0.0010283786104992032,0.0013761535519734025,0.0014764220686629415,0.0004765523481182754,0.005598041228950024,0.0037467360962182283,0.0005572519148699939,0.0004937037592753768,0.001879324670881033,0.0004938995116390288,0.00010925221431534737,0.0004706572217401117,0.0034447500947862864,0.004206910729408264,0.004502531141042709,0.006539445370435715,0.0,0.004977497272193432,0.015101158060133457,0.015933174639940262,0.00034675744245760143,0.00042512943036854267,0.004673874471336603,0.004170059692114592,0.002973467344418168,0.0018423069268465042,0.001787022571079433,0.0013652306515723467,0.0011974605731666088,0.00024410529294982553,0.004778057802468538
2003-10-01 03:51:00,0.07908075302839279,0.06087617576122284,0.014326791279017925,0.013202904723584652,5.251287802821025e-05,0.01252592820674181,0.011168079450726509,0.007883314043283463,0.0015741054667159915,0.001311610103584826,0.059806205332279205,0.05752803385257721,0.053200751543045044,0.010139149613678455,0.009347539395093918,0.008299247361719608,0.006535330321639776,0.005811966490000486,0.0048342132940888405,0.04220733046531677,0.040266670286655426,0.03889914229512215,0.03606783598661423,0.03372631594538689,0.0038123708218336105,0.00286082667298615,0.027368558570742607,0.026483897119760513,0.001014354289509356,0.001357116736471653,0.0014560354175046086,0.0004697111726272851,0.005522397346794605,0.0036952111404389143,0.0005493249627761543,0.0004866914532613009,0.0018546143546700478,0.0004871400014963001,0.00010764720354927704,0.0004941057995893061,0.003397921100258827,0.004148254171013832,0.004440742544829845,0.006448853295296431,0.0,0.004972763825207949,0.014894210733473301,0.015713555738329887,0.0003418185515329242,0.00041933724423870444,0.004609604366123676,0.004113361705094576,0.002932218136265874,0.001816591597162187,0.0017620963044464588,0.001346083590760827,0.001180335064418614,0.00023107539163902402,0.004714034963399172
2003-10-01 03:52:00,0.07807045429944992,0.06005377322435379,0.014129905961453915,0.013022186234593391,5.167851850274019e-05,0.012356492690742016,0.01101863756775856,0.007781068794429302,0.0015520021552219987,0.0012935398845002055,0.05900506302714348,0.056771036237478256,0.05252940207719803,0.010005966760218143,0.009216779842972755,0.008183680474758148,0.006445258390158415,0.005732974503189325,0.004771050531417131,0.04168988764286041,0.039752036333084106,0.03841746971011162,0.03565727919340134,0.03333507478237152,0.003764872904866934,0.0028225318528711796,0.027061179280281067,0.026179682463407516,0.0010006771190091968,0.0013384484918788075,0.001436001155525446,0.0004630338225979358,0.005448244512081146,0.0036451206542551517,0.0005416039493866265,0.0004798390727955848,0.0018305229023098946,0.0004805224889423698,0.00010608047159621492,0.0004869643016718328,0.0033531622029840946,0.004090848844498396,0.004379691556096077,0.006360467988997698,0.0,0.00496815936639905,0.014691408723592758,0.015497734770178795,0.00033697852632030845,0.0004136109782848507,0.004546928685158491,0.004058337304741144,0.0028916052542626858,0.001791347749531269,0.0017376517644152045,0.0013273678487166762,0.001165403169579804,0.0,0.004650890827178955
2003-10-01 03:53:00,0.07705099135637283,0.05924944207072258,0.013936677947640419,0.0128448735922575,5.086617238703184e-05,0.012190207839012146,0.010872120968997478,0.007680843584239483,0.0015303631080314517,0.0012758561642840505,0.058223187923431396,0.05604036524891853,0.0518876388669014,0.009873028844594955,0.009088209830224514,0.008070660755038261,0.006357195787131786,0.005656232591718435,0.004709646571427584,0.041161827743053436,0.03924896568059921,0.037953127175569534,0.03526731953024864,0.032950036227703094,0.003717313287779689,0.002784946234896779,0.026756491512060165,0.02588168904185295,0.000987274688668549,0.0013209072640165687,0.0014163758605718613,0.0004565065319184214,0.005375464912503958,0.003596103750169277,0.0005340469069778919,0.0004731196095235646,0.0018068980425596237,0.0004740264266729355,0.0001045471362886019,0.0004964011022821069,0.0033088652417063713,0.004034507554024458,0.004319524858146906,0.0062738144770264626,0.0,0.004963664337992668,0.01449253223836422,0.015285772271454334,0.0003322246775496751,0.00040795450331643224,0.004485436715185642,0.004003332927823067,0.0028515667654573917,0.0017665625782683492,0.0017136656679213047,0.0013090295251458883,0.001148823881521821,0.00023721903562545776,0.0045887199230492115
2003-10-01 03:54:00,0.07604356110095978,0.05846524238586426,0.013746972195804119,0.012670867145061493,5.007382787880488e-05,0.01202697865664959,0.01072833500802517,0.007581817917525768,0.0015091542154550552,0.0012583985226228833,0.05746244266629219,0.05533041059970856,0.0512387752532959,0.009740825742483139,0.008961962535977364,0.007960028946399689,0.006271140184253454,0.0055814869701862335,0.004649157170206308,0.04064243659377098,0.03875996917486191,0.03750485181808472,0.03487837687134743,0.03257042169570923,0.0036698218900710344,0.0027478092815726995,0.026455046609044075,0.02558964490890503,0.0009740889654494822,0.0013036924647167325,0.0013972449814900756,0.0004501178045757115,0.005303946323692799,0.00354787171818316,0.0005266205407679081,0.0004665101005230099,0.0017836240585893393,0.00046763368300162256,0.0001030429411912337,0.0004996649804525077,0.0032660479191690683,0.0039792596362531185,0.004260276909917593,0.0061886063776910305,0.0,0.004959261976182461,0.01429725345224142,0.01507763471454382,0.0003275452181696892,0.000402368837967515,0.004424938466399908,0.00394847895950079,0.0028121506329625845,0.0017422186210751534,0.001690130797214806,0.0012910051736980677,0.0011333904694765806,0.00021321063104551286,0.004527543671429157
2003-10-01 03:55:00,0.07505100220441818,0.057701725512742996,0.013560671359300613,0.012500064447522163,4.929966962663457e-05,0.011866673827171326,0.010586966760456562,0.0074835047125816345,0.001488324487581849,0.001241070101968944,0.05672149732708931,0.054633986204862595,0.05059223249554634,0.009609744884073734,0.008838077075779438,0.007851650007069111,0.0061870152130723,0.0055083781480789185,0.004589160904288292,0.040133558213710785,0.038285546004772186,0.03706980496644974,0.03449088707566261,0.03219574689865112,0.0036224585492163897,0.0027109545189887285,0.026157274842262268,0.02530323527753353,0.0009610925917513669,0.0012866108445450664,0.0013785430928692222,0.0004438578034751117,0.00523358816280961,0.003500202903524041,0.000519298599101603,0.00045999165740795434,0.0017606145702302456,0.00046132903662510216,0.00010156419011764228,0.0,0.0032241155859082937,0.003925287164747715,0.004202050622552633,0.006104678381234407,0.0,0.004954937845468521,0.014105229638516903,0.014873209409415722,0.00032292952528223395,0.0003968531091231853,0.004365340806543827,0.0038941188249737024,0.0027733356691896915,0.0017182928277179599,0.0016669797478243709,0.0012733577750623226,0.0011177199194207788,0.00023276095453184098,0.004467330407351255
2003-10-01 03:56:00,0.07407523691654205,0.05695777013897896,0.01337780524045229,0.012332404032349586,4.854402504861355e-05,0.011709224432706833,0.010447883978486061,0.007387102581560612,0.0014678502921015024,0.0012240922078490257,0.05599771440029144,0.05394907295703888,0.04996412247419357,0.009480126202106476,0.00871666893362999,0.007745631504803896,0.0061047873459756374,0.005436677951365709,0.004529713653028011,0.03963613137602806,0.0378253273665905,0.03664805740118027,0.03410527855157852,0.03182623162865639,0.0035753538832068443,0.0026748268865048885,0.025863677263259888,0.02502228505909443,0.000948936038184911,0.0012697594938799739,0.0013602185063064098,0.00043771808850578964,0.0051644244231283665,0.0034534158185124397,0.0005121137946844101,0.0004535864864010364,0.0017379983328282833,0.00045512919314205647,0.00010011390986619517,0.00026397520559839904,0.00317625910975039,0.003872314700856805,0.00414491631090641,0.006022246554493904,0.0,0.004950703587383032,0.013916533440351486,0.014672367833554745,0.0003183934895787388,0.0003914106928277761,0.004306614864617586,0.0038409014232456684,0.0027352652978152037,0.0016948041738942266,0.0016442419728264213,0.0012562008341774344,0.0011028983863070607,0.00021803218987770379,0.004408041015267372
2003-10-01 03:57:00,0.07311736047267914,0.05623149126768112,0.013198420405387878,0.01216784305870533,4.780792005476542e-05,0.011554661206901073,0.010311426594853401,0.007293707691133022,0.0014477827353402972,0.001207677647471428,0.05528942123055458,0.05327749624848366,0.04934609308838844,0.009352288208901882,0.008597932755947113,0.007642142008990049,0.006024419330060482,0.005366318393498659,0.004471031483262777,0.039151474833488464,0.03738835081458092,0.03627326712012291,0.03372127190232277,0.03146244212985039,0.0035287844948470592,0.0026398857589811087,0.025574669241905212,0.024746734648942947,0.0009369573672302067,0.001253233291208744,0.0013422536430880427,0.00043169251875951886,0.005096513777971268,0.003407919779419899,0.0005051094340160489,0.0004473324806895107,0.0017159462440758944,0.0004490644496399909,9.869707719190046e-05,0.0004300244036130607,0.0031333426013588905,0.0038202935829758644,0.004088893998414278,0.005941556766629219,0.0,0.00494657875970006,0.013731532730162144,0.014475120231509209,0.0003139599284622818,0.0003860508440993726,0.004248837940394878,0.0037891212850809097,0.002698041032999754,0.0016718049300834537,0.0016221414553001523,0.0012398554245010018,0.001088217948563397,0.0,0.004349728114902973
2003-10-01 03:58:00,0.07217772305011749,0.05552113056182861,0.013022342696785927,0.012006291188299656,4.7089644795050845e-05,0.011402913369238377,0.010177633725106716,0.007202114909887314,0.0014281265903264284,0.001191604882478714,0.05459541827440262,0.05261724814772606,0.04873616620898247,0.009226425550878048,0.008481808938086033,0.007540942635387182,0.005945712327957153,0.005297104828059673,0.004413012880831957,0.03868246078491211,0.036972783505916595,0.03589856997132301,0.033337682485580444,0.031104130670428276,0.00348283676430583,0.0026056915521621704,0.02529032528400421,0.02447632886469364,0.0009251143201254308,0.0012369987089186907,0.0013246370945125818,0.00042577629210427403,0.005029769614338875,0.0033633869607001543,0.0004982496611773968,0.0004412045527715236,0.001694321632385254,0.00044311551027931273,9.730955207487568e-05,0.0004656848614104092,0.0030931392684578896,0.003765249392017722,0.004033737815916538,0.005862379912286997,0.0,0.004942546598613262,0.013549965806305408,0.014281452633440495,0.00030961533775553107,0.00038077481440268457,0.0041920337826013565,0.003738270839676261,0.0026615350507199764,0.0016493013827130198,0.0016005916986614466,0.0012236477341502905,0.0010712334187701344,0.00022568269923795015,0.004292440600693226
2003-10-01 03:59:00,0.07125617563724518,0.05482519045472145,0.012849431484937668,0.011847668327391148,4.6387638576561585e-05,0.011253910139203072,0.01004632655531168,0.00711159547790885,0.0014088525203987956,0.0011757342144846916,0.05391441285610199,0.05196767300367355,0.04813942685723305,0.009102663956582546,0.008368173614144325,0.00744179543107748,0.0058684758841991425,0.005228877998888493,0.004355619661509991,0.03822946920990944,0.03657148405909538,0.03552331030368805,0.03295568376779556,0.03075108863413334,0.0034375046379864216,0.0025719539262354374,0.025010665878653526,0.0242108553647995,0.0009133804705925286,0.001221022685058415,0.0013073537265881896,0.00041996524669229984,0.004964104387909174,0.0033195565920323133,0.0004915057797916234,0.0004351811658125371,0.0016730249626562,0.00043726537842303514,9.594768926035613e-05,0.0,0.0030553643591701984,0.0037095306906849146,0.003977293148636818,0.005784119479358196,0.0,0.0049385931342840195,0.013371502980589867,0.014091277495026588,0.00030534729012288153,0.0003755816724151373,0.004136175382882357,0.0036881507840007544,0.0026256742421537638,0.0016272719949483871,0.0015794768696650863,0.0012076663551852107,0.001059150556102395,0.0002322388900211081,0.004236168228089809
2003-10-01 04:00:00,0.07035224139690399,0.05414240062236786,0.01267956756055355,0.011691893450915813,4.5700493501499295e-05,0.011107542552053928,0.009917219169437885,0.007021717727184296,0.0013899164041504264,0.0011599804274737835,0.053245604038238525,0.05132964253425598,0.04755854606628418,0.008981059305369854,0.008256865665316582,0.007344477344304323,0.005792535375803709,0.005161513574421406,0.004298821557313204,0.03779151290655136,0.036180391907691956,0.03514677286148071,0.032576318830251694,0.03040316142141819,0.0033927359618246555,0.0025384884793311357,0.024735674262046814,0.023950107395648956,0.0009017345728352666,0.0012052743695676327,0.0012903852621093392,0.0004142555990256369,0.0048994035460054874,0.0032762279734015465,0.0004848549433518201,0.0004292447410989553,0.0016519823111593723,0.000431499705882743,9.460833098273724e-05,0.0002525493036955595,0.003012361703440547,0.003656424582004547,0.003920847550034523,0.0057061947882175446,0.0,0.0049347057938575745,0.013195659033954144,0.01390442717820406,0.00030114463879726827,0.0003704686532728374,0.004081221297383308,0.003638666355982423,0.0025904045905917883,0.0016056796303018928,0.0015587345696985722,0.0011921337572857738,0.0010465498780831695,0.00023364252410829067,0.004180863033980131
2003-10-01 04:01:00,0.06946536153554916,0.053472135215997696,0.012512771412730217,0.011538921855390072,4.502857700572349e-05,0.01096375659108162,0.009790188632905483,0.006933541502803564,0.0013712974032387137,0.0011445353738963604,0.05258898064494133,0.05070482939481735,0.046994298696517944,0.008861660957336426,0.008147823624312878,0.007248991169035435,0.005717838183045387,0.005095025524497032,0.004242804832756519,0.03736693784594536,0.03579621762037277,0.03476892039179802,0.0322006456553936,0.030060645192861557,0.00334855611436069,0.002505666809156537,0.02446545660495758,0.023693973198533058,0.0008902366971597075,0.0011897522490471601,0.0012737129582092166,0.0004086438857484609,0.004835676867514849,0.0032336744479835033,0.0004783253534696996,0.0004234132939018309,0.0016312910011038184,0.0004258320259395987,9.329405293101445e-05,0.00040930818067863584,0.0029740820173174143,0.003605434438213706,0.0038653777446597815,0.005628934595733881,0.0,0.004930895287543535,0.01302231103181839,0.013720685616135597,0.0002970192290376872,0.00036543680471368134,0.004027148708701134,0.0035902762319892645,0.002555845770984888,0.0015845410525798798,0.0015384297585114837,0.001176738296635449,0.0010331303346902132,0.0,0.004126470070332289
2003-10-01 04:02:00,0.06859505921602249,0.05281442031264305,0.012349080294370651,0.011388690210878849,4.403149432619102e-05,0.010822566226124763,0.009665523655712605,0.006848040968179703,0.0013530387077480555,0.0011295857839286327,0.051945190876722336,0.0500948503613472,0.04644601047039032,0.00874452292919159,0.008041086606681347,0.007155426312237978,0.005644388031214476,0.0050295391120016575,0.004187792539596558,0.03695380687713623,0.03541646897792816,0.03439025208353996,0.03182974085211754,0.029724065214395523,0.003305133432149887,0.0024738837964832783,0.0242002010345459,0.023444246500730515,0.0008789696730673313,0.0011744851944968104,0.0012573256390169263,0.0004033216100651771,0.004772993735969067,0.003192250384017825,0.00047195449587889016,0.00041771866381168365,0.0016111013246700168,0.0004202878335490823,9.20091406442225e-05,0.00044237429392524064,0.0029384796507656574,0.003556255716830492,0.0038113698828965425,0.005552872084081173,0.0,0.0049271793104708195,0.012851725332438946,0.013539951294660568,0.0002929890470113605,0.0003604921221267432,0.00397401861846447,0.0035432165022939444,0.002522087190300226,0.00156386976595968,0.0015185114461928606,0.0011615254916250706,0.0010183838894590735,0.0,0.004073018673807383
2003-10-01 04:03:00,0.06774097681045532,0.052169591188430786,0.012188316322863102,0.011241039261221886,4.296186671126634e-05,0.010683886706829071,0.009543251246213913,0.00676414929330349,0.0013351443922147155,0.0011149394558742642,0.051314957439899445,0.04950007423758507,0.045912280678749084,0.008629623800516129,0.007936500012874603,0.007063552737236023,0.00557208526879549,0.004965026862919331,0.004133677575737238,0.03655247390270233,0.035065267235040665,0.03401023894548416,0.03146425262093544,0.029393231496214867,0.003262484446167946,0.0024427506141364574,0.023940272629261017,0.023200305178761482,0.0008678895537741482,0.0011594642419368029,0.0012412157375365496,0.00039826208376325667,0.004711349029093981,0.0031516707967966795,0.0004657115205191076,0.0004121385281905532,0.0015912937233224511,0.00041484981193207204,9.07500580069609e-05,0.0,0.0029067578725516796,0.0035089771263301373,0.003758913604542613,0.005478115286678076,0.0,0.004923543427139521,0.012683748267591,0.01336213294416666,0.0002890414325520396,0.00035563402343541384,0.003921843599528074,0.0034970317501574755,0.0024890033528208733,0.001543607679195702,0.001498905592598021,0.001146389520727098,0.0010049345437437296,0.0003086566284764558,0.004020534921437502
2003-10-01 04:04:00,0.06690292060375214,0.051538173109292984,0.01203033234924078,0.011095933616161346,4.1974260966526344e-05,0.010547670535743237,0.009423211216926575,0.006681221071630716,0.0013175893109291792,0.0011004745028913021,0.05069882422685623,0.04892044886946678,0.04539341852068901,0.008516905829310417,0.007833888754248619,0.006973175331950188,0.005500852130353451,0.004901447799056768,0.004080386366695166,0.03616459295153618,0.034713130444288254,0.03362829238176346,0.03110474720597267,0.029067998751997948,0.003220555605366826,0.0024120102170854807,0.023685356602072716,0.022959284484386444,0.0008569599594920874,0.0011446737917140126,0.0012253746390342712,0.0003932459803763777,0.004650724120438099,0.0031117084436118603,0.0004595716018229723,0.00040665376582182944,0.0015717761125415564,0.0004095026233699173,8.951366908149794e-05,0.00039449261385016143,0.0028671156615018845,0.0034637630451470613,0.0037082014605402946,0.005404773633927107,0.0,0.004919975530356169,0.012518290430307388,0.013187131844460964,0.00028516477323137224,0.00035086009302176535,0.003870592685416341,0.0034515270963311195,0.0024565067142248154,0.001523696701042354,0.001479649101383984,0.0011314330622553825,0.000989366788417101,0.0002172686654375866,0.003968994133174419
2003-10-01 04:05:00,0.06608081609010696,0.05092066898941994,0.011875024996697903,0.010953345336019993,4.10569082305301e-05,0.010413835756480694,0.009305151179432869,0.006598870735615492,0.0013003352796658874,0.0010861156042665243,0.050097476691007614,0.04836919531226158,0.044888559728860855,0.008406286127865314,0.007733074948191643,0.006884134840220213,0.005430624820291996,0.0048387544229626656,0.004027846269309521,0.035785723477602005,0.03435605391860008,0.03324619308114052,0.030751587823033333,0.028748158365488052,0.0031792635563760996,0.0023814996238797903,0.023434948176145554,0.02272133156657219,0.000846151786390692,0.0011300956830382347,0.0012097926810383797,0.0003882774035446346,0.004591105040162802,0.0030721877701580524,0.0004535149782896042,0.0004012485733255744,0.0015524794580414891,0.0004042333166580647,8.82972453837283e-05,0.00042555714026093483,0.002834783401340246,0.003419659798964858,0.0036591733805835247,0.005332954227924347,0.0,0.004916464444249868,0.012355322949588299,0.013014859519898891,0.0002813486789818853,0.00034616663469932973,0.0038211182691156864,0.003406590549275279,0.002424533711746335,0.0015041723381727934,0.0014609145000576973,0.0011166917392984033,0.0009779079118743539,0.00025496710441075265,0.0039183469489216805
2003-10-01 04:06:00,0.0652749165892601,0.05032040551304817,0.011722424067556858,0.010813265107572079,4.020121195935644e-05,0.01028233952820301,0.009188957512378693,0.0065180398523807526,0.0012833640212193131,0.0010720296995714307,0.04952148348093033,0.047865137457847595,0.044392168521881104,0.008297697640955448,0.007633995730429888,0.006796486675739288,0.0053614345379173756,0.004776989575475454,0.003976176492869854,0.03541248291730881,0.03399459645152092,0.03286562114953995,0.03040507063269615,0.028433823958039284,0.003138600615784526,0.002351547824218869,0.023188859224319458,0.022487027570605278,0.0008355090976692736,0.0011157335247844458,0.0011944593861699104,0.00038335961289703846,0.004532568622380495,0.003033348126336932,0.00044756586430594325,0.0003959381429012865,0.001533924019895494,0.000399053271394223,8.71030060807243e-05,0.0,0.0028036192525178194,0.0033790043089538813,0.0036121620796620846,0.00526296766474843,0.0,0.004913019947707653,0.012195141054689884,0.012845278717577457,0.0002776025503408164,0.00034155332832597196,0.003772447817027569,0.0033626053482294083,0.002393189584836364,0.0014850088628008962,0.0014422929380089045,0.0011022218968719244,0.0009671388543210924,0.0003592470020521432,0.0038685398176312447
2003-10-01 04:07:00,0.06448672711849213,0.04974344000220299,0.01157258078455925,0.010675688274204731,3.9401857065968215e-05,0.010153204202651978,0.009074877947568893,0.006439595017582178,0.0012667126720771194,0.001058381050825119,0.048970162868499756,0.04736270383000374,0.04390297085046768,0.008191108703613281,0.007536693941801786,0.006710369139909744,0.005293349269777536,0.0047162724658846855,0.003925534430891275,0.03504253178834915,0.03362976759672165,0.032488178461790085,0.030065901577472687,0.028132323175668716,0.003098691115155816,0.0023225059267133474,0.02294749580323696,0.022256402298808098,0.0008250980754382908,0.0011016152566298842,0.001179370447061956,0.0003784958680626005,0.004475204274058342,0.0029955010395497084,0.00044176308438181877,0.0003907497157342732,0.001515686046332121,0.0003939843154512346,8.593465463491157e-05,0.00037920832983218133,0.002764945849776268,0.0033384887501597404,0.0035670087672770023,0.00519518181681633,0.0,0.0049096583388745785,0.012038270942866802,0.012678501196205616,0.00027394131757318974,0.0003370240156073123,0.003724520094692707,0.0033197938464581966,0.0023625402245670557,0.001466188463382423,0.0014239411102607846,0.0010880492627620697,0.0009532510302960873,0.00023123859136831015,0.0038195925299078226
2003-10-01 04:08:00,0.06371787935495377,0.049188341945409775,0.01142538245767355,0.010540563613176346,3.865108374156989e-05,0.010026369243860245,0.008962931111454964,0.006362591404467821,0.0012503847246989608,0.0010450024856254458,0.04843597114086151,0.04686165973544121,0.043420009315013885,0.00808644201606512,0.00744106387719512,0.0066256411373615265,0.005226327572017908,0.004656575620174408,0.003875795751810074,0.03467437997460365,0.03326287120580673,0.03211531043052673,0.029735906049609184,0.02784010022878647,0.0030595308635383844,0.002294034231454134,0.022709744051098824,0.02202940359711647,0.0008148749475367367,0.0010877337772399187,0.0011645241174846888,0.0003736890503205359,0.004418970551341772,0.002958409022539854,0.00043642049422487617,0.00038568797754123807,0.0014977165265008807,0.0003890111402142793,8.478914242004976e-05,0.0004085462132934481,0.002733350032940507,0.0032981988042593002,0.003523143008351326,0.005129374563694,0.0,0.004906366113573313,0.011884712614119053,0.01251465268433094,0.00027035371749661863,0.000332577241351828,0.0036773765459656715,0.0032777448650449514,0.0023324599023908377,0.0014476596843451262,0.0014058268861845136,0.0010740425204858184,0.000942285405471921,0.0003017622802872211,0.0037715479265898466
2003-10-01 04:09:00,0.06296883523464203,0.04865038022398949,0.011280737817287445,0.010407837107777596,3.794212534558028e-05,0.009901770390570164,0.008852972649037838,0.006286454387009144,0.0012343584094196558,0.0010317870182916522,0.04791329428553581,0.04636184498667717,0.0429440438747406,0.007983614690601826,0.007346992380917072,0.00654218764975667,0.005160334520041943,0.004597850143909454,0.003826870582997799,0.03431828320026398,0.032896336168050766,0.031748317182064056,0.029414353892207146,0.027550309896469116,0.003021059324964881,0.0022659068927168846,0.022475088015198708,0.0218061376363039,0.0008048036252148449,0.0010740759316831827,0.0011499167885631323,0.00036894140066578984,0.004363818094134331,0.0029218741692602634,0.0004310794756747782,0.0003809108166024089,0.0014799537602812052,0.0003841201832983643,8.366376277990639e-05,0.00022805939079262316,0.0026979066897183657,0.003258404089137912,0.0034818649291992188,0.005065448582172394,0.0,0.004903133492916822,0.01173437014222145,0.012353811413049698,0.00026682947645895183,0.0003282100078649819,0.0036309980787336826,0.0032362716738134623,0.002302861539646983,0.0014293870190158486,0.001387965283356607,0.001060397713445127,0.0009294312912970781,0.00020789841073565185,0.0037244053091853857
2003-10-01 04:10:00,0.06223881617188454,0.0481247641146183,0.01113856676965952,0.01027745008468628,3.726926661329344e-05,0.009779315441846848,0.008744779042899609,0.0062108393758535385,0.0012186006642878056,0.0010186679428443313,0.047398462891578674,0.045864395797252655,0.04247806966304779,0.007882538251578808,0.0072543686255812645,0.006459915079176426,0.005095332860946655,0.0045400382950901985,0.003778675338253379,0.03396454453468323,0.03253011032938957,0.031388059258461,0.02909993939101696,0.027263054624199867,0.002983192214742303,0.002237980952486396,0.02224370650947094,0.02158667892217636,0.0007948550628498197,0.0010606248397380114,0.0011355432216078043,0.00036425451980903745,0.004309711512178183,0.002885735360905528,0.0004257652326487005,0.00037616692134179175,0.001462350133806467,0.0003792999777942896,8.25561728561297e-05,0.0003863777092192322,0.002665300387889147,0.0032189807388931513,0.003441071603447199,0.005003414582461119,0.0,0.004899950232356787,0.011587182059884071,0.01219601184129715,0.00026335931033827364,0.00032391841523349285,0.0035853497684001923,0.0031952711287885904,0.0022736806422472,0.0014113554498180747,0.0013703933218494058,0.0010470672277733684,0.0009186263778246939,0.0003385765303391963,0.0036781057715415955
2003-10-01 04:11:00,0.061526305973529816,0.047607991844415665,0.010998891666531563,0.010149362497031689,3.6629058740800247e-05,0.009658931754529476,0.008637979626655579,0.006136584561318159,0.0012030958896502852,0.0010057911276817322,0.04688963666558266,0.04537072777748108,0.042018044739961624,0.00778315169736743,0.007163182366639376,0.0063789100386202335,0.005031358450651169,0.004483160097151995,0.003731299890205264,0.03360876068472862,0.03216537460684776,0.031035182997584343,0.02879171073436737,0.02697881869971752,0.002945914398878813,0.0022105476818978786,0.022015882655978203,0.021371155977249146,0.0007850652327761054,0.001047382946126163,0.001121396548114717,0.0003596294845920056,0.004256661515682936,0.0028501993510872126,0.0004205057630315423,0.00037147352122701705,0.0014449976151809096,0.0003747208684217185,8.150822395691648e-05,0.000399908545659855,0.0026354363653808832,0.0031800339929759502,0.003400376532226801,0.0049428618513047695,0.0,0.004896826110780239,0.011443238705396652,0.012041285634040833,0.0002599510771688074,0.0003197014448232949,0.0035404071677476168,0.0031550766434520483,0.002244999399408698,0.0013936009490862489,0.0013531435979530215,0.0010339111322537065,0.0009061279706656933,0.00023044554109219462,0.003632591338828206
2003-10-01 04:12:00,0.06082955747842789,0.047097984701395035,0.010861811228096485,0.010025345720350742,3.602014112402685e-05,0.009540557861328125,0.00853298045694828,0.006064463872462511,0.0011878755176439881,0.0009933015098795295,0.04638606309890747,0.04488128423690796,0.041561078280210495,0.0076854354701936245,0.007073512300848961,0.006299319677054882,0.004968471359461546,0.004427302163094282,0.003684863680973649,0.03325193375349045,0.031803764402866364,0.0306900292634964,0.028489084914326668,0.02669823355972767,0.0029091688338667154,0.0021839216351509094,0.021791882812976837,0.02115972340106964,0.0007754902471788228,0.001034372835420072,0.0011074749054387212,0.00035506748827174306,0.004204660188406706,0.0028155373875051737,0.0004153353802394122,0.0003668586432468146,0.0014280193718150258,0.00037026917561888695,8.050383621593937e-05,0.00021998411102686077,0.002601373940706253,0.00314194499514997,0.00335999159142375,0.004883628338575363,0.0,0.004893774166703224,0.011302666738629341,0.01188971009105444,0.00025661755353212357,0.0003155618906021118,0.003496206598356366,0.0031158707570284605,0.0022168862633407116,0.001376153901219368,0.001336216228082776,0.0010210719192400575,0.0008972340147010982,0.0,0.0035878673661500216
2003-10-01 04:13:00,0.060146987438201904,0.04659347981214523,0.010728396475315094,0.009906054474413395,3.5438628401607275e-05,0.009423772804439068,0.008429943583905697,0.0059936377219855785,0.0011729429243132472,0.0009810531046241522,0.04588724300265312,0.04439551383256912,0.04110601544380188,0.007589338812977076,0.006985303945839405,0.006221039220690727,0.004906629212200642,0.004372408147901297,0.0036391227040439844,0.032895177602767944,0.03144659474492073,0.030352555215358734,0.028191447257995605,0.02642134577035904,0.0028729410842061043,0.0021578141022473574,0.021571766585111618,0.020952356979250908,0.0007660901173949242,0.0010215871734544635,0.0010937775950878859,0.00035056949127465487,0.004153593443334103,0.002781532471999526,0.00041023848461918533,0.0003623107622843236,0.0014116159873083234,0.00036587269278243184,7.95125451986678e-05,0.000371022179024294,0.0025700314436107874,0.0031041535548865795,0.0033199870958924294,0.004825396463274956,0.0,0.004890783689916134,0.011165102012455463,0.011741288006305695,0.0002533489896450192,0.000311497860820964,0.0034527613315731287,0.003077690489590168,0.0021904122550040483,0.0013589570298790932,0.0013196154031902552,0.0010084359673783183,0.000884499226231128,0.0002619809820316732,0.00354394200257957
2003-10-01 04:14:00,0.05947725474834442,0.046093717217445374,0.010598069988191128,0.009787634946405888,3.4881002648035064e-05,0.009308606386184692,0.008328777737915516,0.005923592485487461,0.0011582792503759265,0.0009689517319202423,0.045392680913209915,0.04391280561685562,0.04065285250544548,0.007494807709008455,0.006898489315062761,0.006143976468592882,0.0048457863740623,0.0043183970265090466,0.003594069043174386,0.03253961727023125,0.03109484165906906,0.030022501945495605,0.02789829857647419,0.026148177683353424,0.002837460022419691,0.002132019493728876,0.021355565637350082,0.020749012008309364,0.000756831665057689,0.0010090129217132926,0.0010803022887557745,0.0003461361047811806,0.004103792365640402,0.002748009981587529,0.00040520221227779984,0.00035781972110271454,0.0013953938614577055,0.0003615242603700608,7.853291754145175e-05,0.0,0.002541464287787676,0.0030668210238218307,0.0032803534995764494,0.004767955746501684,0.0,0.004887845367193222,0.011030194349586964,0.011595926247537136,0.00025013633421622217,0.0003075063868891448,0.003410126781091094,0.0030406643636524677,0.0021643515210598707,0.0013419277966022491,0.0013033052673563361,0.000996010727249086,0.0008727359818294644,0.00023000044166110456,0.0035008061677217484
2003-10-01 04:15:00,0.058819014579057693,0.045598097145557404,0.010470103472471237,0.009670266881585121,3.4344251616857946e-05,0.009195156395435333,0.008229300379753113,0.005854020360857248,0.0011438559740781784,0.0009569381363689899,0.044901903718709946,0.04343278706073761,0.04020218551158905,0.007401785347610712,0.006812994834035635,0.00606805132701993,0.004785891622304916,0.0042652105912566185,0.0035496957134455442,0.032186295837163925,0.030749168246984482,0.029699472710490227,0.027609258890151978,0.02587875910103321,0.0028026208747178316,0.0021064048632979393,0.02114330418407917,0.020549625158309937,0.0007476881728507578,0.0009966341312974691,0.0010670446790754795,0.0003417675325181335,0.00405500503256917,0.0027148337103426456,0.00040021599852479994,0.00035337693407200277,0.0013792864046990871,0.000357217708369717,7.756370905553922e-05,0.0003416842664591968,0.0025071161799132824,0.0030300007201731205,0.003241113154217601,0.004711168818175793,0.0,0.004884950816631317,0.010897732339799404,0.011453487910330296,0.00024697158369235694,0.0003035837726201862,0.0033682892099022865,0.003003992373123765,0.0021383329294621944,0.0013250982156023383,0.0012872293591499329,0.0009838307742029428,0.0008654866833239794,0.0,0.0034584214445203543
2003-10-01 04:16:00,0.058171000331640244,0.04510621726512909,0.010344148613512516,0.009554115124046803,3.382694922038354e-05,0.009083518758416176,0.008131423033773899,0.005785668734461069,0.0011292537674307823,0.0009451406076550484,0.044414594769477844,0.04295561835169792,0.0397549644112587,0.007310240063816309,0.006728828884661198,0.005993332713842392,0.004726963117718697,0.004212872590869665,0.003506109584122896,0.0318361334502697,0.030409976840019226,0.029383055865764618,0.02732417732477188,0.025613395497202873,0.0027683875523507595,0.002081226324662566,0.02093508653342724,0.02035415545105934,0.000738690432626754,0.0009844517335295677,0.0010539989452809095,0.00033746357075870037,0.004006915260106325,0.0026824160013347864,0.00039529960486106575,0.0003489957598503679,0.0013633797643706203,0.00035296406713314354,7.660703704459593e-05,0.00036726947291754186,0.002479144372045994,0.002993606962263584,0.0032023305539041758,0.0046551413834095,0.0,0.004882107954472303,0.010767598636448383,0.011313826777040958,0.00024386147561017424,0.00029972885386087,0.003327186917886138,0.0029677972197532654,0.0021124877966940403,0.0013085511745885015,0.0012716865167021751,0.0009718902874737978,0.0008537143003195524,0.00026098795933648944,0.003416728228330612
2003-10-01 04:17:00,0.05753214657306671,0.04461786523461342,0.010220062918961048,0.009439360350370407,3.332916458020918e-05,0.008974040858447552,0.008040190674364567,0.005719230975955725,0.0011112373322248459,0.0009337575756944716,0.043930694460868835,0.04248187690973282,0.03931213170289993,0.007220173254609108,0.00664606923237443,0.005919944029301405,0.00466904416680336,0.004161469172686338,0.0034634307958185673,0.03148990869522095,0.030077457427978516,0.029072890058159828,0.027043137699365616,0.025352519005537033,0.0027348333969712257,0.002056761644780636,0.020731007680296898,0.020162569358944893,0.0007298871641978621,0.000972484122030437,0.0010411631083115935,0.0003332242777105421,0.003959545865654945,0.0026509116869419813,0.0003904793702531606,0.0003446981718298048,0.0013477869797497988,0.00034878181759268045,7.566605927422643e-05,0.00020861226948909461,0.002447888720780611,0.002957842545583844,0.0031640571542084217,0.004600020591169596,0.0,0.004879329353570938,0.010639864020049572,0.011176851578056812,0.0002408170694252476,0.00029594366787932813,0.0032868068665266037,0.0029322458431124687,0.0020869553554803133,0.001292377128265798,0.0012564496137201786,0.0009602255304343998,0.0008434822666458786,0.000229865443543531,0.003375772386789322
2003-10-01 04:18:00,0.05690152943134308,0.044132865965366364,0.010097727179527283,0.009326344355940819,3.2848700357135385e-05,0.008867953903973103,0.007953084073960781,0.005653958767652512,0.0010947695700451732,0.0009226422989740968,0.043450210243463516,0.04201126471161842,0.03886643052101135,0.007103249430656433,0.006565401330590248,0.005847766529768705,0.004612095654010773,0.004110973794013262,0.0034215536434203386,0.031148230656981468,0.029751617461442947,0.02876853384077549,0.02676609344780445,0.025096042081713676,0.002701935824006796,0.0020327467937022448,0.02053096517920494,0.019974660128355026,0.000721242802683264,0.00096072384621948,0.001028536120429635,0.0003290496242698282,0.00391284329816699,0.0026199028361588717,0.000385738821933046,0.0003404719172976911,0.0013324397150427103,0.0003446620248723775,7.473910955013707e-05,0.00034812800004146993,0.0024192819837480783,0.0029238304123282433,0.0031265257857739925,0.004545700736343861,0.0,0.004876605235040188,0.010514257475733757,0.011042449623346329,0.0002378299250267446,0.00029222643934190273,0.003247118555009365,0.002897089347243309,0.0020617281552404165,0.0012765444116666913,0.001241440186277032,0.0009487300412729383,0.000833310594316572,0.00019205681746825576,0.003335558110848069
2003-10-01 04:19:00,0.05627841129899025,0.04365108907222748,0.009977202862501144,0.009215479716658592,3.238349381717853e-05,0.00876492727547884,0.007866045460104942,0.005589392501860857,0.0010792955290526152,0.0009116726578213274,0.042972780764102936,0.0415419340133667,0.03842001408338547,0.007001158781349659,0.006486507132649422,0.005776680074632168,0.004556083586066961,0.004061342217028141,0.0033803945407271385,0.030811553820967674,0.029432324692606926,0.028469575569033623,0.026493003591895103,0.024843854829669,0.002669632900506258,0.0020090043544769287,0.02033482864499092,0.01979021728038788,0.000712727545760572,0.000949158682487905,0.0010161157697439194,0.00032493972685188055,0.0038667714688926935,0.0025892581325024366,0.0003810641646850854,0.0003363063442520797,0.0013172839535400271,0.00034059659810736775,7.382469630101696e-05,0.0,0.0023930780589580536,0.0028901170007884502,0.003089843550696969,0.004492197651416063,0.0,0.004873927216976881,0.010390556417405605,0.010910472832620144,0.0002351628354517743,0.0002885895664803684,0.0032080768141895533,0.0028622562531381845,0.0020368066616356373,0.0012610219419002533,0.0012266526464372873,0.0009375151712447405,0.0008231289684772491,0.00019040980259887874,0.0032960493117570877
2003-10-01 04:20:00,0.05566219240427017,0.04317218065261841,0.009858627803623676,0.00910694058984518,3.1931751436786726e-05,0.00866440124809742,0.007779151666909456,0.0055252555757761,0.001064605894498527,0.0009007758926600218,0.04249780625104904,0.041074104607105255,0.037980008870363235,0.006905546877533197,0.00640896987169981,0.005706610158085823,0.004500973038375378,0.00401252182200551,0.003339874790981412,0.03048017993569374,0.029119357466697693,0.02817564457654953,0.026223840191960335,0.024595843628048897,0.002637847326695919,0.0019854214042425156,0.020142454653978348,0.019609028473496437,0.0007043174700811505,0.0009377739042975008,0.0010038973996415734,0.00032089740852825344,0.003821308957412839,0.0025588744319975376,0.0003764441644307226,0.0003321923431940377,0.001302277552895248,0.0003365786396898329,7.29214953025803e-05,0.0003210134746041149,0.0023614263627678156,0.00285672047175467,0.003053808817639947,0.004439484793692827,0.0,0.004871288314461708,0.010268592275679111,0.010780761018395424,0.00023257723660208285,0.0002850567107088864,0.003169636707752943,0.002827726537361741,0.0020121876150369644,0.0012457851553335786,0.001212068716995418,0.0009263195679523051,0.0008162448066286743,0.0,0.003257196629419923
2003-10-01 04:21:00,0.055052366107702255,0.04269584268331528,0.0097421919927001,0.009000743739306927,3.149289113935083e-05,0.00856594368815422,0.0076925307512283325,0.005462216679006815,0.0010505497921258211,0.000890055438503623,0.04202522709965706,0.040609583258628845,0.037549376487731934,0.006814897991716862,0.006332599092274904,0.005637630354613066,0.004446784500032663,0.003964518662542105,0.0033000523690134287,0.03015429526567459,0.02881244197487831,0.02788648195564747,0.02595868892967701,0.024352136999368668,0.002606558846309781,0.00196222891099751,0.019953783601522446,0.01943102665245533,0.0006960393511690199,0.0009265693952329457,0.0009918756550177932,0.000316925608785823,0.0037764981389045715,0.002528923563659191,0.00037189442082308233,0.00032814042060635984,0.001287486869841814,0.000332616560626775,7.203114364529029e-05,0.00034456144203431904,0.002335599157959223,0.002823583083227277,0.0030183286871761084,0.0043876594863832,0.0,0.004868695512413979,0.010148437693715096,0.010653181001543999,0.00023001835506875068,0.00028161812224425375,0.0031323456205427647,0.002793828723952174,0.0019879566971212626,0.001230835565365851,0.001197717385366559,0.0009155374718829989,0.0008066242444328964,0.0,0.003218952566385269
2003-10-01 04:22:00,0.054448578506708145,0.042222391813993454,0.009628032334148884,0.00889680441468954,3.106749500147998e-05,0.00846925936639309,0.007606515195220709,0.005400898866355419,0.001037053414620459,0.0008796218899078667,0.04155876860022545,0.040150903165340424,0.03712895140051842,0.0067281341180205345,0.006257364060729742,0.005569866858422756,0.004393556155264378,0.003917390946298838,0.0032610169146209955,0.029833976179361343,0.028511304408311844,0.0276019386947155,0.02569776214659214,0.024112986400723457,0.0025758412666618824,0.0019396765856072307,0.019768794998526573,0.01925629749894142,0.0006879362044855952,0.0009155608131550252,0.000980048207566142,0.00031302604475058615,0.0037323879078030586,0.002499624853953719,0.00036743670352734625,0.00032416870817542076,0.0012730046873912215,0.0003287254658062011,7.115621701814234e-05,0.00019808343495242298,0.002306660870090127,0.002790876431390643,0.0029833544977009296,0.0043368153274059296,0.0,0.004866159055382013,0.010030311532318592,0.010527693666517735,0.0002274947037221864,0.000278267078101635,0.0030957323033362627,0.0027606773655861616,0.0019641853868961334,0.0012161906342953444,0.0011836538324132562,0.0009048947249539196,0.0007971727172844112,0.0,0.003181319683790207
2003-10-01 04:23:00,0.053851161152124405,0.041758377104997635,0.009516101330518723,0.008794954046607018,3.065416603931226e-05,0.008374075405299664,0.0075212810188531876,0.005340632516890764,0.0010240378323942423,0.0008693630807101727,0.04110848531126976,0.039699673652648926,0.036718375980854034,0.006644442677497864,0.006183190271258354,0.005503247492015362,0.004341247025877237,0.003871096996590495,0.003222669707611203,0.0295192152261734,0.028215663507580757,0.027321843430399895,0.025441089645028114,0.0238781850785017,0.002545682480558753,0.0019175305496901274,0.019587317481637,0.019084585830569267,0.0006799763650633395,0.0009047409985214472,0.0009684136020950973,0.000309199356706813,0.00368894194252789,0.0024708257988095284,0.00036305555840954185,0.0003202656516805291,0.0012587647652253509,0.00032489659497514367,7.029511471046135e-05,0.0003270536835771054,0.002280169166624546,0.002758502960205078,0.0029488299041986465,0.004286786075681448,0.0,0.004863671492785215,0.009914078749716282,0.010404261760413647,0.00022499999613501132,0.00027499490533955395,0.003059621201828122,0.0027281781658530235,0.0019413107074797153,0.001201819279231131,0.0011698334710672498,0.0008943969151005149,0.0007879406912252307,0.0,0.0031443038024008274
2003-10-01 04:24:00,0.05326133221387863,0.04130270332098007,0.009406308643519878,0.008694999851286411,3.025156729563605e-05,0.008280192501842976,0.007436882238835096,0.00528100598603487,0.0010114230681210756,0.00085920694982633,0.04065946862101555,0.039254602044820786,0.036317139863967896,0.006563232280313969,0.006110024638473988,0.005437707528471947,0.004289817065000534,0.003825585125014186,0.003184937173500657,0.02920994535088539,0.027925249189138412,0.02704606018960476,0.02518865093588829,0.023647522553801537,0.002516034757718444,0.001895633526146412,0.019409166648983955,0.018915679305791855,0.0006721334648318589,0.0008940987754613161,0.0009569691028445959,0.00030544522451236844,0.0036461246199905872,0.0024424013681709766,0.00035873803426511586,0.0003164210938848555,0.0012447142507880926,0.00032112200278788805,6.944640335859731e-05,0.00019463557691778988,0.0022519503254443407,0.0027265558019280434,0.0029147269669920206,0.00423744460567832,0.0,0.0048612249083817005,0.009799581952393055,0.010282820090651512,0.0002225287607870996,0.00027179333847016096,0.003024043282493949,0.0026965185534209013,0.0019190068123862147,0.0011876426870003343,0.0011562262661755085,0.000884046487044543,0.0007788864895701408,0.0,0.0031078888569027185
2003-10-01 04:25:00,0.05267913267016411,0.04085127264261246,0.009298531338572502,0.00859675370156765,2.9858520065317862e-05,0.008187458850443363,0.007353303022682667,0.00522176967933774,0.0009991356637328863,0.0008491089683957398,0.04021252691745758,0.03881693631410599,0.035924602299928665,0.006484069395810366,0.006037828978151083,0.005373186897486448,0.004239222966134548,0.003780798753723502,0.003147752955555916,0.02890605293214321,0.027639809995889664,0.026774480938911438,0.02494039013981819,0.023420793935656548,0.002486834768205881,0.0018738840008154511,0.01923415996134281,0.018749425187706947,0.0006643861415795982,0.0008836208144202828,0.0009406435419805348,0.00030176248401403427,0.003603903343901038,0.0024142523761838675,0.0003544734208844602,0.0003126264491584152,0.0012308120494708419,0.00031739482074044645,6.860879511805251e-05,0.0003195676545146853,0.0022265613079071045,0.002694800030440092,0.002880988409742713,0.00418869499117136,0.0,0.0048588113859295845,0.009686663746833801,0.010163280181586742,0.00022007629740983248,0.00026865475228987634,0.002989007392898202,0.002665252424776554,0.0018968555377796292,0.001173653407022357,0.0011428114958107471,0.0008738400065340102,0.0007699788548052311,0.0,0.0030720429494976997
2003-10-01 04:26:00,0.05210408940911293,0.04040328785777092,0.0091926921159029,0.008500061929225922,2.947480243165046e-05,0.008095803670585155,0.007270583417266607,0.005163524299860001,0.0009871290531009436,0.0008391710580326617,0.03976934030652046,0.038387637585401535,0.0355401374399662,0.006406665779650211,0.005966634955257177,0.005309740547090769,0.004189472179859877,0.003736737882718444,0.0031111729331314564,0.028607405722141266,0.027359139174222946,0.026507074013352394,0.02469632960855961,0.023198029026389122,0.0024580685421824455,0.0018524875631555915,0.019062215462327003,0.01858575828373432,0.0006567579112015665,0.0008733067661523819,0.0009259567013941705,0.00029814947629347444,0.0035623027943074703,0.0023865243420004845,0.00035027481499128044,0.00030889036133885384,0.0012171142734587193,0.0003137219464406371,6.778359966119751e-05,0.0,0.002203312236815691,0.002663590246811509,0.0028476493898779154,0.0041406103409826756,0.0,0.004856435116380453,0.00957536417990923,0.010045557282865047,0.00021764807752333581,0.00026557434466667473,0.0029544918797910213,0.0026344754733145237,0.0018749342998489738,0.0011598770506680012,0.0011295709991827607,0.0008635475533083081,0.0007610360044054687,0.0,0.0030367341823875904
2003-10-01 04:27:00,0.051535848528146744,0.03995944932103157,0.009088716469705105,0.008404804393649101,2.9101136533427052e-05,0.008005236275494099,0.007189102936536074,0.005110492464154959,0.0009754045750014484,0.0008294968283735216,0.03933150693774223,0.03796728327870369,0.03516314551234245,0.006330844014883041,0.005896528251469135,0.005247459746897221,0.004140587989240885,0.0036934500094503164,0.0030752806924283504,0.028313862159848213,0.027083076536655426,0.026243869215250015,0.0244565699249506,0.02297937124967575,0.0024298042990267277,0.0018316672649234533,0.018893282860517502,0.018424661830067635,0.0006492868415080011,0.0008631700766272843,0.0009126248769462109,0.0002946044260170311,0.003521357197314501,0.002359407488256693,0.0003461609303485602,0.00030522834276780486,0.0012025997275486588,0.0003101161273662001,6.697299977531657e-05,0.0002952043723780662,0.002175108762457967,0.002632906660437584,0.002814778359606862,0.0040933070704340935,0.0,0.004854107741266489,0.009465857408940792,0.009929636493325233,0.0002152526139980182,0.0002625503402668983,0.0029205067548900843,0.0026042989920824766,0.001853334135375917,0.0011469005839899182,0.0011165214236825705,0.0008535468368791044,0.0007491150754503906,0.00017840779037214816,0.003001970238983631
2003-10-01 04:28:00,0.0509742870926857,0.03952080383896828,0.008986435830593109,0.008310878649353981,2.8736565582221374e-05,0.007915833964943886,0.007109547965228558,0.005058870650827885,0.0009639444760978222,0.0008199891308322549,0.03890019655227661,0.0375557467341423,0.03479301184415817,0.00625645462423563,0.005827500484883785,0.005186261143535376,0.004092528484761715,0.0036508971825242043,0.0030399926472455263,0.028025271371006966,0.02681148797273636,0.025984840467572212,0.02422104775905609,0.022764574736356735,0.0024020338896661997,0.0018112151883542538,0.018727166578173637,0.018265550956130028,0.0006419449928216636,0.000853204051963985,0.0009003104642033577,0.0002911254414357245,0.003481029998511076,0.0023327611852437258,0.0003421177971176803,0.00030162991606630385,0.0011886795982718468,0.00030656918534077704,6.617549661314115e-05,0.0,0.0021520457230508327,0.0026025285478681326,0.0027823629789054394,0.0040466818027198315,0.0,0.004851823206990957,0.009358018636703491,0.009815496392548084,0.00021288532298058271,0.00025957863545045257,0.0028825823683291674,0.0025746356695890427,0.0018322572577744722,0.001135016675107181,0.0011036503128707409,0.0008436670759692788,0.0007408551755361259,0.00017703388584777713,0.0029677608981728554
2003-10-01 04:29:00,0.05041949450969696,0.03908837214112282,0.008885717019438744,0.008218268863856792,2.8380136427585967e-05,0.007828321307897568,0.007031668443232775,0.005006313789635897,0.0009527181973680854,0.0008105840533971786,0.03847615420818329,0.03715265169739723,0.034429267048835754,0.006183385383337736,0.005759525578469038,0.005126066505908966,0.004045252222567797,0.003609033767133951,0.003005246864631772,0.02774149365723133,0.02654425986111164,0.025729956105351448,0.023989642038941383,0.022553374990820885,0.002374717267230153,0.0017909902380779386,0.01856348104774952,0.018107576295733452,0.0006347089656628668,0.0008433987968601286,0.000888776034116745,0.00028771039796993136,0.0034412886016070843,0.0023064701817929745,0.00033813368645496666,0.0002980857971124351,0.0011751187266781926,0.00030307378619909286,6.538976595038548e-05,0.0002885344438254833,0.0021246871910989285,0.002572564408183098,0.0027503403834998608,0.004000650718808174,0.0,0.0048495749942958355,0.00925168115645647,0.009709099307656288,0.0002105421299347654,0.0002566551265772432,0.002845057984814048,0.0025455474387854338,0.0018116579158231616,0.0011230569798499346,0.0010909658158198,0.000834008096717298,0.0007327530183829367,0.00017567646864335984,0.0029340952169150114
2003-10-01 04:30:00,0.04987170919775963,0.038662899285554886,0.008786508813500404,0.008127233944833279,2.8031010515405796e-05,0.007742976304143667,0.0069550564512610435,0.0049531529657542706,0.0009416915709152818,0.0008012410835362971,0.038059722632169724,0.03675750643014908,0.03407156839966774,0.006111546885222197,0.0056925686076283455,0.005066805984824896,0.003998719155788422,0.00356781086884439,0.002970987232401967,0.027462394908070564,0.02628129906952381,0.02547917142510414,0.02376219443976879,0.02234550379216671,0.002347799716517329,0.0017709009116515517,0.01840216852724552,0.017953718081116676,0.0006275596097111702,0.000833742378745228,0.0008778511546552181,0.00028435702552087605,0.003402093192562461,0.002280442975461483,0.0003341988776810467,0.00029458815697580576,0.0011618341086432338,0.0002996234397869557,6.461459997808561e-05,0.0,0.002102338243275881,0.0025430410169065,0.002718729665502906,0.003955148160457611,0.0,0.004847358446568251,0.00914816651493311,0.009606009349226952,0.00020821939688175917,0.0002537758555263281,0.002808802528306842,0.00251689157448709,0.001791411661542952,0.001111045479774475,0.0010784616461023688,0.000824499933514744,0.0007251649512909353,0.0001718333369353786,0.0029009473510086536
2003-10-01 04:31:00,0.04933124780654907,0.03824487701058388,0.008688889443874359,0.008037770166993141,2.7689126000041142e-05,0.007658767513930798,0.006879422813653946,0.004900205414742231,0.0009308464359492064,0.0007920492789708078,0.03765100985765457,0.03636995330452919,0.033719733357429504,0.006040891166776419,0.005626642610877752,0.005008514970541,0.0039529334753751755,0.0035272298846393824,0.0029372642748057842,0.027187857776880264,0.026022540405392647,0.025232473388314247,0.02353861927986145,0.022140979766845703,0.0023212055675685406,0.0017511309124529362,0.018243590369820595,0.017803555354475975,0.0006205178215168417,0.0008242343901656568,0.0008674400742165744,0.0002810629375744611,0.0033632642589509487,0.0022548066917806864,0.0003303246048744768,0.0002911444171331823,0.0011488476302474737,0.00029622396687045693,6.38511119177565e-05,0.000282003718893975,0.002075817668810487,0.0025138186756521463,0.002687537344172597,0.003910270519554615,0.0,0.0048451791517436504,0.009047569707036018,0.009503384120762348,0.00020592217333614826,0.00025093895965255797,0.0027736991178244352,0.00248880498111248,0.0017715017311275005,0.0010990287410095334,0.0010661575943231583,0.0008150972425937653,0.0007161485846154392,0.00017291674157604575,0.0028682914562523365
2003-10-01 04:32:00,0.04879846051335335,0.03783455863595009,0.008592899888753891,0.00794977881014347,2.7355201382306404e-05,0.007575687021017075,0.006804809905588627,0.0048481798730790615,0.0009202006622217596,0.0007830999093130231,0.03724998980760574,0.03598974645137787,0.03337360918521881,0.005971403326839209,0.005561804864555597,0.0049512661062181,0.003907916136085987,0.0034873259719461203,0.002904058899730444,0.026917781680822372,0.025767935439944267,0.024989880621433258,0.023318924009799957,0.021939996629953384,0.0022948002442717552,0.001731889322400093,0.018087947741150856,0.01765652932226658,0.0006136174197308719,0.0008148864144459367,0.0008578580454923213,0.0002778260677587241,0.0033247610554099083,0.0022297280374914408,0.000326527253491804,0.0002877680235542357,0.0011362088844180107,0.0002928864269051701,6.310113531071693e-05,0.0,0.0020542950369417667,0.002485079225152731,0.0026567811146378517,0.0038661223370581865,0.0,0.004843046423047781,0.00895044393837452,0.009401753544807434,0.0002036580117419362,0.0002481447590980679,0.002739673713222146,0.002461348893120885,0.0017519273096695542,0.0010870522819459438,0.0010538124479353428,0.000805924937594682,0.0007085677934810519,0.00017157246475107968,0.002836132887750864
2003-10-01 04:33:00,0.04827362671494484,0.03743189573287964,0.008498464711010456,0.00786315556615591,2.702853271330241e-05,0.007493681274354458,0.0067312042228877544,0.00479675829410553,0.0009097517468035221,0.0007743058959022164,0.03685646504163742,0.03561638668179512,0.03303300216794014,0.005903047043830156,0.005498025566339493,0.004894977435469627,0.003863625694066286,0.0034480439499020576,0.0028713105712085962,0.026652075350284576,0.02551744133234024,0.024751339107751846,0.023102998733520508,0.02174242213368416,0.0022688917815685272,0.0017129889456555247,0.01793520152568817,0.01751229539513588,0.0006068336078897119,0.0008056926308199763,0.0008483239798806608,0.00027464443701319396,0.0032865244429558516,0.002205080818384886,0.0003227943670935929,0.00028444957570172846,0.0011240129824727774,0.00028960336931049824,6.23634914518334e-05,0.00027569883968681097,0.0020287788938730955,0.0024566908832639456,0.002626443048939109,0.0038226076867431402,0.0,0.00484095374122262,0.008853454142808914,0.009301301091909409,0.00020142304128967226,0.00024539142032153904,0.002706637140363455,0.002434264635667205,0.0017325886292383075,0.0010748769855126739,0.001040369737893343,0.000796961598098278,0.0007003361824899912,0.00017022970132529736,0.0028044776991009712
2003-10-01 04:34:00,0.047756921499967575,0.0370367132127285,0.008405500091612339,0.007777809165418148,2.6708397854235955e-05,0.007412704173475504,0.006658547557890415,0.0047457292675971985,0.0008994829258881509,0.0007656094967387617,0.036470137536525726,0.035249434411525726,0.03269776701927185,0.005835785996168852,0.0054352618753910065,0.0048395744524896145,0.0038200190756469965,0.0034093379508703947,0.0028390148654580116,0.026390651240944862,0.025271009653806686,0.024516774341464043,0.022890722379088402,0.021548131480813026,0.0022434238344430923,0.0016942992806434631,0.017785267904400826,0.01737055368721485,0.0006001455476507545,0.0007966440171003342,0.0008389749564230442,0.00027151606627739966,0.0032486438285559416,0.002180761191993952,0.00031911549740470946,0.0002811808080878109,0.001112097525037825,0.00028636804199777544,6.163876969367266e-05,0.0,0.0020081549882888794,0.002428823383525014,0.002596476813778281,0.0037796508986502886,0.0,0.004838894587010145,0.008756666444242,0.009201779030263424,0.00019921372586395591,0.0002426767605356872,0.0026744890492409468,0.0024073997046798468,0.0017133827786892653,0.0010625779395923018,0.0010278420522809029,0.0007884780061431229,0.0006930860690772533,0.00016892977873794734,0.0027733114548027515
2003-10-01 04:35:00,0.047248419374227524,0.036648739129304886,0.008313923142850399,0.0076936595141887665,2.6394161977805197e-05,0.007332709152251482,0.006586755625903606,0.004694955423474312,0.0008893716731108725,0.0007569733425043523,0.036090679466724396,0.03488851338624954,0.032367803156375885,0.005769582465291023,0.005373464431613684,0.004784990567713976,0.003777056001126766,0.0033711695577949286,0.002807149663567543,0.02613344043493271,0.025028591975569725,0.02428610809147358,0.022681966423988342,0.02135700173676014,0.0022183426190167665,0.0016757354605942965,0.017638014629483223,0.017230987548828125,0.0005935363005846739,0.0007877301541157067,0.0008297967142425478,0.0002684390055947006,0.0032111757900565863,0.0021566858049482107,0.00031548188417218626,0.0002779546775855124,0.001100279507227242,0.0002831746533047408,6.092611874919385e-05,0.00026960158720612526,0.001983639318495989,0.0024013398215174675,0.0025653759948909283,0.0037369425408542156,0.0,0.004836863838136196,0.00866023637354374,0.009103040210902691,0.0001970268349396065,0.00023999849508982152,0.0026431267615407705,0.002380660967901349,0.0016942678485065699,0.0010503269731998444,0.0010160161182284355,0.0007805813220329583,0.0006850739009678364,0.0001675944367889315,0.0027426087763160467
2003-10-01 04:36:00,0.04674811288714409,0.0362677127122879,0.008223705925047398,0.0076106539927423,2.608583599794656e-05,0.007253684103488922,0.006515806075185537,0.004644894041121006,0.0008794074528850615,0.0007484758971258998,0.035717789083719254,0.034533463418483734,0.03204309567809105,0.0057044182904064655,0.005312628112733364,0.00473125372081995,0.003734738565981388,0.0033335492480546236,0.002775775734335184,0.025880372151732445,0.024790138006210327,0.024059290066361427,0.022476691752672195,0.021169085055589676,0.0021936341654509306,0.0016574605833739042,0.01749335043132305,0.01709335669875145,0.0005870243185199797,0.0007789505762048066,0.0008207766804844141,0.00026541133411228657,0.0031741801649332047,0.0021329682786017656,0.00031190336449071765,0.000274777616141364,0.0010886117815971375,0.00028002815088257194,6.022618617862463e-05,0.0,0.0019641276448965073,0.0023743228521198034,0.0025350952055305243,0.0036944185849279165,0.0,0.0048348670825362206,0.008564330637454987,0.009005002677440643,0.00019486666133161634,0.00023735601280350238,0.0026124645955860615,0.0023542349226772785,0.001675321371294558,0.0010383431799709797,0.001004747929982841,0.0007726470357738435,0.0006771839107386768,0.00016629074525553733,0.002712343819439411
2003-10-01 04:37:00,0.04625594988465309,0.03589339181780815,0.008134831674396992,0.007528758142143488,2.5784076569834724e-05,0.007175654638558626,0.0064458223059773445,0.004596003331243992,0.0008696099394001067,0.0007401981856673956,0.03535125404596329,0.03418426960706711,0.03172360733151436,0.005640293471515179,0.005252789240330458,0.004678424447774887,0.0036930865608155727,0.00329652545042336,0.0027449687477201223,0.025631390511989594,0.024555610492825508,0.02383630909025669,0.022274937480688095,0.02098451741039753,0.0021693503949791193,0.0016396533465012908,0.017351171001791954,0.016957493498921394,0.0005806397530250251,0.0007703154697082937,0.0008119071135297418,0.0002624314511194825,0.0031377298291772604,0.0021097573917359114,0.0003083943447563797,0.0002716614690143615,0.0010771654779091477,0.0002769381972029805,5.954028165433556e-05,0.0002783170493785292,0.001940616755746305,0.0023478486109524965,0.0025058910250663757,0.003652543993666768,0.0,0.004832911305129528,0.00846924725919962,0.008907667361199856,0.0001927396224346012,0.00023475046327803284,0.002582464599981904,0.0023282645270228386,0.00165663193911314,0.001026626443490386,0.0009938771836459637,0.0007646891172043979,0.0006694936309941113,0.00016502653306815773,0.00268252263776958
2003-10-01 04:38:00,0.04577181488275528,0.035525478422641754,0.008047211915254593,0.0074479300528764725,2.5488339815638028e-05,0.007098608184605837,0.0063768369145691395,0.0045478795655071735,0.0008599800639785826,0.0007320626173168421,0.03499085456132889,0.03384070470929146,0.031409215182065964,0.0055771819315850735,0.0051939100958406925,0.004626431968063116,0.003652069950476289,0.0032600793056190014,0.0027146670036017895,0.02538643591105938,0.024324966594576836,0.0236170906573534,0.022076623514294624,0.020803099498152733,0.0021454826928675175,0.0016221473924815655,0.017211250960826874,0.01682320609688759,0.0005743606016039848,0.0007618195377290249,0.0008031822508201003,0.0002594979014247656,0.0031018457375466824,0.002086939988657832,0.0003049438528250903,0.00026859782519750297,0.0010658926330506802,0.00027389812748879194,5.886696817469783e-05,0.00017104364815168083,0.0019189551239833236,0.002321867039427161,0.0024775147903710604,0.003611411899328232,0.0,0.004830990917980671,0.008375107310712337,0.008811073377728462,0.00019064222578890622,0.00023218085698317736,0.0025530837010592222,0.002302601234987378,0.0016381919849663973,0.0010151847964152694,0.0009832684881985188,0.0007567185675725341,0.0006619853666052222,0.0001637915993342176,0.0026531533803790808
2003-10-01 04:39:00,0.04529554396867752,0.03516371175646782,0.007960776798427105,0.007368138059973717,2.5198056391673163e-05,0.007022535894066095,0.006308817770332098,0.0045002540573477745,0.0008505054865963757,0.0007240170962177217,0.03463684394955635,0.03350255638360977,0.031099826097488403,0.005515054799616337,0.005135944578796625,0.004575211089104414,0.0036116610281169415,0.003224183339625597,0.0026848220732063055,0.025145450606942177,0.024098150432109833,0.023401552811264992,0.021881630644202232,0.020624620839953423,0.002121996833011508,0.0016048287507146597,0.0170733779668808,0.016690367832779884,0.0005681682960130274,0.000753454864025116,0.0007945963297970593,0.00025660928804427385,0.0030665427912026644,0.0020644227042794228,0.00030154254636727273,0.0002650173264555633,0.0010547555284574628,0.0002709018881432712,5.820496517117135e-05,0.00027210047119297087,0.0018994574202224612,0.00229627569206059,0.0024506947956979275,0.003571104258298874,0.0,0.0048291003331542015,0.008282018825411797,0.008715272881090641,0.0001885711681097746,0.00022964584059081972,0.0025242725387215614,0.0022771982476115227,0.001620002556592226,0.001004005316644907,0.000972835230641067,0.0007487514521926641,0.0006546403747051954,0.00016257671813946217,0.002624227898195386
2003-10-01 04:40:00,0.04482732340693474,0.03481360897421837,0.00787551049143076,0.00728980079293251,2.4912720618885942e-05,0.0069516319781541824,0.006241565104573965,0.004452954512089491,0.0008411683375015855,0.0007160279201343656,0.03430408239364624,0.0331684947013855,0.030795399099588394,0.005453878082334995,0.005078842863440514,0.00452470825985074,0.003571834648028016,0.0031888058874756098,0.0026553887873888016,0.02490837872028351,0.023875104263424873,0.02318960800766945,0.021689824759960175,0.020448876544833183,0.002098847646266222,0.0015876229153946042,0.016937362030148506,0.016558915376663208,0.0005620477022603154,0.0007452122517861426,0.0007861434132792056,0.00025376418489031494,0.003031843574717641,0.0020421301014721394,0.0002981825964525342,0.0002603992761578411,0.0010437245946377516,0.00026794421137310565,5.755312668043189e-05,0.00016751943621784449,0.0018784321146085858,0.0022708638571202755,0.002424728125333786,0.0035318804439157248,0.0,0.004827234894037247,0.008190122433006763,0.008620334789156914,0.00018652348080649972,0.00022714390070177615,0.002495985710993409,0.0022520432248711586,0.001602063188329339,0.0009930621599778533,0.0009625246748328209,0.0007408042438328266,0.0006474397960118949,0.00016137371130753309,0.0025957270991057158
2003-10-01 04:41:00,0.04436826705932617,0.03447367623448372,0.007791656069457531,0.007213408127427101,2.463237615302205e-05,0.006881393026560545,0.006174903362989426,0.004406360909342766,0.0008319607004523277,0.0007081646472215652,0.03397078067064285,0.03283831104636192,0.030496034771203995,0.005393634550273418,0.005022597964853048,0.004474954679608345,0.003532600123435259,0.003153953468427062,0.0026264069601893425,0.024675168097019196,0.023655768483877182,0.0229811891913414,0.021501125767827034,0.020275825634598732,0.002076024655252695,0.0015706775011494756,0.016803111881017685,0.0164288692176342,0.0005560152349062264,0.0007370912353508174,0.0007778176222927868,0.00025096125318668783,0.002997790928930044,0.0020201634615659714,0.00029487264691852033,0.00025630113668739796,0.0010328433709219098,0.00026406871620565653,5.6912082072813064e-05,0.00027278761263005435,0.001859205192886293,0.0022455942817032337,0.002398640615865588,0.0034935236908495426,0.0,0.004825399722903967,0.00809964444488287,0.008526350371539593,0.00018450268544256687,0.00022467484814114869,0.002468193881213665,0.0022275822702795267,0.0015844238223508,0.0009823414729908109,0.0009523292537778616,0.0007329047657549381,0.0006404026644304395,0.00016018642054405063,0.0025676311925053596
2003-10-01 04:42:00,0.04391814023256302,0.034138284623622894,0.007709375582635403,0.00713860709220171,2.4357605070690624e-05,0.006811534054577351,0.006108998320996761,0.0043608685955405235,0.0008229004452005029,0.0007004996296018362,0.033639222383499146,0.032512836158275604,0.030201703310012817,0.00533432187512517,0.0049672420136630535,0.004426011815667152,0.003493980737403035,0.0031196638010442257,0.0025979368947446346,0.02444576285779476,0.02344009093940258,0.02277625910937786,0.021315522491931915,0.020105525851249695,0.002053576521575451,0.001554154441691935,0.016670582816004753,0.016300339251756668,0.0005500978440977633,0.0007263075094670057,0.0007694409578107297,0.0002481994160916656,0.0029644020833075047,0.0019986554980278015,0.00029162553255446255,0.00025259217363782227,0.0010222789132967591,0.00025966879911720753,5.628304279525764e-05,0.0002498917456250638,0.0018373221391811967,0.0022206339053809643,0.0023725798819214106,0.003455880330875516,0.0,0.004823600873351097,0.00801077764481306,0.008433452807366848,0.00018251418077852577,0.00022223993437364697,0.0024409659672528505,0.00220396276563406,0.0015670675784349442,0.0009718352812342346,0.0009422577568329871,0.0007250145426951349,0.0006335562793537974,0.00018628632824402303,0.002539947861805558
2003-10-01 04:43:00,0.04347613453865051,0.03380593657493591,0.0076286159455776215,0.007065086625516415,2.4087967176456004e-05,0.0067420415580272675,0.0060439324006438255,0.0043160985223948956,0.0008139893179759383,0.000692963891196996,0.03331014886498451,0.03219243884086609,0.029912235215306282,0.0052759177051484585,0.004912742413580418,0.004377821926027536,0.0034559606574475765,0.00308606238104403,0.002571338089182973,0.02422010898590088,0.023228006437420845,0.02257472649216652,0.021132884547114372,0.019937757402658463,0.002031497424468398,0.001537904841825366,0.016539672389626503,0.016173409298062325,0.0005426654242910445,0.0007155032362788916,0.0007606103899888694,0.0002454776840750128,0.0029316269792616367,0.001977504463866353,0.0002884314744733274,0.0002491760824341327,0.001011952175758779,0.0002556873660068959,5.5664833780610934e-05,0.0,0.0018195119919255376,0.0021958602592349052,0.002346624620258808,0.003418745007365942,0.0,0.004821833223104477,0.007923436351120472,0.008341741748154163,0.00018055475084111094,0.00021983850456308573,0.0024149224627763033,0.0021802906412631273,0.0015499922446906567,0.0009615144226700068,0.0009322776459157467,0.0007171916076913476,0.0006266622222028673,0.0002149921638192609,0.0025126857217401266
2003-10-01 04:44:00,0.043041445314884186,0.033476412296295166,0.007549253758043051,0.006992607843130827,2.3823002265999094e-05,0.006672936491668224,0.005979721434414387,0.00427180016413331,0.0008052170742303133,0.0006855106330476701,0.03298430144786835,0.031877301633358,0.029627470299601555,0.005218395497649908,0.004859061446040869,0.004330341704189777,0.0034185699187219143,0.003053240245208144,0.0025447700172662735,0.023998146876692772,0.023019446060061455,0.02237648330628872,0.020953062921762466,0.019772330299019814,0.0020097580272704363,0.0015218264888972044,0.01641034707427025,0.016048450022935867,0.0005346842808648944,0.0007051833672448993,0.0007515583420172334,0.00024279511126223952,0.002899414859712124,0.0019566258415579796,0.00028528214897960424,0.00024598275194875896,0.0010017151944339275,0.0002520385314710438,5.505637818714604e-05,0.00025765216560103,0.0017978519899770617,0.0021714370232075453,0.0023208511993288994,0.0033819996751844883,0.0,0.004820091649889946,0.007837492041289806,0.008251273073256016,0.0001786213251762092,0.00021746952552348375,0.0023895171470940113,0.0021567761432379484,0.0015331957256421447,0.0009513887926004827,0.0009227597620338202,0.0007094440516084433,0.0006204221863299608,0.0,0.002485838485881686
2003-10-01 04:45:00,0.04261342063546181,0.033150043338537216,0.007471142336726189,0.006920996122062206,2.3562297428725287e-05,0.006604254245758057,0.005916339345276356,0.0042278096079826355,0.0007965684053488076,0.0006781094125472009,0.03266230225563049,0.03156746178865433,0.029347261413931847,0.00516172731295228,0.004806162789463997,0.004283544607460499,0.0033818150404840708,0.003021004842594266,0.002518179127946496,0.023779813200235367,0.022814327850937843,0.02218141034245491,0.020775897428393364,0.019609088078141212,0.0019883192144334316,0.0015058519784361124,0.01628262735903263,0.015925336629152298,0.0005274407449178398,0.0006953568081371486,0.0007424112409353256,0.00024015075177885592,0.002867717994377017,0.0019359515281394124,0.00028217060025781393,0.0002429603919154033,0.0009915492264553905,0.00024864927399903536,5.4456737416330725e-05,0.00024210134870372713,0.00177665741648525,0.0021472834050655365,0.0022953003644943237,0.003345584962517023,0.0,0.0048183719627559185,0.007752811070531607,0.0081620579585433,0.00017671110981609672,0.00021513176034204662,0.0023643376771360636,0.0021335009951144457,0.0015166683588176966,0.0009414536762051284,0.0009131547994911671,0.000701615703292191,0.0006131886621005833,0.0002150532673113048,0.0024593889247626066
2003-10-01 04:46:00,0.042191602289676666,0.032827332615852356,0.007394175510853529,0.0068501438945531845,2.3305905415327288e-05,0.006536063738167286,0.00585379172116518,0.00418446958065033,0.0007880366174504161,0.0006708222208544612,0.032344624400138855,0.031262971460819244,0.029071537777781487,0.0051058996468782425,0.004754050634801388,0.004237478133291006,0.003345697419717908,0.0029892597813159227,0.002491731895133853,0.02356504276394844,0.022612567991018295,0.02198941819369793,0.02060130052268505,0.0194480512291193,0.0019671730697155,0.0014901143731549382,0.016156574711203575,0.015804002061486244,0.0005207931390032172,0.0006860485300421715,0.0007332775858230889,0.00023754363064654171,0.002836531726643443,0.001915571978315711,0.00027910442440770566,0.00024008503532968462,0.0009814981603994966,0.00024547672364860773,5.386648990679532e-05,0.0,0.001759654376655817,0.0021235032472759485,0.0022700182162225246,0.003309569787234068,0.0,0.004816677886992693,0.007669378072023392,0.008074088022112846,0.00017482702969573438,0.00021282510715536773,0.0023394394665956497,0.002110652159899473,0.0015004412271082401,0.0009316611685790122,0.0009035423281602561,0.0006939289160072803,0.0006060112500563264,0.00021097737771924585,0.0024333177134394646
2003-10-01 04:47:00,0.04177572950720787,0.03250877931714058,0.007318269927054644,0.006779995281249285,2.305433008586988e-05,0.006468459963798523,0.005792190320789814,0.004142134450376034,0.0007796376012265682,0.0006637141341343522,0.03203163295984268,0.030963873490691185,0.028800226747989655,0.0050509171560406685,0.004702765494585037,0.00419220793992281,0.003310212166979909,0.002957981312647462,0.0024655715096741915,0.02335377410054207,0.022414086386561394,0.021800439804792404,0.02042926289141178,0.01928933896124363,0.0019463791977614164,0.0014749887632206082,0.016032248735427856,0.01568444073200226,0.0005146276671439409,0.0006772538181394339,0.0007242452702485025,0.00023497306392528117,0.002805862342938781,0.001895606517791748,0.00027609511744230986,0.0002373445895500481,0.0009716206113807857,0.00024249361013062298,5.328673432813957e-05,0.00024957588175311685,0.0017390621360391378,0.002100075362250209,0.002245068084448576,0.003274050075560808,0.0,0.004815015941858292,0.007587269879877567,0.007987374439835548,0.00017297363956458867,0.00021055071556475013,0.002314851153641939,0.0020883241668343544,0.001484530745074153,0.0009219908388331532,0.0008939695544540882,0.0006863586022518575,0.0006002520094625652,0.0002434878406347707,0.002407629042863846
2003-10-01 04:48:00,0.04136563837528229,0.03219471126794815,0.007243303116410971,0.006710514426231384,2.2807214918429963e-05,0.006401503924280405,0.00573156401515007,0.004100461024791002,0.0007713729282841086,0.0006567234522663057,0.03172352910041809,0.03066997043788433,0.02853318862617016,0.0049967654049396515,0.0046522896736860275,0.00414768373593688,0.00327530805952847,0.0029271238017827272,0.002439724048599601,0.02314593270421028,0.022218797355890274,0.02161436714231968,0.020259687677025795,0.01913282833993435,0.0019259655382484198,0.0014601219445466995,0.01590961031615734,0.015566594898700714,0.0005088147008791566,0.0006689282017759979,0.0007153790793381631,0.00023243838222697377,0.0027756812050938606,0.0018759638769552112,0.00027313397731631994,0.00023470995074603707,0.0009618807234801352,0.0002396617637714371,5.271647387417033e-05,0.000155513160279952,0.0017201869050040841,0.002077041193842888,0.002220453228801489,0.0032396831084042788,0.0,0.004813381936401129,0.0075064050033688545,0.007901915349066257,0.000171147970831953,0.0002083080034935847,0.002290586242452264,0.0020663554314523935,0.0014688799856230617,0.0009124171338044107,0.0008844883996061981,0.0006790197803638875,0.000593427219428122,0.0001526250853203237,0.0023823287338018417
2003-10-01 04:49:00,0.040961235761642456,0.031885355710983276,0.0071691847406327724,0.006641692481935024,2.256417428725399e-05,0.006335250101983547,0.005671883467584848,0.00405922019854188,0.0007632339256815612,0.0006498082657344639,0.03142037242650986,0.030381033197045326,0.02827031910419464,0.004943428561091423,0.0046025970950722694,0.004103865008801222,0.0032410211861133575,0.002896653488278389,0.0024142013862729073,0.02294144220650196,0.022026605904102325,0.02143109031021595,0.020092472434043884,0.018978407606482506,0.0019058838952332735,0.0014453368494287133,0.015788627788424492,0.01545042172074318,0.0005032622721046209,0.0006613274454139173,0.0007067476399242878,0.0002299389016116038,0.002746088895946741,0.0018565680366009474,0.00027021352434530854,0.00023215888359118253,0.0009522496839053929,0.00023695154231972992,5.2154806326143444e-05,0.0,0.0017031030729413033,0.002054366748780012,0.0021961922757327557,0.003207496600225568,0.0,0.004811771214008331,0.0074271694757044315,0.007817731238901615,0.00016934718587435782,0.0002060960396192968,0.002266642404720187,0.002044659573584795,0.0014534470392391086,0.0009029294596984982,0.0008751002023927867,0.0006716549978591502,0.0005873726913705468,0.00017705486970953643,0.002357408171519637
2003-10-01 04:50:00,0.040562473237514496,0.03158082440495491,0.0070959823206067085,0.006574840750545263,2.2324866222334094e-05,0.006269758567214012,0.005613083951175213,0.0040182629600167274,0.0007552072056569159,0.0006429415079765022,0.031122134998440742,0.030096840113401413,0.02801152504980564,0.004890888463705778,0.004553660750389099,0.00406072661280632,0.003207348519936204,0.0028665426652878523,0.00238899327814579,0.02274022437632084,0.02183741144835949,0.021250497549772263,0.019927512854337692,0.01882598176598549,0.001886082929559052,0.0014305970398709178,0.015669269487261772,0.015335909090936184,0.0004979043151251972,0.0006539372261613607,0.0006983864004723728,0.00022747396724298596,0.002717019757255912,0.0018373578786849976,0.00026732758851721883,0.000229674406000413,0.0009427048498764634,0.00023433977912645787,5.160092405276373e-05,0.00024191489501390606,0.0016837531002238393,0.002032080665230751,0.002172295469790697,0.0031749915797263384,0.0,0.004810180049389601,0.007349468767642975,0.007734897080808878,0.00016756872355472296,0.00020391370344441384,0.0022430086974054575,0.002023183973506093,0.0014381989603862166,0.0008935188525356352,0.0008658053702674806,0.0006644590757787228,0.0005818437202833593,0.0,0.0023328526876866817
2003-10-01 04:51:00,0.04016938805580139,0.031281180679798126,0.007024102844297886,0.006509237922728062,2.2089341655373573e-05,0.006204923614859581,0.005555137526243925,0.003977899439632893,0.0007472928264178336,0.0006361859268508852,0.030828755348920822,0.02981729432940483,0.02775678038597107,0.004839139990508556,0.004505486227571964,0.004018286243081093,0.0031741505954414606,0.002836803672835231,0.002364139538258314,0.02254219725728035,0.021651118993759155,0.0210725087672472,0.019764775410294533,0.01867559738457203,0.001866545993834734,0.001416034298017621,0.015551687218248844,0.015223128721117973,0.0004927254631184042,0.0006467787316069007,0.0006904458277858794,0.00022504286607727408,0.002688409760594368,0.0018184148939326406,0.00026448292192071676,0.00022725565941073,0.0009332813788205385,0.0002318186016054824,5.105535456095822e-05,0.00015150310355238616,0.0016660159453749657,0.002010226948186755,0.0021487821359187365,0.0031424546614289284,0.0,0.00480861309915781,0.0072730667889118195,0.007653417065739632,0.00016581499949097633,0.00020176087855361402,0.002219677437096834,0.0020020504016429186,0.001423159264959395,0.0008841952076181769,0.0008566207834519446,0.0006574142025783658,0.0005750298732891679,0.00014962826389819384,0.0023086457513272762
2003-10-01 04:52:00,0.03978204354643822,0.030986439436674118,0.006953326053917408,0.0064439368434250355,2.1858038962818682e-05,0.006140800192952156,0.005498124752193689,0.003938451875001192,0.0007395017892122269,0.0006295994389802217,0.03054017946124077,0.029542377218604088,0.027506034821271896,0.00478818966075778,0.004458101931959391,0.00397656112909317,0.003141394816339016,0.0028074763249605894,0.0023396904580295086,0.022347280755639076,0.021467644721269608,0.02089707739651203,0.01960429735481739,0.018527476117014885,0.0018473068485036492,0.00140178925357759,0.015436590649187565,0.015112287364900112,0.00048786395927891135,0.0006398558616638184,0.0006829374469816685,0.00022264507424551994,0.0026602346915751696,0.0017998466501012444,0.0002616897691041231,0.00022490674746222794,0.0009240286308340728,0.00022938613255973905,5.051908374298364e-05,0.0,0.0016499852063134313,0.0019887546077370644,0.0021256704349070787,0.0031101168133318424,0.0,0.004807076416909695,0.007197896484285593,0.007573271170258522,0.00016408991359639913,0.00019963853992521763,0.002196662127971649,0.00198133266530931,0.0014083500718697906,0.0008749741828069091,0.0008475847425870597,0.0006504507036879659,0.0005693691782653332,0.00022302454453893006,0.002284791087731719
2003-10-01 04:53:00,0.03940042108297348,0.030696501955389977,0.006883412133902311,0.006379015743732452,2.1630656192428432e-05,0.0060774595476686954,0.005442052148282528,0.0038996092043817043,0.0007318340940400958,0.0006231242441572249,0.030256306752562523,0.029271895065903664,0.02725916914641857,0.004738025367259979,0.004411476664245129,0.00393547723069787,0.00310905952937901,0.002778552705422044,0.0023156043607741594,0.022155391052365303,0.021286899223923683,0.020724130794405937,0.019446056336164474,0.018381571397185326,0.0018283583922311664,0.0013877545716241002,0.015322921797633171,0.014999295584857464,0.00048309972044080496,0.0006331661716103554,0.0006756096263416111,0.0002202801260864362,0.0026324375066906214,0.001781571307219565,0.0002589403884485364,0.00022261419508140534,0.0009149116813205183,0.00022702649584971368,4.999125667382032e-05,0.00023459317162632942,0.0016317639965564013,0.0019676804076880217,0.0021029587369412184,0.0030780364759266376,0.0,0.004805565811693668,0.007124300580471754,0.0074714431539177895,0.00016239074466284364,0.00019754607637878507,0.0021739641670137644,0.001960888970643282,0.001393733429722488,0.0008658550214022398,0.0008386849658563733,0.0006436058902181685,0.0005647577927447855,0.0,0.0022612926550209522
2003-10-01 04:54:00,0.03902488946914673,0.030417803674936295,0.006814221851527691,0.006314559374004602,2.1406871383078396e-05,0.006014954764395952,0.005386875942349434,0.003861162578687072,0.0007242824649438262,0.0006167211104184389,0.02997666969895363,0.029005669057369232,0.02701607719063759,0.004688628017902374,0.0043655685149133205,0.0038949705194681883,0.0030771279707551003,0.0027500272262841463,0.002292196499183774,0.021966442465782166,0.021108798682689667,0.020553598180413246,0.019290007650852203,0.018237628042697906,0.0018096776911988854,0.0013738545821979642,0.015209498815238476,0.014882153831422329,0.0004783895565196872,0.0006266675773076713,0.0006684624822810292,0.00021794751228298992,0.0026049427688121796,0.0017635202966630459,0.000256228115176782,0.0002203674812335521,0.0009059024741873145,0.00022472706041298807,4.9471094826003537e-05,0.0002207593061029911,0.0016140161314979196,0.0019470019033178687,0.002080644480884075,0.003046253928914666,0.0,0.004804076626896858,0.00705215148627758,0.007379577029496431,0.0001607149315532297,0.00019548261479940265,0.0021515723783522844,0.0019406520295888186,0.0013792848912999034,0.0008568373741582036,0.0008299158071167767,0.0006368939648382366,0.0005575843388214707,0.00017125347221735865,0.0022381425369530916
2003-10-01 04:55:00,0.03865601494908333,0.030141234397888184,0.006745686288923025,0.006250648759305477,2.1186397134442814e-05,0.005953315645456314,0.005332522559911013,0.0038229762576520443,0.0007168352603912354,0.0006103641935624182,0.029700905084609985,0.028743600472807884,0.02677665837109089,0.0046399743296206,0.0043203323148190975,0.0038549897726625204,0.003045598743483424,0.002722002798691392,0.0022694163490086794,0.021780353039503098,0.02093326300382614,0.020385408774018288,0.01913604699075222,0.01809525489807129,0.0017912343610078096,0.0013600384118035436,0.015095732174813747,0.014764856547117233,0.00047372153494507074,0.0006203279481269419,0.0006614910089410841,0.00021564666531048715,0.002577712759375572,0.001745638670399785,0.00025354739045724273,0.00021818646928295493,0.0008969787741079926,0.0002224776690127328,4.895789970760234e-05,0.0,0.0016000298783183098,0.0019272195640951395,0.002058757469058037,0.003014795482158661,0.0,0.004802606534212828,0.00698101008310914,0.007293383590877056,0.00015906010230537504,0.00019344710744917393,0.002129472093656659,0.0019205869175493717,0.0013649880420416594,0.0008479218231514096,0.0008212728425860405,0.0006302816909737885,0.0005517398240044713,0.00020105142903048545,0.002215323271229863
2003-10-01 04:56:00,0.0382927767932415,0.029866395518183708,0.006677812896668911,0.006187365390360355,2.0969275283277966e-05,0.005892571061849594,0.005278951488435268,0.0037853324320167303,0.0007094870088621974,0.0006041017477400601,0.02942943386733532,0.028485650196671486,0.026540858671069145,0.0045920489355921745,0.004275753162801266,0.0038155545480549335,0.0030145093332976103,0.0026944465935230255,0.002246718155220151,0.021597040817141533,0.020760219544172287,0.02021951600909233,0.018984057009220123,0.017954202368855476,0.0017730358522385359,0.0013467456446960568,0.014981791377067566,0.014649556018412113,0.00046911314711906016,0.0006141293561086059,0.0006546869990415871,0.0002133770612999797,0.0025507642421871424,0.0017280001193284988,0.00025090426788665354,0.0002160025469493121,0.0008881709654815495,0.00022027896193321794,4.8452151531819254e-05,0.00023281355970539153,0.0015838578110560775,0.0019077357137575746,0.0020374604500830173,0.0029837931506335735,0.0,0.004801158327609301,0.006910719908773899,0.007211580872535706,0.00015742833784315735,0.0001914394088089466,0.0021076519042253494,0.001900815754197538,0.0013508754782378674,0.000839120359160006,0.0008127578184939921,0.0006238334462977946,0.0005461033433675766,0.00014486888539977372,0.002192816697061062
2003-10-01 04:57:00,0.037934672087430954,0.029594719409942627,0.006610642187297344,0.006124783772975206,2.0755887817358598e-05,0.005832755006849766,0.005226213950663805,0.0037485251668840647,0.0007022495847195387,0.0005979855777695775,0.029162384569644928,0.028231805190443993,0.026308609172701836,0.004544845316559076,0.004231845028698444,0.003776713041588664,0.0029838865157216787,0.00266732438467443,0.00222424091771245,0.02141643315553665,0.02058960683643818,0.02005588263273239,0.01883394457399845,0.017814410850405693,0.0017552023055031896,0.0013339738361537457,0.014868179336190224,0.01453732792288065,0.00046458729775622487,0.0006080662715248764,0.0006480425363406539,0.00021113826369401067,0.0025241351686418056,0.0017107027815654874,0.00024830788606777787,0.0002138560521416366,0.0008795227040536702,0.0002181349991587922,4.7954716137610376e-05,0.000225561045226641,0.0015683509409427643,0.0018887214828282595,0.0020166493486613035,0.002953361254185438,0.0,0.004799737595021725,0.006841294467449188,0.007133195176720619,0.0001558229560032487,0.00018946027557831258,0.0020861218217760324,0.001881417352706194,0.0013369767693802714,0.0008304470684379339,0.0008043930865824223,0.0006173854344524443,0.0005406491691246629,0.00020260729070287198,0.0021706235129386187
2003-10-01 04:58:00,0.03758149594068527,0.029326852411031723,0.006544178351759911,0.006062953732907772,2.0545980078168213e-05,0.005773863289505243,0.005174300633370876,0.0037122706416994333,0.0006951239774934947,0.0005919666145928204,0.028899705037474632,0.027981868013739586,0.026079779490828514,0.004498342517763376,0.004188581369817257,0.00373842753469944,0.00295371119864285,0.00264059123583138,0.002202026778832078,0.021238451823592186,0.020421355962753296,0.019894415512681007,0.018685532733798027,0.017675744369626045,0.0017376987962052226,0.001321241958066821,0.014755413867533207,0.014428522437810898,0.0004601259424816817,0.0006021239096298814,0.0006415494717657566,0.00020892986503895372,0.0024978299625217915,0.0016936727333813906,0.00024575134739279747,0.00021174034918658435,0.000871006865054369,0.00021605935762636364,4.746485501527786e-05,0.00021227293473202735,0.0015530814416706562,0.0018701229710131884,0.0019963036756962538,0.0029234704561531544,0.0,0.004798340145498514,0.006772661115974188,0.0070575084537267685,0.00015424154116772115,0.00018751109018921852,0.002064882777631283,0.0018622728530317545,0.0013232639757916331,0.000821896712295711,0.0007961552473716438,0.000611150695476681,0.0005352440639398992,0.00014304423530120403,0.002148746745660901
2003-10-01 04:59:00,0.03723317012190819,0.02906304970383644,0.006478439085185528,0.00600191205739975,2.0339275579317473e-05,0.0057158819399774075,0.005123163107782602,0.0036763797979801893,0.0006881032604724169,0.0005860112141817808,0.02864125743508339,0.027735648676753044,0.025854263454675674,0.004452517721801996,0.004145930986851454,0.0037006631027907133,0.002923961030319333,0.002614217111840844,0.0021800841204822063,0.021063027903437614,0.020255396142601967,0.019735010340809822,0.018538661301136017,0.01753818988800049,0.0017204683972522616,0.0013085287064313889,0.014643982984125614,0.01432309951633215,0.00045571516966447234,0.0005962878349237144,0.0006351990741677582,0.00020675802079495043,0.0024718556087464094,0.0016768487403169274,0.00024322870012838393,0.00020964995201211423,0.0008625912014394999,0.0002139785938197747,4.698189877672121e-05,0.00014202781312633306,0.001538656884804368,0.0018518774304538965,0.0019763922318816185,0.002894091419875622,0.0,0.004796962719410658,0.006704776547849178,0.006983987521380186,0.00015267865092027932,0.00018571919645182788,0.002043925691395998,0.001843327539972961,0.001309719285927713,0.000813466846011579,0.0007880493067204952,0.0006049275398254395,0.0005300637567415833,0.00020096237130928785,0.002127178944647312
2003-10-01 05:00:00,0.036889657378196716,0.02880333736538887,0.006413443945348263,0.005941683892160654,2.0135526938247494e-05,0.005658786278218031,0.0050727310590445995,0.003640728071331978,0.0006811768980696797,0.0005800969083793461,0.02838687039911747,0.02749297209084034,0.025631967931985855,0.004407346714287996,0.00410386361181736,0.003663388080894947,0.0028946136590093374,0.002588177565485239,0.0021584010683000088,0.02089008316397667,0.020091643556952477,0.0195773895829916,0.018386952579021454,0.017326895147562027,0.0017034623306244612,0.0012958206934854388,0.014536706730723381,0.014220756478607655,0.00045134418178349733,0.0005905446014367044,0.0006284805131144822,0.0002046275039901957,0.0024462188594043255,0.001660180976614356,0.0002407349384156987,0.00020758042228408158,0.0008542552823200822,0.00021192092390265316,4.650522896554321e-05,0.0,0.0015255355974659324,0.0018339356174692512,0.001956878462806344,0.0028651943430304527,0.0,0.004795602057129145,0.006637618411332369,0.006912237964570522,0.00015112850815057755,0.00018393792561255395,0.0020232379902154207,0.0018245535902678967,0.0012963301269337535,0.0008051527547650039,0.0007800564635545015,0.0005988185293972492,0.0005239890306256711,0.00014126760652288795,0.0021059068385511637
2003-10-01 05:01:00,0.036550939083099365,0.02854766882956028,0.00634924229234457,0.005882290191948414,1.9934777810703963e-05,0.005602560006082058,0.005022967234253883,0.0036055727396160364,0.0006743400008417666,0.0005742672365158796,0.02813638746738434,0.027253780514001846,0.025412842631340027,0.004362815525382757,0.004062375519424677,0.0036266243550926447,0.002865671645849943,0.002562476322054863,0.002137004164978862,0.020719537511467934,0.01992984488606453,0.019419698044657707,0.01822449453175068,0.01715698465704918,0.0016866631340235472,0.0012832317734137177,0.014435254968702793,0.014120823703706264,0.0004470280255191028,0.0005848893779329956,0.0006213067681528628,0.00020253480761311948,0.0024209495168179274,0.0016437366139143705,0.0002382754610152915,0.00020553699869196862,0.0008460261742584407,0.0002098902186844498,4.603527850122191e-05,0.00021632295101881027,0.0015104349004104733,0.001816276228055358,0.001937734428793192,0.0028368139173835516,0.0,0.004794260952621698,0.006571254692971706,0.00684198085218668,0.00014959400868974626,0.00018216538592241704,0.0020028110593557358,0.0018060641596093774,0.0012831288622692227,0.000796990527305752,0.0007724484312348068,0.0005927813472226262,0.0005197518039494753,0.0001639871479710564,0.0020849157590419054
2003-10-01 05:02:00,0.03621699661016464,0.028295956552028656,0.0062858834862709045,0.0058237467892467976,1.9737355614779517e-05,0.005547200329601765,0.004973920062184334,0.003571182256564498,0.00066760292975232,0.0005685691139660776,0.027889691293239594,0.027018075808882713,0.02519681118428707,0.004318921826779842,0.004021488130092621,0.0035904122050851583,0.0028371463995426893,0.0025371366646140814,0.0021159304305911064,0.020551243796944618,0.019769420847296715,0.019260743632912636,0.018059460446238518,0.016999296844005585,0.0016700956039130688,0.0012708822032436728,0.014337409287691116,0.01402291376143694,0.0004427867825143039,0.0005793257150799036,0.0006144383805803955,0.00020047703583259135,0.002396077150478959,0.0016276042442768812,0.0002358585043111816,0.00020352788851596415,0.0008379431674256921,0.0002078930992865935,4.5572814997285604e-05,0.00020359636982902884,0.0014955701772123575,0.0017988733015954494,0.0019189300946891308,0.0028089883271604776,0.0,0.004792943596839905,0.006505809724330902,0.006773046217858791,0.00014807909610681236,0.0001804036583052948,0.001982655143365264,0.0017879361985251307,0.0012701504165306687,0.0007890000706538558,0.0007648967439308763,0.0005868652369827032,0.000513341510668397,0.0001608340535312891,0.0020642089657485485
2003-10-01 05:03:00,0.03588779270648956,0.028048058971762657,0.006223364733159542,0.005766049958765507,1.9543038433766924e-05,0.005492677912116051,0.004925584886223078,0.003537298645824194,0.0006609666743315756,0.0005629592924378812,0.027646655216813087,0.02678571082651615,0.024983689188957214,0.004275649785995483,0.003981181886047125,0.003554713912308216,0.0028090171981602907,0.002512143226340413,0.002095144474878907,0.020384956151247025,0.019609732553362846,0.019100341945886612,0.017895448952913284,0.01685377210378647,0.001653753686696291,0.0012586951488628983,0.014242070727050304,0.01392676867544651,0.00043860485311597586,0.0005738471518270671,0.000607834430411458,0.00019845171482302248,0.002371591981500387,0.0016117170453071594,0.00023347789829131216,0.00020154724188614637,0.0008299771579913795,0.0002059244434349239,4.511719453148544e-05,0.0001371637627016753,0.001481532584875822,0.0017816966865211725,0.001900428207591176,0.002781648887321353,0.0,0.00479164719581604,0.006441268604248762,0.00670531764626503,0.00014658243162557483,0.0001786536886356771,0.001962773036211729,0.0017700681928545237,0.001257372903637588,0.0007811541436240077,0.0007573967450298369,0.0005810253787785769,0.0005097755929455161,0.0,0.0020437908824533224
2003-10-01 05:04:00,0.03556327894330025,0.027803834527730942,0.0061616841703653336,0.00570919131860137,1.9351591618033126e-05,0.005438962485641241,0.004877922590821981,0.003503748681396246,0.0006544252973981202,0.0005574077367782593,0.02740708738565445,0.02655511349439621,0.02475006692111492,0.0042330436408519745,0.003941431641578674,0.0035194940865039825,0.0027812644839286804,0.0024874769151210785,0.002074618125334382,0.020134715363383293,0.01945425756275654,0.018938716500997543,0.017734747380018234,0.016717443242669106,0.0016376199200749397,0.0012466154294088483,0.014148503541946411,0.013832241296768188,0.0004344700137153268,0.0005684462375938892,0.0006014602840878069,0.00019645666179712862,0.0023474821355193853,0.0015960193704813719,0.00023112828785087913,0.0001995902566704899,0.000822104571852833,0.00020397994376253337,4.4667824113275856e-05,0.0,0.0014687794027850032,0.0017646781634539366,0.0018821964040398598,0.0027547364588826895,0.0,0.004790368024259806,0.006377601996064186,0.006638702005147934,0.00014510273467749357,0.0001769160880940035,0.0019431590335443616,0.001752412528730929,0.0012447783956304193,0.0007734314422123134,0.0007499660714529455,0.0005752993165515363,0.0005043965065851808,0.00013781788584310561,0.0020236573182046413
2003-10-01 05:05:00,0.035243358463048935,0.027562862262129784,0.006100835278630257,0.00565315643325448,1.9162805983796716e-05,0.005386020056903362,0.004830875899642706,0.003470419440418482,0.0006479695439338684,0.0005518943653441966,0.027169570326805115,0.026318971067667007,0.024499572813510895,0.004191041458398104,0.003902209224179387,0.003484721528366208,0.0027538705617189407,0.002463117241859436,0.0020543260034173727,0.019927572458982468,0.019302234053611755,0.01877604052424431,0.0175787266343832,0.016588127240538597,0.0016216717194765806,0.001234605093486607,0.014056218788027763,0.013739243149757385,0.0004303726018406451,0.0005631152307614684,0.00059528648853302,0.00019449002866167575,0.0023237329442054033,0.001580465817824006,0.0002288051473442465,0.00019765296019613743,0.0008143066079355776,0.0002020559913944453,4.422417259775102e-05,0.00021167972590774298,0.0014541356358677149,0.0017478818772360682,0.0018642016220837831,0.002728199353441596,0.0,0.00478910468518734,0.006314773112535477,0.006573124323040247,0.00014363876834977418,0.00017519124958198518,0.0019238037057220936,0.001734941964969039,0.001232351060025394,0.0007658179965801537,0.0007426113006658852,0.0005696042790077627,0.0004991763853468001,0.00013697988470084965,0.00200379709713161
2003-10-01 05:06:00,0.03492781147360802,0.027323827147483826,0.006040835287421942,0.005597934126853943,1.8976714272866957e-05,0.0053338296711444855,0.0047844164073467255,0.0034375449176877737,0.0006415952229872346,0.0005464579444378614,0.02693173475563526,0.02607680670917034,0.024253644049167633,0.004149595741182566,0.0038635137025266886,0.0034504139330238104,0.0027268396224826574,0.0024390826001763344,0.0020345281809568405,0.01974085532128811,0.01915108598768711,0.018613005056977272,0.01742815598845482,0.01646437495946884,0.0016072351718321443,0.0012227289844304323,0.01396495196968317,0.013647743500769138,0.0004263257433194667,0.0005578530835919082,0.0005892881890758872,0.00019255020015407354,0.002300352556630969,0.0015651168068870902,0.00022651333711110055,0.00019573981990106404,0.0008066074806265533,0.00020015604968648404,4.378660742077045e-05,0.00020517437951639295,0.001439685933291912,0.0017312951385974884,0.0018464417662471533,0.0027020557317882776,0.0,0.004787858575582504,0.006252813618630171,0.00650852732360363,0.00014219264267012477,0.0001734801771817729,0.0019047007663175464,0.0017177542904391885,0.0012201127829030156,0.0007583111291751266,0.0007353323162533343,0.0005640169838443398,0.0004951257142238319,0.0,0.001984198112040758
2003-10-01 05:07:00,0.034616172313690186,0.027085062116384506,0.005981702357530594,0.005543514154851437,1.8793600247590803e-05,0.005282385740429163,0.004738593008369207,0.00340537098236382,0.000635311589576304,0.0005411406746134162,0.0266922228038311,0.025831570848822594,0.024018123745918274,0.004108709748834372,0.003825364401564002,0.0034166118130087852,0.0027002745773643255,0.0024165716022253036,0.002015350852161646,0.01956617645919323,0.018999675288796425,0.018450528383255005,0.01728339120745659,0.016345102339982986,0.0015927564818412066,0.0012110667303204536,0.013874566182494164,0.013557766564190388,0.00042234707507304847,0.0005526650347746909,0.0005834460025653243,0.00019063588115386665,0.002277350751683116,0.0015500527806580067,0.00022426029318012297,0.00019385802443139255,0.0007990428130142391,0.00019828604126814753,4.33558234362863e-05,0.0001932571904035285,0.001425527618266642,0.001714868238195777,0.0018289003055542707,0.0026763363275676966,0.0,0.004786635749042034,0.006191799882799387,0.006444892380386591,0.00014076742809265852,0.0001717844425002113,0.0018861889839172363,0.0017009212169796228,0.0012080814922228456,0.0007509124698117375,0.000728147046174854,0.0005584547761827707,0.0004899371997453272,0.00021457311231642962,0.001964863855391741
2003-10-01 05:08:00,0.03430778160691261,0.026845362037420273,0.005923410411924124,0.0054898750968277454,1.8613274733070284e-05,0.005231661722064018,0.004693406634032726,0.0033736620098352432,0.0006291194586083293,0.0005359041970223188,0.02645096182823181,0.025586621835827827,0.023793958127498627,0.004068374168127775,0.0037877496797591448,0.0033833261113613844,0.0026743451599031687,0.0023946312721818686,0.001996544888243079,0.01939939707517624,0.018847554922103882,0.01828954368829727,0.017144376412034035,0.016229325905442238,0.001578300492838025,0.00119955709669739,0.013784977607429028,0.013469447381794453,0.00041842300561256707,0.0005475474754348397,0.0005777440965175629,0.0001887459948193282,0.0022547058761119843,0.0015352130867540836,0.0002220404421677813,0.0001920024660648778,0.0007915860624052584,0.00019644162966869771,4.2931249481625855e-05,0.00013157239300198853,0.0014121733838692307,0.0016986363334581256,0.0018115665297955275,0.002650979906320572,0.0,0.004785431548953056,0.006131683476269245,0.00638220040127635,0.00013936161121819168,0.00017010452575050294,0.001868298277258873,0.0016843177145347,0.001196226803585887,0.0007436115993186831,0.0007210543844848871,0.0005530136986635625,0.0004846600932069123,0.0,0.0019457982853055
2003-10-01 05:09:00,0.03400195389986038,0.02660445123910904,0.0058659338392317295,0.0054369959980249405,1.8435535821481608e-05,0.005181634332984686,0.00464882655069232,0.003342260606586933,0.0006230137078091502,0.0005307216197252274,0.02620907500386238,0.025347040966153145,0.023580383509397507,0.004028581082820892,0.0037506644148379564,0.0033505738247185946,0.002648972673341632,0.0023728583473712206,0.001977993408218026,0.019238049164414406,0.018694749101996422,0.018130922690033913,0.017010807991027832,0.01611633598804474,0.0015638853656128049,0.0011881543323397636,0.013696185313165188,0.013382731936872005,0.00041454273741692305,0.0005424953415058553,0.0005721688503399491,0.0001868795952759683,0.0022323974408209324,0.0015205468516796827,0.00021984898194205016,0.0001901688810903579,0.0007842156337574124,0.00019461910414975137,4.25123653258197e-05,0.0,0.001400050357915461,0.0016825449420139194,0.0017944331048056483,0.00262594036757946,0.0,0.004784244112670422,0.0060724057257175446,0.006320424377918243,0.0001379737223032862,0.00016844064521137625,0.001850578119046986,0.0016678929096087813,0.001184529042802751,0.0007364006596617401,0.0007140380330383778,0.0005475733778439462,0.0004803371848538518,0.00018972989346366376,0.0019269969779998064
2003-10-01 05:10:00,0.033698178827762604,0.02636309526860714,0.005809249356389046,0.005384853575378656,1.8260197975905612e-05,0.005132274702191353,0.004604804329574108,0.0033110622316598892,0.0006169862463138998,0.000525574607308954,0.025968391448259354,0.025112835690379143,0.02337484434247017,0.003989322576671839,0.0037141062784940004,0.003318348666653037,0.002624077722430229,0.0023512474726885557,0.001959624234586954,0.01908048242330551,0.01854158565402031,0.017975404858589172,0.016882238909602165,0.016005611047148705,0.0015495193656533957,0.0011768260737881064,0.013608209788799286,0.01329750195145607,0.00041069768485613167,0.00053750304505229,0.000566708215046674,0.00018503588216844946,0.0022104051895439625,0.0015060127479955554,0.00021768183796666563,0.00018835374794434756,0.0007770793745294213,0.00019281533604953438,4.209869439364411e-05,0.0,0.0013862020568922162,0.0016666589071974158,0.001777486759237945,0.002601181622594595,0.0,0.004783070646226406,0.006013908423483372,0.006259529385715723,0.0001366023498121649,0.00016679287364240736,0.0018330274615436792,0.0016516257310286164,0.001172972028143704,0.0007292716763913631,0.0007070985157042742,0.0005422832909971476,0.0004764207697007805,0.0,0.0019084495725110173
2003-10-01 05:11:00,0.03339624032378197,0.026122519746422768,0.005753357894718647,0.005333431996405125,1.8087295757140964e-05,0.005083564203232527,0.004561218898743391,0.003280281787738204,0.0006110334652476013,0.0005204977933317423,0.025730162858963013,0.024884294718503952,0.023175429552793503,0.003950601909309626,0.0036780929658561945,0.003286670660600066,0.0025996118783950806,0.002329805865883827,0.0019414328271523118,0.018925651907920837,0.01838858798146248,0.0178235936909914,0.01675819419324398,0.015896929427981377,0.001535222982056439,0.0011656482238322496,0.013521118089556694,0.01321367733180523,0.00040689922752790153,0.0005325856618583202,0.000561351771466434,0.00018321412790101022,0.0021887326147407293,0.0014916658401489258,0.00021554336126428097,0.000186560966540128,0.000769997772295028,0.00019103341037407517,4.169057137914933e-05,0.00019460216572042555,0.0013726155739277601,0.0016509409761056304,0.0017607276095077395,0.002576730214059353,0.0,0.004781913477927446,0.005956200882792473,0.006199482828378677,0.00013524912355933338,0.00016516177856829017,0.0018156517762690783,0.001635605120100081,0.0011615750845521688,0.0007222298299893737,0.0007002603379078209,0.0005371230072341859,0.00047199035179801285,0.00019814923871308565,0.0018901447765529156
2003-10-01 05:12:00,0.03309619426727295,0.025883952155709267,0.0056982627138495445,0.0052827163599431515,1.7917069271788932e-05,0.005035486537963152,0.0045181759633123875,0.00325014372356236,0.0006051853997632861,0.000515803403686732,0.02549544721841812,0.024661799892783165,0.02298068441450596,0.003912431187927723,0.0036426556762307882,0.0032555630896240473,0.002575542312115431,0.002308553084731102,0.0019234406063333154,0.01877296343445778,0.018236376345157623,0.017675938084721565,0.016638215631246567,0.015790149569511414,0.0015210391720756888,0.0011547073954716325,0.01343497820198536,0.013131215237081051,0.00040316308150067925,0.0005279553006403148,0.0005561150028370321,0.00018141380860470235,0.00216738716699183,0.0014775790041312575,0.00021344026026781648,0.00018479680875316262,0.0007630116306245327,0.0001892785803647712,4.128861110075377e-05,0.0001835217117331922,0.0013593350304290652,0.0016353924293071032,0.001744161476381123,0.002552624559029937,0.0,0.004780776798725128,0.0058993385173380375,0.0061402772553265095,0.00013391648826655,0.00016354845138266683,0.0017984771402552724,0.0016198877710849047,0.0011503564892336726,0.0007152860052883625,0.0006935574929229915,0.0005321014323271811,0.00046741176629438996,0.0001919120259117335,0.0018720848020166159
2003-10-01 05:13:00,0.032798293977975845,0.025648435577750206,0.005643929820507765,0.0052326819859445095,1.7749358448782004e-05,0.004988026339560747,0.004475750960409641,0.0032204333692789078,0.0005997755797579885,0.0005111318896524608,0.02526499330997467,0.02444513887166977,0.022789478302001953,0.003874810878187418,0.0036077857948839664,0.0032249775249511003,0.0025518175680190325,0.002287480514496565,0.001905620563775301,0.018622148782014847,0.018085580319166183,0.017532693222165108,0.016521790996193886,0.01568502001464367,0.0015069824876263738,0.0011439328081905842,0.013349803164601326,0.013050037436187267,0.00039947728510014713,0.0005233486881479621,0.0005510003538802266,0.00017963450227398425,0.0021463490556925535,0.0014636972919106483,0.00021136755822226405,0.00018305680714547634,0.0007561030797660351,0.0001875470916274935,4.0892304241424426e-05,0.00012636389874387532,0.0013468334218487144,0.0016200515674427152,0.0017277853330597281,0.0025288197211921215,0.0,0.004779657814651728,0.0058432687073946,0.006081899628043175,0.00013260291598271579,0.00016195306670852005,0.0017814908642321825,0.001604381948709488,0.0011392920278012753,0.0007084403769113123,0.0006869721692055464,0.000527172174770385,0.00046344444854184985,0.00019565863476600498,0.001854308764450252
2003-10-01 05:14:00,0.03251182660460472,0.02541668713092804,0.005590328946709633,0.005183308385312557,1.758398320816923e-05,0.004941178020089865,0.00443396158516407,0.0031910063698887825,0.0005944920121692121,0.0005064398283138871,0.02503923699259758,0.024233825504779816,0.022601084783673286,0.0038377386517822742,0.0035734649281948805,0.0031948641408234835,0.0025283945724368095,0.002266577910631895,0.0018879565177485347,0.01847316510975361,0.017936788499355316,0.01739395223557949,0.016408419236540794,0.015581360086798668,0.0014930545585229993,0.00113327254075557,0.01326560229063034,0.012970074079930782,0.00039583223406225443,0.0005187726928852499,0.0005459912354126573,0.00017787580145522952,0.0021255279425531626,0.0014500065008178353,0.0002093209041049704,0.00018133722187485546,0.0007492572767660022,0.00018583571363706142,4.050119605381042e-05,0.0001255380193470046,0.0013337128330022097,0.001604903140105307,0.0017116055823862553,0.0025052849669009447,0.0,0.004778553731739521,0.005787931848317385,0.006024327129125595,0.00013130689330864698,0.00016037552268244326,0.0017646919004619122,0.0015890434151515365,0.0011283663334324956,0.0007016918389126658,0.0006804961594752967,0.0005222860490903258,0.00045913082431070507,0.00019442554912529886,0.00183507998008281
2003-10-01 05:15:00,0.03223617747426033,0.025188913568854332,0.0055374340154230595,0.005134579725563526,1.7420788935851306e-05,0.00489493552595377,0.004392753820866346,0.0031617670319974422,0.0005892295157536864,0.0005017326911911368,0.024818336591124535,0.024027254432439804,0.022415118291974068,0.0038012072909623384,0.0035396667663007975,0.0031651745084673166,0.002505237702280283,0.0022458364255726337,0.0018704371759667993,0.018326114863157272,0.01779051125049591,0.01725967414677143,0.016297640278935432,0.015479040332138538,0.0014792490983381867,0.0011226898059248924,0.013182383961975574,0.012891262769699097,0.0003922202449757606,0.0005142280133441091,0.0005410742596723139,0.0001761373714543879,0.0021048004273325205,0.0014365125680342317,0.0002072966017294675,0.0001796348806237802,0.0007424621726386249,0.00018414168152958155,4.011486089439131e-05,0.0,0.0013225222937762737,0.0015899331774562597,0.0016956123290583491,0.002481997711583972,0.0,0.004777462221682072,0.005733241327106953,0.0059675248339772224,0.0001300269941566512,0.00015881563012953848,0.0017480760579928756,0.001573848188854754,0.0011175686959177256,0.0006950374809093773,0.0006741116521880031,0.0005174539401195943,0.00045489889453165233,0.00019319266721140593,0.0018159439787268639
2003-10-01 05:16:00,0.031960733234882355,0.024965668097138405,0.005485243164002895,0.005086487624794245,1.725979927869048e-05,0.004849300254136324,0.004352094605565071,0.0031329120974987745,0.0005839869845658541,0.0004970536101609468,0.024602249264717102,0.023825136944651604,0.02223624475300312,0.003765213768929243,0.0035063810646533966,0.0031359060667455196,0.002482411451637745,0.0022260781843215227,0.0018530734814703465,0.018181178718805313,0.017647163942456245,0.017129726707935333,0.016189081594347954,0.01537809893488884,0.0014655726263299584,0.0011122487485408783,0.013100182637572289,0.012813566252589226,0.00038865135866217315,0.0005097187822684646,0.0005362387746572495,0.00017441887757740915,0.002084201667457819,0.0014237001305446029,0.00020529859466478229,0.00017795318854041398,0.0007357395952567458,0.00018246770196128637,3.9733597077429295e-05,0.00018476549303159118,0.0013098065974190831,0.001575130270794034,0.0016798112774267793,0.0024589900858700275,0.0,0.0047763860784471035,0.005679176654666662,0.005911451764404774,0.00012876449909526855,0.0001572736509842798,0.0017316407756879926,0.001558878575451672,0.0011069210013374686,0.0006884814356453717,0.0006678181234747171,0.0005126821924932301,0.0004507517733145505,0.0,0.0017973203212022781
2003-10-01 05:17:00,0.031686339527368546,0.024747228249907494,0.005433760583400726,0.005039029289036989,1.7101227058446966e-05,0.004804281983524561,0.00431201234459877,0.0031046471558511257,0.0005787740228697658,0.0004924456006847322,0.024390988051891327,0.023628218099474907,0.022060280665755272,0.0037297592498362064,0.0034736141096800566,0.0031070925761014223,0.002459959825500846,0.0022063315846025944,0.0018358997767791152,0.018038572743535042,0.017507055774331093,0.017003905028104782,0.016082480549812317,0.015278572216629982,0.0014520533150061965,0.0011020251549780369,0.013019034639000893,0.01273695845156908,0.00038513945764862,0.0005052528576925397,0.0005314773297868669,0.00017272010154556483,0.0020637817215174437,0.0014120473060756922,0.00020333293650764972,0.00017629770445637405,0.0007291206857189536,0.0001808184606488794,3.935794666176662e-05,0.00018303675460629165,0.001297204871661961,0.0015607480891048908,0.001664216979406774,0.0024363023694604635,0.0,0.00477532809600234,0.005625775083899498,0.005856088362634182,0.00012752147449646145,0.00015575034194625914,0.001715396181680262,0.0015441898722201586,0.0010964428074657917,0.0006820278940722346,0.0006616166210733354,0.0005079330876469612,0.00044629708281718194,0.00018896978872362524,0.0017792796716094017
2003-10-01 05:18:00,0.03141377121210098,0.024533698335289955,0.00538296066224575,0.004992195405066013,1.694492675596848e-05,0.004759870003908873,0.004272497724741697,0.0030767761636525393,0.0005735955783165991,0.0004878888139501214,0.024184517562389374,0.023435506969690323,0.02188628725707531,0.0036948323249816895,0.003441345179453492,0.0030787044670432806,0.0024378171656280756,0.0021866599563509226,0.0018189095426350832,0.01790706440806389,0.01737007312476635,0.01688193343579769,0.015977563336491585,0.015180353075265884,0.0014386947732418776,0.0010919533669948578,0.012938914820551872,0.01266137883067131,0.00038167406455613673,0.0005008308216929436,0.0005267843371257186,0.0001710408687358722,0.002043570391833782,0.0014003606047481298,0.00020139513071626425,0.00017466448480263352,0.0007225861772894859,0.00017919066885951906,3.898746945196763e-05,0.00017287758237216622,0.0012848846381530166,0.0015469864010810852,0.0016489846166223288,0.002413921058177948,0.0,0.004774286411702633,0.005572994705289602,0.005801411345601082,0.0001262964215129614,0.0001542456157039851,0.0016993462340906262,0.001529701054096222,0.0010861128102988005,0.0006756699876859784,0.0006555082509294152,0.0005032708286307752,0.0004425007209647447,0.0001895598106784746,0.0017618173733353615
2003-10-01 05:19:00,0.031143654137849808,0.024325022473931313,0.005332821514457464,0.004945975728332996,1.6790749214123935e-05,0.004716050811111927,0.004233516752719879,0.0030491664074361324,0.0005684528150595725,0.0004833684070035815,0.02398260124027729,0.023246752098202705,0.021715469658374786,0.003660420421510935,0.0034095500595867634,0.0030507047194987535,0.0024159327149391174,0.0021670754067599773,0.0018020966090261936,0.017770711332559586,0.017236322164535522,0.01676354557275772,0.01587461307644844,0.015088939107954502,0.0014254909474402666,0.0010819853050634265,0.012859595008194447,0.01258678175508976,0.0003784094878938049,0.0004964636173099279,0.0005221557803452015,0.00016938098997343332,0.002023594919592142,0.0013886259403079748,0.00019948127737734467,0.00017305021174252033,0.0007161199464462698,0.00017758145986590534,3.8621747080469504e-05,0.00012076198618160561,0.0012733025941997766,0.0015332306502386928,0.001634078798815608,0.0023918624501675367,0.0,0.004773258231580257,0.0055208103731274605,0.005747396498918533,0.00012508788495324552,0.00015275919577106833,0.0016834883717820048,0.00151537184137851,0.0010759164579212666,0.0006694020703434944,0.0006494768895208836,0.0004986547864973545,0.00043835994438268244,0.0001878783223219216,0.0017448512371629477
2003-10-01 05:20:00,0.030876483768224716,0.024121031165122986,0.005283325910568237,0.004900360479950905,1.663855255173985e-05,0.004672807175666094,0.00419502193108201,0.0030217308085411787,0.000563344859983772,0.00047887381515465677,0.023784978315234184,0.02306138351559639,0.02154581807553768,0.003626507241278887,0.0033782017417252064,0.0030230542179197073,0.002394267125055194,0.0021475886460393667,0.001785453176125884,0.01763647049665451,0.017106160521507263,0.016648538410663605,0.015774110332131386,0.01499346736818552,0.0014124298468232155,0.0010720869759097695,0.012781077064573765,0.012513142079114914,0.0003751588228624314,0.0004921589861623943,0.000517590728122741,0.00016774027608335018,0.002003874396905303,0.001376834698021412,0.000197588000446558,0.00017145204765256494,0.0007097091292962432,0.00017598838894627988,3.826040847343393e-05,0.00011999363778159022,0.0012611167039722204,0.0015195627929642797,0.0016194033669307828,0.0023701104801148176,0.0,0.004772241692990065,0.005469209048897028,0.005694021005183458,0.0001238945114891976,0.00015129073290154338,0.0016678172396495938,0.001501179882325232,0.001065842225216329,0.0006632169825024903,0.0006435101386159658,0.0004940887447446585,0.00043440263834781945,0.00018731602176558226,0.0017283086199313402
2003-10-01 05:21:00,0.030612630769610405,0.023921484127640724,0.005234477110207081,0.004855342675000429,1.6488362234667875e-05,0.0046301293186843395,0.004156987648457289,0.002994648879393935,0.0005582732846960425,0.00047443239600397646,0.0235913023352623,0.02287888340651989,0.021377813071012497,0.0035930825397372246,0.003347288351505995,0.0029957490041851997,0.002372806193307042,0.0021281773224473,0.0017682481557130814,0.017504457384347916,0.016979631036520004,0.016536733135581017,0.0156753771007061,0.014898826368153095,0.0013955568429082632,0.00106239493470639,0.012703576125204563,0.012440435588359833,0.0003719274536706507,0.00048791171866469085,0.000513087899889797,0.00016611855244264007,0.0019844388589262962,0.0013650490436702967,0.00019578465435188264,0.00016987297567538917,0.0007033718866296113,0.0001744138280628249,3.791928611462936e-05,0.0,0.00125068798661232,0.0015059808501973748,0.0016049088444560766,0.002348680514842272,0.0,0.004771238658577204,0.005418235436081886,0.005641271360218525,0.00012271736341062933,0.0001498402707511559,0.001652332255616784,0.0014873264590278268,0.0010562750976532698,0.0006571054109372199,0.0006376138189807534,0.0004895829479210079,0.0004305271140765399,0.00018677860498428345,0.0017121306154876947
2003-10-01 05:22:00,0.030352357774972916,0.023726070299744606,0.005186283029615879,0.004810918588191271,1.6340360161848366e-05,0.004588017705827951,0.004119447898119688,0.0029681099113076925,0.0005532472860068083,0.0004700749123003334,0.023401211947202682,0.022698987275362015,0.02121194638311863,0.003560140263289213,0.0033168112859129906,0.0029687972273677588,0.002351524541154504,0.0021087017375975847,0.0017504411516711116,0.017374955117702484,0.016856703907251358,0.016427788883447647,0.01557733491063118,0.014805079437792301,0.001380161033011973,0.0010529790306463838,0.0126271340996027,0.01236865296959877,0.00036873071803711355,0.0004834342689719051,0.0005086392047815025,0.00016451568808406591,0.0019653132185339928,0.0013533469755202532,0.0001940671936608851,0.00016831794346217066,0.0006971353432163596,0.00017286196816712618,3.759301034733653e-05,0.00017733081767801195,0.0012388154864311218,0.001492455368861556,0.0015905696200206876,0.002327588852494955,0.0,0.004770252853631973,0.005367965903133154,0.005589157808572054,0.00012155818694736809,0.00014840834774076939,0.0016370601952075958,0.0014739069156348705,0.001046839402988553,0.0006510512321256101,0.0006317984079942107,0.0004851470876019448,0.00042674242286011577,0.0001862645585788414,0.0016962895169854164
2003-10-01 05:23:00,0.030095813795924187,0.023534424602985382,0.005138721317052841,0.004767076577991247,1.619442082301248e-05,0.004546456970274448,0.004082400351762772,0.00294193415902555,0.0005482707638293505,0.0004657780227717012,0.023214373737573624,0.022521525621414185,0.02104860357940197,0.003527663880959153,0.00328674353659153,0.0029421488288789988,0.002330360235646367,0.0020891062449663877,0.001732558012008667,0.01724814809858799,0.016737250611186028,0.01632128842175007,0.015479880385100842,0.014712243340909481,0.001365585601888597,0.001043732394464314,0.012551730498671532,0.012297766283154488,0.00036556279519572854,0.00047855370212346315,0.0005041498225182295,0.00016293158114422113,0.0019464940996840596,0.001341704512014985,0.00019235815852880478,0.0001667834585532546,0.0006910655065439641,0.0001713298843242228,3.726967770489864e-05,0.00017241158639080822,0.0012271354207769036,0.0014790743589401245,0.0015763607807457447,0.002306780545040965,0.0,0.004769281484186649,0.005318379960954189,0.005537690129131079,0.00012041560694342479,0.00014699471648782492,0.0016220096731558442,0.0014606836484745145,0.001037458423525095,0.0006450568907894194,0.0006260580266825855,0.00048076760140247643,0.0004231320635881275,0.0,0.0016807561041787267
2003-10-01 05:24:00,0.029843062162399292,0.023346196860074997,0.005091772880405188,0.004723803605884314,1.6050411431933753e-05,0.004505430348217487,0.004045819863677025,0.0029160003177821636,0.0005433437181636691,0.0004615244106389582,0.023030517622828484,0.022346526384353638,0.02088947407901287,0.0034956347662955523,0.0032570515759289265,0.0029157509561628103,0.002309260657057166,0.0020694194827228785,0.0017148817423731089,0.017124135047197342,0.016621069982647896,0.016216842457652092,0.015382963232696056,0.01462032925337553,0.0013516796752810478,0.0010345844784751534,0.012477342039346695,0.012227755039930344,0.0003624189121183008,0.0004738442075904459,0.0004996263887733221,0.00016136608610395342,0.0019279730040580034,0.0013301011640578508,0.00019065645756199956,0.00016526655235793442,0.000685091654304415,0.00016981504450086504,3.694908446050249e-05,0.00016313466767314821,0.0012157077435404062,0.001465809647925198,0.0015622773207724094,0.0022862122859805822,0.0,0.004768322221934795,0.0052694473415613174,0.005486868321895599,0.00011928827007068321,0.0001455990131944418,0.0016071718418970704,0.0014475597999989986,0.0010281252907589078,0.000639124889858067,0.0006203862139955163,0.0004764175973832607,0.00041909251012839377,0.00018400317640043795,0.0016654987121000886
2003-10-01 05:25:00,0.029594097286462784,0.023161111399531364,0.0050454214215278625,0.004681086633354425,1.5908210116322152e-05,0.004464919213205576,0.0040096682496368885,0.002890227362513542,0.0005384637042880058,0.00045730159035883844,0.02284952625632286,0.022174522280693054,0.0207345150411129,0.003464030334725976,0.0032277016434818506,0.002889630850404501,0.0022891019470989704,0.0020497003570199013,0.0016975558828562498,0.017002945765852928,0.016507908701896667,0.01611410081386566,0.015286566689610481,0.014529339969158173,0.001338314381428063,0.0010254887165501714,0.012403943575918674,0.01215860154479742,0.0003592951106838882,0.00046927915536798537,0.0004951001610606909,0.00015981907199602574,0.001909738639369607,0.0013185213319957256,0.00018896117398981005,0.00016376469284296036,0.0006791494088247418,0.00016831523680593818,3.663104143925011e-05,0.00016171498282346874,0.0012043319875374436,0.0014526430750265718,0.0015483212191611528,0.002265852876007557,0.0,0.004767373204231262,0.00522113312035799,0.005436684470623732,0.00011817491758847609,0.00014422077219933271,0.0015925319166854024,0.0014344996307045221,0.0010188400046899915,0.000633256568107754,0.0006147752283141017,0.0004721369477920234,0.00041563514969311655,0.0,0.0016504876548424363
2003-10-01 05:26:00,0.02934887446463108,0.02297903038561344,0.004999667406082153,0.004638917278498411,1.5767836885061115e-05,0.004424913786351681,0.0039739287458360195,0.0028647808358073235,0.0005336306639946997,0.0004531319427769631,0.02267143316566944,0.022005541250109673,0.020581739023327827,0.003432835917919874,0.0031987070105969906,0.002863912843167782,0.002269062679260969,0.002030008938163519,0.0016806680941954255,0.016884539276361465,0.01639748178422451,0.016012774780392647,0.015190733596682549,0.014439367689192295,0.0013253996148705482,0.0010164896957576275,0.012331542558968067,0.012090305797755718,0.0003562003839761019,0.0004648401227314025,0.0004905932582914829,0.00015829034964554012,0.001891794614493847,0.0013070133281871676,0.00018727692076936364,0.00016228051390498877,0.0006732586189173162,0.0001668326003709808,3.6315872421255335e-05,0.00011493980855448171,0.0011937398230656981,0.0014396333135664463,0.0015344921266660094,0.0022457195445895195,0.0,0.004766436293721199,0.005173450335860252,0.005387130193412304,0.00011707645171554759,0.000142859949846752,0.001578077208250761,0.0014215711271390319,0.0010096295736730099,0.0006274590850807726,0.0006092297844588757,0.00046788493636995554,0.0004117339849472046,0.0,0.0016356977866962552
2003-10-01 05:27:00,0.0291073489934206,0.022799914702773094,0.004954516422003508,0.004597288556396961,1.562944999022875e-05,0.004385414533317089,0.003938635345548391,0.002839834662154317,0.0005288512329570949,0.00044904177775606513,0.022496258839964867,0.02183951810002327,0.020431503653526306,0.0034020484890788794,0.0031700916588306427,0.0028385338373482227,0.00224892795085907,0.0020104493014514446,0.0016642633127048612,0.01676882430911064,0.01628950424492359,0.01591270975768566,0.015098311007022858,0.014350504614412785,0.0013128862483426929,0.0010076470207422972,0.01226014457643032,0.012022875249385834,0.0003531465190462768,0.0004605161084327847,0.00048612200771458447,0.00015677981718908995,0.00187414581887424,0.0012956378050148487,0.0001856097806012258,0.00016081842477433383,0.0006674466421827674,0.00016537084593437612,3.6004072171635926e-05,0.00011425262346165255,0.001182702835649252,0.0014267181977629662,0.0015208001714199781,0.002225841162726283,0.0,0.004765514750033617,0.00512644462287426,0.005338211543858051,0.0001159944076789543,0.00014151690993458033,0.0015638066688552499,0.0014088265597820282,0.0010005183285102248,0.0006217394256964326,0.0006037565181031823,0.00046368417679332197,0.00040803299634717405,0.00018058292334899306,0.001621117116883397
2003-10-01 05:28:00,0.028869474306702614,0.02262372523546219,0.004909946117550135,0.004556187428534031,1.5492940292460844e-05,0.004346407484263182,0.0039037896785885096,0.0028152239974588156,0.0005241271574050188,0.00044500932563096285,0.02232399210333824,0.021676374599337578,0.020284000784158707,0.0033716571051627398,0.003141833236441016,0.0028133969753980637,0.0022287252359092236,0.001991092460229993,0.001648311736062169,0.01665578968822956,0.016184816136956215,0.01581447757780552,0.015008884482085705,0.014262781478464603,0.0013007152592763305,0.0009989069076254964,0.012191793881356716,0.011959074065089226,0.0003501268511172384,0.0004562928806990385,0.0004816975852008909,0.00015528735821135342,0.001856774790212512,0.001284367055632174,0.00018395758525002748,0.0001593753113411367,0.0006616993923671544,0.0001639273832552135,3.5695411497727036e-05,0.0,0.001173290773294866,0.0014139647828415036,0.001507237204350531,0.0022061835043132305,0.0,0.004764606710523367,0.005080079659819603,0.005289928987622261,0.00011492752673802897,0.0001401913323206827,0.0015497161075472832,0.0013962069060653448,0.0009914968395605683,0.0006160945631563663,0.0005983510054647923,0.0004595378413796425,0.0004043862281832844,0.00017945618310477585,0.0016067370306700468
2003-10-01 05:29:00,0.02863520011305809,0.02245042845606804,0.004865937400609255,0.004515600856393576,1.535819137643557e-05,0.004307879600673914,0.00386937172152102,0.0027908370830118656,0.0005194571567699313,0.0004410182882566005,0.022154608741402626,0.02151608280837536,0.020139362663030624,0.003341647330671549,0.003113895421847701,0.002788431942462921,0.002208493649959564,0.001971989870071411,0.0016327714547514915,0.016545424237847328,0.0160822793841362,0.015717679634690285,0.014919565059244633,0.014177005738019943,0.0012888312339782715,0.0009902312885969877,0.012127529829740524,0.011894785799086094,0.0003471358213573694,0.0004521577793639153,0.0004773273249156773,0.00015340247773565352,0.0018396551022306085,0.0012731775641441345,0.000182318442966789,0.000157948539708741,0.0006560052279382944,0.00016249995678663254,3.538967575877905e-05,0.0,0.0011625649640336633,0.0014013348845764995,0.0014938138192519546,0.0021867232862859964,0.0,0.004763709846884012,0.005034353118389845,0.005242276005446911,0.0001138745792559348,0.00013888282410334796,0.0015357977245002985,0.0013836862053722143,0.0009825597517192364,0.0006105213542468846,0.0005930057377554476,0.00045543722808361053,0.000400828750571236,0.0001783534389687702,0.001592544955201447
2003-10-01 05:30:00,0.0284044798463583,0.022280003875494003,0.004822473041713238,0.004475517198443413,1.522509592177812e-05,0.004269815050065517,0.0038353491108864546,0.002766599413007498,0.0005148379714228213,0.00043705684947781265,0.02198808826506138,0.021358640864491463,0.01999761536717415,0.0033119991421699524,0.0030862363055348396,0.002763592405244708,0.0021882776636630297,0.0019531745929270983,0.0016175941564142704,0.016437504440546036,0.015981478616595268,0.015622041188180447,0.014830654487013817,0.014093004167079926,0.0012771844631060958,0.0009815943194553256,0.012063659727573395,0.011830494739115238,0.00034416886046528816,0.00044809957034885883,0.0004730182990897447,0.00015084250480867922,0.0018226832617074251,0.0012620501220226288,0.00018069068028125912,0.0001565358106745407,0.000650354428216815,0.00016108655836433172,3.5086661227978766e-05,0.00016136234626173973,0.0011520233238115907,0.0013888704124838114,0.0014805244281888008,0.002167443046346307,0.0,0.004762821830809116,0.004989392589777708,0.005195274017751217,0.00011283441563136876,0.00013759086141362786,0.001522042672149837,0.0013712524669244885,0.0009737033979035914,0.0006050161318853498,0.0005877173389308155,0.0004513856256380677,0.0003973163547925651,0.0,0.0015785250579938293
2003-10-01 05:31:00,0.028176475316286087,0.022112447768449783,0.004779552575200796,0.004435927141457796,1.5093671208887827e-05,0.004232207778841257,0.0038017083425074816,0.0027426634915173054,0.0005102683790028095,0.00043314468348398805,0.021824432536959648,0.02120409533381462,0.019858691841363907,0.003282694611698389,0.003058829577639699,0.0027388811577111483,0.002168135717511177,0.0019346773624420166,0.0016027591191232204,0.016331825405359268,0.01588238775730133,0.015530720353126526,0.01474231481552124,0.014010547660291195,0.0012657474726438522,0.000973046466242522,0.012000086717307568,0.011766482144594193,0.0003412330988794565,0.0004441125493030995,0.0004687689070124179,0.00014847793499939144,0.001805847859941423,0.0012510245433077216,0.00017907781875692308,0.00015513948164880276,0.0006447626510635018,0.0001596891088411212,3.47866298398003e-05,0.00015995549620129168,0.0011415889021009207,0.0013765371404588223,0.0014673862606287003,0.0021483697928488255,0.0,0.004761945456266403,0.004944927990436554,0.005148906260728836,0.00011180782894371077,0.00013631534238811582,0.0015084444312378764,0.001358971232548356,0.0009649471612647176,0.0005995815736241639,0.0005824830150231719,0.0004473328299354762,0.0003936452849302441,0.00017495053180027753,0.0015646734973415732
2003-10-01 05:32:00,0.027892515063285828,0.02194863371551037,0.004737180192023516,0.0043968260288238525,1.496405548095936e-05,0.0041950601153075695,0.0037684820126742125,0.002719189040362835,0.0005057533271610737,0.00042930536437779665,0.021663624793291092,0.021052492782473564,0.01972247287631035,0.0032537190709263086,0.0030316675547510386,0.002714326372370124,0.0021481269504874945,0.001916525769047439,0.0015882567968219519,0.016228314489126205,0.015785563737154007,0.015441902913153172,0.014654489234089851,0.013929462060332298,0.0012545195640996099,0.0009646474500186741,0.011936783790588379,0.011702951975166798,0.00033800912206061184,0.00044018146581947803,0.00046458016731776297,0.00014630840450990945,0.001789179164916277,0.0012401517014950514,0.00017748474783729762,0.00015376346709672362,0.000639252713881433,0.0001583109115017578,3.448999996180646e-05,0.00015171516861300915,0.0011314311996102333,0.0013643417041748762,0.0014543951256200671,0.002129539381712675,0.0,0.004761083517223597,0.004900984466075897,0.005103142000734806,0.00011079617979703471,0.0001350565580651164,0.0014950066106393933,0.0013468886027112603,0.0009563080384396017,0.000594220357015729,0.0005773123120889068,0.00044337479630485177,0.0003903699980583042,0.0,0.0015509878285229206
2003-10-01 05:33:00,0.027582388371229172,0.02178957872092724,0.004695334937423468,0.004358202219009399,1.4836152331554331e-05,0.004158360883593559,0.00373567221686244,0.002696024952456355,0.0005012935725972056,0.0004255192761775106,0.021505514159798622,0.020903781056404114,0.019588835537433624,0.003225050400942564,0.0030047267209738493,0.0026899229269474745,0.0021282872185111046,0.0018987184157595038,0.0015740410890430212,0.01612694561481476,0.015690764412283897,0.015353490598499775,0.014567302539944649,0.013849504292011261,0.0012434822274371982,0.000956351519562304,0.011873733252286911,0.011640019714832306,0.0003345985314808786,0.0004362284962553531,0.0004604443965945393,0.00014430277224164456,0.0017726843943819404,0.0012294023763388395,0.00017590902280062437,0.00015240503125824034,0.000633810181170702,0.00015694968169555068,3.419654240133241e-05,0.0001504379033576697,0.0011212837416678667,0.001352317980490625,0.0014412879245355725,0.002110878936946392,0.0,0.004760233219712973,0.00485752709209919,0.005057953763753176,0.00010979833314195275,0.0001338141446467489,0.001481729093939066,0.0013349474174901843,0.0009477721177972853,0.0005889273597858846,0.0005722009809687734,0.00043943722266703844,0.0003864857426378876,0.0,0.0015374661888927221
2003-10-01 05:34:00,0.02728964202105999,0.021634137257933617,0.0046539995819330215,0.004320045001804829,1.470985898777144e-05,0.004122100304812193,0.0037032614927738905,0.002673068316653371,0.0004968873108737171,0.0004217716632410884,0.02135000191628933,0.020757898688316345,0.01945766806602478,0.0031966667156666517,0.002977988449856639,0.0026656752452254295,0.002108647022396326,0.0018812451744452119,0.0015600731130689383,0.016027621924877167,0.015597658231854439,0.015265409834682941,0.014480848796665668,0.01377048809081316,0.0012326129944995046,0.0009481251472607255,0.011810953728854656,0.011577757075428963,0.00033130994415841997,0.0004322672903072089,0.00045634989510290325,0.00014243475743569434,0.0017563659930601716,0.001218751771375537,0.00017434844630770385,0.00015106177306734025,0.0006284230039454997,0.00015560336760245264,3.390604251762852e-05,0.00014917945372872055,0.001111307181417942,0.0013404068304225802,0.00142841343767941,0.002092367270961404,0.0,0.004759393632411957,0.004814513493329287,0.005013311747461557,0.00010881318303290755,0.00013258768012747169,0.0014686076901853085,0.0013231189223006368,0.0009393299114890397,0.000583697808906436,0.0005671422695741057,0.00043553917203098536,0.00038313798722811043,0.0,0.001524103805422783
2003-10-01 05:35:00,0.027019597589969635,0.021481279283761978,0.004613157827407122,0.004282344598323107,1.4585079952667002e-05,0.004086265340447426,0.0036712209694087505,0.0026502504479140043,0.0004925309913232923,0.00041805169894360006,0.021197108551859856,0.020616019144654274,0.01932884380221367,0.003168655326589942,0.002951440867036581,0.002641592873260379,0.0020892294123768806,0.0018640895141288638,0.0015463188756257296,0.015930207446217537,0.015505978837609291,0.015178306959569454,0.014395216479897499,0.013692272827029228,0.001221889047883451,0.0009399447008036077,0.011748479679226875,0.011516202241182327,0.00032812103745527565,0.00042831775499507785,0.0004522902600001544,0.0001406826777383685,0.0017402267549186945,0.0012081789318472147,0.00017280109750572592,0.00014973164070397615,0.000623081112280488,0.0001542701938888058,3.361830022186041e-05,0.00010840583126991987,0.0011020441306754947,0.0013286331668496132,0.0014157351106405258,0.002074021613225341,0.0,0.0047585624270141125,0.0047719138674438,0.004969185218214989,0.00010783968900796026,0.00013137668429408222,0.0014556370442733169,0.0013114175526425242,0.0009311501635238528,0.0005785239627584815,0.0005621340242214501,0.0004316832928452641,0.00038023610250093043,0.0,0.0015108942752704024
2003-10-01 05:36:00,0.026769373565912247,0.02133386954665184,0.00457281107082963,0.0042450944893062115,1.4461831597145647e-05,0.00405085226520896,0.0036395385395735502,0.002627711510285735,0.00048822781536728144,0.00041447149123996496,0.021048318594694138,0.020485064014792442,0.01920219324529171,0.00314277783036232,0.0029250928200781345,0.0026177149266004562,0.002070063492283225,0.0018472434021532536,0.0015327740693464875,0.015834568068385124,0.015415671281516552,0.015092241577804089,0.014310384169220924,0.013614832423627377,0.0012113023549318314,0.0009318552911281586,0.011686376295983791,0.011455384083092213,0.0003250257286708802,0.0004243966832291335,0.0004482629883568734,0.00013902861974202096,0.0017242833273485303,0.0011977176181972027,0.00017126984312199056,0.0001484167150920257,0.0006177978357300162,0.00015295181947294623,3.333353015477769e-05,0.00010776590352179483,0.001092299702577293,0.0013170420425012708,0.0014032478211447597,0.002055881777778268,0.0,0.004757741466164589,0.004729749634861946,0.004925549030303955,0.00010687855683499947,0.00013018101162742823,0.0014428227441385388,0.0013000343460589647,0.0009231985895894468,0.0005733889993280172,0.0005571871879510581,0.0004279743297956884,0.00037694856291636825,0.0,0.0014978311955928802
2003-10-01 05:37:00,0.026536209508776665,0.021193424239754677,0.004532963503152132,0.004208291415125132,1.434023397450801e-05,0.004015864338725805,0.003608244936913252,0.00260559911839664,0.00048399201477877796,0.00041096395580098033,0.02090374380350113,0.020355237647891045,0.019077682867646217,0.0031166300177574158,0.0028993815649300814,0.002594103803858161,0.002051752991974354,0.0018306990386918187,0.001519446144811809,0.01574058085680008,0.015326544642448425,0.015006395988166332,0.01422634907066822,0.013538177125155926,0.0012008652556687593,0.0009239105274900794,0.0116247134283185,0.011395327746868134,0.00032202317379415035,0.00042051932541653514,0.0004442686040420085,0.0001374579151161015,0.0017085529398173094,0.0011874119518324733,0.0001697588450042531,0.0001471606083214283,0.000612593546975404,0.00015165125660132617,3.305209247628227e-05,0.00010713504161685705,0.0010827176738530397,0.0013055657036602497,0.0013909406261518598,0.0020379875786602497,0.0,0.004756934009492397,0.004688074812293053,0.004882397595793009,0.00010593101615086198,0.0001290008658543229,0.0014301793416962028,0.001288892817683518,0.0009153042337857187,0.000568305840715766,0.0005523776053451002,0.00042460643453523517,0.0003737202496267855,0.0,0.0014849158469587564
2003-10-01 05:38:00,0.026316896080970764,0.021052835509181023,0.004493596497923136,0.004171926062554121,1.4220202501746826e-05,0.003981293644756079,0.0035773443523794413,0.0025837740395218134,0.0004798182344529778,0.00040748051833361387,0.020762735977768898,0.02022656239569187,0.018955141305923462,0.003090525511652231,0.0028738812543451786,0.002570920391008258,0.0020341197960078716,0.0018144098576158285,0.0015063094906508923,0.015648098662495613,0.015238380059599876,0.014920770190656185,0.014143136329948902,0.013462231494486332,0.0011905712308362126,0.0009160679182969034,0.011563527397811413,0.011336025781929493,0.00031909666722640395,0.0004166919970884919,0.0004403090861160308,0.00013595847121905535,0.0016930336132645607,0.001177233294583857,0.00016826562932692468,0.0001459510822314769,0.0006074543343856931,0.0001503664389019832,3.277376526966691e-05,0.0001065100368577987,0.0010732908267527819,0.0012942212633788586,0.0013787930365651846,0.0020203180611133575,0.0,0.004756137263029814,0.004646878223866224,0.004839727189391851,0.00010499604104552418,0.00012783592683263123,0.0014177067205309868,0.0012778729433193803,0.0009074578410945833,0.0005632913089357316,0.0005477076629176736,0.000421252945670858,0.0003704700793605298,0.0,0.001472150208428502
2003-10-01 05:39:00,0.02610819600522518,0.02091347798705101,0.004454696085304022,0.004135990981012583,1.4101646229391918e-05,0.003947131335735321,0.0035468207206577063,0.002562141278758645,0.0004756998678203672,0.00040401422302238643,0.020624883472919464,0.020098963752388954,0.018834419548511505,0.003064484568312764,0.0028485485818237066,0.002548143733292818,0.0020166179165244102,0.00179836165625602,0.0014933435013517737,0.015556969679892063,0.015150999650359154,0.014835391193628311,0.014060753397643566,0.013386944308876991,0.0011804080568253994,0.0009082960896193981,0.01150285080075264,0.011277463287115097,0.00031623258837498724,0.0004129174049012363,0.0004363868501968682,0.0001345202763332054,0.0016777217388153076,0.001167156733572483,0.00016678795509506017,0.000144748788443394,0.0006023685564287007,0.00014909551828168333,3.249834117013961e-05,0.00010588910663500428,0.0010640100808814168,0.001283013727515936,0.0013667958555743098,0.0020028541330248117,0.0,0.004755350295454264,0.004606145434081554,0.004797532223165035,0.00010407263471279293,0.00012668575800489634,0.001405396731570363,0.0012669269926846027,0.0008996603428386152,0.0005583559977822006,0.0005431432509794831,0.00041790431714616716,0.0003672726161312312,0.0,0.0014595326501876116
2003-10-01 05:40:00,0.02590775117278099,0.020775968208909035,0.004416247829794884,0.004100477322936058,1.398448057443602e-05,0.003913367632776499,0.003516647731885314,0.0025406379718333483,0.0004716305120382458,0.000400560034904629,0.020489748567342758,0.019972385838627815,0.018715376034379005,0.0030385316349565983,0.002823430113494396,0.002525722375139594,0.001999253872781992,0.0017825427930802107,0.0014805300161242485,0.015467043034732342,0.015064263716340065,0.014750298112630844,0.013979197479784489,0.013312283903360367,0.0011703609488904476,0.0009005724568851292,0.011442710645496845,0.011219621635973454,0.00031341976136900485,0.00040919578168541193,0.0004325040499679744,0.0001331350504187867,0.0016626125434413552,0.0011571614304557443,0.0001653239014558494,0.0001435528538422659,0.0005973267834633589,0.0001478368794778362,3.22256310028024e-05,0.0001052705556503497,0.0010548639111220837,0.0012719441438093781,0.0013549441937357187,0.0019855794962495565,0.0,0.004754571244120598,0.0045658596791327,0.004755805246531963,0.00010315986583009362,0.00012554990826174617,0.001393238897435367,0.0012560392497107387,0.0008919163374230266,0.0005535038653761148,0.0005386581178754568,0.0004145591228734702,0.00036411796463653445,0.0,0.0014470588648691773
2003-10-01 05:41:00,0.02571331150829792,0.020640363916754723,0.004368767607957125,0.004065560642629862,1.3868720088794362e-05,0.003879995085299015,0.0034868132788687944,0.0025193928740918636,0.0004676066164392978,0.00039713678415864706,0.020356949418783188,0.019846832379698753,0.018597889691591263,0.003012697910889983,0.002798565197736025,0.0025036372244358063,0.0019820427987724543,0.0017669509397819638,0.0014678755542263389,0.015378179959952831,0.014978071674704552,0.014665551483631134,0.013898481614887714,0.01323829684406519,0.001160427345894277,0.0008929370087571442,0.01138315349817276,0.011162493377923965,0.0003106601070612669,0.00040552913560532033,0.00042866254807449877,0.00013179591041989625,0.001647713128477335,0.0011472770711407065,0.00016387586947530508,0.00014236582501325756,0.0005923408316448331,0.00014659203588962555,3.195581302861683e-05,0.0001046547622536309,0.0010458468459546566,0.001261012046597898,0.0013432397972792387,0.001968513475731015,0.0,0.004753801506012678,0.0045260414481163025,0.004714539274573326,0.00010225836740573868,0.00012442823208402842,0.001381225069053471,0.0012452665250748396,0.0008842487004585564,0.0005487396265380085,0.0005342388176359236,0.00041122070979326963,0.00036101185833103955,0.0,0.0014347241958603263
2003-10-01 05:42:00,0.025522354990243912,0.020506639033555984,0.004323853645473719,0.004031368996948004,1.3754470273852348e-05,0.0038469929713755846,0.0034573448356240988,0.0024985424242913723,0.00046363010187633336,0.0003937660367228091,0.020226195454597473,0.0197223462164402,0.018481839448213577,0.0029870171565562487,0.002773989224806428,0.0024818843230605125,0.001965001691132784,0.0017515912186354399,0.0014553953660652041,0.015290253795683384,0.01489236019551754,0.014581223949790001,0.01381863746792078,0.013165044598281384,0.0011506217997521162,0.0008854379993863404,0.011324219405651093,0.011106076650321484,0.0003079588059335947,0.0004019214247819036,0.00042486455640755594,0.00013049722474534065,0.0016330318758264184,0.001137542654760182,0.00016244756989181042,0.00014119131083134562,0.0005874289781786501,0.00014536369417328387,3.16891964757815e-05,0.0001040435818140395,0.0010369608644396067,0.0012502179015427828,0.001331683830358088,0.0019516813335940242,0.0,0.0047530438750982285,0.004486734513193369,0.004673742223531008,0.0001013692599372007,0.00012332091864664108,0.0013693557120859623,0.0012346530565991998,0.0008766781538724899,0.0005440656095743179,0.0005298792384564877,0.0004078955389559269,0.0003579641052056104,0.0,0.0014225306222215295
2003-10-01 05:43:00,0.02533484436571598,0.020374881103634834,0.004282406996935606,0.003997689113020897,1.3641655641549733e-05,0.003814339404925704,0.003428244963288307,0.002477958332747221,0.00045970044448040426,0.00039043446304276586,0.02009722590446472,0.01959889940917492,0.018367089331150055,0.0029615149833261967,0.0027497108094394207,0.002460429910570383,0.0019481333438307047,0.001736452803015709,0.0014430717565119267,0.015203157439827919,0.01480709295719862,0.014497374184429646,0.013739661313593388,0.013092496432363987,0.0011409408180043101,0.0008780364296399057,0.011265914887189865,0.011050350032746792,0.0003053056716453284,0.0003983712522312999,0.0004211120249237865,0.00012923435133416206,0.0016185600543394685,0.0011279307072982192,0.00016103657253552228,0.000140027841553092,0.00058257847558707,0.00014414996257983148,3.1425577617483214e-05,0.00010343601024942473,0.0010282001458108425,0.0012395612429827452,0.001320272102020681,0.0019350595539435744,0.0,0.0047522964887320995,0.0044479211792349815,0.004633417818695307,0.00010049161210190505,0.00012222760415170342,0.001357629313133657,0.0012241578660905361,0.0008691992843523622,0.0005394744803197682,0.0005255636642687023,0.00040452941902913153,0.00035440330975688994,0.0,0.0014104798901826143
2003-10-01 05:44:00,0.025151079520583153,0.02024497464299202,0.0042433589696884155,0.003964399918913841,1.3530194337363355e-05,0.0037820269353687763,0.003399500623345375,0.0024575532879680395,0.00045581546146422625,0.00038713181857019663,0.019969824701547623,0.01947646588087082,0.018253540620207787,0.0029362128116190434,0.0027257294859737158,0.0024392453487962484,0.001931438804604113,0.0017215234693139791,0.0014308904064819217,0.015117097645998001,0.014726073481142521,0.014413935132324696,0.013661540113389492,0.013020629994571209,0.0011313754366710782,0.0008707029628567398,0.011208242736756802,0.01099530328065157,0.00030269217677414417,0.000394875998608768,0.00041740629239939153,0.00012800339027307928,0.0016042885836213827,0.0011184177128598094,0.0001596407382749021,0.00013887409295421094,0.0005777783808298409,0.00014300996554084122,3.1164763640845194e-05,0.00010283142910338938,0.0010195608483627439,0.001229040906764567,0.0013090018182992935,0.0019186296267434955,0.0,0.0047515579499304295,0.004409580025821924,0.004593564663082361,9.962453623302281e-05,0.00012114793935324997,0.0013462923234328628,0.0012137613957747817,0.0008618084830231965,0.0005349658895283937,0.00052138656610623,0.00040117319440469146,0.00035158402170054615,0.0,0.001398570602759719
2003-10-01 05:45:00,0.024971164762973785,0.020116733387112617,0.004205964971333742,0.003931431565433741,1.3420013601717073e-05,0.0037500534672290087,0.0033710882999002934,0.002437268616631627,0.0004519719223026186,0.0003838504198938608,0.019843822345137596,0.0193550456315279,0.018141360953450203,0.002911126473918557,0.0027020389679819345,0.002418308285996318,0.0019149184226989746,0.0017067899461835623,0.0014188382774591446,0.015032636001706123,0.014646307565271854,0.014330653473734856,0.013584276661276817,0.012949429452419281,0.0011219140142202377,0.0008634181576780975,0.011151210404932499,0.010941008105874062,0.0003001114528160542,0.00039143217145465314,0.00041374797001481056,0.0001268011110369116,0.001590208732523024,0.001108983880840242,0.00015825821901671588,0.00013772894453722984,0.0005730199045501649,0.00014188683417160064,3.0906565370969474e-05,0.00010222938726656139,0.0010110402945429087,0.001218655495904386,0.0012978704180568457,0.0019023774657398462,0.0,0.004750826861709356,0.0043716891668736935,0.004554177634418011,9.876719559542835e-05,0.00012008146586595103,0.001335073378868401,0.0012034510727971792,0.0008545045275241137,0.0005305364029482007,0.0005171928787603974,0.000397843454265967,0.0003489266673568636,0.0,0.0013867986854165792
2003-10-01 05:46:00,0.024794964119791985,0.01998998410999775,0.004169713240116835,0.0038987549487501383,1.3311125258042011e-05,0.0037184266839176416,0.0033429982140660286,0.002417223295196891,0.0004481684882193804,0.0003806048189289868,0.019719116389751434,0.019234729930758476,0.01803070679306984,0.0028862720355391502,0.0026786408852785826,0.002397621748968959,0.0018985802307724953,0.0016922496724873781,0.0014069246826693416,0.014949381351470947,0.01456624735146761,0.014247660525143147,0.01350789051502943,0.012878946028649807,0.0011125560849905014,0.0008562246803194284,0.011094850488007069,0.010887405835092068,0.00029756774893030524,0.0003880390722770244,0.00041013723239302635,0.00012562473420985043,0.001576323644258082,0.0010996554046869278,0.00015689112478867173,0.00013659431715495884,0.0005683137569576502,0.00014077124069444835,3.0651142878923565e-05,0.00010163026308873668,0.0010026334784924984,0.001208402798511088,0.0012868803460150957,0.0018863213481381536,0.0,0.004750104621052742,0.004334259312599897,0.00451525067910552,9.79201722657308e-05,0.00011902805999852717,0.0013239443069323897,0.0011932812631130219,0.0008473003981634974,0.0005261751939542592,0.0005130099016241729,0.00039451842894777656,0.0003450223885010928,0.00010616007057251409,0.0013751599472016096
2003-10-01 05:47:00,0.024622440338134766,0.019864648580551147,0.00413699634373188,0.003866298822686076,1.3203621165303048e-05,0.0036871624179184437,0.0033152541145682335,0.002397543750703335,0.0004444081278052181,0.0003774129436351359,0.019595667719841003,0.019115643575787544,0.017921531572937965,0.0028616648633033037,0.0026555429212749004,0.0023771990090608597,0.0018824344733729959,0.001677907072007656,0.0013951667351648211,0.014867023564875126,0.014485929161310196,0.014165104366838932,0.01343241985887289,0.012809241190552711,0.001103316666558385,0.0008491645567119122,0.011039181612432003,0.01083447691053152,0.00029506805003620684,0.0003846985928248614,0.0004065743996761739,0.00012447204790078104,0.0015626383246853948,0.0010904677910730243,0.00015554277342744172,0.00013547317939810455,0.0005636766436509788,0.00013966606638859957,3.0398769013118e-05,0.00010103574459208176,0.000994341797195375,0.0011982818832620978,0.00127603264991194,0.0018704849062487483,0.0,0.004749393090605736,0.004297324921935797,0.004476787522435188,9.70844630501233e-05,0.00011798786727013066,0.0013129282742738724,0.0011832870077341795,0.0008402062812820077,0.0005218760925345123,0.0005088392063044012,0.0003911551903001964,0.00034223878174088895,0.0,0.0013636554358527064
2003-10-01 05:48:00,0.024453498423099518,0.01974060945212841,0.0041039008647203445,0.0038340622559189796,1.3097434930386953e-05,0.003656269982457161,0.003287856001406908,0.0023781112395226955,0.00044069107389077544,0.0003742614353541285,0.01947346329689026,0.01899782195687294,0.01781366392970085,0.002837312174960971,0.002632736461237073,0.0023570226039737463,0.001866477308794856,0.0016637530643492937,0.001383550581522286,0.014785329811275005,0.014405423775315285,0.014083108864724636,0.013357858173549175,0.012740286998450756,0.0010941941291093826,0.0008422000682912767,0.010984193533658981,0.010782191529870033,0.00029260473093017936,0.0003814083174802363,0.0004030596755910665,0.0001233411894645542,0.0015496063278988004,0.0010813955450430512,0.00015421088028233498,0.0001343639742117375,0.0005590966902673244,0.00013857021986041218,3.0149249141686596e-05,0.00013274882803671062,0.0009857238037511706,0.0011882579419761896,0.0012653208104893565,0.0018548468360677361,0.0,0.004748691339045763,0.00426087249070406,0.004438790027052164,9.625924576539546e-05,0.00011696058936649933,0.0013020287733525038,0.0011734238360077143,0.0008332087309099734,0.0005176262930035591,0.0005046752630732954,0.00038784058415330946,0.00033969205105677247,0.0,0.0013522850349545479
2003-10-01 05:49:00,0.024287620559334755,0.019617773592472076,0.004070725291967392,0.003802091581746936,1.2992495612706989e-05,0.003625766607001424,0.0032614711672067642,0.0023588454350829124,0.00043701587128452957,0.0003711399913299829,0.0193525031208992,0.01888125389814377,0.017706910148262978,0.002813217928633094,0.002610210794955492,0.002337076934054494,0.0018507047789171338,0.001649777521379292,0.0013720650458708405,0.01470413338392973,0.014324827119708061,0.014001782052218914,0.013284189626574516,0.01267206110060215,0.0010851806728169322,0.0008353031589649618,0.01092987135052681,0.010730530135333538,0.00029017156339250505,0.00037816521944478154,0.00039959282730706036,0.00012223054363857955,0.0015379863325506449,0.001072416896931827,0.00015289345174096525,0.00013326531916391104,0.0005545640015043318,0.000137482798891142,2.99023995466996e-05,0.00013166130520403385,0.0009777024388313293,0.0011783454101532698,0.0012547282967716455,0.0018393882783129811,0.0,0.0047479975037276745,0.004225124139338732,0.0044012777507305145,9.544372005620971e-05,0.00011594586976571009,0.0012912456877529621,0.0011636661365628242,0.0008262963383458555,0.0005134164239279926,0.0005005315761081874,0.0003845737664960325,0.00033622124465182424,0.00010436603042762727,0.0013410297688096762
2003-10-01 05:50:00,0.024124320596456528,0.019496116787195206,0.004037589766085148,0.0037704380229115486,1.2888735000160523e-05,0.0035958525259047747,0.0032365587539970875,0.0023396918550133705,0.00043337998795323074,0.0003680409281514585,0.01923278719186783,0.018765889108181,0.01760108768939972,0.002789383288472891,0.0025879540480673313,0.002317348960787058,0.0018351124599575996,0.0016359699657186866,0.0013606996508315206,0.014623326249420643,0.01424424909055233,0.013921212404966354,0.013211390003561974,0.012604542076587677,0.001076265936717391,0.000828453223221004,0.010876202024519444,0.010679489932954311,0.0002877633669413626,0.00037496580625884235,0.0003961731563322246,0.0001211387716466561,0.0015264529502019286,0.0010635136859491467,0.00015158872702158988,0.00013217660307418555,0.0005500703118741512,0.00013640293036587536,2.9658054700121284e-05,0.00013057720207143575,0.0009697730420157313,0.0011685730423778296,0.001244258601218462,0.0018240930512547493,0.0,0.004747310653328896,0.004190105013549328,0.004364305175840855,9.46371364989318e-05,0.00011494329373817891,0.001280576572753489,0.0011539976112544537,0.0008194591500796378,0.0005092400824651122,0.0004964098916389048,0.0003813228104263544,0.00033353158505633473,0.00015568453818559647,0.0013298899866640568
2003-10-01 05:51:00,0.02396322973072529,0.019375642761588097,0.0040046097710728645,0.0037391751538962126,1.2786165825673379e-05,0.0035665608011186123,0.0032117802184075117,0.002320760628208518,0.0004297823761589825,0.0003649767313618213,0.019114308059215546,0.018651677295565605,0.017496060580015182,0.0027658138424158096,0.0025660363025963306,0.002298785140737891,0.00181969057302922,0.0016223294660449028,0.0013494641752913594,0.014542843215167522,0.014163809828460217,0.013841480016708374,0.013139448128640652,0.012537769041955471,0.0010674488730728626,0.0008216819842346013,0.010823192074894905,0.010629095137119293,0.00028538500191643834,0.0003718093503266573,0.0003927996731363237,0.00012006468023173511,0.0015149946557357907,0.0010547104757279158,0.00015029859787318856,0.00013109885912854224,0.0005456254002638161,0.00013533211313188076,2.941634738817811e-05,0.00013464783842209727,0.0009618988260626793,0.0011588968336582184,0.0012339175445958972,0.00180897768586874,0.0,0.004746632184833288,0.004155740141868591,0.004327900242060423,9.384001896250993e-05,0.00011395276669645682,0.001270019798539579,0.0011444551637396216,0.0008127032197080553,0.0005050970939919353,0.0004923126543872058,0.00037808067281730473,0.000330425042193383,0.00010320070578018203,0.0013188617303967476
2003-10-01 05:52:00,0.023804107680916786,0.019256368279457092,0.003971885424107313,0.0037083548959344625,1.2684868124779314e-05,0.0035378425382077694,0.0031871541868895292,0.0023021686356514692,0.0004262257134541869,0.00036196320434100926,0.01899704895913601,0.0185385774821043,0.017391737550497055,0.0027425417210906744,0.0025445930659770966,0.002280543325468898,0.0018044091993942857,0.0016088633565232158,0.001338374218903482,0.014462660998106003,0.01408363226801157,0.013762656599283218,0.013068373315036297,0.012471787631511688,0.0010587414726614952,0.0008150283247232437,0.010770859196782112,0.010579381138086319,0.0002830435987561941,0.00036869756877422333,0.000389471766538918,0.00011900729441549629,0.0015036056283861399,0.0010460399789735675,0.00014902606199029833,0.00013003447384107858,0.0005408964352682233,0.00013427271915134043,2.9177515898481943e-05,0.00013350273366086185,0.0009541876497678459,0.001149340532720089,0.0012236969778314233,0.0017940625548362732,0.0,0.004745963495224714,0.004121988546103239,0.004292075056582689,9.305327694164589e-05,0.00011297440505586565,0.0012595788575708866,0.0011350655695423484,0.0008060348336584866,0.0005009883316233754,0.0004882468201685697,0.0003748889430426061,0.0003279440861660987,0.0,0.001307946047745645
2003-10-01 05:53:00,0.023646803572773933,0.019138280302286148,0.00393947958946228,0.0036780021619051695,1.2584783689817414e-05,0.0035096406936645508,0.003162681357935071,0.002283806446939707,0.0004227102326694876,0.00035898806527256966,0.018880972638726234,0.018426481634378433,0.017288047820329666,0.002719590440392494,0.002523548435419798,0.002262332011014223,0.0017892750911414623,0.001595565932802856,0.0013274168595671654,0.014382780529558659,0.014003832824528217,0.013684784062206745,0.012998141348361969,0.012406566180288792,0.0010501414071768522,0.0008084597648121417,0.010719195939600468,0.010530355386435986,0.00028073290013708174,0.00036562923924066126,0.00038618885446339846,0.00011796582111855969,0.0014922721311450005,0.0010374786797910929,0.00014776902389712632,0.0001289819774683565,0.0005360302748158574,0.00013322361337486655,2.894138560805004e-05,0.0,0.000946492946241051,0.001139878761023283,0.0012135966680943966,0.0017793269362300634,0.0,0.0047453041188418865,0.004088770132511854,0.004256829619407654,9.227616828866303e-05,0.00011200793233001605,0.0012492546811699867,0.0011257844744250178,0.0007994406623765826,0.0004969098372384906,0.00048421171959489584,0.0003716802457347512,0.00032465439289808273,0.00012440136924851686,0.001297144452109933
2003-10-01 05:54:00,0.02349128946661949,0.01902136765420437,0.003908910322934389,0.003648114390671253,1.2485847037169151e-05,0.0034819000866264105,0.003138352185487747,0.002265599323436618,0.0004192345659248531,0.00035604170989245176,0.018766013905405998,0.018315289169549942,0.017184965312480927,0.0026969658210873604,0.0025028621312230825,0.002244671806693077,0.0017742861527949572,0.0015824297443032265,0.0013165813870728016,0.01430322602391243,0.013924521394073963,0.013607888482511044,0.01292872428894043,0.012342080473899841,0.0010416413424536586,0.0008019516826607287,0.010668197646737099,0.010482030920684338,0.00027844769647344947,0.0003626020043157041,0.00038295038393698633,0.00011693952546920627,0.0014809842687100172,0.001029006321914494,0.00014652559184469283,0.0001279400021303445,0.0005313231376931071,0.00013218430103734136,2.8707783712889068e-05,0.0,0.0009388434118591249,0.001130525255575776,0.0012036055559292436,0.0017647533677518368,0.0,0.004744651727378368,0.004056012257933617,0.004222210496664047,9.150797995971516e-05,0.000111053028376773,0.0012390448246151209,0.0011165882460772991,0.0007929194835014641,0.0004930660361424088,0.00048020126996561885,0.0003685405245050788,0.00032253694371320307,0.0,0.001286455662921071
2003-10-01 05:55:00,0.02333781309425831,0.018905609846115112,0.0038790367543697357,0.0036186326760798693,1.2388000868668314e-05,0.0034545711241662502,0.0031141520012170076,0.002247497206553817,0.00041579638491384685,0.00035311689134687185,0.01865210011601448,0.018204914405941963,0.017082497477531433,0.00267467531375587,0.0024825623258948326,0.002227161545306444,0.0017594260862097144,0.0015694472240284085,0.001305857440456748,0.01422403659671545,0.013845792971551418,0.013531981036067009,0.012860092334449291,0.012278310023248196,0.0010332317324355245,0.0007954860338941216,0.010617866180837154,0.010434405878186226,0.0002761837386060506,0.00035961170215159655,0.00037975513259880245,0.000115927767183166,0.0014697352889925241,0.0010206057922914624,0.0001452941505704075,0.00012690741277765483,0.0005267436499707401,0.0001311533706029877,2.847655923687853e-05,9.672364103607833e-05,0.0009302013204433024,0.0011212488170713186,0.0011937215458601713,0.001750327879562974,0.0,0.00474400632083416,0.004023652523756027,0.004188094288110733,9.074803529074416e-05,0.00011010932212229818,0.0012289462611079216,0.0011074820067733526,0.0007865088409744203,0.0004893809673376381,0.00047622196143493056,0.0003654034517239779,0.00031941229826770723,0.00010099578503286466,0.0012758771190419793
2003-10-01 05:56:00,0.02318628318607807,0.018790919333696365,0.0038490109145641327,0.0035895677283406258,1.2291253369767219e-05,0.0034276165533810854,0.0030900791753083467,0.0022296016104519367,0.00041239464189857244,0.0003502247855067253,0.01853916607797146,0.01809532567858696,0.016980687156319618,0.002652722178027034,0.00246257777325809,0.0022096200846135616,0.0017447127029299736,0.0015566187212243676,0.0012952537508681417,0.0141452606767416,0.013767733238637447,0.013457069173455238,0.012792234309017658,0.012215291149914265,0.0010249116457998753,0.0007890919805504382,0.010568216443061829,0.010387462563812733,0.00027394574135541916,0.00035665786708705127,0.0003766018489841372,0.00011492996418382972,0.0014585294993594289,0.001012299326248467,0.00014407641720026731,0.000125885519082658,0.0005222840118221939,0.0001301319571211934,2.824782677635085e-05,0.00012453188537620008,0.0009222851367667317,0.0011120445560663939,0.0011839367216452956,0.001736062578856945,0.0,0.004743367899209261,0.003991668112576008,0.004154454451054335,8.999681449495256e-05,0.00010917673353105783,0.001218958175741136,0.0010985198896378279,0.0007802093750797212,0.000485689815832302,0.00047227839240804315,0.0003623513912316412,0.00031735090306028724,0.0,0.0012654055608436465
2003-10-01 05:57:00,0.02303648740053177,0.018677229061722755,0.003819017671048641,0.0035609262995421886,1.2195677300042007e-05,0.0034010056406259537,0.0030661607161164284,0.0022120208013802767,0.0004090317233931273,0.00034737965324893594,0.01842716708779335,0.01798653043806553,0.01687959022819996,0.0026311217807233334,0.0024433655198663473,0.002192092826589942,0.0017301638144999743,0.0015439506387338042,0.0012847845209762454,0.014066953212022781,0.013690415769815445,0.013383157551288605,0.012725158594548702,0.012153067626059055,0.0010166919091716409,0.00078280532034114,0.010519261471927166,0.010341187939047813,0.0002717415045481175,0.0003537425072863698,0.00037348963087424636,0.00011394570901757106,0.0014473740011453629,0.0010041167261078954,0.00014287511294241995,0.0001248765183845535,0.0005179450381547213,0.0001291220833081752,2.8021797334076837e-05,0.0001234712835866958,0.0009148704702965915,0.0011029373854398727,0.0011742468923330307,0.001721973530948162,0.0,0.0047427392564713955,0.003960059955716133,0.004121268168091774,8.925608563004062e-05,0.00010825743083842099,0.0012090859236195683,0.0010897276224568486,0.0007740147411823273,0.0004819977330043912,0.00046838377602398396,0.00035933562321588397,0.0003142677596770227,9.991211845772341e-05,0.0012550429673865438
2003-10-01 05:58:00,0.022888241335749626,0.018564479425549507,0.003789170179516077,0.003532698377966881,1.2101218089810573e-05,0.003374703461304307,0.0030424066353589296,0.002194654196500778,0.00040570765850134194,0.00034457031870260835,0.018316054716706276,0.017878500744700432,0.016779271885752678,0.0026099795941263437,0.0024247632827609777,0.0021745713893324137,0.0017157838447019458,0.0015314365737140179,0.0012744375271722674,0.013989167287945747,0.013613897375762463,0.013310234062373638,0.012658851221203804,0.012091610580682755,0.0010085704270750284,0.0007765970076434314,0.010470988228917122,0.010295546613633633,0.0002695648872759193,0.00035086413845419884,0.0003704177215695381,0.0001129749944084324,0.0014362662332132459,0.000996036222204566,0.00014168830239214003,0.00012387904280330986,0.0005137031548656523,0.00012812262866646051,2.7798310838988982e-05,0.00012702198000624776,0.0009075082489289343,0.0010938998311758041,0.0011646512430161238,0.0017080397810786963,0.0,0.004742118529975414,0.003928790334612131,0.004088511690497398,8.852553582983091e-05,0.00010735224350355566,0.001199331833049655,0.001081058755517006,0.0007679027039557695,0.0004783057956956327,0.00046453473623842,0.00035635739914141595,0.0003119758330285549,0.00012505090853665024,0.001244790735654533
2003-10-01 05:59:00,0.022741416469216347,0.018452627584338188,0.003759543178603053,0.0035048662684857845,1.2007820259896107e-05,0.003348679281771183,0.0030188162345439196,0.0021774321794509888,0.00040242119575850666,0.00034178802161477506,0.01820579543709755,0.01777123659849167,0.01667981781065464,0.0025892406702041626,0.002406179206445813,0.002157076494768262,0.0017015760531648993,0.001519068842753768,0.0012642027577385306,0.0139119578525424,0.013538225553929806,0.013238278217613697,0.012593292631208897,0.012030894868075848,0.0010005407966673374,0.0007704448653385043,0.01042337715625763,0.010250505059957504,0.00026741085457615554,0.00034802069421857595,0.00036738524795509875,0.00011201786401215941,0.0014252052642405033,0.000988038838841021,0.0001405142538715154,0.00012289179721847177,0.0005095391534268856,0.00012713258911389858,2.757721085799858e-05,0.0,0.000900284037925303,0.0010849528480321169,0.0011551452334970236,0.0016942446818575263,0.0,0.004741504788398743,0.0038978243246674538,0.004056159872561693,8.780432835919783e-05,0.00010646055307006463,0.001189694507047534,0.0010724827880039811,0.0007618564995937049,0.0004746160702779889,0.0004607302835211158,0.00035342705086804926,0.000309352355543524,9.885006147669628e-05,0.0012346482835710049
2003-10-01 06:00:00,0.022595923393964767,0.018341634422540665,0.003730182535946369,0.0034774066880345345,1.1915430150111206e-05,0.0033229058608412743,0.0029953867197036743,0.0021606995724141598,0.0003991701523773372,0.00033902606810443103,0.01809636317193508,0.017664752900600433,0.016581274569034576,0.0025688328314572573,0.002387603744864464,0.0021396365482360125,0.0016875406727194786,0.001506839063949883,0.0012540711322799325,0.013835372403264046,0.013463431037962437,0.013167264871299267,0.012528464198112488,0.011970899067819118,0.0009925944032147527,0.000764332537073642,0.01037641055881977,0.010206030681729317,0.00026527568115852773,0.0003452097880654037,0.00036439113318920135,0.0001110742668970488,0.001414190512150526,0.0009801085107028484,0.00013935143942944705,0.0001219136975123547,0.0005054379580542445,0.00012615106243174523,2.735835369094275e-05,9.416155080543831e-05,0.0008921789703890681,0.0010760999284684658,0.0011457274667918682,0.0016805750783532858,0.0,0.004740897100418806,0.003867130959406495,0.00402418477460742,8.709167741471902e-05,0.00010558176290942356,0.0011801703367382288,0.0010639787651598454,0.000755863671656698,0.00047093103057704866,0.00045696701272390783,0.00035050377482548356,0.00030678746406920254,0.0,0.001224613282829523
2003-10-01 06:01:00,0.022451702505350113,0.018231486901640892,0.0037011236418038607,0.003450297750532627,1.1824056855402887e-05,0.003297372255474329,0.002972229616716504,0.002144954167306423,0.00039595350972376764,0.00033629455720074475,0.017987750470638275,0.017559101805090904,0.01648367941379547,0.00254869950003922,0.00236904458142817,0.0021222897339612246,0.0016736827092245221,0.0014947468880563974,0.0012440504506230354,0.013759458437561989,0.01338953711092472,0.013097173534333706,0.012464365921914577,0.011911647394299507,0.0009847307810559869,0.0007582865073345602,0.01033008098602295,0.01016209926456213,0.0002631638781167567,0.00034243115806020796,0.00036143421311862767,0.00011014405754394829,0.0014032304752618074,0.0009722657850943506,0.0001382014452246949,0.00012094673729734495,0.0005014034104533494,0.00012517906725406647,2.7141843020217493e-05,0.0001197134333779104,0.0008848028955981135,0.0010673217475414276,0.0011364002712070942,0.0016670440090820193,0.0,0.004740296397358179,0.003836710238829255,0.003992562647908926,8.638785220682621e-05,0.00010471551649970934,0.001170755596831441,0.001055572647601366,0.000749927363358438,0.00046725632273592055,0.00045324009261094034,0.00034761318238452077,0.00030493707163259387,0.0,0.0012146829394623637
2003-10-01 06:02:00,0.022308722138404846,0.018122181296348572,0.0036723888479173183,0.0034235219936817884,1.1733763130905572e-05,0.003272089408710599,0.002949383342638612,0.002129141939803958,0.00039277333416976035,0.000333606411004439,0.017879977822303772,0.017454352229833603,0.016387049108743668,0.00252879923209548,0.002350520109757781,0.0021050760988146067,0.0016600077506154776,0.0014827975537627935,0.0012341543333604932,0.013684254139661789,0.013316557742655277,0.013027988374233246,0.01240101084113121,0.01185317151248455,0.0009769595926627517,0.0007523394306190312,0.010284382849931717,0.010118694044649601,0.0002610818191897124,0.0003396867250557989,0.00035851370193995535,0.0001092270904337056,0.0013923350488767028,0.0009645378449931741,0.000137066759634763,0.00011999402340734378,0.0004974451730959117,0.00012421836436260492,2.692786802072078e-05,0.00012302440882194787,0.00087787676602602,0.001058646128512919,0.0011271662078797817,0.0016536691691726446,0.0,0.004739704076200724,0.003806581487879157,0.00396127812564373,8.569347846787423e-05,0.00010386165376985446,0.0011614511022344232,0.0010472849244251847,0.0007440524641424417,0.00046359802945517004,0.00044956099009141326,0.00034476767177693546,0.0003018914139829576,0.0,0.0012048587668687105
2003-10-01 06:03:00,0.022166958078742027,0.018013717606663704,0.0036439751274883747,0.003397061489522457,1.164450168289477e-05,0.003247056622058153,0.0029268083162605762,0.002113284543156624,0.00038962962571531534,0.0003309515304863453,0.017773060128092766,0.017350539565086365,0.016291793435811996,0.0025090964045375586,0.00233204266987741,0.002088007749989629,0.0016465102089568973,0.0014709851238876581,0.0012243716046214104,0.013612596318125725,0.01324453391134739,0.012959683313965797,0.01233839150518179,0.01179543323814869,0.0009692791500128806,0.000746465171687305,0.01023928727954626,0.010075782425701618,0.0002590246731415391,0.0003369751793798059,0.0003556289884727448,0.00010832317639142275,0.001381504349410534,0.000956904492340982,0.00013594560732599348,0.00011905401333933696,0.0004935486358590424,0.0001232678914675489,2.6716277716332115e-05,0.0,0.0008711006375961006,0.001050062826834619,0.0011180269066244364,0.0016404347261413932,0.0,0.0047391196712851524,0.003776726545765996,0.0039303177036345005,8.500780677422881e-05,0.00010301973816240206,0.001152255106717348,0.0010390781098976731,0.000738228322006762,0.0004599576932378113,0.00044592207996174693,0.0003419613931328058,0.0003004161699209362,0.0,0.0011951420456171036
2003-10-01 06:04:00,0.02202639728784561,0.017906105145812035,0.0036158764269202948,0.0033709018025547266,1.155622157966718e-05,0.0032222692389041185,0.0029044689144939184,0.0020973961800336838,0.00038652116199955344,0.00032832197030074894,0.01766703464090824,0.017247844487428665,0.016198569908738136,0.002489564474672079,0.0023136253003031015,0.0020710930693894625,0.0016331836814060807,0.0014593028463423252,0.001214692834764719,0.013541719876229763,0.013173257000744343,0.012892235070466995,0.012276495806872845,0.011738399975001812,0.0009616836905479431,0.0007406435906887054,0.010194762609899044,0.010033337399363518,0.00025698833633214235,0.0003342948039062321,0.0003527793160174042,0.0001074320898624137,0.00137073895893991,0.0009493480902165174,0.000134836373035796,0.00011812532466137782,0.0004897714243270457,0.00012232667359057814,2.650693386385683e-05,9.224794484907761e-05,0.0008634987752884626,0.0010415767319500446,0.001108981086872518,0.0016273286892101169,0.0,0.0047385417856276035,0.003747126553207636,0.0038996676448732615,8.433015318587422e-05,0.00010218926763627678,0.001143164001405239,0.0010309311328455806,0.0007324476609937847,0.0004563371476251632,0.0004423312493599951,0.0003392187354620546,0.0002976133837364614,0.0,0.0011855318443849683
2003-10-01 06:05:00,0.021887028589844704,0.0177993755787611,0.003588084364309907,0.0033450296614319086,1.1468875527498312e-05,0.003197719110175967,0.0028823339380323887,0.002081486163660884,0.00038344593485817313,0.00032571156043559313,0.017561979591846466,0.01714642532169819,0.01610681414604187,0.0024701845832169056,0.0022952815052121878,0.002054337179288268,0.0016200210666283965,0.0014477437362074852,0.001205109991133213,0.013471102342009544,0.01310273539274931,0.012825634330511093,0.012215306051075459,0.011682039126753807,0.0009541656472720206,0.000734859611839056,0.010150782763957977,0.00999133288860321,0.00025496940361335874,0.00033164359047077596,0.0003499637823551893,0.00010655355436028913,0.00136003945954144,0.0009418537956662476,0.00013373764522839338,0.00011720674956450239,0.00048611394595354795,0.00012139386672060937,2.6299703677068464e-05,0.000116140246973373,0.000856635335367173,0.0010331878438591957,0.0011000294471159577,0.0016143418615683913,0.0,0.004737969022244215,0.003717765212059021,0.0038693121168762445,8.365986286662519e-05,0.00010136975470231846,0.0011341727804392576,0.001022831886075437,0.0007267057662829757,0.0004527389828581363,0.00043878520955331624,0.0003365118463989347,0.00029500731034204364,9.580028563505039e-05,0.0011760257184505463
2003-10-01 06:06:00,0.021748878061771393,0.01769411936402321,0.003560598473995924,0.0033194352872669697,1.1382470802345779e-05,0.003173401113599539,0.002860390581190586,0.00206566764973104,0.00038051014416851103,0.00032312911935150623,0.01746055856347084,0.017046405002474785,0.016016127541661263,0.00245094601996243,0.002277031075209379,0.0020377563778311014,0.0016070218989625573,0.001436313265003264,0.0011956985108554363,0.013400835916399956,0.013033011928200722,0.01275987084954977,0.012154818512499332,0.01162636186927557,0.0009467243799008429,0.0007291373331099749,0.010107331909239292,0.009949753992259502,0.000252972065936774,0.00032902148086577654,0.00034718139795586467,0.00010568726429482922,0.0013494141167029738,0.0009344404097646475,0.0001326508936472237,0.0001162991247838363,0.00048247084487229586,0.00012047034397255629,2.609467446745839e-05,0.00011937696399400011,0.0008502607233822346,0.0010249114129692316,0.0010911787394434214,0.0016014890279620886,0.0,0.004737402778118849,0.0036886525340378284,0.0038392390124499798,8.299723413074389e-05,0.00010056093742605299,0.0011252769036218524,0.001014811103232205,0.0007210109615698457,0.0004491686704568565,0.0004352846590336412,0.00033382503897883,0.0002927135501522571,0.0,0.0011666209902614355
2003-10-01 06:07:00,0.021612128242850304,0.017590941861271858,0.003533419454470277,0.003294111229479313,1.129706379288109e-05,0.0031493164133280516,0.0028386693447828293,0.002050053095445037,0.00037771061761304736,0.00032058352371677756,0.017360234633088112,0.0169474296271801,0.015926290303468704,0.002431845059618354,0.002258897991850972,0.0020213702227920294,0.001594189670868218,0.0014250347157940269,0.0011864794651046395,0.013331003487110138,0.012964118272066116,0.01269493717700243,0.012095043435692787,0.011571388691663742,0.0009393689688295126,0.0007235064986161888,0.010064400732517242,0.009908594191074371,0.00025100217317231,0.0003264303086325526,0.0003444315225351602,0.00010483296500751749,0.001338871894404292,0.0009271332528442144,0.00013157838839106262,0.00011540400009835139,0.0004788602818734944,0.00011955764057347551,2.5892020858009346e-05,9.098517330130562e-05,0.0008431213791482151,0.0010167540749534965,0.0010824367636814713,0.0015887902118265629,0.0,0.004736844915896654,0.0036598150618374348,0.0038094446063041687,8.234289271058515e-05,9.976275032386184e-05,0.001116476720198989,0.001006893115118146,0.0007153723272494972,0.00044563121628016233,0.0004318274150136858,0.00033114070538431406,0.000290128868073225,0.0,0.0011573185911402106
2003-10-01 06:08:00,0.021476970985531807,0.017489179968833923,0.0035065331030637026,0.003269047476351261,1.1212611752853263e-05,0.0031254603527486324,0.0028171706944704056,0.002034583128988743,0.00037491563125513494,0.000318066100589931,0.017260441556572914,0.016849447041749954,0.015837186947464943,0.0024128789082169533,0.0022408945951610804,0.002005175454542041,0.0015815197257325053,0.001413897960446775,0.0011773231672123075,0.013261671178042889,0.012896073050796986,0.012630813755095005,0.012035966850817204,0.011517076753079891,0.0009320976678282022,0.0007179434760473669,0.01002195943146944,0.0098678357899189,0.00024905535974539816,0.0003238690260332078,0.0003417137486394495,0.00010399037273600698,0.0013284129090607166,0.0009199135238304734,0.00013051851419731975,0.00011452008038759232,0.000475276552606374,0.00011865478882100433,2.569160278653726e-05,0.00011403171811252832,0.0008366997935809195,0.0010086847469210625,0.0010738008422777057,0.0015762336552143097,0.0,0.004736294038593769,0.003631242783740163,0.0037799256388098,8.169620559783652e-05,9.897481504594907e-05,0.0011077712988480926,0.0009990483522415161,0.0007097833440639079,0.00044212586362846196,0.00042840492096729577,0.0003284970880486071,0.00028824812034145,0.0,0.0011481191031634808
2003-10-01 06:09:00,0.021343449130654335,0.01738842949271202,0.003479926846921444,0.003244235645979643,1.1129069207527209e-05,0.003101828508079052,0.0027958815917372704,0.002019214676693082,0.00037212774623185396,0.0003155705926474184,0.017161235213279724,0.016752444207668304,0.01574876718223095,0.0023940468672662973,0.002223030896857381,0.0019891669508069754,0.0015690057771280408,0.00140288844704628,0.0011682325275614858,0.013192899525165558,0.012828885577619076,0.012567480094730854,0.01197757013142109,0.011463386937975883,0.0009249054710380733,0.0007124299299903214,0.009979980997741222,0.00982746109366417,0.00024712784215807915,0.0003213361487723887,0.00033902740688063204,0.00010315921826986596,0.0013180369278416038,0.0009127649245783687,0.00012946975766681135,0.00011364620149834082,0.00047171488404273987,0.00011776086466852576,2.549329110479448e-05,0.0,0.0008306863601319492,0.0010007425444200635,0.0010652715573087335,0.0015638096956536174,0.0,0.004735748749226332,0.0036029252223670483,0.0037506772205233574,8.105659071588889e-05,9.819675324251875e-05,0.0010991573799401522,0.0009912610985338688,0.0007042396464385092,0.0004386522632557899,0.0004250245983712375,0.0003259195073042065,0.00028578995261341333,9.385321754962206e-05,0.0011390215950086713
2003-10-01 06:10:00,0.021211499348282814,0.01728850044310093,0.003453589743003249,0.003219668287783861,1.1046393410651945e-05,0.0030784145928919315,0.0027747859712690115,0.0020039179362356663,0.0003693484468385577,0.00031309222686104476,0.017062684521079063,0.016656389459967613,0.01566101796925068,0.0023753494024276733,0.0022053143475204706,0.001973339356482029,0.001556640607304871,0.0013919941848143935,0.001159208477474749,0.013124735094606876,0.012762555852532387,0.012504909187555313,0.011919831857085228,0.011410284787416458,0.0009177853935398161,0.0007069520652294159,0.009938441216945648,0.009787458926439285,0.000245216564508155,0.000318829930620268,0.00033637176966294646,0.00010233920329483226,0.0013077439507469535,0.0009056737180799246,0.0001284308236790821,0.00011278132296865806,0.0004681713180616498,0.00011687507503665984,2.5296967578469776e-05,8.97975405678153e-05,0.0008239235612563789,0.0009928969666361809,0.0010568498400971293,0.0015515118138864636,0.0,0.004735208582133055,0.0035748521331697702,0.003721693530678749,8.042350236792117e-05,9.742817201185971e-05,0.0010906313546001911,0.000983522622846067,0.0006987383239902556,0.0004352109972387552,0.0004216856905259192,0.00032336285221390426,0.0002839807129930705,0.0,0.0011300233891233802
2003-10-01 06:11:00,0.02108100615441799,0.01718932017683983,0.0034275203943252563,0.0031953405123203993,1.0964590728690382e-05,0.003055217443034053,0.0027538773138076067,0.001988770207390189,0.00036657985765486956,0.0003106397343799472,0.016964852809906006,0.016561275348067284,0.01557396911084652,0.002356791403144598,0.0021877570543438196,0.0019576994236558676,0.0015444227028638124,0.0013812121469527483,0.0011502642882987857,0.013057216070592403,0.01269708015024662,0.01244308426976204,0.011862743645906448,0.011357777751982212,0.0009107370278798044,0.0007015315932221711,0.009897331707179546,0.009747825562953949,0.0002433253248455003,0.0003163504006806761,0.0003337460511829704,0.00010153001494472846,0.0012975401477888227,0.000898657483048737,0.00012740306556224823,0.00011173595703439787,0.0004646556044463068,0.00011599819117691368,2.51027104241075e-05,0.00011580716818571091,0.0008177813142538071,0.0009851407958194613,0.0010485355742275715,0.0015393540961667895,0.0,0.0047346749342978,0.0035470363218337297,0.003692969912663102,7.979725342011079e-05,9.666888217907399e-05,0.001082190196029842,0.0009758623200468719,0.0006932878750376403,0.00043180547072552145,0.00041838770266622305,0.0003208365524187684,0.0002813721657730639,0.00011975960660493001,0.0011211216915398836
2003-10-01 06:12:00,0.020951857790350914,0.01709088869392872,0.0034017194993793964,0.0031712495256215334,1.0883712093345821e-05,0.003032239619642496,0.0027331688906997442,0.0019738569390028715,0.00036382590769790113,0.0003082243201788515,0.016867797821760178,0.01646711304783821,0.015487653203308582,0.002338379854336381,0.0021703739184886217,0.0019422575132921338,0.0015323522966355085,0.0013705454766750336,0.001141415094025433,0.012990373186767101,0.012632448226213455,0.012381990440189838,0.011806308291852474,0.011305879801511765,0.0009037685813382268,0.0006961958133615553,0.009856649674475193,0.009708565659821033,0.00024145956558641046,0.00031389924697577953,0.00033114978577941656,0.00010073139856103808,0.00128743308596313,0.0008917395025491714,0.00012638857879210263,0.00011061724944738671,0.00046118139289319515,0.00011513158096931875,2.491067243681755e-05,8.90652445377782e-05,0.0008112145587801933,0.000977458548732102,0.001040322589688003,0.0015273529570549726,0.0,0.004734148271381855,0.003519504563882947,0.0036645091604441404,7.917843322502449e-05,9.591886191628873e-05,0.0010738348355516791,0.00096830417169258,0.0006878970307298005,0.00042843891424126923,0.0004151324392296374,0.0003183383378200233,0.0002793921739794314,0.0,0.001112316851504147
2003-10-01 06:13:00,0.02082396298646927,0.016993219032883644,0.0033761754166334867,0.003147389739751816,1.0803717486851383e-05,0.0030094764661043882,0.002712662098929286,0.001959109678864479,0.00036108886706642807,0.0003058379516005516,0.016771560534834862,0.01637387089431286,0.015402094461023808,0.0023201191797852516,0.0021531684324145317,0.0019270038465037942,0.001520421588793397,0.0013599891681224108,0.0011326555395498872,0.012924227863550186,0.012568647041916847,0.012321606278419495,0.011750509962439537,0.011254551820456982,0.0008968783658929169,0.0006909233052283525,0.009816373698413372,0.009669671766459942,0.00023961525585036725,0.00031147562549449503,0.000328582595102489,9.99430994852446e-05,0.00127742113545537,0.0008849025471135974,0.00012538584996946156,0.00010954295430565253,0.00045774137834087014,0.00011427434219513088,2.4720729925320484e-05,0.00011444400297477841,0.0008052728371694684,0.0009698154754005373,0.0010321966838091612,0.0015154926804825664,0.0,0.004733628127723932,0.0034922491759061813,0.003636313136667013,7.856650336179882e-05,9.517781290924177e-05,0.0010655652731657028,0.0009608216932974756,0.0006825600285083055,0.00042511182255111635,0.00041197403334081173,0.0003158532199449837,0.00027707021217793226,0.0,0.0011036094510927796
2003-10-01 06:14:00,0.020697254687547684,0.016896333545446396,0.003350878832861781,0.003123756032437086,1.0724567800934892e-05,0.002986924024298787,0.0026923504192382097,0.0019444797653704882,0.000358369667083025,0.00030347416759468615,0.016676165163517,0.016281526535749435,0.015317318961024284,0.002302012871950865,0.0021361419931054115,0.001911928178742528,0.001508623012341559,0.001349537749774754,0.0011239806190133095,0.012858795933425426,0.012505657970905304,0.012261908501386642,0.01169532723724842,0.011203759349882603,0.0008900618413463235,0.0006856972468085587,0.009776486083865166,0.009631135500967503,0.00023778894683346152,0.0003090781974606216,0.0003260440134909004,9.916486305883154e-05,0.0012675024336203933,0.0008781314827501774,0.00012439352576620877,0.00010850709804799408,0.00045432947808876634,0.00011342563811922446,2.4532764655305073e-05,8.832673483993858e-05,0.000798902940005064,0.0009622652432881296,0.0010241494746878743,0.0015037583652883768,0.0,0.004733113572001457,0.0034652589820325375,0.0036083818413317204,7.796096906531602e-05,9.44454368436709e-05,0.0010573796462267637,0.0009534007986076176,0.0006772742490284145,0.0004218377289362252,0.00040892165270633996,0.00031336958636529744,0.00027480919379740953,0.0,0.0010949979769065976
2003-10-01 06:15:00,0.020571686327457428,0.016800256446003914,0.0033258211333304644,0.003100343979895115,1.064622301782947e-05,0.002964577404782176,0.0026722224429249763,0.0019299329724162817,0.0003556685405783355,0.00030112790409475565,0.016581621021032333,0.0161900594830513,0.015233351849019527,0.0022840641904622316,0.0021192936692386866,0.0018970207311213017,0.0014969495823606849,0.0013391863321885467,0.0011153852101415396,0.01279408484697342,0.012443461455404758,0.012202874757349491,0.011640737764537334,0.01115347258746624,0.0008833128376863897,0.0006805049488320947,0.00973697192966938,0.009592953138053417,0.00023597781546413898,0.00030670539126731455,0.0003235334006603807,9.839642734732479e-05,0.0012576747685670853,0.0008714136783964932,0.00012341036926954985,0.00010750456567620859,0.00045094071538187563,0.0001125847120420076,2.4346663849428296e-05,0.0,0.0007931386353448033,0.0009547249064780772,0.0010161803802475333,0.0014921380206942558,0.0,0.0047326041385531425,0.0034385225735604763,0.003580712480470538,7.736135012237355e-05,9.372141357744113e-05,0.0010492752771824598,0.0009460347937420011,0.00067203922662884,0.0004186128207948059,0.00040586473187431693,0.00031088985269889235,0.00027260056231170893,0.0,0.0010864799842238426
2003-10-01 06:16:00,0.020447231829166412,0.016705013811588287,0.0033010030165314674,0.003077151020988822,1.0568690413492732e-05,0.0029424361418932676,0.0026522749103605747,0.0019155360059812665,0.00035298618604429066,0.00029880672809667885,0.01648794300854206,0.016099480912089348,0.015150227583944798,0.002266278024762869,0.002102627418935299,0.0018822839483618736,0.0014854016480967402,0.0013289509806782007,0.001106876996345818,0.012730099260807037,0.012382036074995995,0.012144488282501698,0.011586731299757957,0.01110369898378849,0.0008766308892518282,0.000675366201903671,0.009697833098471165,0.009555128403007984,0.00023418535420205444,0.0003043572942260653,0.0003210501163266599,9.763753769220784e-05,0.0012479412835091352,0.0008647654321976006,0.00012243764649610966,0.0001065330725396052,0.00044758300646208227,0.00011175225517945364,2.4162500267266296e-05,0.00010888693213928491,0.0007867896347306669,0.0009429302881471813,0.001007554936222732,0.001480577397160232,0.0,0.004732099827378988,0.003412045305594802,0.0035533024929463863,7.676795939914882e-05,9.300560486735776e-05,0.0010412504198029637,0.0009387523750774562,0.0006668635760433972,0.00041543200495652854,0.0004028107214253396,0.0003084662603214383,0.0002706142549868673,9.058874275069684e-05,0.001078052562661469
2003-10-01 06:17:00,0.020323878154158592,0.016610626131296158,0.003276427276432514,0.0030541762243956327,1.0492013643670361e-05,0.0029205037280917168,0.0026325215585529804,0.0019013648852705956,0.0003503252228256315,0.00029652047669515014,0.016395140439271927,0.016009816899895668,0.01506797131150961,0.0022486599627882242,0.0020861495286226273,0.0018677257467061281,0.0014739901525899768,0.0013189060846343637,0.0010984641266986728,0.012666840106248856,0.012321362271904945,0.01208674255758524,0.011533452197909355,0.011056499555706978,0.000870023388415575,0.0006703059189021587,0.00965908169746399,0.009517667815089226,0.0002324165980098769,0.0003020355070475489,0.00031859378213994205,9.688796126283705e-05,0.0012382979039102793,0.0008582084556110203,0.00012147728557465598,0.0001055914763128385,0.0004442680219653994,0.0001109294971683994,2.3980413971003145e-05,0.0,0.0007818313897587359,0.0009329220047220588,0.0009982535848394036,0.0014688768424093723,0.0,0.004731602501124144,0.0033858141396194696,0.0035261516459286213,7.61813425924629e-05,9.229802526533604e-05,0.0010333068203181028,0.0009315761853940785,0.0006617547478526831,0.0004122927784919739,0.00039977769483812153,0.00030608687666244805,0.0002690909896045923,0.0,0.001069716177880764
2003-10-01 06:18:00,0.020201625302433968,0.01651710644364357,0.0032520850654691458,0.0030314160976558924,1.0416158147563692e-05,0.002898777136579156,0.0026129644829779863,0.0018873545341193676,0.00034768672776408494,0.00029426164110191166,0.016303226351737976,0.015921061858534813,0.014986587688326836,0.002231212565675378,0.002069857669994235,0.00185333751142025,0.0014627130003646016,0.001308958395384252,0.0010901388013735414,0.012604301795363426,0.01226141955703497,0.012029653415083885,0.011481104418635368,0.011009730398654938,0.0008634888799861073,0.0006653047166764736,0.009620576165616512,0.009480597451329231,0.00023066782159730792,0.00029973918572068214,0.00031616410706192255,9.61474870564416e-05,0.0012287292629480362,0.0008517267415300012,0.0001205279040732421,0.00010467588435858488,0.0004409883404150605,0.00011011560854967684,2.3800286726327613e-05,0.00010758291318779811,0.0007759348372928798,0.0009237788617610931,0.0009891281370073557,0.001457030070014298,0.0,0.004731111228466034,0.003359762253239751,0.0034992489963769913,7.56010485929437e-05,9.15984419407323e-05,0.00102544529363513,0.0009244816028513014,0.0006567059899680316,0.0004091906303074211,0.00039676582673564553,0.0003037250426132232,0.0002667834050953388,0.0,0.001061471295543015
2003-10-01 06:19:00,0.02008047141134739,0.016424458473920822,0.003227969165891409,0.0030088673811405897,1.0341087545384653e-05,0.002877253107726574,0.0025935983285307884,0.0018734580371528864,0.0003450708172749728,0.00029202416772022843,0.01621219888329506,0.015833206474781036,0.014906077645719051,0.0022139367647469044,0.0020537483505904675,0.0018391106277704239,0.0014515611110255122,0.0012990954564884305,0.0010818958980962634,0.012542478740215302,0.012202196754515171,0.011973243206739426,0.01142956968396902,0.010963094420731068,0.0008570231730118394,0.0006603471701964736,0.009582359343767166,0.00944427028298378,0.00022893589630257338,0.00029746719519607723,0.000313760683638975,9.541591862216592e-05,0.0012192268623039126,0.0008453063783235848,0.00011958822142332792,0.00010378294246038422,0.00043773773359134793,0.00010930981079582125,2.3622014850843698e-05,8.651202369946986e-05,0.0007704708259552717,0.0009152917773462832,0.0009800272528082132,0.001445095520466566,0.0,0.004730625078082085,0.003333842381834984,0.0034725742880254984,7.502662629121915e-05,9.090660751098767e-05,0.0010176647920161486,0.0009174543083645403,0.0006517118308693171,0.0004061215731780976,0.000393773807445541,0.00030137706198729575,0.0002645408094394952,0.00011676790745696053,0.0010533171007409692
2003-10-01 06:20:00,0.019960418343544006,0.016332687810063362,0.0032040735241025686,0.0029865275137126446,1.0266765457345173e-05,0.0028559283819049597,0.002574412850663066,0.0018596425652503967,0.00034247685107402503,0.00028980328352190554,0.016122059896588326,0.01574624516069889,0.01482644584029913,0.002196884248405695,0.002038635080680251,0.001825022860430181,0.001440526219084859,0.001289314590394497,0.0010737301781773567,0.012481365352869034,0.012143685482442379,0.011917518451809883,0.011378733441233635,0.01091662235558033,0.0008506206213496625,0.000655421637929976,0.00954448152333498,0.00940823182463646,0.00022721817367710173,0.00029521810938604176,0.0003113830171059817,9.468714415561408e-05,0.0012097866274416447,0.0008389354916289449,0.0001186571316793561,0.00010290974023519084,0.0004345110501162708,0.00010851142724277452,2.3445492843165994e-05,0.0,0.0007656109519302845,0.000907345674932003,0.0009711143793538213,0.001433121389709413,0.0,0.004730143118649721,0.0033080237917602062,0.0034461040049791336,7.44612334528938e-05,8.995462849270552e-05,0.0010099633364006877,0.0009104852215386927,0.0006467676139436662,0.0004030823183711618,0.00039080186979845166,0.0002990586217492819,0.0002625924826133996,8.8780332589522e-05,0.0010452514979988337
2003-10-01 06:21:00,0.019841467961668968,0.016241803765296936,0.0031804004684090614,0.0029643948655575514,1.0193200068897568e-05,0.0028348027262836695,0.002555404556915164,0.001845969003625214,0.0003399049455765635,0.00028760574059560895,0.016032814979553223,0.01566019281744957,0.01474774070084095,0.0021801504772156477,0.0020237709395587444,0.0018110563978552818,0.0014296077424660325,0.0012796191731467843,0.001065648626536131,0.012420954182744026,0.01208587922155857,0.011862475425004959,0.011328511871397495,0.0108703738078475,0.0008442809339612722,0.000650546106044203,0.00950695015490055,0.009372449479997158,0.0002255178987979889,0.0002929920156020671,0.0003090305544901639,9.391210187459365e-05,0.0012004125164821744,0.0008326293900609016,0.00011773576261475682,0.00010205570288235322,0.0004313152458053082,0.000107721054519061,2.3270788005902432e-05,0.0,0.0007600220269523561,0.0008998466655611992,0.0009624823578633368,0.0014211918460205197,0.0,0.004729666747152805,0.003282312536612153,0.0034198167268186808,7.392143015749753e-05,8.878707012627274e-05,0.0010025204392150044,0.0009040258591994643,0.0006418649572879076,0.000400073011405766,0.00038785330252721906,0.00029676148551516235,0.00026037354837171733,8.834013715386391e-05,0.0010372716933488846
2003-10-01 06:22:00,0.01972362771630287,0.01615181751549244,0.0031569532584398985,0.002942470135167241,1.0120429578819312e-05,0.0028138800989836454,0.0025365862529724836,0.0018325073178857565,0.00033735684701241553,0.0002854405320249498,0.015944473445415497,0.015575092285871506,0.014670001342892647,0.002163692843168974,0.002008947543799877,0.0017972283530980349,0.0014188076602295041,0.0012700159568339586,0.0010576609056442976,0.01236124150454998,0.012028772383928299,0.01180810946971178,0.011278851889073849,0.010824407450854778,0.0008380106883123517,0.0006457433919422328,0.009469776414334774,0.00933700893074274,0.00022383969917427748,0.0002907903690356761,0.00030670297564938664,9.308208973379806e-05,0.0011911101173609495,0.0008264082134701312,0.00011682593321893364,0.00010122107050847262,0.00042816082714125514,0.00010678104445105419,2.309802221134305e-05,0.00010507441766094416,0.000754522392526269,0.0008926966693252325,0.0009541650069877505,0.0014093904756009579,0.0,0.004729196894913912,0.0032567414455115795,0.003393701743334532,7.340742740780115e-05,8.771332795731723e-05,0.000995346694253385,0.0008975248783826828,0.0006369944312609732,0.00039709609700366855,0.00038493218016810715,0.0002944892621599138,0.0002590565418358892,0.0,0.0010293771047145128
2003-10-01 06:23:00,0.019606899470090866,0.01606273092329502,0.003133725607767701,0.00292075052857399,1.0048422154795844e-05,0.0027931579388678074,0.002517959102988243,0.001819196972064674,0.00033483305014669895,0.0002833007602021098,0.015857048332691193,0.015490946359932423,0.014593221247196198,0.002147471299394965,0.001994173740968108,0.0017835377948358655,0.0014081206172704697,0.001260503544472158,0.0010497595649212599,0.012302218936383724,0.011972359381616116,0.011754398234188557,0.011229696683585644,0.010778731666505337,0.0008318086038343608,0.0006409958587028086,0.009432963095605373,0.00930190458893776,0.00022218015510588884,0.0002886124711949378,0.00030440001864917576,9.221895015798509e-05,0.001181880827061832,0.0008202571189031005,0.00011592634837143123,0.00010040339839179069,0.00042504066368564963,0.00010573387407930568,2.292709359608125e-05,8.502272248733789e-05,0.0007493355660699308,0.0008858033688738942,0.0009461622103117406,0.0013977623311802745,0.0,0.004728732164949179,0.0032313261181116104,0.0033677530009299517,7.291474321391433e-05,8.672696276335046e-05,0.0009882316226139665,0.0008909231401048601,0.0006321686087176204,0.0003941503237001598,0.0003820385318249464,0.00029225085745565593,0.0002569686621427536,0.0,0.001021567382849753
2003-10-01 06:24:00,0.01949129067361355,0.015974553301930428,0.0031107114627957344,0.002899234415963292,9.9771450550179e-06,0.002772633219137788,0.002499517286196351,0.0018059943104162812,0.0003323332348372787,0.0002811808662954718,0.01577054336667061,0.01540775503963232,0.014517377130687237,0.0021314541809260845,0.00197945861145854,0.0017699821619316936,0.0013975414913147688,0.0012510796077549458,0.0010419385507702827,0.01224388089030981,0.011916629038751125,0.011701314710080624,0.01118099968880415,0.010733355768024921,0.0008256708970293403,0.0006362893618643284,0.009396504610776901,0.00926709733903408,0.00022053638531360775,0.0002864572452381253,0.00030212136334739625,9.134178253589198e-05,0.0011727287201210856,0.0008141632424667478,0.00011503638961585239,9.960056922864169e-05,0.00042205394129268825,0.00010472364374436438,2.2757902115699835e-05,8.466816507279873e-05,0.0007438453030772507,0.0008791541331447661,0.0009384553995914757,0.001386338146403432,0.0,0.004728272557258606,0.0032060868106782436,0.0033419698011130095,7.243949949042872e-05,8.581610018154606e-05,0.000981164863333106,0.0008842968964017928,0.0006273920298554003,0.00039123394526541233,0.00037917267763987184,0.00029003791860304773,0.0002548885822761804,0.00011500162509037182,0.001013841130770743
2003-10-01 06:25:00,0.01937680132687092,0.01588728465139866,0.0030879066325724125,0.002877919003367424,9.906567356665619e-06,0.0027523026801645756,0.0024812514893710613,0.0017928684828802943,0.00032985644065774977,0.00027907645562663674,0.01568496786057949,0.015325511805713177,0.0144424419850111,0.0021156170405447483,0.0019648100715130568,0.0017565584275871515,0.0013870657421648502,0.0012417413527145982,0.0010341916931793094,0.012186220847070217,0.011861567385494709,0.011648828163743019,0.011132721789181232,0.010688286274671555,0.0008195923292078078,0.000631613249424845,0.00936039350926876,0.00923256017267704,0.00021890594507567585,0.00028432338149286807,0.0002998666022904217,9.046469494933262e-05,0.0011636590352281928,0.0008081156993284822,0.00011415706103434786,9.881074947770685e-05,0.00041909213177859783,0.00010374619159847498,2.2590353182749823e-05,0.0,0.000739172741305083,0.0008726841188035905,0.0009310144232586026,0.0013751358492299914,0.0,0.004727816674858332,0.0031810461077839136,0.0033163558691740036,7.197837112471461e-05,8.497029193677008e-05,0.0009741420508362353,0.0008776840404607356,0.0006226646364666522,0.0003883452445734292,0.00037633482133969665,0.0002878610685002059,0.00025311592617072165,8.658829756313935e-05,0.0010061959037557244
2003-10-01 06:26:00,0.019263437017798424,0.015800941735506058,0.0030653136782348156,0.0028568042907863855,9.836692697717808e-06,0.0027321665547788143,0.002463157521560788,0.0017798756016418338,0.00032740243477746844,0.00027699366910383105,0.015600324608385563,0.015244224108755589,0.014368395321071148,0.002099942648783326,0.0019502397626638412,0.001743272878229618,0.0013766939518973231,0.0012324912240728736,0.0010265246964991093,0.012129229493439198,0.011807157658040524,0.011596912518143654,0.01108484249562025,0.010643555782735348,0.0008135726093314588,0.0006269837613217533,0.009324626065790653,0.009198276326060295,0.00021729181753471494,0.0002822109672706574,0.00029763521160930395,8.95977791515179e-05,0.001154682133346796,0.0008021288667805493,0.00011328926484566182,9.803408465813845e-05,0.00041614100337028503,0.00010279942216584459,2.2424508642870933e-05,0.0,0.0007337388233281672,0.0008663491462357342,0.0009238150087185204,0.001364176976494491,0.0,0.004727365914732218,0.003156244056299329,0.0032909195870161057,7.152917532948777e-05,8.418061770498753e-05,0.0009671619045548141,0.0008711268892511725,0.0006179928313940763,0.00038548524025827646,0.0003735262143891305,0.0002856881474144757,0.0002514591033104807,0.0,0.0009986297227442265
2003-10-01 06:27:00,0.019151203334331512,0.01571553386747837,0.0030429367907345295,0.0028358902782201767,9.76755836745724e-06,0.0027122278697788715,0.002445246558636427,0.0017670807428658009,0.00032497255597263575,0.00027494074311107397,0.015516627579927444,0.01516390684992075,0.014295213855803013,0.0020844198297709227,0.0019357623532414436,0.001730135059915483,0.0013664286816492677,0.001223334576934576,0.0010189460590481758,0.012072897516191006,0.011753384955227375,0.011545545421540737,0.01103736087679863,0.010599197819828987,0.0008076179074123502,0.0006224220269359648,0.009289201349020004,0.009164243936538696,0.00021569828095380217,0.0002801213995553553,0.00029542690026573837,8.874802733771503e-05,0.001145808375440538,0.0007962216041050851,0.00011243432527408004,9.727140422910452e-05,0.00041321301250718534,0.00010188213491346687,2.2260477635427378e-05,0.00010173532791668549,0.0007283595623448491,0.0008601436857134104,0.0009168211836367846,0.001353476196527481,0.0,0.004726921208202839,0.0031317276880145073,0.0032656784169375896,7.109031867003068e-05,8.343964873347431e-05,0.0009602272184565663,0.0008646542555652559,0.0006133819697424769,0.00038265495095402,0.0003707472642417997,0.00028355151880532503,0.00024952495004981756,0.0,0.0009911429369822145
2003-10-01 06:28:00,0.01904010772705078,0.015631062909960747,0.003020770149305463,0.002815175335854292,9.699134352558758e-06,0.0026924838311970234,0.0024275192990899086,0.0017544279107823968,0.00032256694976240396,0.00027291144942864776,0.01543387584388256,0.01508453581482172,0.014222863130271435,0.0020690388046205044,0.0019213842460885644,0.0017171389190480113,0.0013562656240537763,0.0012142694322392344,0.001011448446661234,0.01201721467077732,0.011700227856636047,0.011494698002934456,0.010990262031555176,0.010555204935371876,0.00080172682646662,0.0006179118645377457,0.009254101663827896,0.00913045834749937,0.0002141221921192482,0.0002780539507512003,0.00029324149363674223,8.79200451890938e-05,0.001137040089815855,0.0007903801160864532,0.00011159072892041877,9.65209910646081e-05,0.00041030440479516983,0.00010099105566041544,2.2098167391959578e-05,0.0001010934793157503,0.0007229839102365077,0.0008540383423678577,0.0009100108873099089,0.0013430172111839056,0.0,0.00472648162394762,0.003107512602582574,0.003240650286898017,7.065971294650808e-05,8.274059655377641e-05,0.0009533404954709113,0.00085825240239501,0.0006088254740461707,0.00037985245580784976,0.0003679986984934658,0.000281435321085155,0.0002475692017469555,0.0,0.000983735895715654
2003-10-01 06:29:00,0.01893015392124653,0.01554753165692091,0.0029988090973347425,0.002794657601043582,9.631391549191903e-06,0.002672931645065546,0.002409969922155142,0.0017418763600289822,0.00032018512138165534,0.000270900665782392,0.015352065674960613,0.015006082132458687,0.014151315204799175,0.0020537921227514744,0.0019071100978180766,0.0017042775871232152,0.0013462010538205504,0.001205292996019125,0.0010040258057415485,0.011962167918682098,0.011647664941847324,0.011444343253970146,0.010943532921373844,0.010511564090847969,0.0007958959904499352,0.0006134403520263731,0.00921931117773056,0.009096920490264893,0.00021256088803056628,0.0002760077186394483,0.00029107872978784144,8.711663394933566e-05,0.001128378207795322,0.0007845924701541662,0.00011075715156039223,9.578136814525351e-05,0.0004074120079167187,0.00010012328129960224,2.193748514400795e-05,0.00010045294766314328,0.0007176553481258452,0.0008479961543343961,0.0009033515234477818,0.0013327812775969505,0.0,0.004726046230643988,0.0030836076475679874,0.003215852426365018,7.023556827334687e-05,8.207750943256542e-05,0.000946503016166389,0.0008519112598150969,0.0006043176399543881,0.0003770762123167515,0.0003652774030342698,0.00027934086392633617,0.00024567966465838253,0.0,0.0009764072601683438
2003-10-01 06:30:00,0.018821347504854202,0.015464934520423412,0.0029770496767014265,0.0027743347454816103,9.56430085352622e-06,0.002653567586094141,0.0023925891146063805,0.0017293973360210657,0.00031782605219632387,0.00026890437584370375,0.015271184034645557,0.014928516000509262,0.01408054307103157,0.0020386746618896723,0.0018929431680589914,0.0016915450105443597,0.0013362314784899354,0.0011964020086452365,0.000996672548353672,0.011907743290066719,0.01159567292779684,0.011394456028938293,0.01089716237038374,0.01046826597303152,0.0007901206845417619,0.0006089975940994918,0.009184817783534527,0.009063639678061008,0.00021101211314089596,0.00027398145175538957,0.00028893817216157913,8.633919787826017e-05,0.0011198223801329732,0.0007788484217599034,0.00010993242176482454,9.505123307462782e-05,0.00040453314431943,9.927624341798946e-05,2.177834539907053e-05,8.226995851146057e-05,0.0007126204436644912,0.0008420697995461524,0.0008968229521997273,0.0013227476738393307,0.0,0.004725615028291941,0.003060016082599759,0.0031912990380078554,6.981638580327854e-05,8.14451850601472e-05,0.0009397151879966259,0.0008456232026219368,0.000599853927269578,0.0003743247943930328,0.0003625821555033326,0.000277262763120234,0.00024403067072853446,0.0,0.0009691551676951349
2003-10-01 06:31:00,0.018713688477873802,0.015383267775177956,0.0029554949142038822,0.002754206070676446,9.497866813035216e-06,0.0026343916542828083,0.002375372452661395,0.001717042992822826,0.00031548936385661364,0.0002669281675480306,0.015191217884421349,0.014851768501102924,0.014009173959493637,0.0020236836280673742,0.0018788898596540093,0.0016789445653557777,0.0013263580622151494,0.001187597867101431,0.000989393563941121,0.011844239197671413,0.011544487439095974,0.011345012113451958,0.010851149447262287,0.010425328277051449,0.0007844005594961345,0.0006045985501259565,0.009150621481239796,0.009030632674694061,0.00020947858865838498,0.000271975266514346,0.00028681938420049846,8.558811532566324e-05,0.0011113756336271763,0.0007731613586656749,0.0001091173107852228,9.433105878997594e-05,0.00040167474071495235,9.844915621215478e-05,2.1620802726829425e-05,8.188789070118219e-05,0.000707342813257128,0.0008361887885257602,0.0008904139394871891,0.0013129115104675293,0.0,0.0047251880168914795,0.0030367521103471518,0.0031670033931732178,6.940146704437211e-05,8.083925786195323e-05,0.000932977651245892,0.000839404936414212,0.0005954382941126823,0.0003715993370860815,0.0003599143528845161,0.0002752110594883561,0.00024219903571065515,0.0,0.0009619773481972516
2003-10-01 06:32:00,0.01860717497766018,0.015302520245313644,0.0029341483023017645,0.00273427227512002,9.432122169528157e-06,0.002615405945107341,0.0023583301808685064,0.001704873633570969,0.0003131760749965906,0.0002649796078912914,0.015112098306417465,0.014775294810533524,0.013934913091361523,0.002008819719776511,0.0018649589037522674,0.0016664831200614572,0.00131658383179456,0.0011788852280005813,0.0009821970015764236,0.011781390756368637,0.011494494043290615,0.011295951902866364,0.010805508121848106,0.01038277242332697,0.0007787412614561617,0.0006002624868415296,0.009116729721426964,0.008997920900583267,0.0002079643018078059,0.0002699904143810272,0.00028472216217778623,8.486306614940986e-05,0.0011030412279069424,0.0007675487431697547,0.00010831315739778802,9.362187120132148e-05,0.0003988466633018106,9.764186688698828e-05,2.146495899069123e-05,8.150709618348628e-05,0.0007021150086075068,0.000830494740512222,0.0008841074886731803,0.0013032701099291444,0.0,0.004724767059087753,0.0030138352885842323,0.0031429806258529425,6.899049913045019e-05,8.025628631003201e-05,0.0009262928506359458,0.0008332718862220645,0.0005910752806812525,0.00036890129558742046,0.00035727574140764773,0.0002731788845267147,0.00024024258891586214,8.365247049368918e-05,0.0009548739762976766
2003-10-01 06:33:00,0.018501803278923035,0.015222612768411636,0.002913004718720913,0.002714530797675252,9.367039638163988e-06,0.002596607431769371,0.0023414622992277145,0.0016928374534472823,0.0003108862438239157,0.000263053021626547,0.015033617615699768,0.014698578044772148,0.013859671540558338,0.0019940815400332212,0.0018511516973376274,0.0016541536897420883,0.001306905527599156,0.0011702615302056074,0.0009750758181326091,0.011721314862370491,0.011445446871221066,0.011247213929891586,0.010760239325463772,0.010340581648051739,0.0007731414516456425,0.000595974619500339,0.009083135984838009,0.008965518325567245,0.00020646635675802827,0.00026802628417499363,0.0002827096323017031,8.416324271820486e-05,0.0010948284761980176,0.0007619931129738688,0.00010751871741376817,9.292238246416673e-05,0.00039604396442882717,9.685224358690903e-05,2.1310725060175173e-05,8.112764044199139e-05,0.0006969298701733351,0.0008247867226600647,0.0008779286872595549,0.0012938042636960745,0.0,0.0047243507578969,0.002991257468238473,0.003119242610409856,6.85825216351077e-05,7.969297439558432e-05,0.0009196625906042755,0.0008272060076706111,0.0005867589497938752,0.00036622918560169637,0.00035466437111608684,0.0002711651031859219,0.0002388239954598248,0.0,0.0009482388850301504
2003-10-01 06:34:00,0.01839754544198513,0.015143398195505142,0.002892059739679098,0.0026949800085276365,9.30259375309106e-06,0.0025779930874705315,0.0023247632198035717,0.0016808966174721718,0.0003086193173658103,0.00026114375214092433,0.01495554018765688,0.01462152786552906,0.01378484908491373,0.0019794681575149298,0.0018374684732407331,0.0016419491730630398,0.001297320006415248,0.00116172363050282,0.0009680244838818908,0.011663606390357018,0.011397130787372589,0.011198760010302067,0.010715343989431858,0.010298742912709713,0.0007675981032662094,0.0005917232483625412,0.009049839340150356,0.008933435194194317,0.00020498226513154805,0.0002660819445736706,0.0002807684359140694,8.348748087882996e-05,0.0010867543751373887,0.0007564725819975138,0.00010673287761164829,9.223143570125103e-05,0.0003932624531444162,9.607837273506448e-05,2.11580208997475e-05,8.074950892478228e-05,0.0006917926948517561,0.0008190948283299804,0.0008718287572264671,0.0012844965094700456,0.0,0.004723938647657633,0.0029690111987292767,0.003095797263085842,6.81767487549223e-05,7.914643356343731e-05,0.0009130872203968465,0.0008211954263970256,0.0005824845866300166,0.0003635817556641996,0.0003520789323374629,0.00026917539071291685,0.0002371117298025638,0.0,0.0009417333640158176
2003-10-01 06:35:00,0.018294399604201317,0.015067502856254578,0.0028713098727166653,0.0026756173465400934,9.242663509212434e-06,0.0025595591869205236,0.0023082236293703318,0.0016690242337062955,0.0003063742769882083,0.000259248074144125,0.01487759593874216,0.014544304460287094,0.013711243867874146,0.001964978640899062,0.0018239081837236881,0.0016298632835969329,0.0012878244742751122,0.001153268152847886,0.0009610376437194645,0.011607910506427288,0.011349374428391457,0.011150569655001163,0.010670822113752365,0.010257245041429996,0.0007621068507432938,0.00058749906020239,0.00901684071868658,0.008901710622012615,0.0002035099605564028,0.0002641563769429922,0.0002788328565657139,8.283439092338085e-05,0.0010788107756525278,0.0007509806891903281,0.00010595465573715046,9.154802683042362e-05,0.00039049869519658387,9.531855175737292e-05,2.1006764654885046e-05,8.037249790504575e-05,0.0006867041811347008,0.000813419814221561,0.0008657876751385629,0.001275325077585876,0.0,0.004723529797047377,0.002947081346064806,0.003073350992053747,6.77725111017935e-05,7.861411722842604e-05,0.0009065662161447108,0.0008152321679517627,0.0005782484658993781,0.0003609580162446946,0.00034951852285303175,0.0002672073314897716,0.00023542120470665395,0.0,0.0009352604974992573
2003-10-01 06:36:00,0.018193695694208145,0.014996821992099285,0.002850757446140051,0.002656443975865841,9.193795449391473e-06,0.0025413057301193476,0.0022918398026376963,0.0016572686145082116,0.00030415065702982247,0.0002573711099103093,0.014798801392316818,0.01446725707501173,0.013639256358146667,0.0019506135722622275,0.0018104735063388944,0.0016178989317268133,0.0012784203281626105,0.0011448960285633802,0.0009541201870888472,0.011553914286196232,0.011302042752504349,0.011102640070021152,0.010626683011651039,0.010216106660664082,0.000756667519453913,0.0005833158502355218,0.008984178304672241,0.008870679885149002,0.00020205196051392704,0.0002622495812829584,0.0002769044367596507,8.220242307288572e-05,0.0010709940688684583,0.0007455330342054367,0.0001051848303177394,9.087275975616649e-05,0.0003877583076246083,9.457263513468206e-05,2.0857005438301712e-05,7.999692752491683e-05,0.0006816663662903011,0.0008077679667621851,0.0008597957785241306,0.001266283099539578,0.0,0.0047231256030499935,0.002925422741100192,0.0030518569983541965,6.736977957189083e-05,7.809400267433375e-05,0.0009000991703942418,0.0008093311917036772,0.0005740548367612064,0.0003583591606002301,0.0003469844232313335,0.00026526584406383336,0.0002337484766030684,0.0,0.000928819237742573
2003-10-01 06:37:00,0.01809614896774292,0.014921768568456173,0.002830406418070197,0.0026374601293355227,9.144931027549319e-06,0.002523234346881509,0.002275620587170124,0.0016456861048936844,0.0003019493888132274,0.0002555198734626174,0.014719420112669468,0.014390809461474419,0.013569017872214317,0.0019363752799108624,0.0017971689812839031,0.0016060626367107034,0.0012691104784607887,0.0011366112157702446,0.0009472795645706356,0.01150134764611721,0.011255036108195782,0.011054986156523228,0.010582946240901947,0.01017535850405693,0.000751286803279072,0.0005791912553831935,0.008951921947300434,0.008840302936732769,0.00020061194663867354,0.00026036277995444834,0.0002749846607912332,8.159002027241513e-05,0.001063302275724709,0.0007401484763249755,0.00010442471102578565,9.020671132020652e-05,0.000385049672331661,9.384102304466069e-05,2.070883783744648e-05,7.962361996760592e-05,0.0006766836158931255,0.0008021453395485878,0.0008538481779396534,0.001257368247024715,0.0,0.004722726531326771,0.00290405354462564,0.0030304042156785727,6.696877971990034e-05,7.758462743368e-05,0.0008936876547522843,0.0008035071659833193,0.0005699085304513574,0.0003557869349606335,0.00034448050428181887,0.000263359397649765,0.00023156922543421388,8.164707105606794e-05,0.0009224110399372876
2003-10-01 06:38:00,0.018000945448875427,0.014843166805803776,0.002810251899063587,0.0026186632458120584,9.096068424696568e-06,0.0025053417775779963,0.0022595657501369715,0.0016342285089194775,0.0002997704432345927,0.00025368909700773656,0.014639982022345066,0.014315281994640827,0.013500479981303215,0.0019222635310143232,0.001783993560820818,0.001594347762875259,0.0012598922476172447,0.0011284110369160771,0.0009405104792676866,0.01144997775554657,0.011208283714950085,0.011007620953023434,0.010539614595472813,0.010135001502931118,0.0007459648186340928,0.0005751117714680731,0.008920101448893547,0.008810434490442276,0.00019918722682632506,0.0002584953617770225,0.00027307492564432323,8.099564001895487e-05,0.001055726781487465,0.0007348171202465892,0.0001036732064676471,8.954881923273206e-05,0.0003823677252512425,9.312218753620982e-05,2.0562179997796193e-05,7.92523060226813e-05,0.0006718624499626458,0.0007965583354234695,0.0008479406242258847,0.001248560263775289,0.0,0.004722332116216421,0.002882971428334713,0.0030090331565588713,6.656908226432279e-05,7.708447810728103e-05,0.0008873325423337519,0.000797743909060955,0.0005658045993186533,0.00035324040800333023,0.0003420054854359478,0.0002614706172607839,0.00023020553635433316,0.0,0.0009160373592749238
2003-10-01 06:39:00,0.01790698990225792,0.014761879108846188,0.0027902901638299227,0.0026000505313277245,9.047208550327923e-06,0.0024876242969185114,0.0022436699364334345,0.001622860785573721,0.00029761320911347866,0.0002518745604902506,0.0145609425380826,0.014240888878703117,0.013433506712317467,0.0019082777434960008,0.0017709449166432023,0.0015827481402084231,0.0012507627252489328,0.0011202928144484758,0.0009338074596598744,0.011399607174098492,0.011161738075315952,0.010960564948618412,0.010496693663299084,0.010095042176544666,0.0007406949298456311,0.000571066455449909,0.008888720534741879,0.008780970238149166,0.00019777551642619073,0.000256646511843428,0.0002711762208491564,8.04177689133212e-05,0.0010482586221769452,0.0007295304094441235,0.0001029293707688339,8.889815217116848e-05,0.00037970810080878437,9.241478255717084e-05,2.04169555217959e-05,7.887884567026049e-05,0.0006673203897662461,0.0007910492713563144,0.0008420757949352264,0.00123984320089221,0.0,0.00472194142639637,0.002862167777493596,0.0029877792112529278,6.617032340727746e-05,7.659219409106299e-05,0.0008810334838926792,0.000792031001765281,0.000561739259865135,0.000350718735717237,0.0003395573003217578,0.0002595942933112383,0.00022876335424371064,0.0,0.0009096990688703954
2003-10-01 06:40:00,0.017813384532928467,0.014678762294352055,0.0027705172542482615,0.002581618959084153,8.998350494948681e-06,0.002470077946782112,0.002227924531325698,0.0016115577891469002,0.0002954767842311412,0.0002500728005543351,0.014482672326266766,0.014167753048241138,0.013367922976613045,0.001894417218863964,0.0017580201383680105,0.0015712580643594265,0.001241719233803451,0.0011122528230771422,0.0009271652088500559,0.011350073851644993,0.01111537218093872,0.010913838632404804,0.010454184375703335,0.01005548145622015,0.0007354732952080667,0.0005670469254255295,0.008857770822942257,0.008751841261982918,0.00019637490913737565,0.0002548152406234294,0.0002692893904168159,7.985495903994888e-05,0.0010408886009827256,0.0007242808351293206,0.00010219233081443235,8.825386612443253e-05,0.00037706716102547944,9.171759302262217e-05,2.027309346885886e-05,7.850153633626178e-05,0.0006627989932894707,0.0007856235024519265,0.000836264924146235,0.001231206813827157,0.0,0.00472155399620533,0.0028416302520781755,0.0029666689224541187,6.57722121104598e-05,7.610659667989239e-05,0.0008747897227294743,0.0007863614591769874,0.0005577094270847738,0.0003482211322989315,0.00033713356242515147,0.00025773467496037483,0.00022683283896185458,0.00010956346523016691,0.0009033960523083806
2003-10-01 06:41:00,0.017719561234116554,0.014594611711800098,0.0027509345673024654,0.0025633671320974827,8.949521543399896e-06,0.002452701795846224,0.002212326042354107,0.0016003642231225967,0.00029336067382246256,0.0002482885611243546,0.014405452646315098,0.014095933176577091,0.013303550891578197,0.0018806824227795005,0.0017452200409024954,0.0015598804457113147,0.001232763403095305,0.0011042921105399728,0.0009205880342051387,0.011301242746412754,0.011069175787270069,0.010867470875382423,0.010412096977233887,0.010016345418989658,0.0007302998565137386,0.000563065754249692,0.008827243000268936,0.008723007515072823,0.00019498771871440113,0.00025300163542851806,0.00026741507463157177,7.930580613901839e-05,0.0010336125269532204,0.0007190813194029033,0.00010146284330403432,8.761660137679428e-05,0.00037444979534484446,9.103080810746178e-05,2.013063567574136e-05,7.812120020389557e-05,0.0006582990754395723,0.0007802708423696458,0.0008305165101774037,0.0012226579710841179,0.0,0.004721170756965876,0.002821357687935233,0.0029457227792590857,6.537498120451346e-05,7.562679093098268e-05,0.0008686002693139017,0.0007807494257576764,0.0005537194083444774,0.0003457486745901406,0.0003347346209920943,0.0002558942069299519,0.00022550624271389097,0.0,0.0008971284260042012
2003-10-01 06:42:00,0.017625275999307632,0.014510129578411579,0.002731545129790902,0.0025452941190451384,8.900755346985534e-06,0.002435497008264065,0.0021968823857605457,0.0015893327072262764,0.0002912656927946955,0.00024652821593917906,0.014329482801258564,0.014025429263710976,0.013240223750472069,0.001867074752226472,0.0017325475346297026,0.0015486219199374318,0.0012238979106768966,0.0010964138200506568,0.0009140825713984668,0.01125300768762827,0.011023151688277721,0.010821490548551083,0.010370450094342232,0.009977657347917557,0.00072517927037552,0.0005591392400674522,0.008797124959528446,0.008694447576999664,0.0001936173503054306,0.0002512067148927599,0.0002655538555700332,7.876903691794723e-05,0.0010264276061207056,0.0007139481022022665,0.00010074215242639184,8.698741294210777e-05,0.0003718635707627982,9.035506809595972e-05,1.9989669453934766e-05,9.23169864108786e-05,0.0006536103901453316,0.0007749645737931132,0.0008248336962424219,0.0012142074992880225,0.0,0.004720792174339294,0.002801357302814722,0.002924959175288677,6.497906724689528e-05,7.515231118304655e-05,0.0008624662295915186,0.000775208929553628,0.0005497742095030844,0.0003433026431594044,0.0003323610872030258,0.0002540705318097025,0.00022364190954249352,0.0,0.0008908980526030064
2003-10-01 06:43:00,0.0175305362790823,0.01442588958889246,0.002712343353778124,0.00252739735879004,8.852051905705594e-06,0.002418460324406624,0.002181593095883727,0.0015784185379743576,0.00028919181204400957,0.0002447870501782745,0.01425487082451582,0.013956173323094845,0.013177781365811825,0.0018535932758823037,0.0017200004076585174,0.001537476317025721,0.001215119962580502,0.001088615506887436,0.0009076428832486272,0.011205284856259823,0.010977313853800297,0.010775922797620296,0.010329244658350945,0.009939405135810375,0.0007201105472631752,0.0005552551010623574,0.008767390623688698,0.0086661446839571,0.00019226133008487523,0.00024942998425103724,0.00026370634441263974,7.824349449947476e-05,0.0010193258058279753,0.0007088706479407847,0.0001000292832031846,8.636539132567123e-05,0.000369303539628163,8.968922338681296e-05,1.9850118405884132e-05,9.170316479867324e-05,0.0006491887615993619,0.0007697013788856566,0.0008192069944925606,0.0012058464344590902,0.0,0.004720417782664299,0.002781613962724805,0.0029043913818895817,6.458423740696162e-05,7.468250259989873e-05,0.0008563881856389344,0.0007697255350649357,0.0005458692321553826,0.0003408815828152001,0.00033001109841279685,0.00025226158322766423,0.00022204477863851935,7.933651068015024e-05,0.0008847066783346236
2003-10-01 06:44:00,0.017435511574149132,0.014342336915433407,0.0026933252811431885,0.002509674057364464,8.803409400570672e-06,0.00240158848464489,0.0021664537489414215,0.0015675891190767288,0.00028713844949379563,0.00024306112027261406,0.014181655831634998,0.01388806477189064,0.01311609148979187,0.0018402371788397431,0.0017075755167752504,0.0015264383982867002,0.0012064268812537193,0.0010808941442519426,0.0009012639638967812,0.011158009059727192,0.010931680910289288,0.010730787180364132,0.010288478806614876,0.009901576675474644,0.0007150911260396242,0.0005514033837243915,0.008738015778362751,0.008638089522719383,0.00019091754802502692,0.00024767068680375814,0.0002618730068206787,7.772811659378931e-05,0.0010123003739863634,0.0007038398762233555,9.932339162332937e-05,8.574972889618948e-05,0.0003667654236778617,8.903224806999788e-05,1.9711915228981525e-05,9.108834638027474e-05,0.0006447910564020276,0.0007645023870281875,0.0008136365213431418,0.0011975666275247931,0.0,0.004720047116279602,0.0027621116023510695,0.0028840270824730396,6.419033161364496e-05,7.421676127705723e-05,0.0008503654971718788,0.0007642898126505315,0.0005420009838417172,0.000338484242092818,0.0003276835777796805,0.0002504674484953284,0.0002203536860179156,0.00010823006596183404,0.0008785553509369493
2003-10-01 06:45:00,0.017340460792183876,0.01425978820770979,0.002674486255273223,0.002492121420800686,8.754826012591366e-06,0.0023848775308579206,0.0021514559630304575,0.0015568207018077374,0.00028510470292530954,0.00024134726845659316,0.014109816402196884,0.013820989057421684,0.013055050745606422,0.0018270049476996064,0.0016952697187662125,0.0015155031578615308,0.0011978161055594683,0.0010732461232692003,0.0008949412731453776,0.011111135594546795,0.010886278934776783,0.010686102323234081,0.010248147882521152,0.009864157065749168,0.0007101173978298903,0.0005475761718116701,0.008708978071808815,0.00861027929931879,0.0001895842287922278,0.00024592786212451756,0.0002600540465209633,7.722192094661295e-05,0.0010053446749225259,0.0006988478126004338,9.862370643531904e-05,8.513971988577396e-05,0.0003642457304522395,8.838321809889749e-05,1.957499080162961e-05,0.0,0.00064043328166008,0.0007593301124870777,0.0008081205887719989,0.0011893620248883963,0.0,0.004719679709523916,0.00274283392354846,0.002863870235159993,6.379718251992017e-05,7.375456334557384e-05,0.0008443972328677773,0.000758895359467715,0.0005381666705943644,0.0003361094568390399,0.00032537724473513663,0.0002486961311660707,0.00021897139959037304,0.0,0.0008724440704099834
2003-10-01 06:46:00,0.01724567450582981,0.014178452081978321,0.0026558279059827328,0.0024747380521148443,8.70632538862992e-06,0.002368326997384429,0.0021365967113524675,0.0015461551956832409,0.00028309013578109443,0.00023964978754520416,0.014039293862879276,0.013754844665527344,0.012994586490094662,0.00181389634963125,0.0016830830136314034,0.0015046733897179365,0.0011892887996509671,0.0010656722588464618,0.000888679176568985,0.011064630933105946,0.010841134004294872,0.010641885921359062,0.010208251886069775,0.009827152825891972,0.0007051893626339734,0.000543785048648715,0.008680264465510845,0.008582716807723045,0.000188263482414186,0.0002442016266286373,0.00025824966724030674,7.672401261515915e-05,0.0009984569624066353,0.0006939058075658977,9.79309479589574e-05,8.453596092294902e-05,0.00036174882552586496,8.774246816756204e-05,1.943938696058467e-05,0.0,0.0006361081032082438,0.0007542113889940083,0.0008026541909202933,0.0011812382144853473,0.0,0.004719315562397242,0.002723777899518609,0.0028439222369343042,6.340511026792228e-05,7.329555955948308e-05,0.0008384824031963944,0.000753555097617209,0.0005343701341189444,0.00033375807106494904,0.0003230930306017399,0.0002469401224516332,0.0002175991248805076,0.0,0.0008663731277920306
2003-10-01 06:47:00,0.01715143583714962,0.014098442159593105,0.0026373520959168673,0.002457523252815008,8.657936632516794e-06,0.002351937582716346,0.0021218829788267612,0.0015356414951384068,0.0002810955047607422,0.00023797462927177548,0.013970005325973034,0.01368954312056303,0.012934671714901924,0.0018013016087934375,0.0016710165655240417,0.0014939552638679743,0.0011808472918346524,0.0010581754613667727,0.0008824841352179646,0.011018477380275726,0.010796276852488518,0.010598155669867992,0.010168797336518764,0.0097905732691288,0.0007003111531957984,0.0005400449736043811,0.008651870302855968,0.008555411361157894,0.00018695849576033652,0.00024249294074252248,0.00025646010180935264,7.623360579600558e-05,0.0009916367707774043,0.0006890283548273146,9.724625124363229e-05,8.393948519369587e-05,0.00035928169381804764,8.711076225154102e-05,1.9305180103401653e-05,7.594736234750599e-05,0.0006312615005299449,0.0007491280557587743,0.0007972402381710708,0.0011732034618034959,0.0,0.004718956537544727,0.0027049477212131023,0.0028241851832717657,6.301458779489622e-05,7.283974264282733e-05,0.000832621764857322,0.000748282007407397,0.0005306158564053476,0.0003314311907161027,0.00032083268160931766,0.0002452004700899124,0.0002162104210583493,0.0,0.0008603440946899354
2003-10-01 06:48:00,0.017057985067367554,0.014019790105521679,0.0026190539356321096,0.00244047399610281,8.609658834757283e-06,0.0023357064928859472,0.0021073147654533386,0.0015252380399033427,0.0002791207516565919,0.00023631739895790815,0.013901849277317524,0.013625006191432476,0.012875504791736603,0.0017893045442178845,0.0016590439481660724,0.0014833438908681273,0.001172489020973444,0.0010507534025236964,0.0008763507357798517,0.010972662828862667,0.010751736350357533,0.010554919950664043,0.01012977585196495,0.009754398837685585,0.0006954818381927907,0.000536344712600112,0.008623777888715267,0.008528362028300762,0.0001856669841799885,0.00024080132425297052,0.0002546855539549142,7.575000927317888e-05,0.000984878744930029,0.0006842049770057201,9.656876500230283e-05,8.334947779076174e-05,0.0003568396205082536,8.648716902825981e-05,1.917230292747263e-05,7.556856144219637e-05,0.000627020257525146,0.0007440897752530873,0.0007918718620203435,0.0011652483372017741,0.0,0.004718600772321224,0.0026863296516239643,0.002804658841341734,6.26254768576473e-05,7.238687248900533e-05,0.0008268156088888645,0.0007430629339069128,0.0005268995300866663,0.00032912747701629996,0.00031859500450082123,0.0002434828638797626,0.0002143884339602664,7.749063661321998e-05,0.0008543586591258645
2003-10-01 06:49:00,0.016965515911579132,0.013942472636699677,0.0026009290013462305,0.0024235881865024567,8.561488357372582e-06,0.002319630701094866,0.0020928874146193266,0.0015149145619943738,0.0002771652943920344,0.00023467450228054076,0.013834728859364986,0.013561193831264973,0.012817008420825005,0.001777289086021483,0.0016471616690978408,0.0014728354290127754,0.0011642113095149398,0.0010434030555188656,0.000870274321641773,0.010927185416221619,0.010707540437579155,0.010512182489037514,0.010091176256537437,0.009718609042465687,0.000690699031110853,0.0005326750106178224,0.008595974184572697,0.008501569740474224,0.00018438699771650136,0.00023912604956422,0.0002529261400923133,7.52726336941123e-05,0.0009781785774976015,0.0006794267683289945,9.589771798346192e-05,8.276522567030042e-05,0.0003544185892678797,8.58708590385504e-05,1.9040689949179068e-05,8.820888615446165e-05,0.0006226187106221914,0.0007390760583803058,0.0007865478983148932,0.0011573645751923323,0.0,0.0047182487323880196,0.002667908323928714,0.0027853413484990597,6.223764648893848e-05,7.193667988758534e-05,0.0008210634114220738,0.0007378889131359756,0.0005232179537415504,0.00032684585312381387,0.0003163786022923887,0.00024177541490644217,0.00021281615772750229,0.00010659446706995368,0.0008484174031764269
2003-10-01 06:50:00,0.0168741624802351,0.013866429217159748,0.0025829733349382877,0.0024068632628768682,8.513423381373286e-06,0.002303706482052803,0.002078593708574772,0.001504648826085031,0.00027522831805981696,0.00023304302885662764,0.01376855093985796,0.013498055748641491,0.01275904756039381,0.0017652715323492885,0.0016353742685168982,0.001462425454519689,0.0011560112470760942,0.0010361215099692345,0.0008642508764751256,0.01088204700499773,0.010663713328540325,0.010469945147633553,0.010052984580397606,0.009683187119662762,0.000685959414113313,0.0005290286499075592,0.008568448014557362,0.00847503263503313,0.00018311684834770858,0.00023746630176901817,0.0002511819184292108,7.480091153411195e-05,0.0009715319611132145,0.0006746858125552535,9.523241897113621e-05,8.218610309995711e-05,0.00035201519494876266,8.526108285877854e-05,1.891028296086006e-05,0.0,0.0006184588419273496,0.0007341118180193007,0.0007812660769559443,0.0011495455401018262,0.0,0.004717899486422539,0.0026496693026274443,0.0027662275824695826,6.185100210132077e-05,7.148893928388134e-05,0.0008153639500960708,0.0007327538914978504,0.0005195682751946151,0.00032458530040457845,0.00031418222351931036,0.000240085442783311,0.00021173608547542244,0.0,0.0008425203850492835
2003-10-01 06:51:00,0.016784008592367172,0.013791580684483051,0.0025651881005614996,0.002390297595411539,8.465483006148133e-06,0.002287933137267828,0.0020644301548600197,0.0014944797148928046,0.00027330947341397405,0.00023142690770328045,0.013703235425055027,0.013435544446110725,0.0127015495672822,0.001753267366439104,0.0016236878000199795,0.0014521172270178795,0.0011478899978101254,0.0010289092315360904,0.0008582844166085124,0.010837256908416748,0.010620277374982834,0.010428206995129585,0.010015195235610008,0.009648135863244534,0.0006812628707848489,0.0005254161078482866,0.008541197516024113,0.00844875443726778,0.00018185852968599647,0.0002358221245231107,0.0002494528016541153,7.433436985593289e-05,0.0009649391286075115,0.0006699924706481397,9.45735300774686e-05,8.16126776044257e-05,0.00034963354119099677,8.465826249448583e-05,1.8781114704324864e-05,0.0,0.0006143421633169055,0.0007291832007467747,0.0007760263979434967,0.001141796470619738,0.0,0.004717553965747356,0.002631610492244363,0.002747312653809786,6.146585656097159e-05,7.104356336640194e-05,0.0008097163517959416,0.0007276698015630245,0.000515954103320837,0.0003223465755581856,0.0003120061883237213,0.00023841208894737065,0.0002099976409226656,0.0,0.0008366675465367734
2003-10-01 06:52:00,0.016695093363523483,0.013717842288315296,0.0025475749280303717,0.0023738902527838945,8.417694516538177e-06,0.0022723115980625153,0.0020504037383943796,0.0014844529796391726,0.0002714093716349453,0.00022983161034062505,0.013638709671795368,0.013373625464737415,0.01264447346329689,0.0017412911402061582,0.001612109481357038,0.0014419164508581161,0.0011398494243621826,0.001021769130602479,0.0008523810538463295,0.010792822577059269,0.010577252134680748,0.010386968031525612,0.009977806359529495,0.009613464586436749,0.0006766132428310812,0.0005218512960709631,0.008514225482940674,0.00842274073511362,0.00018061498121824116,0.0002341944200452417,0.0002477388479746878,7.38725793780759e-05,0.0009584010695107281,0.0006653599557466805,9.392211359227076e-05,8.10459241620265e-05,0.0003472800017334521,8.406316919717938e-05,1.865325975813903e-05,7.416975131491199e-05,0.0006097390432842076,0.0007242875290103257,0.0007708297926001251,0.0011341251665726304,0.0,0.0047172121703624725,0.0026137379463762045,0.0027285933028906584,6.108264642534778e-05,7.060071220621467e-05,0.0008041210821829736,0.0007226486341096461,0.000512379570864141,0.0003201305808033794,0.0003098518354818225,0.0002367515699006617,0.00020820859936065972,7.606529834447429e-05,0.0008308601099997759
2003-10-01 06:53:00,0.016607418656349182,0.013645120896399021,0.002530129160732031,0.0023576393723487854,8.370054274564609e-06,0.002256839070469141,0.002036514226347208,0.0014745300868526101,0.00026952792541123927,0.00022825314954388887,0.013574905693531036,0.013312246650457382,0.01258779875934124,0.0017293546115979552,0.0016006408259272575,0.001431817770935595,0.0011318870820105076,0.0010146989952772856,0.0008465357241220772,0.010748756118118763,0.010534655302762985,0.010346222668886185,0.009940806776285172,0.00957915373146534,0.0006720096571370959,0.000518323911819607,0.008487521670758724,0.00839698500931263,0.00017938410746864974,0.00023258273722603917,0.0002460400864947587,7.34151981305331e-05,0.000951914640609175,0.0006607783143408597,9.327738371212035e-05,8.048510062508285e-05,0.00034495024010539055,8.347504626726732e-05,1.8526650819694623e-05,8.599422289989889e-05,0.0006055132835172117,0.0007194351055659354,0.000765674514696002,0.0011265231296420097,0.0,0.004716874565929174,0.002596039790660143,0.0027100660372525454,6.070126255508512e-05,7.01603275956586e-05,0.0007985782576724887,0.0007176781073212624,0.0005088407197035849,0.0003179360937792808,0.0003077181172557175,0.00023510631581302732,0.0002069573092740029,0.00010446960368426517,0.0008250993560068309
2003-10-01 06:54:00,0.01652095839381218,0.013573323376476765,0.002512846840545535,0.0023415423929691315,8.322557732753921e-06,0.0022415127605199814,0.002022757427766919,0.0014646825147792697,0.0002676646690815687,0.00022668817837256938,0.013511760160326958,0.01325136236846447,0.012531520798802376,0.001717467443086207,0.0015892819501459599,0.0014218162978067994,0.0011240001767873764,0.00100769626442343,0.0008407441200688481,0.010705068707466125,0.010492497123777866,0.010305959731340408,0.009904185310006142,0.009545186534523964,0.0006674498436041176,0.0005148253403604031,0.008461079560220242,0.008371482603251934,0.00017816406034398824,0.000230986435781233,0.0002443564881104976,7.296194235095754e-05,0.0009454770479351282,0.0006562388734892011,9.263864922104403e-05,7.992957398528233e-05,0.00034264044370502234,8.289316610898823e-05,1.840123331930954e-05,0.0,0.0006015331600792706,0.0007146187126636505,0.0007605589926242828,0.0011189839569851756,0.0,0.0047165397554636,0.0025785041507333517,0.0026917255017906427,6.0321584896882996e-05,6.972229311941192e-05,0.0007930873543955386,0.0007127500721253455,0.0005053343484178185,0.0003157620376441628,0.00030560430604964495,0.00023348127433564514,0.00020596165268216282,0.0,0.0008193856338039041
2003-10-01 06:55:00,0.016435666009783745,0.013502366840839386,0.0024957244750112295,0.002325596520677209,8.27520307211671e-06,0.0022263291757553816,0.0020091261249035597,0.001454889657907188,0.00026581884594634175,0.00022513401927426457,0.013449219055473804,0.013190940953791142,0.012475648894906044,0.0017056381329894066,0.0015780320391058922,0.0014119073748588562,0.0011161861475557089,0.0010007580276578665,0.0008350024581886828,0.010661771520972252,0.010450787842273712,0.010266167111694813,0.009867925196886063,0.009511549957096577,0.0006629308336414397,0.0005113488878123462,0.008434891700744629,0.008346229791641235,0.00017695329734124243,0.0002294047299074009,0.0002426879946142435,7.251253555295989e-05,0.0009390857303515077,0.0006517342408187687,9.200527711072937e-05,7.937877671793103e-05,0.00034034744021482766,8.23169102659449e-05,1.8276949049322866e-05,7.315758557524532e-05,0.0005970760830678046,0.0007098434143699706,0.0007554820040240884,0.0011115017114207149,0.0,0.00471620773896575,0.0025611193850636482,0.002673565410077572,5.9943515225313604e-05,6.928651419002563e-05,0.0007876471499912441,0.000707858765963465,0.0005018578958697617,0.0003136074810754508,0.00030350941233336926,0.00023187299666460603,0.000204371172003448,0.0,0.0008137186523526907
2003-10-01 06:56:00,0.016351480036973953,0.013432173058390617,0.002478762296959758,0.0023098010569810867,8.228006663557608e-06,0.0022112878505140543,0.001995617989450693,0.0014451876049861312,0.000263990048551932,0.00022359426657203585,0.013387235812842846,0.013130972161889076,0.012420203536748886,0.0016938744811341166,0.0015668922569602728,0.0014020932139828801,0.0011084461584687233,0.0009938848670572042,0.0008293145219795406,0.010618875734508038,0.010409531183540821,0.010226835496723652,0.009832022711634636,0.009478247724473476,0.0006584523944184184,0.0005079042166471481,0.008408959954977036,0.008321222849190235,0.00017575366655364633,0.00022783767781220376,0.00024103443138301373,7.206674490589648e-05,0.0009327420266345143,0.0006472738459706306,9.137787856161594e-05,7.88332472438924e-05,0.0003380764974281192,8.174671529559419e-05,1.8153830751543865e-05,7.279410056071356e-05,0.0005931886844336987,0.0007051013526506722,0.0007504448294639587,0.0011040823301300406,0.0,0.0047158789820969105,0.0025438861921429634,0.0026555799413472414,5.9567340940702707e-05,6.885298353154212e-05,0.0007822565967217088,0.0007030150736682117,0.0004984146798960865,0.0003114732389803976,0.0003014346875716001,0.00023028215218801051,0.00020273675909265876,7.467302930308506e-05,0.0008080980041995645
2003-10-01 06:57:00,0.01626833900809288,0.013362680561840534,0.0024619626346975565,0.0022941548377275467,8.18099215393886e-06,0.0021963894832879305,0.001982238609343767,0.00143561908043921,0.00026217891718260944,0.00022207396978046745,0.01332577969878912,0.013071462512016296,0.012365208007395267,0.0016821845201775432,0.001555865746922791,0.0013923788210377097,0.0011007820721715689,0.0009870795765891671,0.0008236859575845301,0.010576390661299229,0.010368730872869492,0.010187956504523754,0.009796477854251862,0.00944528914988041,0.0006540180766023695,0.0005045041907578707,0.008383287116885185,0.008296463638544083,0.0001745678746374324,0.00022628609440289438,0.00023939574020914733,7.162438123486936e-05,0.0009264480322599411,0.0006428701453842223,9.075742855202407e-05,7.829387322999537e-05,0.0003358320682309568,8.118335244944319e-05,1.8031943909591064e-05,0.0,0.0005891498876735568,0.0007003983482718468,0.0007454489823430777,0.0010967337293550372,0.0,0.004715554416179657,0.002526812022551894,0.0026377656031399965,5.919345130678266e-05,6.842193397460505e-05,0.0007769162184558809,0.0006982299964874983,0.0004950084839947522,0.0003093603882007301,0.00029938225634396076,0.00022871344117447734,0.00020135146041866392,7.432797428919002e-05,0.0008025246206671
2003-10-01 06:58:00,0.016186175867915154,0.013293830677866936,0.0024453208316117525,0.0022786560002714396,8.134154995786957e-06,0.00218163151293993,0.0019689882174134254,0.0014261481119319797,0.0002603853354230523,0.0002205694472650066,0.013264826498925686,0.013012404553592205,0.012310675345361233,0.001670573023147881,0.0015449508791789412,0.0013827589573338628,0.0010931913275271654,0.0009803399443626404,0.0008181119919754565,0.010534321889281273,0.010328386910259724,0.010149515233933926,0.009761280380189419,0.009412660263478756,0.0006496270652860403,0.0005011392058804631,0.008357865735888481,0.008271942846477032,0.00017339398618787527,0.00022474957222584635,0.0002377719065407291,7.118529902072623e-05,0.000920201709959656,0.0006385135930031538,9.014322859002277e-05,7.776000711601228e-05,0.0003336097579449415,8.06261450634338e-05,1.791123031580355e-05,0.0,0.0005853527109138668,0.0006957299774512649,0.0007404923089779913,0.001089448924176395,0.0,0.004715233109891415,0.002509888494387269,0.002620118437334895,5.8821729908231646e-05,6.799335824325681e-05,0.0007716258987784386,0.0006934925331734121,0.0004916357574984431,0.00030726802651770413,0.0002973515947815031,0.00022716299281455576,0.00020023659453727305,0.00010190239117946476,0.00079699931666255
2003-10-01 06:59:00,0.01610492542386055,0.013225576840341091,0.0024288331624120474,0.002263301983475685,8.087490641628392e-06,0.0021670113783329725,0.0019558623898774385,0.0014167481567710638,0.00025861005997285247,0.00021908975031692535,0.013204355724155903,0.012953797355294228,0.012256618589162827,0.0016590442974120378,0.0015341450925916433,0.00137322919908911,0.0010856717126443982,0.0009736638166941702,0.0008125886670313776,0.010492677800357342,0.010288497433066368,0.010111499577760696,0.009726420044898987,0.009380345232784748,0.0006452772649936378,0.0004978014621883631,0.008332688361406326,0.008247654885053635,0.00017223029863089323,0.00022322751465253532,0.00023616282851435244,7.074937457218766e-05,0.0009140012552961707,0.0006341960397548974,8.953461656346917e-05,7.723105227341875e-05,0.000331406103214249,8.007448195712641e-05,1.779163721948862e-05,7.180390821304172e-05,0.0005810998263768852,0.0006911074742674828,0.0007355753914453089,0.0010822220938280225,0.0,0.004714914597570896,0.0024931065272539854,0.0026026342529803514,5.845205669174902e-05,6.756720540579408e-05,0.0007663851138204336,0.0006887949421070516,0.0004882935318164527,0.00030519545543938875,0.00029534223722293973,0.00022563073434866965,0.00019887179951183498,0.00010137316712643951,0.0007915220921859145
