,1,2,3,4,5,6,7,8,9,10,11,12,13,14,15,16,17,18,19,20,21,22,23,24,25,26,27,28,29,30,31,32,33,34,35,36,37,38,39,40,41,42,43,44,45,46,47,48,49,50,51,52,53,54,55,56,57,58,59,60,61,62,63,64,65,66,67,68,69,70,71,72,73,74,75,76,77,85,87,88,89,143,144,145,146,147,148,150,151,152,153,154,155,156,157,158,159,163,164,165,166,167,168,169,170,171,172,173,174,175,176,177,178,179,180,181,182,183,184,185,187,188,189,190,191,192,193,194,195,196,197,198,199,200,201,202,203,204,205,206,207,208,209,210,211,212,213,214,215,216,217,218,219,220,221,222,223,224,225,226,227,228,229,230,231,232,233,234,235,236,237,238,239,240,241,242,243,244,245,246,247,248,249,250,251,252,253,254,255,256,257,258,259,260,261,262,263,264,265,266,267,268,269,270,271,272,273,274,275,276,277,278,279,280,281,282,283,284,285,286,287,288,289,290,291,292,293,294,295,296,297,298,299,300,301,302,303,304,305,306,307,308,309,310,311,312,313,314,315,316,317,318,319,320,321,322,323,324,325,326,327,328,329,330,331,332,334,335,336,337,428,429,430,431,432,433,434,435,436,437,438,439,440,441,444,445,446,447,448,449,450,453,454,455,457,458,459,460,461,462,463,500,501,502,504,505,506,507,508,509,510,591,615,616,617,618,619,620,621,622,623,624,625,626,627,628,629,630,634,635,636,637,638,639,640,641,700,186,338
0,152.34094,151.68689,150.90216,150.90213,150.90213,150.6437,150.31923,149.83554,149.7068,149.3165,149.1098,149.48973,149.33238,149.16783,149.07494,148.93506,148.9425,148.93576,151.43105,148.46274,148.46274,148.06313,148.66457,148.31306,148.0898,147.44432,147.38225,147.57008,147.18187,147.16412,147.1345,147.14818,147.06503,147.06297,147.10942,146.88135,146.84549,146.85457,146.67816,146.6797,146.62227,146.62227,146.56543,146.53426,146.55919,146.59514,146.56517,146.58682,146.54926,146.43875,146.44595,146.49573,146.2721,146.27176,146.27176,146.2716,146.1024,146.06816,146.06816,145.99458,145.91743,145.85692,145.81339,145.80751,145.93266,146.07722,146.36978,146.35356,146.32092,146.22427,146.47339,146.47537,146.47812,146.48154,146.20616,146.12218,145.91528,145.91498,145.9149,145.91484,145.91481,145.99323,145.99332,145.9981,146.0105,146.05997,146.28433,146.09811,146.13414,146.13823,146.10426,146.03806,146.01613,145.999,145.96605,145.94205,145.9023,145.89862,145.91577,145.98906,145.99432,146.03476,146.0509,146.06107,146.0453,146.11955,146.15155,145.87881,145.86462,145.8623,145.86604,145.85085,145.84538,145.84096,145.83539,145.65697,145.45393,145.31898,145.2983,145.23642,145.55489,145.7939,145.78473,145.96126,146.30888,146.32202,145.45787,145.4559,146.23477,146.23474,146.34183,146.63599,146.63597,146.71109,147.16058,147.19328,147.19322,147.19322,147.19322,147.1932,147.30667,147.30951,147.30951,147.35175,147.41866,147.44978,147.44977,147.48138,147.59901,147.59137,147.47269,147.47122,147.46597,147.39687,147.28677,147.02011,146.78348,147.2555,147.25061,147.23817,147.21803,147.2267,147.23067,147.23312,147.23917,147.23921,147.28447,147.15356,147.11072,146.32785,146.32785,146.33128,146.32585,146.31421,146.3323,146.46866,146.47559,146.47585,146.4764,146.4764,146.47685,146.60168,146.62029,146.63725,146.52026,146.49696,146.76477,146.76447,146.84442,146.94525,146.94084,146.94078,146.86377,146.86377,146.84251,146.8021,146.80208,146.76729,146.76729,146.72752,147.42705,146.6683,146.86513,146.8783,146.87743,146.87598,146.87256,146.87103,146.87009,146.86858,146.86739,146.86426,146.86852,146.8685,146.8626,146.86212,146.86128,146.86087,146.86076,146.86069,146.86067,146.86067,146.86066,146.86066,146.86067,146.86067,146.86214,146.86241,146.86319,146.86551,146.86551,146.87105,146.87105,146.87027,146.86241,146.8623,146.8622,146.86188,146.86188,146.8619,146.86195,146.86186,146.86185,146.86182,146.8618,146.86179,146.86179,146.86174,146.86172,146.86171,146.8617,146.8617,146.8617,146.2262,146.21484,146.21207,146.20908,146.21037,146.21037,145.8003,145.75519,145.55125,145.55125,145.55125,145.55125,145.55124,145.49445,145.49445,145.49443,145.31808,146.88176,146.8868,145.96245,145.91322,145.9714,147.50212,147.29842,147.22809,147.16747,147.03598,146.97632,146.07524,145.886,146.47603,147.23811,146.8634,146.86823,146.86208,146.862,146.05951,146.06212,146.76477,146.90324,146.24498,146.91304,146.8697,146.62224,146.3449,147.704,147.87407,147.95483,147.59142,147.58308,147.57596,147.57423,147.5449,147.54572,147.562,147.57585,147.54236,147.48138,145.27072,146.86334,146.86331,146.8801,147.0333,146.88626,146.86916,146.86777,146.86147,146.84348,146.86916,146.76921,146.76846,146.76833,146.76799,146.76799,145.83109,146.76799,145.31808,146.52223,147.24269,147.57933,146.91144,146.23474,147.57933,144.6097,144.1704,145.26768
1800,152.53162,151.87758,151.09285,151.09282,151.09282,150.83438,150.50992,150.02621,149.89749,149.50717,149.30048,149.6804,149.52309,149.35852,149.26561,149.12575,149.1332,149.12645,151.62172,148.65338,148.65338,148.25372,148.85522,148.50381,148.28055,147.63513,147.57307,147.7609,147.37274,147.35497,147.32527,147.3389,147.25563,147.25357,147.3003,147.07239,147.03667,147.04579,146.8697,146.87115,146.81343,146.81343,146.75702,146.72531,146.75085,146.7868,146.75679,146.7787,146.7414,146.63182,146.63905,146.68883,146.46616,146.46582,146.46582,146.46568,146.29753,146.26353,146.26353,146.19049,146.11394,146.05399,146.01088,146.00507,146.12901,146.27249,146.56305,146.54684,146.5142,146.41797,146.66547,146.66742,146.67015,146.67357,146.40001,146.31676,146.11179,146.11148,146.1114,146.11134,146.11131,146.19081,146.19089,146.19565,146.20807,146.2575,146.47813,146.29565,146.33168,146.33575,146.3018,146.23561,146.21368,146.19656,146.16365,146.13965,146.09993,146.09625,146.1134,146.18663,146.19182,146.23222,146.24835,146.25848,146.24252,146.31668,146.34857,146.07513,146.06068,146.05826,146.06177,146.04674,146.04126,146.03677,146.03117,145.8539,145.65158,145.51738,145.4968,145.43526,145.75307,145.99161,145.9805,146.15587,146.50073,146.51373,145.6555,145.65353,146.4323,146.43227,146.53934,146.83347,146.83345,146.90855,147.35802,147.39073,147.39066,147.39066,147.39066,147.39064,147.50412,147.50691,147.50691,147.54916,147.61606,147.64719,147.64717,147.67879,147.79642,147.78877,147.67007,147.66861,147.66338,147.59425,147.48415,147.21753,146.98094,147.45287,147.44797,147.43555,147.41537,147.42404,147.42802,147.4305,147.43652,147.43657,147.48183,147.3509,147.30803,146.51941,146.51941,146.52277,146.5173,146.50566,146.52376,146.65842,146.66527,146.66551,146.666,146.666,146.66641,146.79156,146.81042,146.82762,146.71089,146.6871,146.95528,146.95499,147.03503,147.13567,147.13124,147.13118,147.05388,147.05388,147.03255,146.99203,146.99203,146.95717,146.95717,146.91731,147.61682,146.85802,147.05519,147.06836,147.0675,147.06606,147.06264,147.06111,147.06017,147.05864,147.05746,147.05434,147.0586,147.05856,147.05267,147.05219,147.05135,147.05095,147.05084,147.05075,147.05074,147.05074,147.05072,147.05072,147.0507,147.0507,147.0522,147.05249,147.05325,147.05559,147.05559,147.06113,147.06111,147.06035,147.05249,147.05237,147.05226,147.05194,147.05194,147.05197,147.05202,147.05194,147.05193,147.05188,147.05188,147.05186,147.05186,147.05182,147.0518,147.05177,147.05176,147.05176,147.05176,146.4135,146.40213,146.39937,146.39638,146.39767,146.39767,145.98346,145.9379,145.732,145.732,145.73198,145.73198,145.73196,145.67462,145.67462,145.67459,145.49649,147.07184,147.07687,146.15973,146.11046,146.16875,147.69267,147.4888,147.41843,147.35776,147.22615,147.16718,146.27257,146.0832,146.66548,147.43547,147.05347,147.0583,147.05215,147.05206,146.24522,146.24783,146.95607,147.0935,146.43755,147.10393,147.06065,146.81335,146.53651,147.8948,148.06485,148.14561,147.7888,147.78047,147.77336,147.77164,147.74231,147.74312,147.7594,147.77325,147.73975,147.67877,145.44864,147.0534,147.05339,147.07018,147.22346,147.07634,147.05923,147.05785,147.05154,147.03355,147.05923,146.95929,146.95854,146.9584,146.95807,146.95807,146.02698,146.95807,145.49649,146.71307,147.44005,147.77673,147.10153,146.43227,147.77673,144.81093,144.3733,145.44559
3600,151.98393,151.31844,150.51997,150.51997,150.51997,150.25587,149.92435,149.43011,149.2985,148.89702,148.68204,149.07765,148.91737,148.74924,148.65419,148.51152,148.50775,148.45042,148.80562,148.15414,148.15414,147.90347,148.31743,148.08957,147.93788,147.49802,147.45564,147.58441,147.31834,147.3068,147.28784,147.29907,147.24792,147.24692,147.26813,147.10614,147.07973,147.08566,146.95905,146.95985,146.9164,146.9164,146.87799,146.84938,146.87491,146.91084,146.87776,146.89383,146.86702,146.79912,146.80867,146.85844,146.67972,146.67957,146.67957,146.67949,146.55626,146.53075,146.53075,146.47496,146.41537,146.36449,146.32713,146.322,146.41768,146.53458,146.74033,146.722,146.68352,146.59982,146.80766,146.80954,146.8121,146.81552,146.58884,146.53703,146.41434,146.41418,146.41414,146.41412,146.4141,146.55489,146.55493,146.56012,146.5725,146.62505,146.68228,146.66328,146.69763,146.7014,146.6638,146.59035,146.56783,146.54984,146.51268,146.48495,146.43617,146.43166,146.45128,146.53491,146.54381,146.58865,146.60548,146.6169,146.60098,146.6779,146.71037,146.40701,146.39346,146.3877,146.39548,146.35832,146.34273,146.32826,146.30789,146.13486,145.90266,145.77089,145.75067,145.69012,146.04498,146.3105,146.2102,146.3796,146.67139,146.68234,145.90622,145.90443,146.80707,146.80705,146.92303,147.23547,147.23547,147.31442,147.7848,147.81866,147.81865,147.81865,147.81865,147.81863,147.93207,147.94067,147.94067,147.98485,148.05476,148.0873,148.08728,148.12013,148.24007,148.23257,148.11198,148.11053,148.10516,148.03442,147.92157,147.6409,147.39108,147.89023,147.88531,147.87277,147.85158,147.8608,147.86497,147.86774,147.87381,147.87312,147.91838,147.78325,147.73738,146.68849,146.68849,146.69208,146.68997,146.68428,146.69312,146.79466,146.79984,146.79996,146.80025,146.80025,146.80048,146.90799,146.91995,146.93071,146.83653,146.81743,147.02805,147.02791,147.08711,147.17339,147.17105,147.17102,147.12965,147.12965,147.11818,147.08545,147.08545,147.05724,147.05724,147.02484,147.72435,146.97156,147.14,147.15265,147.15916,147.15912,147.15901,147.15897,147.15897,147.15787,147.15744,147.15639,147.15869,147.15942,147.15633,147.15607,147.15565,147.15546,147.1554,147.15536,147.15535,147.15535,147.15535,147.15535,147.15533,147.15533,147.15652,147.15681,147.15741,147.15907,147.15907,147.16298,147.16296,147.16032,147.15689,147.15677,147.1567,147.15646,147.15646,147.15646,147.15646,147.15646,147.15645,147.15643,147.15642,147.15642,147.15642,147.1564,147.15639,147.15639,147.15637,147.15637,147.15637,146.57004,146.5645,146.56314,146.56168,146.56232,146.56232,146.15239,146.10799,145.90721,145.90721,145.90721,145.90721,145.90721,145.85112,145.85112,145.8511,145.67485,147.17358,147.17862,146.51175,146.45683,146.52153,147.54277,147.42206,147.38033,147.3438,147.26549,147.1749,146.63255,146.4251,146.79944,147.87274,147.15598,147.15778,147.15611,147.15608,146.4087,146.40999,147.02179,147.15092,146.61777,147.12971,147.09778,146.91527,146.70015,147.67555,147.79124,147.84616,148.23259,148.22423,148.21704,148.2153,148.18613,148.18698,148.20341,148.21721,148.18352,148.12013,145.62747,147.15593,147.15591,147.15955,147.26279,147.16385,147.15549,147.15482,147.15173,147.14294,147.15549,147.10667,147.1063,147.10625,147.10606,147.10606,146.37776,147.10606,145.67485,146.8382,147.8773,148.22044,147.17848,146.80705,148.22044,145.035,144.5758,145.62445
5400,152.17729,151.5118,150.71333,150.71332,150.71332,150.44923,150.11769,149.62347,149.49185,149.09036,148.87538,149.271,149.11072,148.9426,148.84753,148.70488,148.7011,148.64377,148.99895,148.34744,148.34744,148.09673,148.51076,148.28297,148.13132,147.69151,147.64915,147.77791,147.51189,147.5003,147.4813,147.49246,147.44118,147.44017,147.46169,147.2999,147.27365,147.27963,147.1534,147.15411,147.11037,147.11037,147.07239,147.04312,147.06938,147.10532,147.07219,147.08855,147.062,146.99504,147.00467,147.05443,146.87675,146.87659,146.87659,146.87653,146.75449,146.72923,146.72923,146.67406,146.61516,146.56493,146.52808,146.52304,146.61731,146.73296,146.93655,146.91823,146.87978,146.79655,147.00258,147.00443,147.00697,147.01039,146.78574,146.7347,146.6141,146.61395,146.61392,146.61389,146.61388,146.7559,146.75595,146.76114,146.77351,146.82605,146.87906,146.86429,146.8986,146.90239,146.86479,146.79134,146.76883,146.75087,146.71373,146.68602,146.63727,146.63277,146.65237,146.73593,146.74472,146.78955,146.80635,146.8177,146.80156,146.87837,146.91072,146.60646,146.59262,146.58669,146.59412,146.55724,146.54161,146.5271,146.50668,146.33513,146.10393,145.97305,145.95296,145.89282,146.24681,146.5117,146.4093,146.5773,146.86598,146.87677,146.10745,146.10568,147.00803,147.00801,147.12398,147.43639,147.43639,147.51532,147.98566,148.01953,148.0195,148.0195,148.0195,148.01949,148.13292,148.14151,148.14151,148.18567,148.25558,148.2881,148.2881,148.32095,148.44087,148.43338,148.31279,148.31134,148.30597,148.23521,148.12234,147.84174,147.59196,148.091,148.08609,148.07355,148.05232,148.06155,148.06573,148.0685,148.07457,148.07387,148.11914,147.98398,147.9381,146.88274,146.88274,146.88622,146.8841,146.87839,146.88724,146.98697,146.99205,146.99216,146.99239,146.99239,146.99257,147.10048,147.1127,147.12369,147.0298,147.01015,147.22122,147.22107,147.28036,147.36642,147.36407,147.36404,147.3224,147.3224,147.31084,147.27802,147.27802,147.24973,147.24973,147.21722,147.91675,147.16385,147.3327,147.34535,147.3519,147.35185,147.35175,147.3517,147.3517,147.35059,147.35017,147.3491,147.35141,147.35216,147.34906,147.34879,147.34837,147.34818,147.34813,147.34808,147.34807,147.34807,147.34807,147.34807,147.34805,147.34805,147.34923,147.34953,147.35013,147.35179,147.35179,147.35568,147.35568,147.35304,147.34961,147.34949,147.34941,147.34918,147.34918,147.34918,147.3492,147.34918,147.34917,147.34915,147.34915,147.34915,147.34915,147.34912,147.3491,147.3491,147.34909,147.34909,147.34909,146.75946,146.7539,146.75255,146.75108,146.75172,146.75172,146.33675,146.29181,146.08861,146.08861,146.08861,146.08861,146.08861,146.03183,146.03183,146.03181,145.85338,147.3663,147.37134,146.71245,146.65747,146.72229,147.73598,147.6151,147.57332,147.53674,147.45831,147.36842,146.83327,146.62569,146.9914,148.0735,147.34868,147.3505,147.34885,147.3488,146.59619,146.59749,147.21587,147.34381,146.81319,147.32327,147.29141,147.10904,146.89447,147.86903,147.9847,148.03961,148.43341,148.42503,148.41785,148.4161,148.38693,148.38779,148.40422,148.41801,148.38432,148.32095,145.80542,147.34865,147.34865,147.35228,147.45561,147.35657,147.34822,147.34753,147.34445,147.33566,147.34822,147.2994,147.29903,147.29897,147.2988,147.2988,146.57666,147.2988,145.85338,147.0317,148.07806,148.42125,147.37123,147.00801,148.42125,145.24072,144.78363,145.80235
7200,151.3668,150.67668,149.84868,149.84865,149.84865,149.57607,149.23386,148.72372,148.58795,148.1724,147.94768,148.3613,148.19705,148.02534,147.92839,147.78357,147.76582,147.664,147.664,147.44951,147.44951,147.26962,147.6075,147.45241,147.33401,146.99518,146.9626,147.05943,146.85909,146.8491,146.83223,146.83766,146.79532,146.793,146.82187,146.70988,146.69472,146.70068,146.61841,146.61835,146.58788,146.58788,146.56808,146.54414,146.56738,146.60332,146.56795,146.57909,146.56374,146.53267,146.54572,146.59547,146.45958,146.4592,146.4592,146.45903,146.38919,146.37706,146.37706,146.35287,146.32957,146.3181,146.31087,146.31,146.33125,146.37631,146.49,146.47473,146.44427,146.3883,146.52116,146.52232,146.52396,146.52737,146.38336,146.36436,146.32716,146.32681,146.32674,146.32666,146.32663,146.52943,146.52954,146.5349,146.54883,146.60478,146.45181,146.64792,146.68863,146.69325,146.65428,146.57834,146.55411,146.53519,146.49866,146.47205,146.42793,146.42384,146.44281,146.5238,146.52545,146.56918,146.5867,146.59447,146.56131,146.64124,146.66937,146.29478,146.24847,146.22897,146.21812,146.21176,146.20335,146.19626,146.18709,146.09431,145.93404,145.85004,145.83716,145.79874,146.08955,146.30803,146.12679,146.23163,146.41292,146.41927,145.93622,145.93512,146.80391,146.80386,146.92656,147.2634,147.26338,147.34937,147.86375,147.89624,147.89616,147.89615,147.89615,147.89615,148.00963,148.03806,148.03806,148.0875,148.1658,148.20222,148.20221,148.23921,148.37726,148.36827,148.2287,148.22691,148.22064,148.1389,148.00868,147.7033,147.43228,147.97052,147.96461,147.94965,147.92523,147.93518,147.93979,147.94289,147.95033,147.94597,147.99124,147.84831,147.7984,146.42107,146.42107,146.42218,146.41527,146.40218,146.42253,146.51283,146.51743,146.51793,146.51903,146.51903,146.51993,146.58429,146.58864,146.59312,146.53471,146.52562,146.65039,146.65005,146.68935,146.73749,146.73538,146.73532,146.70451,146.7045,146.6967,146.68459,146.68459,146.67422,146.67422,146.66266,147.36217,146.62865,146.70282,146.70647,146.7005,146.6986,146.69409,146.6921,146.69078,146.68933,146.68797,146.68437,146.6891,146.68898,146.68234,146.6818,146.68086,146.68039,146.68028,146.68019,146.68016,146.68016,146.68015,146.68013,146.68011,146.68011,146.68176,146.68204,146.68286,146.68538,146.68538,146.69135,146.69133,146.69084,146.68202,146.6819,146.68178,146.68144,146.68144,146.68147,146.68153,146.68144,146.68141,146.68138,146.68135,146.68135,146.68135,146.6813,146.68127,146.68126,146.68124,146.68123,146.68123,146.39526,146.3825,146.37938,146.37602,146.37749,146.37749,146.20905,146.18947,146.10106,146.10106,146.10106,146.10104,146.10104,146.0766,146.07658,146.07655,146.00256,146.70209,146.7071,146.4723,146.41217,146.488,147.00331,146.90555,146.8721,146.84584,146.79106,146.75528,146.60541,146.37872,146.51993,147.94957,146.6834,146.68887,146.68173,146.68164,146.3198,146.32272,146.65665,146.7196,146.38248,146.7245,146.70384,146.58592,146.4325,147.13005,147.21985,147.26256,148.36832,148.35852,148.35016,148.34813,148.31374,148.3147,148.33383,148.35008,148.31076,148.23918,145.98271,146.68333,146.6833,146.70386,146.78836,146.7055,146.68628,146.68472,146.67763,146.65742,146.68628,146.57399,146.57315,146.57301,146.57262,146.57262,146.19266,146.57262,146.00256,146.53499,147.95468,148.35413,146.722,146.80386,148.35413,145.32382,144.99094,145.98145
9000,151.50854,150.81842,149.9904,149.99037,149.99037,149.71782,149.3756,148.86545,148.72969,148.31412,148.08942,148.50304,148.3388,148.16708,148.07014,147.92531,147.90755,147.80566,147.80566,147.59108,147.59108,147.41112,147.74915,147.59431,147.47595,147.13727,147.10474,147.2015,147.00127,146.99123,146.97418,146.97949,146.9368,146.93448,146.9641,146.85257,146.8378,146.84392,146.76251,146.76233,146.73122,146.73122,146.7123,146.68666,146.71169,146.7476,146.71223,146.72409,146.70932,146.68028,146.69353,146.7433,146.6099,146.60953,146.60953,146.60938,146.54234,146.53082,146.53082,146.50792,146.48598,146.47552,146.46904,146.46825,146.48717,146.52977,146.63847,146.62318,146.59274,146.53784,146.66649,146.6676,146.66917,146.67258,146.5333,146.51619,146.48357,146.48322,146.48314,146.48306,146.48303,146.68767,146.68776,146.6931,146.70702,146.76295,146.60168,146.80606,146.84676,146.85138,146.81242,146.73648,146.71228,146.69339,146.6569,146.63034,146.58626,146.58218,146.60112,146.68202,146.68356,146.7272,146.74467,146.75235,146.71877,146.79855,146.82645,146.45006,146.40263,146.38252,146.3707,146.36537,146.35698,146.3499,146.34076,146.25128,146.09332,146.01129,145.99873,145.96123,146.24976,146.46654,146.28134,146.38306,146.55754,146.56354,146.09544,146.09438,146.962,146.96198,147.08464,147.4214,147.42139,147.50735,148.02167,148.05415,148.05408,148.05408,148.05408,148.05406,148.16754,148.19594,148.19594,148.24538,148.32365,148.36009,148.36008,148.39706,148.53511,148.52612,148.38655,148.38477,148.3785,148.29672,148.16649,147.86118,147.59026,148.1283,148.12239,148.1074,148.083,148.09294,148.09755,148.10065,148.1081,148.10373,148.14899,148.00601,147.95609,146.5651,146.5651,146.56604,146.55908,146.546,146.56635,146.65234,146.65672,146.6571,146.65793,146.65793,146.6586,146.72403,146.72893,146.73392,146.67624,146.66599,146.79156,146.79123,146.83075,146.87845,146.8763,146.87624,146.84476,146.84474,146.83675,146.82446,146.82445,146.81396,146.81396,146.80222,147.50172,146.768,146.84291,146.84657,146.84065,146.83875,146.83424,146.83223,146.83093,146.82948,146.82812,146.82452,146.82925,146.82912,146.82248,146.82195,146.821,146.82054,146.82042,146.82033,146.82031,146.82031,146.8203,146.82028,146.82027,146.82027,146.8219,146.82219,146.82301,146.82552,146.82552,146.8315,146.83148,146.83098,146.82216,146.82205,146.82193,146.8216,146.8216,146.82161,146.82169,146.82158,146.82155,146.82152,146.8215,146.8215,146.8215,146.82144,146.82143,146.8214,146.82138,146.82138,146.82138,146.5285,146.51575,146.51262,146.50928,146.51073,146.51073,146.33255,146.31195,146.21886,146.21886,146.21884,146.21884,146.21883,146.19308,146.19307,146.19304,146.11496,146.84222,146.84726,146.62994,146.5697,146.6458,147.14467,147.04651,147.01292,146.98653,146.93146,146.8974,146.76314,146.53621,146.65855,148.10735,146.82355,146.82903,146.82187,146.82178,146.4493,146.45224,146.80017,146.86018,146.52885,146.86668,146.84618,146.72849,146.57649,147.2721,147.36186,147.40454,148.52617,148.51637,148.508,148.50598,148.47159,148.47253,148.49167,148.50792,148.4686,148.39703,146.09401,146.82347,146.82346,146.844,146.92877,146.84566,146.82643,146.82487,146.8178,146.79758,146.82643,146.71416,146.7133,146.71317,146.71278,146.71278,146.34583,146.71278,146.11496,146.67685,148.11246,148.51196,146.86218,146.96198,148.51196,145.49348,145.16562,146.09268
10800,151.02657,150.3306,149.49556,149.49547,149.49547,149.2229,148.88058,148.37032,148.23468,147.82068,147.59724,148.00818,147.84445,147.67432,147.57852,147.43553,147.41704,147.31519,147.31519,147.1029,147.1029,146.92699,147.25766,147.1142,147.00023,146.68042,146.64977,146.7378,146.55519,146.54439,146.52551,146.52782,146.4807,146.47504,146.52158,146.43071,146.42255,146.43094,146.37209,146.36946,146.34401,146.34401,146.33508,146.31133,146.335,146.37096,146.33511,146.34807,146.34044,146.33218,146.34767,146.39745,146.29631,146.29541,146.29541,146.29501,146.26828,146.26607,146.26607,146.26363,146.26282,146.26813,146.27452,146.27568,146.25746,146.25989,146.30084,146.28787,146.26451,146.22842,146.30096,146.30138,146.302,146.30542,146.22836,146.23122,146.25693,146.25607,146.25587,146.2557,146.25563,146.48479,146.48502,146.49107,146.50893,146.57294,146.27902,146.62657,146.68066,146.68707,146.64342,146.55862,146.52893,146.50647,146.46796,146.44096,146.40042,146.39667,146.41634,146.50067,146.4999,146.54395,146.56355,146.56961,146.5189,146.61401,146.64415,146.18143,146.08679,146.05867,145.97527,146.05849,146.0585,146.05887,146.06023,146.03867,145.94655,145.90161,145.89478,145.87445,146.10452,146.27872,146.05061,146.09969,146.19926,146.20203,145.94765,145.94708,146.81291,146.81282,146.95445,147.35399,147.35394,147.45741,148.0789,148.10904,148.10887,148.10886,148.10886,148.10883,148.22243,148.29784,148.29784,148.36003,148.45857,148.50446,148.50441,148.55133,148.73071,148.71843,148.53609,148.53365,148.52551,148.41953,148.25098,147.88239,147.55666,148.19855,148.19058,148.17055,148.13943,148.15086,148.15631,148.16013,148.17047,148.15941,148.20465,148.04489,147.98645,146.20187,146.20187,146.20183,146.18405,146.15201,146.20181,146.29231,146.29692,146.29817,146.30083,146.30083,146.30301,146.33429,146.33545,146.33728,146.30261,146.29953,146.37076,146.36995,146.39954,146.4216,146.41881,146.41864,146.38597,146.38596,146.37863,146.37788,146.37787,146.37727,146.37727,146.37679,147.0763,146.35931,146.3783,146.37816,146.33328,146.32365,146.30104,146.29091,146.28328,146.28493,146.28098,146.27019,146.27957,146.27568,146.2611,146.26003,146.25774,146.2566,146.25632,146.25607,146.25601,146.25601,146.256,146.25598,146.25594,146.25594,146.25928,146.25963,146.26115,146.26608,146.26608,146.27794,146.2779,146.28017,146.25941,146.25926,146.259,146.25832,146.25832,146.25836,146.2586,146.25829,146.25822,146.25813,146.2581,146.25809,146.25809,146.25795,146.25789,146.25786,146.25781,146.2578,146.2578,146.26031,146.22906,146.2214,146.2132,146.21677,146.21677,146.23354,146.23091,146.21918,146.21918,146.21916,146.21915,146.21912,146.21613,146.2161,146.21605,146.20914,146.2881,146.29314,146.41893,146.34937,146.44142,146.66856,146.56027,146.5237,146.49889,146.44833,146.46417,146.57854,146.31296,146.3043,148.17036,146.26779,146.28174,146.25938,146.25917,146.24164,146.24883,146.39453,146.40102,146.18694,146.43965,146.42494,146.34035,146.2135,146.80504,146.89078,146.93166,148.71855,148.70557,148.69452,148.69188,148.64584,148.64702,148.67221,148.69394,148.64198,148.5512,146.2073,146.26762,146.26756,146.34752,146.44563,146.34943,146.30235,146.29855,146.2812,146.2317,146.30235,146.02742,146.02536,146.02501,146.02406,146.02405,145.92642,146.02405,146.20914,146.30254,148.17662,148.69975,146.3829,146.81282,148.69975,145.55959,145.33888,146.20718
12600,151.098,150.40204,149.56702,149.56691,149.56691,149.29434,148.95204,148.44177,148.30614,147.8921,147.66866,148.07964,147.91592,147.74579,147.64998,147.507,147.48843,147.38644,147.38644,147.17389,147.17389,146.99773,147.32884,147.18611,147.07228,146.75288,146.7223,146.8102,146.62791,146.61685,146.59749,146.59953,146.5514,146.54573,146.59433,146.50465,146.4974,146.50652,146.45009,146.44627,146.41974,146.41974,146.41248,146.38443,146.41246,146.4484,146.41266,146.42792,146.42145,146.41626,146.43246,146.48224,146.38629,146.38539,146.38539,146.38498,146.36375,146.36234,146.36234,146.36111,146.36098,146.36885,146.37761,146.37917,146.3552,146.35599,146.38731,146.3742,146.35056,146.31628,146.38065,146.38095,146.38147,146.38489,146.31638,146.32115,146.35507,146.35423,146.35402,146.35387,146.35378,146.58884,146.58907,146.59512,146.61295,146.67693,146.36908,146.73053,146.78459,146.791,146.74736,146.66258,146.63292,146.61049,146.57204,146.54509,146.50461,146.50084,146.5205,146.6047,146.60385,146.6478,146.66734,146.6733,146.62209,146.71704,146.74687,146.28183,146.18506,146.15619,146.06863,146.15605,146.1561,146.15656,146.15808,146.14137,146.05391,146.01286,146.0066,145.98805,146.21284,146.38309,146.14879,146.19194,146.2779,146.28,146.0549,146.0544,146.91682,146.91673,147.05832,147.45778,147.45775,147.5612,148.18259,148.21274,148.21255,148.21255,148.21255,148.21252,148.32613,148.4015,148.4015,148.46368,148.56221,148.6081,148.60805,148.65495,148.83432,148.82204,148.6397,148.63725,148.62912,148.5231,148.35454,147.98604,147.6604,148.30208,148.2941,148.27406,148.24292,148.25436,148.25983,148.26364,148.27399,148.26291,148.30815,148.14835,148.08986,146.27959,146.27959,146.2794,146.26161,146.22957,146.27937,146.36,146.3641,146.36487,146.36652,146.36652,146.36789,146.4012,146.4034,146.40634,146.37373,146.36856,146.44054,146.43971,146.46977,146.49084,146.48795,146.48778,146.45308,146.45305,146.44519,146.44427,146.44427,146.44356,146.44356,146.44295,147.14246,146.42508,146.44489,146.44476,146.39998,146.39034,146.36774,146.3576,146.34998,146.35162,146.34767,146.33687,146.34627,146.34238,146.32779,146.32674,146.32443,146.32329,146.323,146.32278,146.32272,146.32272,146.3227,146.32268,146.32262,146.32262,146.32599,146.32632,146.32787,146.33278,146.33278,146.34464,146.34459,146.34686,146.32611,146.32596,146.3257,146.32501,146.32501,146.32506,146.32529,146.32498,146.32492,146.32483,146.3248,146.3248,146.3248,146.32465,146.3246,146.32455,146.32451,146.3245,146.3245,146.3153,146.28407,146.27641,146.2682,146.27176,146.27176,146.27728,146.2735,146.25653,146.25652,146.2565,146.25648,146.25645,146.25204,146.25203,146.25197,146.24107,146.3548,146.35983,146.52231,146.45264,146.54498,146.73897,146.62935,146.59233,146.56714,146.51573,146.53651,146.68205,146.41617,146.36838,148.2739,146.33449,146.34843,146.32608,146.32587,146.29214,146.29933,146.47035,146.46913,146.26866,146.51212,146.49777,146.4134,146.29073,146.87737,146.96298,147.0038,148.82216,148.80917,148.79814,148.79549,148.74945,148.75064,148.77582,148.79755,148.74559,148.65482,146.23816,146.33432,146.33426,146.41422,146.51305,146.41614,146.36906,146.36526,146.34792,146.29842,146.36906,146.09413,146.09206,146.09172,146.09077,146.09076,146.02145,146.09076,146.24107,146.37396,148.28014,148.80336,146.44968,146.91673,148.80336,145.68866,145.4788,146.23798
14400,151.00652,150.30173,149.4561,149.45598,149.45598,149.1809,148.8354,148.32037,148.18355,147.7664,147.54149,147.955,147.78998,147.6189,147.52267,147.3791,147.36035,147.2579,147.2579,147.04527,147.04526,146.86995,147.19958,147.05775,146.94414,146.62805,146.59766,146.6833,146.5054,146.49463,146.4758,146.4777,146.4306,146.42313,146.47264,146.38628,146.3787,146.38701,146.33163,146.32973,146.3085,146.3085,146.30034,146.28288,146.30034,146.33627,146.3003,146.3089,146.30118,146.2896,146.3057,146.35545,146.24686,146.24568,146.24568,146.24515,146.21417,146.21156,146.21156,146.20883,146.20808,146.21596,146.2252,146.22688,146.20964,146.20985,146.26125,146.25131,146.23485,146.20528,146.26884,146.26918,146.26971,146.27313,146.20439,146.20421,146.20029,146.19917,146.19891,146.19868,146.19858,146.36745,146.36775,146.37271,146.38887,146.43816,146.23341,146.48288,146.53075,146.5366,146.50235,146.436,146.41031,146.39134,146.3631,146.34409,146.31822,146.31581,146.33028,146.3925,146.3885,146.4219,146.43819,146.44191,146.39375,146.47525,146.49986,146.12126,146.02562,146.00575,145.88753,146.01376,146.0205,146.02972,146.04698,146.04362,146.00006,145.97316,145.96909,145.95706,146.11234,146.2308,146.06866,146.09808,146.17606,146.17805,146.00081,146.00043,146.63661,146.63649,146.75061,147.08052,147.08047,147.16702,147.69044,147.71962,147.71939,147.71939,147.71939,147.71933,147.83302,147.87173,147.87173,147.9233,148.00504,148.04312,148.04306,148.08226,148.23541,148.22446,148.06796,148.06583,148.05888,147.96864,147.82536,147.51881,147.24892,147.78009,147.77316,147.75586,147.73018,147.7398,147.74443,147.74728,147.7561,147.7495,147.79475,147.65193,147.60365,146.17711,146.17711,146.17668,146.15312,146.11081,146.17659,146.27255,146.27744,146.27957,146.28412,146.28412,146.28786,146.30681,146.30682,146.30725,146.27823,146.27776,146.33241,146.33134,146.35727,146.3739,146.3711,146.37088,146.34204,146.34201,146.33609,146.33646,146.33646,146.33684,146.33682,146.33751,147.03702,146.32622,146.33257,146.33075,146.26395,146.24962,146.21599,146.20093,146.18936,146.19266,146.18715,146.17203,146.18341,146.17657,146.15808,146.1568,146.15376,146.15225,146.15189,146.15158,146.15149,146.15149,146.15146,146.15144,146.15137,146.15137,146.15538,146.15573,146.15758,146.16365,146.16365,146.17831,146.17825,146.18332,146.15538,146.15523,146.1549,146.15404,146.15404,146.1541,146.15443,146.154,146.15392,146.1538,146.15375,146.15375,146.15375,146.15355,146.15349,146.15343,146.15337,146.15335,146.15335,146.27585,146.23459,146.22449,146.21364,146.21834,146.21834,146.2758,146.27582,146.27588,146.27586,146.27585,146.27583,146.2758,146.27592,146.2759,146.27582,146.27704,146.18843,146.19347,146.31216,146.25595,146.3322,146.61325,146.50279,146.46568,146.44215,146.39482,146.41862,146.44768,146.22816,146.29153,147.75563,146.16888,146.18782,146.1557,146.15541,146.26625,146.27574,146.35222,146.35474,146.1675,146.39575,146.38226,146.30757,146.18932,146.75005,146.83522,146.87587,148.2246,148.21332,148.20378,148.20149,148.1611,148.16208,148.18384,148.20287,148.15782,148.08203,146.27737,146.16866,146.16856,146.2848,146.39212,146.28743,146.22527,146.22025,146.19734,146.13197,146.22527,145.86218,145.85944,145.859,145.85773,145.85771,145.81984,145.85771,146.27704,146.2766,147.76144,148.2083,146.33208,146.63649,148.2083,145.75594,145.61497,146.27739
16200,151.02226,150.31746,149.47185,149.47173,149.47173,149.19664,148.85115,148.33614,148.1993,147.78212,147.55717,147.97076,147.80574,147.63467,147.53845,147.3949,147.376,147.27336,147.27336,147.0603,147.0603,146.88461,147.21494,147.0742,146.96082,146.64531,146.61507,146.70052,146.52306,146.51192,146.49234,146.49391,146.44516,146.43768,146.49039,146.40579,146.3995,146.40887,146.35695,146.35336,146.33067,146.33067,146.32521,146.30185,146.32524,146.36119,146.32527,146.3369,146.33089,146.3242,146.34137,146.39114,146.29007,146.28888,146.28888,146.28835,146.26534,146.26384,146.26384,146.26277,146.26274,146.27478,146.28789,146.29018,146.2622,146.26184,146.29941,146.28946,146.27292,146.24641,146.29747,146.29768,146.29803,146.30145,146.24617,146.24664,146.25496,146.25383,146.25357,146.25334,146.25323,146.43188,146.4322,146.43715,146.4533,146.50253,146.27681,146.54723,146.59506,146.60094,146.56668,146.50034,146.47469,146.45575,146.42758,146.40862,146.3828,146.3804,146.39482,146.45692,146.45279,146.48613,146.50238,146.506,146.45724,146.53864,146.56293,146.18181,146.08356,146.06294,145.93828,146.07166,146.07886,146.08864,146.10681,146.10628,146.06816,146.04619,146.04286,146.03307,146.18193,146.29558,146.1246,146.14664,146.20497,146.20609,146.06874,146.06844,146.70091,146.70079,146.81488,147.1447,147.14465,147.23119,147.75452,147.78369,147.78346,147.78346,147.78346,147.7834,147.89708,147.93578,147.93578,147.98732,148.06905,148.10713,148.10707,148.14626,148.29941,148.28844,148.13196,148.12979,148.12286,148.03261,147.8893,147.58286,147.31305,147.844,147.83705,147.81975,147.79404,147.80368,147.8083,147.81117,147.81998,147.81335,147.85863,147.71574,147.66745,146.20438,146.20438,146.20354,146.17989,146.13756,146.20334,146.28465,146.28879,146.28998,146.29256,146.29256,146.29468,146.31616,146.31714,146.31891,146.29332,146.29082,146.34523,146.34416,146.37093,146.38612,146.38313,146.38292,146.35094,146.3509,146.34418,146.3444,146.3444,146.34464,146.34464,146.34511,147.04463,146.3333,146.34082,146.3391,146.27238,146.25806,146.22443,146.20937,146.1978,146.2011,146.1956,146.18048,146.19185,146.18503,146.16652,146.16524,146.1622,146.1607,146.16032,146.16002,146.15994,146.15994,146.15991,146.15988,146.15982,146.15982,146.16382,146.16418,146.16603,146.1721,146.1721,146.18675,146.18669,146.19177,146.16383,146.16367,146.16335,146.16249,146.16249,146.16255,146.16287,146.16245,146.16235,146.16223,146.16219,146.16217,146.16217,146.16199,146.16191,146.16188,146.1618,146.16179,146.16179,146.27087,146.2296,146.2195,146.20866,146.21336,146.21336,146.26718,146.2669,146.2657,146.26569,146.26567,146.26566,146.26562,146.26546,146.26543,146.26535,146.26541,146.19688,146.2019,146.37576,146.3194,146.39601,146.6274,146.51485,146.47704,146.45293,146.40431,146.43584,146.51161,146.29153,146.29625,147.8195,146.17734,146.19627,146.16415,146.16385,146.25934,146.26884,146.37447,146.36519,146.20042,146.41324,146.40038,146.32658,146.21605,146.76712,146.85211,146.89268,148.28859,148.2773,148.26775,148.26547,148.22508,148.22606,148.24782,148.26685,148.2218,148.14603,146.2654,146.1771,146.17702,146.29326,146.40163,146.29588,146.23373,146.2287,146.2058,146.14043,146.23373,145.87064,145.8679,145.86745,145.86618,145.86617,145.87308,145.86617,146.26541,146.29329,147.82533,148.27228,146.34058,146.70079,148.27228,145.85184,145.72482,146.2654
18000,149.0875,148.3753,147.52081,147.52028,147.52028,147.2509,146.91206,146.40695,146.27338,145.87001,145.6538,146.05014,145.89049,145.72865,145.63855,145.5047,145.48189,145.37918,145.37918,145.17409,145.17406,145.01248,145.31702,145.23112,145.13757,144.89763,144.87598,144.92976,144.817,144.79951,144.76599,144.75526,144.68613,144.65388,144.79158,144.76761,144.77588,144.80522,144.80531,144.77614,144.77342,144.77342,144.80391,144.76257,144.82013,144.85608,144.8075,144.81009,144.81578,144.82753,144.86676,144.91652,144.82504,144.81998,144.81998,144.81766,144.82706,144.83649,144.83649,144.87674,144.94922,145.19348,145.4148,145.44975,145.05914,144.84604,144.85934,144.86093,144.87263,144.9035,144.82376,144.82283,144.82193,144.82535,144.9035,144.91867,144.91562,144.9108,144.90965,144.9087,144.90823,145.47891,145.48027,145.48108,145.49171,145.5217,144.83832,145.5668,145.63142,145.64062,145.62,145.58098,145.56238,145.55132,145.5441,145.54153,145.54251,145.5426,145.54672,145.56532,145.50838,145.53519,145.55563,145.55122,145.4392,145.54715,145.55376,145.10954,144.68019,144.59982,143.9404,144.68118,144.74092,144.81538,144.94635,145.2212,145.35484,145.46169,145.4784,145.52933,145.52646,145.52522,145.09116,144.9427,144.75497,144.74277,145.35175,145.35326,145.70715,145.70662,145.79056,146.0744,146.0742,146.15474,146.65785,146.67937,146.67833,146.67831,146.67831,146.67809,146.79276,146.84004,146.84003,146.8922,146.97514,147.01392,147.01363,147.05502,147.23509,147.21901,147.02971,147.0267,147.01868,146.9135,146.74785,146.46754,146.22627,146.68607,146.6767,146.65417,146.62729,146.63547,146.63982,146.64175,146.65352,146.64323,146.68849,146.55208,146.51128,144.69725,144.69725,144.67287,144.56519,144.38286,144.66629,144.74158,144.74539,144.74794,144.75343,144.75343,144.75803,144.7455,144.72958,144.72208,144.74501,144.7451,144.69756,144.69293,144.69717,144.62134,144.61331,144.61238,144.54883,144.5487,144.53818,144.60562,144.6056,144.66542,144.66539,144.7399,145.4394,144.74554,144.43102,144.37178,143.9863,143.89961,143.69617,143.60506,143.53175,143.55814,143.52945,143.4488,143.47777,143.41669,143.35182,143.34837,143.3353,143.32881,143.32718,143.32588,143.32552,143.32552,143.32541,143.32529,143.325,143.325,143.33376,143.33415,143.33984,143.36038,143.36038,143.41045,143.4102,143.47192,143.33188,143.33154,143.33034,143.3271,143.3271,143.32745,143.32907,143.32693,143.32652,143.326,143.3258,143.32579,143.32579,143.32498,143.32466,143.32448,143.32416,143.32413,143.32413,144.85147,144.67365,144.6301,144.58336,144.60362,144.6036,145.42586,145.49004,145.78156,145.78152,145.78145,145.78137,145.7812,145.86642,145.8663,145.86595,146.17747,143.42218,143.42722,145.35269,145.29382,145.38669,144.78307,144.57144,144.50203,144.4701,144.40814,144.75739,145.54703,145.27249,144.76825,146.65317,143.43527,143.52956,143.33943,143.33817,145.0143,145.0552,144.77505,144.57407,144.82364,144.75395,144.75392,144.7516,144.7434,144.98209,145.04962,145.08223,147.21967,147.2052,147.1932,147.19041,147.13652,147.13745,147.16452,147.18977,147.13278,147.05353,146.2618,143.43425,143.43391,144.10931,144.40544,144.12572,143.85782,143.8362,143.73744,143.45575,143.85782,142.2931,142.28131,142.2794,142.27396,142.2739,143.69731,142.2739,146.17747,144.7483,146.6612,147.19888,144.33562,145.70662,147.19888,145.7053,145.82866,146.26718
19800,148.93205,148.21986,147.36537,147.36484,147.36484,147.09547,146.75664,146.25153,146.11795,145.71457,145.49832,145.89473,145.73506,145.57326,145.48314,145.3493,145.3264,145.22354,145.22354,145.01817,145.01814,144.85635,145.16132,145.07614,144.98271,144.74309,144.72159,144.77527,144.66278,144.64476,144.61029,144.59918,144.52904,144.4968,144.63687,144.613,144.62201,144.65257,144.65292,144.62248,144.61966,144.61966,144.6519,144.60704,144.66904,144.70497,144.65582,144.65865,144.66515,144.67967,144.71964,144.7694,144.67825,144.67317,144.67317,144.67085,144.68155,144.69203,144.69203,144.73553,144.81258,145.06528,145.29364,145.32964,144.92552,144.70238,144.7127,144.71436,144.72633,144.75905,144.6734,144.6724,144.6714,144.67482,144.7591,144.77615,144.77898,144.77415,144.77301,144.77206,144.77159,145.36066,145.36201,145.36282,145.37344,145.40337,144.693,145.44841,145.51297,145.52217,145.50156,145.46257,145.44408,145.43309,145.42595,145.42342,145.42445,145.42455,145.42862,145.44704,145.3889,145.4157,145.43614,145.43141,145.31804,145.4269,145.43309,144.98302,144.54874,144.46643,143.80142,144.5464,144.60522,144.67871,144.80809,145.09485,145.23134,145.34224,145.35959,145.41241,145.40897,145.40738,144.95679,144.8022,144.60059,144.58752,145.22809,145.22966,145.58865,145.58813,145.67201,145.95573,145.95554,146.03604,146.53899,146.5605,146.55946,146.55945,146.55945,146.55922,146.67389,146.7211,146.7211,146.77324,146.85616,146.89493,146.89464,146.93602,147.11606,147.09999,146.91066,146.90765,146.89963,146.7944,146.62871,146.3486,146.10751,146.56686,146.55748,146.53494,146.50801,146.5162,146.52055,146.5225,146.53429,146.52397,146.56923,146.43272,146.39186,144.54115,144.54115,144.5163,144.4085,144.22615,144.50961,144.58202,144.5857,144.58772,144.59212,144.59212,144.59584,144.58278,144.56882,144.56255,144.58582,144.5857,144.53912,144.53448,144.53885,144.463,144.45483,144.4539,144.3887,144.38858,144.37766,144.44438,144.44437,144.50354,144.50352,144.57727,145.27678,144.58276,144.27087,144.21187,143.82657,143.73988,143.53644,143.4453,143.37201,143.39839,143.3697,143.28908,143.31804,143.25696,143.1921,143.18864,143.17557,143.16907,143.16743,143.16615,143.16579,143.16579,143.16568,143.16556,143.16527,143.16527,143.17403,143.17442,143.1801,143.20064,143.20064,143.2507,143.25046,143.31218,143.17215,143.17181,143.17061,143.16736,143.16736,143.16771,143.16934,143.16719,143.1668,143.16626,143.16606,143.16605,143.16605,143.16524,143.16493,143.16473,143.16441,143.16438,143.16438,144.67955,144.50172,144.45818,144.41144,144.4317,144.43169,145.224,145.2849,145.5616,145.56157,145.5615,145.56142,145.56125,145.64223,145.6421,145.64175,145.93877,143.26244,143.26747,145.23062,145.1707,145.26537,144.62659,144.41368,144.34384,144.3116,144.24901,144.60143,145.42685,145.14886,144.60445,146.53394,143.27553,143.36981,143.1797,143.17842,144.83136,144.8723,144.62129,144.41473,144.6738,144.59789,144.59785,144.59525,144.58797,144.8275,144.89493,144.92746,147.10065,147.08615,147.07417,147.07138,147.01749,147.01842,147.0455,147.07076,147.01375,146.93451,146.01918,143.27452,143.27417,143.94957,144.2463,143.96599,143.6981,143.67648,143.57773,143.29604,143.6981,142.1334,142.12161,142.11967,142.11424,142.11417,143.56075,142.11417,145.93877,144.59148,146.54196,147.07985,144.17598,145.58813,147.07985,145.59705,145.72646,146.02432
21600,145.4231,144.62881,143.67584,143.67455,143.67455,143.3833,143.01604,142.46858,142.32446,141.89328,141.66348,142.08347,141.9127,141.74348,141.6502,141.51227,141.48314,141.37025,141.37025,141.15324,141.15317,140.99005,141.2981,141.25443,141.16953,140.97075,140.9555,140.98883,140.91823,140.88953,140.83636,140.77168,140.66017,140.58295,140.88545,140.87852,140.90916,140.94363,140.99347,140.94383,140.9486,140.9486,141.04465,140.98994,141.09084,141.12679,141.04924,141.04796,141.08339,141.17982,141.24513,141.2949,141.20187,141.1897,141.1897,141.18416,141.28249,141.34386,141.34386,141.5523,141.87776,142.72777,143.4775,143.59387,142.2288,141.37106,141.24666,141.26906,141.35622,141.51033,141.13794,141.13388,141.12958,141.13298,141.51466,141.61673,141.79727,141.78572,141.78299,141.7807,141.77956,143.59773,143.601,143.60109,143.61469,143.64441,141.23717,143.70938,143.8176,143.83405,143.83241,143.82991,143.82927,143.82951,143.8455,143.86748,143.9583,143.85175,143.84814,143.83447,143.51851,143.53786,143.56284,143.47519,143.09482,143.23584,143.21335,142.34203,141.25298,141.04044,139.3521,141.23628,141.37996,141.559,141.87386,142.82507,143.36577,143.77718,143.84126,144.03596,143.92174,143.84535,142.35126,141.79625,141.02536,140.98532,143.35397,143.35974,143.84572,143.84444,143.86765,143.99113,143.99063,144.03319,144.3358,144.35008,144.34763,144.34758,144.34758,144.34703,144.46347,144.44624,144.44623,144.47826,144.52954,144.55367,144.55298,144.58084,144.73262,144.71352,144.53754,144.5334,144.52519,144.42754,144.27536,144.15619,144.05988,144.19278,144.18031,144.15121,144.12283,144.12947,144.13348,144.13455,144.14975,144.13545,144.18071,144.0513,144.01819,140.88489,140.88489,140.83118,140.57454,140.13774,140.81679,141.02823,141.03899,141.05501,141.08914,141.38463,141.09633,141.00055,140.93118,140.89227,140.97762,141.00748,140.7852,140.7741,140.77538,140.5704,140.55692,140.55467,140.47792,140.47765,140.46895,140.63295,140.6329,140.77827,140.77823,140.95923,141.65874,140.99335,140.2398,140.11345,139.46358,139.34404,139.06349,138.93784,138.84456,138.91049,138.87717,138.79211,138.83017,138.77151,138.75716,138.76251,138.7736,138.78014,138.80035,138.83409,138.84772,138.84772,138.85495,138.87015,138.98166,139.37259,138.64621,138.64389,138.64772,138.6715,138.6715,138.73184,138.73128,138.78293,138.63504,138.63506,138.63269,138.62659,138.62662,138.6277,138.63261,138.62617,138.62523,138.62395,138.62349,138.62344,138.62344,138.62149,138.62077,138.6203,138.61954,138.61946,138.61946,141.43536,141.00934,140.90504,140.79305,140.84158,140.84157,143.21776,143.41582,144.31523,144.31512,144.31496,144.31479,144.31438,144.57591,144.57559,144.57477,145.51654,138.76627,138.7713,143.00284,142.899,143.1263,140.7659,140.38055,140.25552,140.20688,140.11409,140.848,143.36954,142.86554,141.11877,144.14882,138.75967,138.84004,138.70653,138.70348,141.97513,142.07315,140.91545,140.50371,141.24655,140.85266,140.86896,140.94254,140.98381,141.03343,141.09181,141.12038,144.71506,144.70049,144.6887,144.68602,144.63089,144.63173,144.65735,144.68312,144.62854,144.57521,145.77129,138.75725,138.7564,139.6315,140.11139,139.64034,138.99855,138.94675,138.71017,138.03534,138.99855,135.25003,135.22179,135.21718,135.20413,135.204,138.81036,135.204,145.51654,140.97217,144.1603,144.69427,140.02089,143.84444,144.69427,144.96815,145.62157,145.78761
23400,145.09299,144.2987,143.34573,143.34442,143.34442,143.05319,142.68593,142.13847,141.99434,141.56314,141.33331,141.75337,141.5826,141.41339,141.32011,141.18219,141.15295,141.03995,141.03995,140.82268,140.8226,140.65927,140.96773,140.9247,140.83992,140.64142,140.62627,140.65953,140.58911,140.5601,140.5063,140.44078,140.32812,140.25089,140.55608,140.54932,140.58072,140.61577,140.66724,140.616,140.62062,140.62062,140.71925,140.66125,140.76634,140.80228,140.72432,140.72334,140.76006,140.86127,140.9274,140.97716,140.88544,140.87326,140.87326,140.86772,140.97008,141.0331,141.0331,141.24611,141.57756,142.4375,143.1954,143.31302,141.93102,141.0602,140.92914,140.95172,141.03941,141.19638,140.81505,140.81087,140.80643,140.80983,141.201,141.30637,141.49707,141.48552,141.48277,141.4805,141.47935,143.31923,143.3225,143.32259,143.33617,143.36589,140.92053,143.43085,143.53905,143.5555,143.55388,143.55139,143.55075,143.551,143.56703,143.58905,143.67996,143.57344,143.56981,143.556,143.23817,143.25761,143.28265,143.19441,142.81113,142.95285,142.93004,142.05292,140.9575,140.74257,139.04584,140.93721,141.0801,141.25829,141.57176,142.53719,143.08197,143.49905,143.56403,143.76138,143.64503,143.56714,142.05228,141.4887,140.69833,140.65714,143.06996,143.07582,143.56712,143.56583,143.58897,143.71223,143.71175,143.75424,144.05656,144.07086,144.06839,144.06833,144.06833,144.0678,144.18425,144.16689,144.16687,144.19888,144.2501,144.27422,144.27353,144.30136,144.4531,144.43399,144.25798,144.25383,144.2456,144.14789,143.9956,143.87682,143.78082,143.91284,143.90034,143.87119,143.84271,143.84937,143.8534,143.85448,143.86972,143.85535,143.9006,143.77095,143.73772,140.55518,140.55518,140.50064,140.24377,139.80696,140.48601,140.69173,140.70218,140.71739,140.74982,141.04529,140.75626,140.66144,140.59563,140.55917,140.64627,140.67339,140.45305,140.44196,140.44345,140.237,140.22333,140.2211,140.14226,140.14198,140.13287,140.2957,140.29565,140.44002,140.43997,140.61974,141.31924,140.65349,139.90425,139.77818,139.12859,139.00903,138.72849,138.60283,138.50955,138.57549,138.54214,138.4571,138.49516,138.43651,138.42215,138.4275,138.4386,138.44513,138.46535,138.49908,138.51271,138.51271,138.51994,138.53514,138.64665,139.03757,138.3112,138.30888,138.31271,138.3365,138.3365,138.39684,138.39626,138.44794,138.30003,138.30005,138.29768,138.2916,138.29161,138.29271,138.2976,138.29118,138.29022,138.28894,138.28848,138.28844,138.28844,138.28648,138.28577,138.2853,138.28453,138.28447,138.28447,141.0824,140.65637,140.55206,140.44008,140.48862,140.4886,142.82738,143.02138,143.90228,143.90219,143.90202,143.90184,143.90144,144.1577,144.1574,144.15656,145.08043,138.43126,138.4363,142.71852,142.61357,142.84315,140.43481,140.04785,139.92229,139.87329,139.77975,140.518,143.08798,142.57962,140.77702,143.86879,138.42467,138.50505,138.37152,138.36847,141.60834,141.70638,140.58719,140.16896,140.92558,140.5227,140.5392,140.61317,140.65543,140.70404,140.76233,140.79085,144.43553,144.42096,144.40918,144.4065,144.35136,144.3522,144.37784,144.4036,144.34903,144.29572,145.33035,138.42223,138.4214,139.2965,139.77705,139.30534,138.66356,138.61177,138.3752,137.70036,138.66356,134.91505,134.8868,134.8822,134.86916,134.869,138.50746,134.869,145.08043,140.64227,143.88028,144.41476,139.68604,143.56583,144.41476,144.70718,145.37015,145.34634
25200,148.9487,148.17918,147.25589,147.25511,147.25511,146.96703,146.60439,146.06381,145.92107,145.49231,145.26404,145.68193,145.5114,145.33984,145.24461,145.10312,145.08334,144.98183,144.98183,144.78241,144.78238,144.62842,144.91885,144.7965,144.69252,144.4333,144.40752,144.463,144.34534,144.33504,144.31755,144.3178,144.27676,144.23004,144.32094,144.27663,144.2768,144.29663,144.28568,144.26794,144.26349,144.26349,144.27771,144.26009,144.28412,144.32007,144.28023,144.28525,144.2857,144.2833,144.31259,144.36237,144.25406,144.24669,144.24669,144.24333,144.24799,144.25215,144.25215,144.27902,144.33804,144.60124,144.84583,144.88503,144.46136,144.25592,144.29854,144.30074,144.3173,144.34045,144.28424,144.2831,144.28204,144.28546,144.33945,144.34526,144.28937,144.28238,144.28072,144.27934,144.27864,144.91046,144.91245,144.91249,144.92065,144.94038,144.25468,144.98164,145.0493,145.05952,145.05096,145.03534,145.03557,145.03717,145.05405,145.07439,145.14375,145.03032,145.03062,145.03238,144.90402,144.92174,144.94041,144.91307,144.74818,144.85559,144.85483,144.36029,143.81001,143.72217,142.83511,143.8691,143.97414,144.10242,144.325,144.56996,144.75409,144.86658,144.88423,144.93817,144.95471,144.96992,144.49583,144.34688,144.22327,144.2142,144.75128,144.75264,145.0918,145.09102,145.13713,145.31969,145.31937,145.37508,145.73735,145.75604,145.75455,145.75452,145.75452,145.7542,145.86943,145.86655,145.86653,145.90373,145.96304,145.99086,145.99045,146.02113,146.16756,146.1522,145.99292,145.98999,145.98318,145.89592,145.75925,145.57512,145.42001,145.701,145.69211,145.67119,145.64938,145.65556,145.65904,145.66003,145.67079,145.66412,145.70938,145.59065,145.56075,144.158,144.158,144.12804,143.9735,143.70926,144.12003,144.26625,144.27368,144.28139,144.29784,144.59332,144.2987,144.29478,144.26913,144.25659,144.25905,144.26588,144.24901,144.24231,144.25287,144.25156,144.24977,144.24841,144.25471,144.25455,144.26022,144.274,144.27397,144.28673,144.2867,144.30452,145.00403,144.30334,144.25253,144.24887,144.2777,144.30753,144.37755,144.4089,144.45522,144.44572,144.45345,144.49239,144.64966,144.82294,144.92235,144.98833,145.10945,145.175,145.26471,145.39734,145.4902,145.73923,145.49605,145.50815,145.59593,145.98686,145.1929,145.2108,145.21826,145.23624,145.38194,144.91751,144.91716,144.62495,145.2142,145.2151,145.21855,145.23305,145.2291,145.2252,145.21387,145.23926,145.26167,145.29985,145.31798,145.32024,145.32024,145.4722,145.5594,145.66013,146.00546,146.12563,146.14981,144.30132,144.0436,143.98051,143.91277,143.94212,143.94212,144.52707,144.55333,144.67314,144.67308,144.67297,144.67287,144.67262,144.70918,144.709,144.7085,144.85709,144.90985,144.91487,144.67163,144.61066,144.72285,144.41284,144.3092,144.27702,144.272,144.26697,144.29137,144.88156,144.59126,144.30095,145.66974,144.47276,144.4298,145.04347,145.04163,144.3166,144.3759,144.2687,144.24965,144.27686,144.2809,144.27663,144.26096,144.21886,144.52054,144.59505,144.6311,146.15315,146.14046,146.13011,146.12773,146.07973,146.08043,146.10353,146.12596,146.0769,146.0185,144.89742,144.4713,144.47078,144.24481,144.26427,144.19487,143.80664,143.7753,143.6322,143.22398,143.80664,141.53912,141.52203,141.51926,141.51137,141.51128,142.45094,141.51128,144.85709,144.25487,145.67813,146.13501,144.24324,145.09102,146.13501,145.04315,145.11674,144.90964
27000,148.72272,147.95319,147.0299,147.02911,147.02911,146.74104,146.3784,145.83783,145.69508,145.26628,145.03793,145.45595,145.28545,145.11389,145.01869,144.87721,144.85721,144.75531,144.75531,144.55516,144.55511,144.40056,144.69212,144.57173,144.46815,144.20985,144.1844,144.2396,144.12262,144.11145,144.09235,144.09239,144.04784,144.00113,144.09772,144.0548,144.05603,144.08037,144.07321,144.04956,144.04465,144.04465,144.06395,144.038,144.0727,144.10864,144.06747,144.07323,144.0747,144.07463,144.10687,144.15665,144.05466,144.04729,144.04729,144.04395,144.05272,144.0591,144.0591,144.09392,144.16495,144.45305,144.71861,144.76099,144.29646,144.06313,144.09566,144.09839,144.11696,144.14561,144.0747,144.07344,144.07224,144.07564,144.14517,144.15506,144.11627,144.10928,144.10762,144.10623,144.10555,144.79204,144.794,144.79407,144.80222,144.82191,144.05836,144.86314,144.93076,144.94096,144.93246,144.91693,144.91714,144.91876,144.93571,144.95612,145.0256,144.91223,144.9125,144.91411,144.78148,144.79941,144.81819,144.78952,144.61844,144.72787,144.72684,144.2188,143.65627,143.56383,142.66289,143.70648,143.80879,143.93408,144.15187,144.42908,144.62257,144.74745,144.76701,144.82677,144.84013,144.85272,144.33073,144.16301,144.00838,143.99763,144.61935,144.62091,144.9731,144.97234,145.01826,145.20027,145.19995,145.25551,145.61713,145.6358,145.63432,145.63428,145.63428,145.63396,145.74919,145.74605,145.74603,145.78316,145.84236,145.87012,145.8697,145.90033,146.04668,146.03133,145.87198,145.86902,145.86218,145.77477,145.63788,145.4546,145.30023,145.57932,145.57039,145.54936,145.52739,145.53362,145.53711,145.53813,145.54893,145.54213,145.58739,145.46825,145.43811,143.93793,143.93793,143.90604,143.75096,143.48672,143.89749,144.02951,144.03622,144.042,144.05441,144.3499,144.05457,144.0521,144.03375,144.02583,144.0303,144.03288,144.01843,144.01172,144.02238,144.01901,144.0168,144.01544,144.01869,144.01854,144.02238,144.03421,144.03418,144.0452,144.04517,144.06076,144.76027,144.05913,144.01518,144.01176,144.0407,144.07053,144.14055,144.1719,144.21822,144.20872,144.21645,144.25539,144.41266,144.58594,144.68535,144.75133,144.87245,144.938,145.02771,145.16034,145.2532,145.50223,145.25905,145.27115,145.35893,145.74986,144.9559,144.9738,144.98126,144.99924,145.14494,144.68051,144.68016,144.38795,144.9772,144.9781,144.98155,144.99605,144.9921,144.9882,144.97687,145.00226,145.02467,145.06285,145.08098,145.08324,145.08324,145.2352,145.3224,145.42311,145.76846,145.88863,145.91281,144.05397,143.79626,143.73317,143.66542,143.69478,143.69478,144.22682,144.2472,144.34013,144.34007,144.33997,144.33986,144.33961,144.36838,144.36818,144.36768,144.48796,144.67285,144.67787,144.53992,144.47609,144.5938,144.1841,144.07661,144.04317,144.0376,144.03151,144.06711,144.75636,144.45538,144.05516,145.54791,144.23576,144.1928,144.80647,144.80463,144.0505,144.1098,144.04977,144.01593,144.07095,144.05702,144.05342,144.03745,144.00131,144.29689,144.37108,144.407,146.03226,146.01956,146.0092,146.00684,145.95882,145.95953,145.98264,146.00507,145.95602,145.89766,144.52063,144.2343,144.23378,144.00781,144.02881,143.95805,143.56982,143.53848,143.39539,142.98717,143.56982,141.3023,141.28522,141.28242,141.27454,141.27444,142.28488,141.27444,144.48796,144.02983,145.55632,146.01411,144.00662,144.97234,146.01411,144.95178,145.03941,144.53181
28800,150.34451,149.48032,148.44345,148.4425,148.4425,148.11977,147.71342,147.1077,146.9478,146.47168,146.22269,146.67773,146.48529,146.29196,146.18474,146.02443,146.0259,146.0058,147.99026,145.537,145.53694,145.16335,145.72406,145.4123,145.20137,144.65294,144.59886,144.72849,144.456,144.43636,144.40335,144.40636,144.31726,144.26141,144.40141,144.27936,144.2775,144.30801,144.2581,144.23553,144.21361,144.21361,144.21869,144.18408,144.22177,144.2577,144.22322,144.24753,144.24698,144.22997,144.25351,144.30328,144.17561,144.16681,144.16681,144.1628,144.157,144.15901,144.15901,144.17911,144.23048,144.50294,144.7596,144.80109,144.36533,144.16447,144.23386,144.23668,144.25728,144.27116,144.2204,144.2175,144.21445,144.21786,144.2684,144.27002,144.17229,144.16394,144.16197,144.16031,144.15948,144.84666,144.84901,144.84921,144.86043,144.8883,144.16582,144.94232,145.02838,145.04123,145.02475,144.99416,144.99397,144.9944,145.0071,145.02414,145.09035,144.97581,144.97745,144.9854,144.84114,144.86484,144.88857,144.85902,144.66563,144.79991,144.79965,144.20456,143.55876,143.45816,142.41217,143.63779,143.76587,143.92197,144.19247,144.44002,144.63663,144.74881,144.76643,144.82045,144.85814,144.89081,144.39139,144.23862,144.11824,144.10748,144.63385,144.63518,145.09889,145.09796,145.17603,145.46584,145.46548,145.55139,146.18767,146.88322,147.1876,147.24055,147.24135,147.18718,146.99661,146.23749,146.23749,146.25204,146.27544,146.28647,146.28598,146.29932,146.40118,146.38533,146.23419,146.22688,146.21445,146.11047,145.9476,145.75711,145.59743,145.87276,145.86147,145.83476,145.80629,145.81375,145.81801,145.8195,145.83351,145.82031,145.86557,145.73117,145.6938,144.03818,144.03818,144.00117,143.8161,143.50021,143.99127,144.1573,144.16576,144.16887,144.1757,144.47118,144.17534,144.18747,144.1816,144.18071,144.17133,144.16794,144.1885,144.18048,144.22353,144.2424,144.23888,144.23726,144.23586,144.23567,144.23776,144.2368,144.23676,144.23619,144.23616,144.23604,144.93556,144.22032,144.2416,144.24443,144.26318,144.28062,144.32155,144.33987,144.37164,144.36609,144.37025,144.39548,144.53679,144.68324,144.76813,144.83232,144.94524,145.00656,145.09392,145.22406,145.31584,145.56487,145.32153,145.3334,145.42026,145.81119,145.02127,145.03885,145.0472,145.06906,145.21475,144.77255,144.77213,144.51537,145.04166,145.04242,145.04541,145.05838,145.05443,145.05075,145.04027,145.06439,145.08621,145.12354,145.14131,145.14354,145.14354,145.29343,145.3797,145.47963,145.82317,145.94302,145.9672,144.10138,143.7933,143.71786,143.63689,143.67198,143.67198,144.11769,144.12009,144.13127,144.13121,144.13107,144.13095,144.13066,144.13533,144.1351,144.1345,144.16298,144.76534,144.77037,144.56839,144.49335,144.62816,144.66016,144.44023,144.36963,144.34682,144.30635,144.32463,144.82524,144.46918,144.17398,145.83302,144.37202,144.34474,144.88126,144.87906,144.03331,144.10422,144.24823,144.23518,144.18192,144.29314,144.27763,144.20502,144.11497,144.84798,145.00185,145.07591,146.38644,146.37383,146.36346,146.36105,146.31943,146.32127,146.34178,146.3617,146.31996,146.28833,144.16542,144.37025,144.36964,144.2455,144.30365,144.22957,144.08582,144.04836,143.87729,143.38928,144.12703,141.37508,141.35464,141.35132,141.34189,141.34178,141.94656,141.34178,144.16585,144.17302,145.843,146.36838,144.25114,145.09796,146.36838,144.89923,144.95445,144.17155
30600,150.1534,149.28918,148.25232,148.25137,148.25137,147.92863,147.5223,146.91656,146.75668,146.28055,146.03154,146.48662,146.29417,146.10086,145.99364,145.83333,145.83473,145.81451,147.79898,145.3449,145.34485,144.97055,145.53236,145.22234,145.01181,144.46439,144.4106,144.5399,144.26814,144.24776,144.21329,144.21565,144.12286,144.06702,144.21346,144.09389,144.0931,144.12727,144.0828,144.05531,144.03258,144.03258,144.04066,143.99712,144.04474,144.08067,144.04695,144.07478,144.07469,144.06299,144.08772,144.13748,144.0172,144.00838,144.00838,144.00438,144.00389,144.00706,144.00706,144.03218,144.09172,144.3825,144.65474,144.69856,144.2299,144.01082,144.0696,144.07228,144.09225,144.11009,144.04593,144.04285,144.03955,144.04295,144.10823,144.11227,144.03352,144.02516,144.02318,144.02153,144.0207,144.74818,144.75055,144.75075,144.76195,144.7898,144.01077,144.84377,144.9298,144.94263,144.9262,144.89568,144.89551,144.89595,144.90872,144.92584,144.99223,144.87776,144.87935,144.88707,144.73952,144.76334,144.78714,144.75656,144.5585,144.69434,144.69394,144.08809,143.43248,143.3283,142.27031,143.50479,143.63089,143.78482,144.05185,144.3242,144.52843,144.65125,144.67052,144.72954,144.76369,144.79352,144.25441,144.08572,143.93951,143.92691,144.5253,144.5268,145.00017,144.99924,145.07715,145.3665,145.36615,145.45193,146.08765,146.7832,147.08759,147.14052,147.14131,147.08716,146.89659,146.13734,146.13734,146.15187,146.1752,146.18622,146.18571,146.19902,146.30084,146.28497,146.13379,146.12646,146.11401,146.00992,145.8469,145.65697,145.4978,145.77182,145.76048,145.7337,145.7051,145.7126,145.71687,145.71838,145.73245,145.71915,145.7644,145.62967,145.59213,143.85403,143.85403,143.81506,143.62944,143.31355,143.80461,143.95656,143.96428,143.96634,143.97089,144.26636,143.96971,143.98573,143.98349,143.9835,143.97691,143.96964,143.99188,143.98387,144.02773,144.04362,144.03972,144.0381,144.03468,144.0345,144.03586,144.03445,144.03442,144.03352,144.0335,144.03317,144.7327,144.0165,144.03989,144.04286,144.06168,144.07912,144.12004,144.13837,144.17014,144.16458,144.16876,144.19397,144.33528,144.48174,144.56664,144.63081,144.74373,144.80505,144.89241,145.02255,145.11435,145.36336,145.12003,145.13191,145.21875,145.60968,144.81976,144.83734,144.84569,144.86755,145.01326,144.57104,144.57063,144.31386,144.84015,144.84091,144.8439,144.85687,144.85294,144.84926,144.83878,144.86288,144.88472,144.92204,144.9398,144.94203,144.94203,145.09193,145.17819,145.27812,145.62166,145.74153,145.76569,143.87437,143.56628,143.49086,143.40987,143.44498,143.44496,143.87999,143.88097,143.88556,143.88548,143.88535,143.88522,143.88493,143.88747,143.88724,143.88664,143.90483,144.56384,144.56886,144.45976,144.38252,144.52155,144.46642,144.2432,144.1715,144.14801,144.10617,144.13564,144.72151,144.35735,143.96643,145.73196,144.17052,144.14323,144.67976,144.67755,143.80377,143.87466,144.06625,144.03455,144.013,144.10458,144.09,144.01744,143.9333,144.65915,144.8127,144.88661,146.2861,146.27348,146.2631,146.26068,146.21907,146.22092,146.24142,146.26134,146.2196,146.188,143.90576,144.16876,144.16814,144.04399,144.10347,144.02818,143.88445,143.84697,143.67589,143.18788,143.92563,141.17368,141.15326,141.14993,141.14049,141.1404,141.80994,141.1404,143.90771,143.9828,145.74196,146.26802,144.04988,144.99924,146.26802,144.82283,144.88823,143.91129
32400,149.26762,148.53905,147.6649,147.664,147.664,147.3933,147.05234,146.54407,146.41,146.01239,145.8058,146.18297,146.02141,145.85973,145.77019,145.63614,145.6429,145.63751,148.2718,145.18082,145.18077,144.81654,145.3538,145.05188,144.85056,144.32684,144.27563,144.39929,144.13945,144.11899,144.08418,144.08598,143.99199,143.93867,144.08672,143.97437,143.97432,144.0126,143.97641,143.94275,143.91942,143.91942,143.93138,143.87537,143.9367,143.97264,143.94,143.97153,143.97166,143.96712,143.99376,144.04353,143.93486,143.92644,143.92644,143.92262,143.9285,143.93364,143.93364,143.96576,144.03532,144.3404,144.62347,144.66882,144.17279,143.93542,143.97762,143.97978,143.99725,144.01825,143.93999,143.93684,143.93346,143.93686,144.01743,144.02625,143.97977,143.97179,143.96991,143.96832,143.96753,144.75717,144.75943,144.75967,144.77083,144.7994,143.93198,144.85303,144.93747,144.95001,144.93034,144.8936,144.8934,144.89377,144.90538,144.92114,144.98276,144.86653,144.86914,144.8814,144.74054,144.76741,144.79237,144.7645,144.5637,144.70912,144.70905,144.07808,143.43205,143.32478,142.295,143.48473,143.5997,143.7407,143.98608,144.2809,144.47047,144.5966,144.6164,144.67693,144.7258,144.76723,144.18024,144.00307,143.82721,143.81242,144.46706,144.4687,145.01674,145.01585,145.1042,145.42317,145.42282,145.51616,146.20697,147.0216,147.39026,147.4538,147.45476,147.38985,147.13501,146.25455,146.25453,146.26845,146.29077,146.3013,146.30084,146.31357,146.41443,146.39853,146.24452,146.23659,146.22319,146.11447,145.944,145.73886,145.56616,145.86668,145.85503,145.8274,145.79712,145.80511,145.80965,145.8114,145.82599,145.81148,145.85675,145.7168,145.67632,143.737,143.737,143.69656,143.51845,143.21686,143.6857,143.80968,143.81598,143.8168,143.81866,144.11415,143.81552,143.84233,143.84256,143.84547,143.8417,143.82741,143.85652,143.84886,143.8948,143.90987,143.90572,143.90417,143.89902,143.89885,143.89958,143.89601,143.896,143.89337,143.89334,143.89159,144.5911,143.87114,143.90627,143.9109,143.93695,143.95744,144.00551,144.02704,144.06248,144.0559,144.06091,144.08957,144.23524,144.3887,144.47737,144.54204,144.65714,144.71957,144.80757,144.93837,145.03046,145.27948,145.03618,145.04811,145.13522,145.52614,144.7352,144.75285,144.76096,144.78175,144.92746,144.4794,144.479,144.21298,144.75583,144.75662,144.75974,144.7731,144.76917,144.76543,144.75471,144.77917,144.80116,144.8387,144.85657,144.85881,144.85881,145.00925,145.09578,145.1959,145.53995,145.65988,145.68405,143.66766,143.3735,143.3015,143.22418,143.25769,143.25769,143.66124,143.66098,143.65994,143.65987,143.65974,143.65964,143.65935,143.65987,143.65964,143.65907,143.66193,144.47208,144.4771,144.45398,144.36795,144.51865,144.32787,144.11043,144.04051,144.01723,143.97557,144.0094,144.7327,144.33813,143.8075,145.82573,144.06717,144.03604,144.59264,144.59053,143.59518,143.66286,143.95134,143.89905,143.91208,143.97949,143.96626,143.89423,143.81744,144.51334,144.66017,144.73085,146.3996,146.38678,146.3762,146.37373,146.33224,146.3343,146.35498,146.3749,146.33308,146.3018,143.66153,144.06549,144.06491,143.9156,143.97289,143.90034,143.76874,143.73296,143.56963,143.1037,143.80994,141.18066,141.16116,141.15799,141.14899,141.14888,141.86464,141.14888,143.66481,143.85638,145.83575,146.38121,143.91937,145.01585,146.38121,144.7585,144.81567,143.66556
34200,149.10799,148.3794,147.50526,147.50436,147.50436,147.23366,146.89268,146.38443,146.25035,145.85272,145.64612,146.02332,145.86177,145.70009,145.61055,145.47653,145.4832,145.47775,148.11203,145.02036,145.02031,144.6555,145.19365,144.89322,144.69223,144.16934,144.1184,144.24179,143.98256,143.96144,143.9253,143.92668,143.82948,143.77617,143.92982,143.81999,143.82005,143.8614,143.82904,143.79147,143.76785,143.76785,143.7823,143.71942,143.78836,143.8243,143.79234,143.82555,143.826,143.82376,143.85168,143.90146,143.79697,143.78856,143.78856,143.78474,143.79317,143.79958,143.79958,143.83624,143.91273,144.23218,144.52739,144.57454,144.0545,143.80121,143.83699,143.83932,143.8575,143.88153,143.79265,143.78944,143.786,143.7894,143.88103,143.89244,143.85716,143.8492,143.8473,143.84572,143.84494,144.66592,144.66818,144.66841,144.67957,144.70811,143.79521,144.7617,144.84612,144.85864,144.839,144.80232,144.80214,144.8025,144.81421,144.83003,144.8918,144.77565,144.77821,144.79027,144.6471,144.674,144.69896,144.67035,144.4664,144.61273,144.61258,143.97336,143.31947,143.20927,142.17029,143.36671,143.48009,143.61935,143.86191,144.1771,144.37273,144.50668,144.52768,144.59187,144.63782,144.67694,144.06172,143.87303,143.67525,143.65895,144.36906,144.37083,144.9253,144.92441,145.01263,145.33127,145.33093,145.42418,146.11458,146.92921,147.29785,147.3614,147.36235,147.29745,147.0426,146.16206,146.16206,146.17595,146.19823,146.20876,146.20828,146.221,146.32182,146.30591,146.15186,146.14392,146.13051,146.02171,145.85112,145.6464,145.47408,145.77364,145.76196,145.73427,145.7039,145.71193,145.71646,145.71823,145.73285,145.71829,145.76353,145.62337,145.58276,143.58025,143.58025,143.53798,143.35938,143.05779,143.52661,143.6397,143.64545,143.6459,143.64699,143.94246,143.64275,143.67314,143.67471,143.68028,143.67798,143.66005,143.6918,143.68414,143.73068,143.74348,143.73898,143.73744,143.73044,143.73026,143.73067,143.72649,143.72644,143.72333,143.7233,143.72107,144.42058,143.6997,143.7376,143.74236,143.76852,143.789,143.83708,143.85861,143.89406,143.88747,143.89249,143.92113,144.06682,144.22026,144.30894,144.37361,144.4887,144.55115,144.63913,144.76994,144.86203,145.11104,144.86775,144.87968,144.9668,145.35771,144.56676,144.58443,144.59253,144.61333,144.75902,144.31097,144.31058,144.04456,144.5874,144.5882,144.59131,144.60468,144.60072,144.597,144.58629,144.61073,144.63272,144.67027,144.68814,144.69038,144.69038,144.84082,144.92734,145.02748,145.3715,145.49146,145.51562,143.47437,143.1802,143.1082,143.03088,143.06439,143.06439,143.46051,143.45966,143.456,143.45592,143.45581,143.45569,143.4554,143.4554,143.45518,143.45462,143.45572,144.30363,144.30867,144.35576,144.26825,144.42181,144.16603,143.9458,143.87495,143.85107,143.80826,143.85127,144.63762,144.23772,143.63232,145.73262,143.89873,143.8676,144.4242,144.4221,143.39804,143.46573,143.79887,143.73071,143.76813,143.82166,143.80907,143.73724,143.6634,144.35562,144.50218,144.57274,146.30698,146.29416,146.28358,146.2811,146.23962,146.24168,146.26236,146.28229,146.24046,146.20921,143.45457,143.89706,143.89647,143.74718,143.80556,143.732,143.60039,143.56462,143.40129,142.93536,143.64159,141.01233,140.99281,140.98965,140.98064,140.98055,141.74394,140.98055,143.45859,143.69789,145.74265,146.2886,143.75113,144.92441,146.2886,144.68378,144.7482,143.45824
36000,149.18768,148.4591,147.58496,147.58414,147.58414,147.31253,146.9705,146.46068,146.32614,145.92657,145.71869,146.09837,145.93616,145.7734,145.68317,145.54808,145.55452,145.54863,148.14783,145.09041,145.09038,144.72379,145.26543,144.9625,144.76028,144.23106,144.17967,144.30615,144.04079,144.01924,143.98227,143.98378,143.88414,143.83493,143.98692,143.87337,143.87344,143.9159,143.8822,143.84303,143.8164,143.8164,143.82977,143.75868,143.83577,143.8717,143.8405,143.87843,143.8789,143.87773,143.90553,143.95529,143.85457,143.84682,143.84682,143.84328,143.8517,143.85805,143.85805,143.89339,143.96623,144.26566,144.54199,144.58609,144.09673,143.8592,143.89018,143.89168,143.9058,143.92606,143.8405,143.83707,143.83327,143.83669,143.92572,143.9379,143.91495,143.9076,143.90585,143.90439,143.90366,144.7037,144.70578,144.70604,144.7166,144.74432,143.85275,144.79524,144.87473,144.8865,144.86528,144.8255,144.8254,144.82584,144.83704,144.85208,144.90962,144.79187,144.79524,144.81084,144.6805,144.70876,144.73363,144.70882,144.51347,144.66046,144.66046,144.03152,143.41919,143.31389,142.34746,143.4551,143.55711,143.68277,143.90202,144.19914,144.36745,144.48865,144.50764,144.56575,144.62926,144.68195,144.08475,143.90973,143.71367,143.69681,144.36398,144.36566,144.95706,144.95624,145.04832,145.37457,145.37427,145.46889,146.1625,146.93228,147.27596,147.33519,147.33607,147.27559,147.04567,146.21526,146.21526,146.23062,146.25526,146.26689,146.26645,146.28021,146.38397,146.3684,146.21423,146.20654,146.19334,146.08492,145.9148,145.70152,145.5213,145.83914,145.82773,145.80061,145.77032,145.77853,145.7831,145.78496,145.79929,145.78502,145.83028,145.68925,145.64781,143.6183,143.6183,143.57608,143.41032,143.13199,143.56467,143.65135,143.65576,143.65576,143.6558,143.9513,143.64842,143.69319,143.69891,143.70984,143.70555,143.67851,143.7289,143.72185,143.7745,143.7926,143.788,143.78656,143.77715,143.77698,143.77715,143.76703,143.767,143.75893,143.7589,143.7517,144.4512,143.72304,143.79074,143.79956,143.84181,143.86787,143.92903,143.95642,143.9984,143.99004,143.99664,144.03146,144.18433,144.34984,144.44505,144.51051,144.62932,144.69366,144.78271,144.91463,145.0072,145.25621,145.01299,145.02502,145.11256,145.50348,144.71071,144.72853,144.73622,144.75526,144.90097,144.44292,144.44255,144.16058,144.73177,144.73262,144.73593,144.74998,144.74605,144.7422,144.73112,144.75615,144.7784,144.81633,144.83437,144.83661,144.83661,144.98798,145.07492,145.17542,145.52025,145.64034,145.66452,143.397,143.12555,143.05908,142.98773,143.01866,143.01865,143.32188,143.31516,143.28519,143.28513,143.28502,143.2849,143.28465,143.27797,143.27777,143.27725,143.26723,144.43538,144.44041,144.39946,144.3097,144.464,144.23067,144.01299,143.94273,143.91772,143.87215,143.90385,144.68059,144.27719,143.63068,145.79909,144.0108,143.97261,144.56392,144.56197,143.2991,143.36157,143.85149,143.77808,143.80913,143.87248,143.85909,143.77916,143.70105,144.42104,144.56885,144.63995,146.36938,146.35666,146.34613,146.34366,146.30228,146.30426,146.32501,146.34488,146.30289,146.26932,143.25903,144.00925,144.00871,143.81363,143.86946,143.79855,143.68616,143.65314,143.50241,143.0724,143.72736,141.29765,141.27965,141.27672,141.26842,141.26831,141.95767,141.26831,143.2701,143.73393,145.8088,146.35112,143.81274,144.95624,146.35112,144.6307,144.67622,143.26122
37800,149.08159,148.35301,147.47887,147.47803,147.47803,147.20642,146.86441,146.35457,146.22003,145.82047,145.61256,145.99228,145.83006,145.66731,145.57707,145.44199,145.44838,145.44246,148.04166,144.98386,144.98381,144.61691,145.15904,144.85693,144.65492,144.12616,144.0749,144.20123,143.93622,143.91429,143.87656,143.87787,143.77649,143.72728,143.88234,143.77022,143.77043,143.81447,143.78278,143.74153,143.71477,143.71477,143.72935,143.65459,143.73572,143.77167,143.74084,143.77968,143.78041,143.77989,143.80844,143.85822,143.7593,143.75154,143.75154,143.748,143.7574,143.76445,143.76445,143.80223,143.87874,144.18558,144.46815,144.5132,144.01176,143.76581,143.79391,143.79555,143.81023,143.832,143.74094,143.73746,143.73361,143.73703,143.83177,143.84534,143.82745,143.8201,143.81836,143.8169,143.81616,144.63232,144.6344,144.63466,144.6452,144.67291,143.75801,144.72382,144.8033,144.81506,144.79385,144.7541,144.754,144.75446,144.7657,144.78078,144.8384,144.72069,144.72403,144.73952,144.60806,144.63632,144.6612,144.63602,144.43921,144.58658,144.58658,143.95341,143.33693,143.23007,142.25885,143.36998,143.47119,143.59593,143.81374,144.12167,144.29315,144.41835,144.43797,144.49794,144.55972,144.61107,143.99998,143.81923,143.61118,143.59344,144.28957,144.2913,144.88557,144.88477,144.9768,145.30289,145.30257,145.39716,146.09058,146.86034,147.20403,147.26326,147.26414,147.20364,146.97372,146.14328,146.14328,146.15863,146.18326,146.19487,146.19444,146.20819,146.31192,146.29636,146.14217,146.13448,146.12126,146.0128,145.84262,145.62955,145.44951,145.7669,145.75548,145.72833,145.698,145.70622,145.71078,145.71266,145.72699,145.71269,145.75795,145.61682,145.57532,143.51286,143.51286,143.46948,143.3034,143.02507,143.45776,143.5386,143.54272,143.54272,143.54272,143.8382,143.5345,143.58084,143.588,143.6006,143.59692,143.56755,143.62,143.61293,143.66594,143.68279,143.67798,143.67656,143.66577,143.6656,143.66576,143.6551,143.65509,143.64658,143.64655,143.63889,144.3384,143.60968,143.67953,143.68846,143.7308,143.75685,143.81801,143.84541,143.88739,143.87901,143.88564,143.92046,144.07332,144.23883,144.33405,144.39952,144.5183,144.58266,144.6717,144.80362,144.8962,145.1452,144.90198,144.91402,145.00154,145.39247,144.59969,144.61751,144.6252,144.64426,144.78996,144.33191,144.33154,144.04958,144.62076,144.6216,144.62492,144.63898,144.63504,144.6312,144.6201,144.64514,144.66737,144.70532,144.72334,144.7256,144.7256,144.87697,144.96391,145.0644,145.40924,145.52933,145.5535,143.2696,142.99814,142.93169,142.86032,142.89125,142.89124,143.18385,143.17607,143.14134,143.14128,143.14117,143.14107,143.14081,143.13289,143.13269,143.13216,143.11926,144.32437,144.32939,144.3248,144.23434,144.38998,144.12334,143.90411,143.83336,143.80801,143.76176,143.79852,144.60735,144.20149,143.51503,145.7268,143.89978,143.8616,144.45291,144.45096,143.16725,143.22972,143.74937,143.6671,143.71118,143.76729,143.75423,143.67444,143.59746,144.31601,144.46367,144.5347,146.29735,146.2846,146.27408,146.2716,146.23022,146.23221,146.25296,146.27283,146.23085,146.19728,143.10985,143.89824,143.8977,143.70262,143.75908,143.68759,143.5752,143.54218,143.39145,142.96144,143.6164,141.18669,141.16869,141.16576,141.15746,141.15735,141.87115,141.15735,143.12215,143.62845,145.73654,146.27907,143.70183,144.88477,146.27907,144.56767,144.61656,143.11191
39600,149.15422,148.42114,147.5416,147.54083,147.54083,147.26672,146.92165,146.40723,146.27142,145.86766,145.6574,146.04156,145.8777,145.71294,145.6215,145.48459,145.49113,145.48502,148.08421,145.02335,145.02332,144.65295,145.2008,144.8906,144.68504,144.14423,144.09161,144.22246,143.94814,143.92702,143.89102,143.89337,143.79526,143.74936,143.89276,143.77069,143.77057,143.80972,143.7684,143.73372,143.70474,143.70474,143.71443,143.64465,143.71954,143.75548,143.72394,143.762,143.76202,143.75749,143.7839,143.83368,143.72469,143.71745,143.71745,143.71416,143.71654,143.71994,143.71994,143.74374,143.79767,144.04755,144.2805,144.31792,143.91255,143.72249,143.7665,143.76775,143.7802,143.79553,143.72316,143.71971,143.7159,143.7193,143.7945,143.79999,143.74983,143.74297,143.74133,143.73997,143.7393,144.33812,144.34007,144.34012,144.34802,144.36711,143.7218,144.40732,144.47342,144.48341,144.47539,144.46077,144.46106,144.46278,144.48003,144.50063,144.57016,144.45677,144.457,144.4583,144.32668,144.34322,144.36105,144.33177,144.16496,144.26764,144.2662,143.78142,143.23528,143.14748,142.26305,143.29326,143.39735,143.52437,143.74463,143.99387,144.18092,144.29585,144.31386,144.36894,144.38461,144.3991,143.92769,143.76407,143.59488,143.57948,144.17783,144.1793,144.51395,144.51318,144.55705,144.73181,144.7315,144.78497,145.14795,145.22177,145.22922,145.23111,145.23114,145.22887,145.33516,145.24469,145.24469,145.27263,145.31723,145.33817,145.33775,145.36124,145.48328,145.46933,145.32962,145.32631,145.31937,145.2394,145.11421,144.95595,144.82326,145.05905,145.0506,145.03078,145.01038,145.01624,145.01952,145.0204,145.03053,145.02531,145.07057,144.95535,144.92725,143.50478,143.50478,143.46455,143.30972,143.05011,143.45369,143.53036,143.53427,143.53424,143.53421,143.82968,143.52539,143.57973,143.58694,143.59937,143.59097,143.56033,143.62549,143.6189,143.67656,143.70346,143.69917,143.69783,143.68907,143.68892,143.68909,143.67358,143.67355,143.66096,143.66093,143.6489,144.3484,143.6147,143.70935,143.72214,143.78008,143.81122,143.88431,143.91705,143.96483,143.95497,143.96307,144.00345,144.16217,144.33806,144.4389,144.50505,144.62695,144.69292,144.78285,144.91571,145.00868,145.25769,145.01453,145.02666,145.11453,145.50545,144.71107,144.72902,144.73639,144.75403,144.89973,144.43315,144.4328,144.13715,144.73247,144.73338,144.73688,144.75153,144.74757,144.74365,144.73225,144.75775,144.78021,144.81848,144.83664,144.8389,144.8389,144.99106,145.07835,145.17914,145.52466,145.64487,145.66902,143.22328,142.97008,142.90808,142.84154,142.87038,142.87038,143.09184,143.07939,143.0237,143.02364,143.02353,143.02344,143.0232,143.00961,143.00941,143.00893,142.98152,144.42543,144.43047,144.09248,144.03297,144.14452,144.15363,143.94093,143.87215,143.84677,143.80016,143.80672,144.29779,144.0141,143.50403,145.02934,143.98416,143.93953,144.56079,144.55898,143.10657,143.16483,143.74515,143.68994,143.6822,143.773,143.7578,143.66924,143.58414,144.33961,144.49022,144.5626,145.47026,145.45897,145.44977,145.44765,145.40575,145.4065,145.42662,145.44627,145.40381,145.35757,142.96649,143.98271,143.98222,143.74554,143.79745,143.72981,143.63235,143.60156,143.46097,143.05989,143.67355,141.40451,141.38773,141.385,141.37724,141.37715,141.89041,141.37715,142.9844,143.62024,145.03746,145.45413,143.73982,144.51318,145.45413,144.47807,144.55457,142.96794
41400,149.05565,148.32257,147.44302,147.44225,147.44225,147.16815,146.82306,146.30865,146.17284,145.76907,145.5588,145.94298,145.77913,145.61436,145.52295,145.38602,145.39253,145.3864,147.98561,144.92459,144.92455,144.55405,145.10211,144.79224,144.58678,144.04614,143.99358,144.12437,143.85017,143.82892,143.79263,143.79486,143.69603,143.65013,143.79482,143.67337,143.6733,143.71307,143.67267,143.63715,143.60811,143.60811,143.61826,143.54697,143.62352,143.65945,143.62805,143.66663,143.66669,143.6627,143.68936,143.73914,143.6311,143.62387,143.62387,143.62057,143.62363,143.62726,143.62726,143.65192,143.70718,143.95995,144.19534,144.23314,143.8228,143.62967,143.67227,143.67352,143.68602,143.70193,143.62743,143.62393,143.62006,143.62347,143.70099,143.70697,143.65935,143.65248,143.65085,143.64949,143.64882,144.25398,144.25594,144.25598,144.26389,144.28297,143.62865,144.32318,144.38927,144.39928,144.39125,144.37663,144.37692,144.37866,144.39589,144.4165,144.48605,144.37268,144.3729,144.37418,144.242,144.25858,144.27644,144.24698,144.07936,144.1823,144.18082,143.6943,143.14659,143.0582,142.17181,143.20349,143.30728,143.43396,143.65367,143.90686,144.0951,144.2116,144.22987,144.28569,144.30096,144.31511,143.83766,143.67169,143.4979,143.48213,144.09193,144.09346,144.42978,144.42902,144.47285,144.64754,144.64725,144.7007,145.06357,145.13739,145.14485,145.14674,145.14677,145.14449,145.25078,145.16028,145.16028,145.1882,145.23279,145.25372,145.25333,145.2768,145.39883,145.38489,145.24516,145.24184,145.23491,145.1549,145.0297,144.87155,144.73894,144.97449,144.96603,144.9462,144.92577,144.93163,144.93492,144.93582,144.94594,144.9407,144.98598,144.8707,144.84256,143.40652,143.40652,143.36581,143.21085,142.95123,143.35481,143.42903,143.4328,143.43275,143.43268,143.72816,143.4235,143.47852,143.48636,143.49948,143.49142,143.45978,143.52579,143.51921,143.57703,143.60333,143.59897,143.59764,143.58835,143.58818,143.58835,143.5726,143.57257,143.55975,143.55974,143.54745,144.24696,143.51302,143.6087,143.62155,143.67953,143.71068,143.78377,143.8165,143.86429,143.85443,143.86252,143.9029,144.06161,144.23752,144.33835,144.4045,144.52641,144.59238,144.68231,144.81516,144.90813,145.15714,144.91399,144.9261,145.01398,145.4049,144.61053,144.62848,144.63583,144.65347,144.79918,144.3326,144.33224,144.03659,144.63193,144.63283,144.63632,144.65097,144.64702,144.64311,144.6317,144.65721,144.67966,144.71793,144.73608,144.73836,144.73836,144.8905,144.9778,145.0786,145.42412,145.54431,145.56848,143.11525,142.86206,142.80006,142.7335,142.76234,142.76234,142.97815,142.96513,142.90685,142.90678,142.90668,142.90659,142.90634,142.89207,142.89188,142.89139,142.86218,144.32489,144.32991,144.00664,143.94675,144.05899,144.05453,143.84123,143.77225,143.74675,143.69986,143.7085,144.21278,143.92772,143.40134,144.94478,143.8836,143.83897,144.46024,144.45842,142.99623,143.05449,143.64828,143.58936,143.58707,143.67484,143.6598,143.57132,143.48668,144.24147,144.39201,144.46439,145.3858,145.37453,145.36531,145.36319,145.32129,145.32204,145.34216,145.36182,145.31935,145.27313,142.84648,143.88217,143.88167,143.64499,143.69716,143.62929,143.53183,143.50104,143.36044,142.95937,143.57303,141.30399,141.2872,141.28447,141.2767,141.27663,141.80002,141.27663,142.86505,143.52197,144.9529,145.36967,143.63931,144.42902,145.36967,144.39734,144.4756,142.8479
43200,149.54636,148.80727,147.9205,147.91988,147.91988,147.64119,147.29054,146.76785,146.6297,146.21776,146.00276,146.39594,146.2289,146.0599,145.96588,145.82494,145.83214,145.82578,148.41335,145.36044,145.36041,144.98428,145.54224,145.20767,144.99278,144.41904,144.3626,144.5063,144.2056,144.18723,144.1572,144.16516,144.0801,144.04338,144.14534,143.9902,143.98367,144.00983,143.932,143.91531,143.87964,143.87964,143.8797,143.82553,143.88145,143.9174,143.88321,143.90875,143.90445,143.88148,143.90584,143.9556,143.81241,143.80663,143.80663,143.80399,143.7759,143.77567,143.77567,143.77773,143.79044,143.9151,144.03722,144.05739,143.87766,143.78488,143.88441,143.8857,143.89694,143.89694,143.87436,143.8721,143.86961,143.87303,143.8878,143.87622,143.75218,143.74669,143.74539,143.7443,143.74376,143.99368,143.99524,143.9956,144.00471,144.0273,143.80943,144.06728,144.12872,144.13776,144.1279,144.10965,144.09822,144.09238,144.09116,144.09117,144.10043,144.10129,144.10199,144.10551,144.0402,144.0536,144.06796,144.05779,143.97351,144.04407,144.04529,143.70909,143.30437,143.24597,142.57419,143.37515,143.46635,143.57664,143.76672,143.8928,144.03323,144.0954,144.10518,144.13524,144.1136,144.10014,143.92111,143.82613,143.75195,143.74336,144.0317,144.03242,144.1731,144.17249,144.22073,144.40182,144.40158,144.45552,144.80093,144.8215,144.82033,144.82031,144.82031,144.82005,144.93489,144.92139,144.92139,144.956,145.01118,145.03702,145.0367,145.06496,145.1956,145.1825,145.04248,145.0401,145.03429,144.95798,144.83835,144.65575,144.50078,144.79092,144.78363,144.76642,144.74817,144.75385,144.75693,144.75778,144.7665,144.76422,144.80948,144.69768,144.6707,143.68822,143.68822,143.65858,143.53548,143.32785,143.6506,143.72542,143.72922,143.72917,143.72911,144.0246,143.71994,143.79897,143.80565,143.81664,143.78648,143.7557,143.86508,143.8598,143.9303,143.99841,143.99568,143.99461,143.99161,143.99149,143.99213,143.95964,143.95963,143.9325,143.93246,143.90424,144.60374,143.85483,144.03682,144.0639,144.17523,144.22372,144.33754,144.38852,144.45537,144.44125,144.45451,144.51341,144.689,144.89746,145.01587,145.08406,145.21544,145.2863,145.37886,145.5145,145.60869,145.8577,145.61472,145.62709,145.716,146.10693,145.30742,145.32567,145.33212,145.34583,145.49152,144.99858,144.99832,144.6597,145.32967,145.33081,145.33485,145.35132,145.3474,145.34322,145.33086,145.35779,145.3809,145.42014,145.4387,145.44101,145.44101,145.59547,145.6838,145.78549,146.13301,146.25356,146.27774,143.32309,143.12059,143.07103,143.01779,143.04086,143.04085,143.03891,143.01053,142.8829,142.88286,142.88277,142.88269,142.88249,142.84908,142.84892,142.84853,142.76413,144.99034,144.99536,143.92651,143.89845,143.94745,144.47408,144.287,144.22627,144.2023,144.15779,144.05101,144.04694,143.89182,143.69583,144.76527,144.49799,144.43115,145.14687,145.14542,143.15796,143.20456,143.94196,143.9916,143.80188,144.00853,143.98515,143.8639,143.7506,144.62985,144.78838,144.86444,145.18323,145.1722,145.16315,145.16107,145.1193,145.1199,145.14018,145.1597,145.11667,145.0631,142.72964,144.49683,144.49643,144.11841,144.15509,144.09787,144.0389,144.01427,143.90182,143.58105,144.0801,142.25719,142.24376,142.24158,142.23538,142.2353,142.26021,142.2353,142.76701,143.80663,144.77242,145.16743,144.09877,144.17249,145.16743,144.28835,144.39566,142.7301
45000,149.46338,148.72429,147.83751,147.8369,147.8369,147.5582,147.20757,146.68488,146.5467,146.13478,145.91977,146.31296,146.1459,145.97693,145.88289,145.74196,145.74915,145.74281,148.33038,145.27757,145.27754,144.90149,145.45932,145.12454,144.90964,144.33575,144.27928,144.42302,144.12222,144.10393,144.07405,144.08214,143.99751,143.9608,144.06195,143.90645,143.8997,143.92558,143.8471,143.83075,143.7951,143.7951,143.79514,143.74184,143.79681,143.83276,143.79846,143.82347,143.81898,143.79543,143.81969,143.86946,143.72548,143.7197,143.7197,143.71706,143.68828,143.688,143.688,143.68991,143.70224,143.82578,143.94688,143.96692,143.78969,143.69739,143.79811,143.79942,143.81071,143.81071,143.7893,143.78708,143.78468,143.78809,143.80125,143.78877,143.664,143.6585,143.6572,143.65611,143.65556,143.90288,143.90443,143.9048,143.91391,143.93651,143.72258,143.97649,144.03793,144.04697,144.03711,144.01886,144.00743,144.00157,144.00035,144.00035,144.00961,144.01047,144.01117,144.01472,143.9497,143.96306,143.9774,143.9673,143.88345,143.95377,143.95502,143.61967,143.2157,143.15755,142.48677,143.28694,143.3783,143.48871,143.67903,143.8034,143.94334,144.00462,144.01427,144.04391,144.02255,144.00931,143.8335,143.73979,143.66766,143.65929,143.94182,143.94255,144.08232,144.08171,144.12997,144.31108,144.31085,144.36479,144.71025,144.73082,144.72964,144.72963,144.72963,144.72937,144.84421,144.83072,144.8307,144.86534,144.92052,144.94637,144.94604,144.9743,145.10493,145.09184,144.95183,144.94945,144.94363,144.86734,144.74771,144.56506,144.41006,144.70032,144.69302,144.67581,144.65758,144.66324,144.66634,144.66719,144.6759,144.67363,144.71889,144.60712,144.58015,143.6047,143.6047,143.57541,143.45238,143.24475,143.56752,143.64415,143.64806,143.64803,143.64798,143.94347,143.6391,143.71759,143.72389,143.73442,143.7039,143.67386,143.78267,143.7774,143.84775,143.91638,143.9137,143.91263,143.90979,143.90967,143.91037,143.8781,143.87808,143.85114,143.85112,143.82309,144.5226,143.77385,143.95499,143.98204,144.09332,144.14182,144.25563,144.30661,144.37344,144.35936,144.3726,144.4315,144.60709,144.81554,144.93396,145.00215,145.13353,145.20439,145.29695,145.43259,145.52678,145.77579,145.5328,145.54518,145.6341,146.02502,145.22551,145.24374,145.2502,145.2639,145.4096,144.91667,144.9164,144.57779,145.24776,145.2489,145.25294,145.26941,145.26547,145.2613,145.24895,145.27588,145.299,145.33823,145.3568,145.35909,145.35909,145.51355,145.6019,145.70358,146.0511,146.17165,146.19582,143.24709,143.04459,142.99501,142.94179,142.96486,142.96484,142.96849,142.94069,142.81566,142.81561,142.81554,142.81544,142.81526,142.78255,142.78241,142.78201,142.69966,144.90843,144.91345,143.83667,143.80884,143.85742,144.39139,144.20464,144.14401,144.1201,144.07574,143.9677,143.95656,143.80229,143.6156,144.67468,144.41608,144.34924,145.06496,145.0635,143.08417,143.13077,143.85768,143.90977,143.71655,143.92516,143.90164,143.78023,143.6666,144.54662,144.70517,144.78123,145.09258,145.08154,145.07251,145.07043,145.02864,145.02925,145.04953,145.06906,145.02602,144.97244,142.66585,144.41493,144.41452,144.0365,144.07304,144.01596,143.95697,143.93234,143.8199,143.49915,143.99817,142.17526,142.16183,142.15965,142.15344,142.15337,142.17236,142.15337,142.70255,143.72327,144.68181,145.07678,144.01685,144.08171,145.07678,144.19498,144.30086,142.66632
46800,149.75212,149.01454,148.12958,148.12903,148.12903,147.84984,147.49866,146.97516,146.8367,146.42334,146.20737,146.6025,146.43494,146.26497,146.17027,146.02827,146.03569,146.02919,148.58197,145.56624,145.56621,145.19075,145.74849,145.40414,145.1863,144.60072,144.54291,144.69177,144.38052,144.36336,144.33592,144.3476,144.26878,144.23622,144.31789,144.14684,144.13557,144.158,144.06271,144.05034,144.00949,144.00949,144.00667,143.95818,144.00708,144.04301,144.00824,144.03053,144.02248,143.99193,144.01326,144.06302,143.91396,143.90883,143.90883,143.9065,143.86807,143.86688,143.86688,143.867,143.87265,143.96423,144.05605,144.07143,143.94707,143.87657,143.98651,143.9868,143.99263,143.98909,143.98898,143.98805,143.98714,143.99055,143.97644,143.95215,143.83871,143.83383,143.83269,143.83173,143.83124,144.03693,144.03831,144.03888,144.04837,144.07388,143.9102,144.11484,144.17523,144.18396,144.16855,144.13959,144.12436,144.1157,144.11139,144.1103,144.11336,144.11365,144.11635,144.12872,144.08353,144.10234,144.11884,144.11534,144.03656,144.11293,144.11943,143.80019,143.44424,143.3932,142.80524,143.50662,143.5868,143.6838,143.85114,143.94063,144.04256,144.07986,144.08577,144.104,144.10364,144.10362,143.98906,143.92056,143.87347,143.86734,144.0416,144.04205,144.23523,144.2347,144.301,144.53296,144.53275,144.59964,145.03746,145.1255,145.13672,145.1392,145.13925,145.13647,145.23889,145.1537,145.1537,145.18709,145.24028,145.26518,145.2649,145.292,145.4221,145.40903,145.26498,145.26189,145.25478,145.17151,145.04065,144.83125,144.65231,144.99016,144.98242,144.964,144.94328,144.9498,144.9533,144.95451,144.96393,144.9594,145.00465,144.88513,144.85355,143.82056,143.82056,143.79547,143.68658,143.50243,143.78871,143.86197,143.8657,143.86565,143.86554,144.16101,143.85603,143.94896,143.95615,143.96729,143.92415,143.89282,144.02815,144.02348,144.10031,144.1921,144.18999,144.18904,144.1879,144.18779,144.18889,144.14641,144.1464,144.11067,144.11066,144.07262,144.77214,144.01514,144.24799,144.28339,144.42317,144.48135,144.61789,144.67905,144.75618,144.74017,144.75635,144.8254,145.00893,145.23424,145.36174,145.43095,145.56708,145.64037,145.73424,145.87126,145.96603,146.21504,145.97215,145.98465,146.07408,146.465,145.66275,145.6811,145.68716,145.69907,145.84477,145.33838,145.33815,144.97728,145.68535,145.68663,145.69095,145.70836,145.70444,145.70015,145.68732,145.71495,145.73839,145.7781,145.79686,145.79918,145.79918,145.95479,146.04364,146.14577,146.49426,146.61497,146.63914,143.40749,143.22786,143.18388,143.13667,143.15714,143.15712,143.02841,142.99,142.8171,142.81705,142.81697,142.81691,142.81673,142.77068,142.77055,142.7702,142.64755,145.32988,145.3349,143.98175,143.95042,144.00056,144.68004,144.50758,144.4515,144.42879,144.38655,144.21826,144.11217,143.94186,143.83022,144.963,144.8117,144.73236,145.49727,145.49597,143.21092,143.25226,144.08559,144.1876,143.90982,144.1712,144.14339,144.00249,143.8758,144.81752,144.97873,145.056,145.40968,145.39839,145.38908,145.38693,145.34544,145.34625,145.36682,145.3863,145.34315,145.2895,142.60083,144.81068,144.81033,144.35362,144.38385,144.32938,144.28593,144.26408,144.16435,143.87982,144.32713,142.70552,142.6936,142.69167,142.68617,142.6861,142.52376,142.6861,142.65044,143.94125,144.9702,145.3935,144.32915,144.2347,145.3935,144.16441,144.20674,142.60097
48600,149.70137,148.96379,148.07883,148.07828,148.07828,147.79909,147.44789,146.9244,146.78593,146.37259,146.15662,146.55174,146.38417,146.2142,146.1195,145.97752,145.98494,145.97844,148.53122,145.51556,145.51553,145.14012,145.69777,145.35327,145.1354,144.54974,144.49191,144.6408,144.32948,144.31236,144.28503,144.29681,144.2183,144.18575,144.26683,144.09552,144.08406,144.10635,144.01057,143.99838,143.95752,143.95752,143.9544,143.90675,143.95477,143.9907,143.95589,143.97812,143.96996,143.939,143.96028,144.01006,143.86046,143.85532,143.85532,143.85298,143.8141,143.81285,143.81285,143.81294,143.81844,143.90942,144.0007,144.01599,143.89273,143.82262,143.93346,143.93375,143.93959,143.93593,143.93591,143.93506,143.93425,143.93767,143.92313,143.89827,143.7845,143.77963,143.77847,143.77751,143.77702,143.98137,143.98274,143.9833,143.9928,144.01833,143.85675,144.05928,144.11969,144.12842,144.113,144.08403,144.0688,144.06013,144.0558,144.05472,144.05777,144.05806,144.06076,144.07315,144.02815,144.04694,144.06343,144.05997,143.98146,144.05763,144.06416,143.74554,143.39001,143.33913,142.75174,143.45268,143.53293,143.63002,143.7975,143.88608,143.98782,144.02458,144.0304,144.04836,144.04802,144.048,143.93584,143.86783,143.82175,143.81575,143.98686,143.98732,144.17969,144.17915,144.24547,144.47745,144.47723,144.54414,144.98198,145.07002,145.08124,145.08371,145.08376,145.081,145.18341,145.09822,145.09822,145.1316,145.1848,145.20972,145.20943,145.23654,145.36664,145.35356,145.20952,145.20642,145.19931,145.11604,144.9852,144.77577,144.5968,144.93472,144.92697,144.90857,144.88783,144.89436,144.89786,144.89908,144.9085,144.90396,144.94922,144.82971,144.79813,143.76938,143.76938,143.7445,143.6357,143.45152,143.73782,143.81247,143.81627,143.81622,143.81615,144.11162,143.80687,143.89937,143.90625,143.91704,143.8736,143.84286,143.97777,143.97308,144.04977,144.142,144.13991,144.13898,144.13795,144.13785,144.13899,144.09671,144.09668,144.06111,144.0611,144.02324,144.72275,143.96588,144.19804,144.23341,144.37317,144.43135,144.56789,144.62903,144.70616,144.69016,144.70633,144.77538,144.95892,145.18423,145.31172,145.38094,145.51706,145.59036,145.68423,145.82124,145.91602,146.16504,145.92213,145.93463,146.02406,146.415,145.61273,145.63109,145.63715,145.64906,145.79475,145.28838,145.28813,144.92728,145.63533,145.63661,145.64095,145.65836,145.65443,145.65015,145.63731,145.66493,145.68837,145.72809,145.74684,145.74918,145.74918,145.90477,145.99362,146.09575,146.44426,146.56496,146.58914,143.3622,143.18257,143.13861,143.09138,143.11185,143.11185,142.98798,142.95009,142.77945,142.7794,142.77933,142.77927,142.7791,142.73367,142.73354,142.73318,142.6124,145.27986,145.2849,143.92683,143.8957,143.94553,144.62949,144.45726,144.40125,144.37859,144.33644,144.16724,144.05684,143.88722,143.78154,144.90756,144.7617,144.68236,145.44725,145.44597,143.16756,143.20888,144.03383,144.13763,143.85742,144.12012,144.09218,143.95108,143.82425,144.76657,144.92781,145.00508,145.35422,145.34293,145.33362,145.33147,145.28998,145.29079,145.31136,145.33084,145.28769,145.23404,142.56625,144.76067,144.76031,144.30362,144.33376,144.27936,144.2359,144.21407,144.11432,143.8298,144.27711,142.65549,142.64357,142.64163,142.63614,142.63608,142.47002,142.63608,142.61526,143.89014,144.91476,145.33803,144.27913,144.17915,145.33803,144.10774,144.14938,142.5664
50400,147.0681,146.6236,146.09029,146.08958,146.08958,145.92624,145.72029,145.4133,145.33246,145.09549,144.97491,145.19434,145.09639,144.99907,144.94537,144.86458,144.88036,144.88097,147.44531,144.57094,144.57089,144.32492,144.6842,144.42805,144.27779,143.88873,143.84941,143.94102,143.748,143.73763,143.72252,143.7361,143.68982,143.64847,143.70528,143.58945,143.58559,143.60869,143.55756,143.53842,143.51259,143.51259,143.51564,143.46864,143.51875,143.55469,143.52013,143.54527,143.54424,143.52928,143.55368,143.60345,143.47559,143.46906,143.46906,143.4661,143.4526,143.45294,143.45294,143.46172,143.48918,143.66557,143.83405,143.86148,143.58617,143.45961,143.53305,143.53435,143.54631,143.552,143.51624,143.51384,143.51128,143.5147,143.54796,143.54765,143.4461,143.43993,143.43846,143.43723,143.43661,143.86981,143.87155,143.87271,143.8869,143.92732,143.46843,143.98703,144.07188,144.08391,144.05565,144.00212,143.97649,143.96103,143.95018,143.94601,143.94667,143.94675,143.95276,143.97981,143.91777,143.94858,143.97305,143.96819,143.84592,143.96431,143.97299,143.50084,143.01718,142.94054,142.1611,143.07085,143.16399,143.27771,143.47499,143.65521,143.78954,143.8679,143.88025,143.91803,143.91899,143.92055,143.62196,143.50891,143.4087,143.3987,143.78748,143.78847,144.17455,144.17387,144.28764,144.66968,144.66942,144.77745,145.55617,146.42828,146.82677,146.89471,146.89572,146.82645,146.54167,145.61415,145.61414,145.63097,145.6579,145.67058,145.6702,145.68486,145.79169,145.77655,145.61919,145.6112,145.59724,145.48431,145.30673,145.05519,144.84053,145.23274,145.22159,145.1949,145.16367,145.17249,145.17729,145.17949,145.19359,145.17911,145.22437,145.0786,145.03383,143.33932,143.33932,143.30746,143.16924,142.93541,143.2989,143.39201,143.39674,143.39684,143.39706,143.69254,143.39072,143.46585,143.46622,143.46895,143.4391,143.4161,143.50505,143.49911,143.56274,143.6569,143.65659,143.6554,143.68237,143.68224,143.69855,143.66032,143.66031,143.62837,143.62834,143.595,144.29451,143.54137,143.77612,143.82257,144.16313,144.32376,144.70074,144.86958,145.06665,145.00143,145.04129,145.2005,145.59166,146.0823,146.26747,146.3642,146.49065,146.55894,146.65015,146.78433,146.8779,147.1269,146.88383,146.89607,146.98445,147.37538,147.61989,147.64433,147.62903,147.5712,147.7169,146.48082,146.4805,145.61775,147.65953,147.72049,147.8052,148.11438,148.08409,148.04123,147.90372,148.186,148.43315,148.84555,149.03731,149.06075,149.58379,149.214,149.3018,149.40303,149.74951,149.86989,149.89406,143.01723,142.78917,142.73334,142.67339,142.69937,142.69937,142.77988,142.75648,142.65137,142.65132,142.65121,142.65114,142.65092,142.62381,142.62366,142.6232,142.55815,146.39293,146.39795,143.75522,143.69815,143.78827,143.99698,143.91533,143.89018,143.88708,143.88542,143.6404,143.9637,143.67957,143.3727,145.19362,145.18314,145.00066,146.76178,146.76015,142.86414,142.91661,143.55481,143.66147,143.46684,143.60756,143.58821,143.49667,143.40485,144.0261,144.13565,144.18842,145.77739,145.76456,145.75389,145.75137,145.71025,145.71234,145.73341,145.75319,145.71088,145.67436,142.53001,145.18182,145.18138,143.96849,143.88274,143.88025,143.80247,143.77473,143.6481,143.28687,143.84367,141.7959,141.78078,141.77832,141.77133,141.77124,141.81892,141.77124,142.56102,143.45259,145.20288,145.75894,143.86577,144.17387,145.75894,144.02061,144.09253,142.53065
52200,146.9918,146.5473,146.01398,146.01329,146.01329,145.84993,145.644,145.337,145.25616,145.01918,144.89862,145.11804,145.02008,144.92279,144.86908,144.78828,144.80405,144.80467,147.36902,144.49464,144.4946,144.24863,144.60791,144.35176,144.20149,143.81242,143.77312,143.86473,143.6717,143.66133,143.64621,143.6598,143.61351,143.57217,143.62897,143.51314,143.50928,143.53238,143.48126,143.46211,143.4363,143.4363,143.43933,143.39233,143.44244,143.47838,143.44385,143.46896,143.46794,143.45297,143.47739,143.52715,143.39926,143.39275,143.39275,143.38979,143.3763,143.37663,143.37663,143.38539,143.41287,143.58925,143.75769,143.78513,143.50984,143.3833,143.45676,143.45804,143.47,143.4757,143.4399,143.4375,143.43492,143.43834,143.47165,143.47134,143.36978,143.3636,143.36214,143.3609,143.36029,143.79346,143.79521,143.79636,143.81055,143.85097,143.39214,143.91069,143.99553,144.00757,143.9793,143.92577,143.90015,143.88467,143.87384,143.86966,143.87033,143.87039,143.8764,143.90346,143.84143,143.87224,143.89671,143.89185,143.76958,143.88797,143.89664,143.42448,142.94084,142.8642,142.08478,142.99452,143.08766,143.20137,143.39867,143.57887,143.7132,143.79156,143.8039,143.84167,143.84264,143.8442,143.54565,143.43259,143.3324,143.32237,143.71112,143.71211,144.0982,144.09752,144.21129,144.59334,144.59306,144.70111,145.47981,146.35193,146.75041,146.81836,146.81938,146.75009,146.46532,145.5378,145.53778,145.55461,145.58154,145.59421,145.59386,145.6085,145.71535,145.7002,145.54283,145.53485,145.52089,145.40796,145.23038,144.97884,144.76418,145.1564,145.14525,145.11855,145.08733,145.09615,145.10094,145.10312,145.11725,145.10275,145.14801,145.00224,144.95747,143.263,143.263,143.23117,143.09293,142.8591,143.2226,143.31572,143.32047,143.32054,143.32077,143.61626,143.31442,143.38956,143.38992,143.39264,143.36281,143.33981,143.42876,143.42282,143.48645,143.58061,143.58029,143.5791,143.60608,143.60594,143.62225,143.58405,143.58401,143.55208,143.55206,143.5187,144.21822,143.46507,143.69983,143.74628,144.08684,144.24747,144.62445,144.79329,144.99036,144.92514,144.965,145.1242,145.51537,146.00603,146.19118,146.2879,146.41435,146.48265,146.57385,146.70804,146.8016,147.05063,146.80754,146.81978,146.90817,147.29909,147.5436,147.56804,147.55273,147.4949,147.64061,146.40453,146.40422,145.54146,147.58324,147.6442,147.72891,148.03809,148.0078,147.96494,147.82742,148.10971,148.35686,148.76926,148.96101,148.98445,149.50749,149.13771,149.22551,149.32674,149.67323,149.7936,149.81776,142.94096,142.7129,142.65707,142.59714,142.62311,142.62311,142.70366,142.68025,142.57516,142.57512,142.57501,142.57492,142.5747,142.54762,142.54744,142.547,142.48195,146.31664,146.32167,143.67888,143.62181,143.71193,143.92068,143.83904,143.81389,143.81079,143.80914,143.5641,143.88734,143.60321,143.29642,145.11726,145.10684,144.92436,146.68549,146.68385,142.78789,142.84038,143.47852,143.58517,143.3905,143.53127,143.51192,143.42036,143.32854,143.9498,144.05934,144.11212,145.70102,145.6882,145.67754,145.67502,145.6339,145.636,145.65706,145.67683,145.63452,145.59802,142.45383,145.10553,145.10509,143.89221,143.80644,143.80396,143.72618,143.69844,143.57181,143.21057,143.76738,141.7196,141.70448,141.70203,141.69504,141.69495,141.7426,141.69495,142.48482,143.3763,145.12653,145.68259,143.78947,144.09752,145.68259,143.94426,144.01616,142.45445
54000,147.48424,147.09753,146.63358,146.6331,146.6331,146.48936,146.3083,146.0384,145.96721,145.75885,145.6538,145.84499,145.75798,145.67084,145.62256,145.54953,145.57098,145.5738,148.14975,145.2958,145.29579,145.07286,145.3982,145.11458,144.96341,144.56258,144.52153,144.62137,144.4117,144.40501,144.39699,144.4299,144.39897,144.37102,144.36266,144.2024,144.1836,144.1967,144.09535,144.0896,144.0515,144.0515,144.03867,144.0063,144.03842,144.07437,144.03885,144.05687,144.04543,144.01065,144.02652,144.0763,143.93457,143.93016,143.93016,143.92816,143.88751,143.88585,143.88585,143.8858,143.8889,143.9603,144.03276,144.04498,143.94252,143.89157,143.98851,143.98775,143.98785,143.97404,144.00337,144.00337,144.00337,144.00679,143.96387,143.94519,143.85977,143.8556,143.85461,143.85378,143.85336,144.1295,144.13068,144.13345,144.15063,144.20277,143.92189,144.26538,144.34534,144.35612,144.3175,144.24358,144.20845,144.18481,144.15872,144.14401,144.13695,144.1363,144.14871,144.20308,144.17696,144.2161,144.24127,144.24155,144.14958,144.26378,144.2894,143.86772,143.54897,143.49918,142.99435,143.58374,143.64445,143.71889,143.84831,143.90607,143.93849,143.94626,143.94753,143.95158,144.01765,144.07088,143.93513,143.91405,143.9013,143.89935,143.93823,143.93835,144.47412,144.47366,144.61519,145.05934,145.05916,145.18065,146.03458,146.89462,147.28436,147.35016,147.35114,147.28415,147.00801,146.10863,146.10861,146.12994,146.16397,146.17992,146.17967,146.19731,146.31259,146.29843,146.13707,146.1292,146.11472,145.99721,145.81177,145.5143,145.25722,145.73984,145.729,145.70271,145.66899,145.67921,145.68454,145.68752,145.70146,145.68604,145.73128,145.57428,145.5218,143.86835,143.86835,143.85187,143.7598,143.60173,143.84746,143.94652,143.95155,143.9517,143.95209,144.24756,143.9462,144.05992,144.06038,144.0627,143.99034,143.96945,144.13145,144.12744,144.20593,144.37714,144.37715,144.37634,144.4206,144.42049,144.4422,144.37251,144.3725,144.31337,144.31335,144.24863,144.94814,144.17105,144.57262,144.64935,145.15482,145.3696,145.87366,146.09943,146.35072,146.28436,146.34042,146.5531,146.9782,147.55136,147.77435,147.87523,148.01707,148.09332,148.18875,148.3274,148.42288,148.67189,148.4291,148.44176,148.53178,148.92271,149.1934,149.21808,149.20013,149.13026,149.27597,147.96635,147.96613,146.9898,149.23683,149.29926,149.38742,149.7072,149.67683,149.63268,149.48997,149.77994,150.0302,150.44717,150.64081,150.66443,151.18748,150.82138,150.91084,151.01349,151.36316,151.48407,151.50824,143.44897,143.29482,143.25706,143.21654,143.2341,143.23409,142.95364,142.90288,142.67404,142.674,142.67393,142.67387,142.67374,142.61201,142.61191,142.61159,142.44019,147.87639,147.88142,144.05334,143.99445,144.07956,144.77342,144.73953,144.7295,144.72937,144.73207,144.28157,144.2425,143.97209,143.9267,145.70184,146.54135,146.28488,148.29987,148.29875,143.21378,143.24925,144.12987,144.38965,143.91428,144.23541,144.2024,144.05156,143.91031,144.70818,144.81961,144.8731,146.29898,146.2862,146.27545,146.27287,146.23225,146.23439,146.2559,146.27548,146.23254,146.18861,142.37827,146.54047,146.54018,144.88531,144.72937,144.77505,144.74715,144.72841,144.64279,144.39857,144.78836,143.39061,143.3804,143.37872,143.37401,143.37395,142.75485,143.37395,142.44305,143.99524,145.71036,146.28053,144.7214,144.47366,146.28053,143.94464,143.93979,142.37827
55800,147.4978,147.1111,146.64714,146.64667,146.64667,146.50291,146.32185,146.05196,145.98076,145.77242,145.66734,145.85854,145.77155,145.68439,145.63612,145.5631,145.58453,145.58736,148.1633,145.30931,145.30928,145.08632,145.41173,145.12822,144.97708,144.57632,144.53528,144.6351,144.42549,144.41878,144.4107,144.44353,144.4125,144.38455,144.37645,144.21635,144.19768,144.21088,144.10982,144.10393,144.06572,144.06572,144.05318,144.02046,144.05298,144.08891,144.0534,144.07156,144.06023,144.02582,144.04176,144.09154,143.95015,143.94574,143.94574,143.94374,143.90344,143.90182,143.90182,143.9018,143.90498,143.97675,144.04956,144.06183,143.95871,143.9075,144.0039,144.00316,144.00328,143.98967,144.0183,144.01828,144.01828,144.0217,143.97957,143.9612,143.87585,143.87167,143.87068,143.86986,143.86945,144.14644,144.14763,144.15039,144.16757,144.21971,143.93753,144.28232,144.36226,144.37305,144.33444,144.26051,144.22539,144.20175,144.17566,144.16095,144.1539,144.15324,144.16566,144.22,144.19386,144.23302,144.25818,144.25845,144.16641,144.28062,144.30623,143.88434,143.56537,143.51549,143.01033,143.6,143.6607,143.73509,143.86449,143.92273,143.95532,143.96335,143.96466,143.96883,144.03474,144.08784,143.95158,143.92964,143.91629,143.91425,143.95505,143.95517,144.49103,144.49057,144.63211,145.07625,145.07607,145.19757,146.05148,146.91153,147.30125,147.36707,147.36804,147.30104,147.02492,146.12553,146.12552,146.14685,146.18086,146.19682,146.19656,146.21422,146.32948,146.31534,146.15398,146.14609,146.1316,146.0141,145.82866,145.5312,145.27412,145.75673,145.7459,145.7196,145.68588,145.69609,145.70143,145.7044,145.71835,145.70291,145.74817,145.59116,145.5387,143.88292,143.88292,143.86626,143.77414,143.61607,143.8618,143.95938,143.96436,143.96448,143.96478,144.26027,143.95872,144.07292,144.0735,144.07597,144.00404,143.98267,144.14493,144.14091,144.21954,144.39053,144.39055,144.38974,144.43373,144.43364,144.45525,144.38542,144.3854,144.32616,144.32614,144.26129,144.9608,144.18361,144.58574,144.6625,145.16801,145.3828,145.88686,146.11263,146.36392,146.29756,146.35362,146.5663,146.99141,147.56456,147.78755,147.88844,148.03027,148.10652,148.20195,148.34059,148.43608,148.68509,148.4423,148.45496,148.545,148.93591,149.2066,149.23128,149.21333,149.14346,149.28917,147.97955,147.97934,147.003,149.25003,149.31245,149.40062,149.7204,149.69003,149.64587,149.50317,149.79314,150.0434,150.46037,150.654,150.67763,151.20068,150.83458,150.92404,151.02669,151.37636,151.49727,151.52144,143.4579,143.30373,143.26598,143.22545,143.24301,143.24301,142.95767,142.90637,142.67522,142.67517,142.67511,142.67505,142.6749,142.61255,142.61243,142.61214,142.43878,147.8896,147.89462,144.07016,144.01122,144.09639,144.7868,144.75282,144.74278,144.74263,144.74533,144.29541,144.2594,143.98885,143.93881,145.71872,146.55455,146.29808,148.31306,148.31197,143.22078,143.25626,144.14407,144.40295,143.92978,144.24928,144.21635,144.06575,143.9251,144.7219,144.8333,144.88678,146.31589,146.30309,146.29234,146.28978,146.24915,146.25128,146.27281,146.29237,146.24944,146.2055,142.37627,146.55367,146.55338,144.89851,144.74263,144.78828,144.76036,144.74161,144.656,144.41179,144.80157,143.40382,143.3936,143.39194,143.38722,143.38716,142.77097,143.38716,142.44167,144.00926,145.72725,146.29744,144.73462,144.49057,146.29744,143.96223,143.95761,142.37627
57600,147.42252,147.03581,146.57185,146.57146,146.57146,146.42682,146.24475,145.97334,145.90169,145.69101,145.58398,145.77902,145.69156,145.60358,145.55473,145.48096,145.4994,145.5012,148.06557,145.2093,145.20929,144.97366,145.3191,145.05804,144.91068,144.51694,144.47719,144.57654,144.36833,144.35995,144.34839,144.36952,144.33261,144.30855,144.3226,144.1811,144.16733,144.1812,144.09573,144.08827,144.05276,144.05276,144.04605,144.01,144.04608,144.082,144.04657,144.06482,144.05632,144.03247,144.04941,144.09918,143.97084,143.96706,143.96706,143.96533,143.93361,143.93257,143.93257,143.93259,143.93623,144.0019,144.06798,144.07906,143.98122,143.93628,144.01266,144.01122,144.01106,143.99924,144.01903,144.01898,144.01898,144.0224,143.99211,143.98125,143.91116,143.90756,143.90671,143.906,143.90564,144.16425,144.16527,144.168,144.18393,144.23225,143.95842,144.28911,144.36087,144.3705,144.33472,144.26614,144.23404,144.21231,144.1877,144.17358,144.16588,144.16516,144.17688,144.22815,144.20564,144.24165,144.26434,144.26466,144.18147,144.28505,144.30827,143.9213,143.64235,143.59778,143.15834,143.66884,143.72,143.78285,143.89232,143.94736,143.97243,143.98048,143.9818,143.98595,144.0508,144.10274,143.96724,143.94183,143.92401,143.92123,143.97212,143.97226,144.47942,144.47902,144.60915,145.015,145.01483,145.1255,145.9059,146.75731,147.14162,147.2063,147.20726,147.14143,146.8707,145.9659,145.9659,145.9832,146.01079,146.02373,146.02351,146.03787,146.1355,146.12317,145.9826,145.97536,145.96217,145.85791,145.6933,145.42583,145.19446,145.62996,145.62038,145.59709,145.56703,145.57654,145.58144,145.58408,145.59633,145.58405,145.6293,145.48137,145.43321,143.89061,143.89061,143.87424,143.79439,143.65828,143.86986,143.93835,143.94183,143.94182,143.94182,144.23729,143.93318,144.03447,144.03761,144.04337,143.98799,143.96327,144.10551,144.10207,144.17183,144.30211,144.30199,144.30128,144.31992,144.31984,144.33061,144.27783,144.27782,144.23311,144.2331,144.18437,144.88388,144.11853,144.42206,144.47601,144.74939,144.85986,145.11911,145.23524,145.369,145.34822,145.38126,145.50963,145.74654,146.07703,146.28175,146.3731,146.52019,146.59912,146.69597,146.83609,146.93222,147.18123,146.93854,146.95131,147.04192,147.43283,146.94087,146.93723,146.84811,146.64088,146.64088,146.18748,146.1873,145.68791,146.91032,147.00163,147.09521,147.43379,147.40489,147.3626,147.22574,147.5069,147.75818,148.17668,148.37094,148.39462,148.91766,148.5528,148.6428,148.74591,149.09663,149.21774,149.24191,143.45247,143.31972,143.28722,143.25233,143.26746,143.26744,142.95692,142.90596,142.67613,142.67612,142.67606,142.676,142.67587,142.61366,142.61357,142.61331,142.43837,146.17848,146.18352,144.09312,144.03818,144.11743,144.6553,144.58992,144.56935,144.56493,144.56006,144.24783,144.26566,144.01682,143.90854,145.59633,145.49951,145.34494,146.5507,146.54976,143.22305,143.2536,144.12204,144.30579,143.94128,144.20761,144.18048,144.05066,143.92993,144.66144,144.77034,144.82257,146.12364,146.11247,146.10309,146.10083,146.0659,146.06789,146.08649,146.10335,146.0664,146.02968,142.37534,145.49876,145.49849,144.61021,144.55736,144.55817,144.54152,144.52539,144.45168,144.24141,144.58273,143.37354,143.36475,143.36331,143.35924,143.35919,142.95433,143.35919,142.44124,143.99739,145.60413,146.10753,144.53598,144.47902,146.10753,143.97949,143.97496,142.37534
59400,147.43585,147.04915,146.58519,146.58478,146.58478,146.44016,146.25809,145.98668,145.91502,145.70435,145.59732,145.79236,145.70488,145.61691,145.56807,145.4943,145.51273,145.51453,148.07887,145.2226,145.22256,144.98691,145.33241,145.07144,144.92412,144.53043,144.49069,144.59003,144.38185,144.37346,144.36186,144.3829,144.34586,144.3218,144.33615,144.19482,144.18115,144.1951,144.10994,144.10236,144.0668,144.0668,144.06029,144.02385,144.0603,144.09625,144.06084,144.07921,144.07079,144.04723,144.06424,144.114,143.98596,143.98218,143.98218,143.98044,143.94902,143.94801,143.94801,143.94803,143.95178,144.01779,144.08418,144.09532,143.9968,143.95168,144.02763,144.0262,144.02606,144.0144,144.03357,144.03352,144.03352,144.03694,144.00739,143.9968,143.92671,143.92311,143.92226,143.92154,143.92117,144.1806,144.18163,144.18434,144.20027,144.24861,143.97357,144.30545,144.37721,144.38684,144.35106,144.28249,144.25038,144.22865,144.20404,144.18994,144.18224,144.18153,144.19325,144.2445,144.22197,144.25798,144.28069,144.281,144.19774,144.30135,144.32454,143.93738,143.6582,143.61354,143.17377,143.68456,143.7357,143.79852,143.90796,143.96347,143.9887,143.997,143.99835,144.00261,144.06729,144.11911,143.98311,143.95694,143.93845,143.93558,143.98837,143.98853,144.49574,144.49536,144.62549,145.03133,145.03117,145.14185,145.92223,146.77364,147.15794,147.22263,147.22359,147.15776,146.88702,145.98222,145.98222,145.99951,146.0271,146.04004,146.03983,146.0542,146.15181,146.13948,145.99893,145.99168,145.9785,145.87422,145.70963,145.44215,145.21078,145.64627,145.63669,145.61339,145.58334,145.59285,145.59776,145.60039,145.61263,145.60036,145.64561,145.49767,145.44952,143.90465,143.90465,143.8881,143.80821,143.6721,143.88368,143.95096,143.95438,143.95436,143.95435,144.24982,143.94554,144.04716,144.05048,144.05644,144.00136,143.97621,144.11874,144.1153,144.18517,144.31519,144.31508,144.31438,144.3328,144.33272,144.3434,144.29051,144.2905,144.24567,144.24567,144.19682,144.89633,144.13087,144.4349,144.4889,144.76231,144.87277,145.13203,145.24815,145.38191,145.36115,145.39417,145.52254,145.75945,146.08994,146.29468,146.386,146.5331,146.61205,146.7089,146.84901,146.94513,147.19415,146.95145,146.96423,147.05482,147.44574,146.9538,146.95015,146.86102,146.6538,146.6538,146.20041,146.20023,145.70084,146.92323,147.01456,147.10812,147.4467,147.41782,147.37552,147.23866,147.51982,147.7711,148.1896,148.38385,148.40753,148.93059,148.56572,148.65572,148.75883,149.10956,149.23065,149.25482,143.46158,143.32884,143.29634,143.26144,143.27657,143.27657,142.96164,142.9102,142.67828,142.67825,142.67819,142.67815,142.67802,142.61523,142.61514,142.61488,142.43817,146.1914,146.19644,144.10938,144.0544,144.13371,144.66849,144.603,144.58238,144.57794,144.57304,144.2614,144.28198,144.03302,143.92049,145.61266,145.51244,145.35785,146.56363,146.56267,143.23045,143.261,144.13599,144.3188,143.95625,144.22122,144.19415,144.0645,143.94421,144.67493,144.7838,144.83601,146.13997,146.1288,146.1194,146.11714,146.08221,146.0842,146.10281,146.11967,146.08273,146.04599,142.3746,145.51167,145.51141,144.62314,144.57034,144.57109,144.55446,144.53831,144.4646,144.25433,144.59566,143.38647,143.37767,143.37624,143.37218,143.37213,142.96991,143.37213,142.44104,144.0111,145.62042,146.12384,144.54892,144.49536,146.12384,143.99644,143.99211,142.3746
61200,146.63277,146.24606,145.7821,145.78168,145.78168,145.6375,145.45595,145.18532,145.11389,144.90321,144.79523,144.99217,144.90544,144.81842,144.77017,144.69754,144.70998,144.7105,147.27484,144.39343,144.3934,144.13744,144.5137,144.3146,144.1817,143.8283,143.7954,143.88205,143.7012,143.68178,143.64635,143.64613,143.55829,143.53224,143.6638,143.60031,143.60454,143.64635,143.63867,143.59402,143.57268,143.57268,143.59053,143.50148,143.5989,143.63484,143.60272,143.63889,143.64342,143.66315,143.69049,143.74026,143.66368,143.65959,143.65959,143.65771,143.67436,143.68813,143.68813,143.73883,143.82245,144.06473,144.28091,144.31471,143.9109,143.69046,143.67102,143.6695,143.66934,143.6792,143.6036,143.60103,143.5981,143.6015,143.68047,143.71277,143.7953,143.79143,143.7905,143.78973,143.78934,144.63086,144.63197,144.6325,144.64056,144.66777,143.6638,144.70702,144.76216,144.76994,144.73633,144.672,144.672,144.6724,144.67802,144.68568,144.71281,144.58102,144.59138,144.63687,144.56198,144.59825,144.62161,144.60963,144.44283,144.5874,144.5882,143.89816,143.51796,143.43855,142.88095,143.49042,143.52971,143.57991,143.6696,143.89825,143.92244,143.97894,143.98782,144.01498,144.22533,144.38844,143.7639,143.65991,143.47057,143.45276,143.92006,143.92122,144.87129,144.87086,144.99301,145.3792,145.37903,145.48508,146.24011,147.08432,147.46507,147.52928,147.53024,147.46487,147.19771,146.29604,146.29604,146.31218,146.33795,146.35005,146.34982,146.36337,146.45895,146.4464,146.30582,146.29834,146.28497,146.18016,146.0148,145.76479,145.54915,145.94821,145.93817,145.91376,145.88248,145.89218,145.89722,145.89993,145.91281,145.89938,145.94464,145.79391,145.74455,143.38712,143.38712,143.35138,143.25995,143.11269,143.3416,143.34587,143.34608,143.34378,143.33917,143.63466,143.31834,143.35637,143.38606,143.4187,143.41882,143.38013,143.43466,143.43092,143.46474,143.46477,143.45833,143.45757,143.40697,143.40686,143.39851,143.39333,143.39331,143.38919,143.38916,143.3855,144.085,143.3616,143.3998,143.40077,143.41373,143.42848,143.46307,143.47856,143.502,143.49234,143.49538,143.51189,143.59781,143.68758,143.72334,143.75156,143.78375,143.80138,143.82895,143.87074,143.8871,143.8871,143.8954,143.91212,144.03008,144.421,144.0415,144.04088,144.0056,143.9278,143.9278,143.76044,143.76025,143.59691,144.02815,144.0711,144.1156,144.27846,144.26353,144.24287,144.17691,144.31503,144.44145,144.65257,144.75084,144.76286,145.2859,144.76219,144.76196,144.7618,144.76154,144.76152,144.76152,142.9585,142.81488,142.77971,142.74196,142.75832,142.75832,142.6837,142.65594,142.531,142.53098,142.53091,142.53087,142.53073,142.49759,142.49747,142.4972,142.40991,143.75783,143.76286,144.31271,144.2036,144.37735,143.79132,143.6127,143.55403,143.5264,143.47293,143.59442,144.59612,144.15456,143.27652,145.91295,143.50096,143.48506,143.83798,143.83696,142.81247,142.8455,143.59631,143.42702,143.56752,143.57365,143.56712,143.51007,143.45459,143.95804,144.05565,144.10252,146.44693,146.43568,146.42624,146.424,146.38899,146.39104,146.4096,146.42651,146.38966,146.35457,142.37447,143.50014,143.49986,143.39853,143.47023,143.375,143.15865,143.14117,143.06143,142.83394,143.15865,141.89497,141.88544,141.8839,141.87949,141.87944,142.69714,141.87944,142.41278,143.46877,145.92104,146.43073,143.40652,144.87086,146.43073,144.01138,144.00885,142.37483
63000,146.62184,146.23514,145.7712,145.77075,145.77075,145.62657,145.44502,145.1744,145.10298,144.89229,144.78429,144.98125,144.89453,144.80751,144.75926,144.68665,144.699,144.69954,147.26389,144.38217,144.38214,144.12593,144.50256,144.3041,144.17133,143.81825,143.78548,143.87201,143.69142,143.6717,143.63567,143.6354,143.54663,143.52058,143.65392,143.5911,143.59573,143.63838,143.63147,143.58568,143.56429,143.56429,143.58287,143.49155,143.59154,143.62747,143.59538,143.63184,143.63676,143.65804,143.6857,143.73547,143.65887,143.65477,143.65477,143.6529,143.67067,143.68497,143.68497,143.73723,143.82294,144.06888,144.28807,144.32231,143.91263,143.68759,143.66663,143.66515,143.66501,143.6757,143.59654,143.5939,143.5909,143.5943,143.67706,143.71042,143.7958,143.7919,143.79099,143.7902,143.78983,144.63924,144.64034,144.64087,144.64893,144.67612,143.65974,144.71536,144.7705,144.77827,144.74466,144.68034,144.68034,144.68076,144.68642,144.69409,144.72125,144.58948,144.59982,144.64525,144.5701,144.60635,144.6297,144.61763,144.45049,144.59515,144.59593,143.90451,143.5215,143.44093,142.87994,143.49223,143.53117,143.58096,143.66997,143.9047,143.93011,143.98875,143.99796,144.02612,144.235,144.39702,143.76567,143.65851,143.46101,143.44257,143.92764,143.92885,144.87961,144.87918,145.00131,145.38747,145.3873,145.49333,146.24832,147.09253,147.47328,147.53749,147.53845,147.47307,147.20592,146.30423,146.30423,146.32037,146.34615,146.35823,146.358,146.37157,146.46713,146.45459,146.314,146.30652,146.29315,146.18832,146.02295,145.77298,145.55739,145.95634,145.9463,145.92189,145.8906,145.9003,145.90533,145.90807,145.92094,145.9075,145.95277,145.80202,145.75262,143.37497,143.37497,143.33812,143.2464,143.09914,143.32805,143.33093,143.33109,143.32854,143.32343,143.6189,143.30168,143.34016,143.37155,143.40582,143.40605,143.3662,143.4218,143.41806,143.45189,143.4519,143.44531,143.44456,143.39192,143.39183,143.38301,143.37753,143.37753,143.37315,143.37315,143.36923,144.06874,143.34497,143.38435,143.38538,143.39836,143.4131,143.4477,143.4632,143.48662,143.47697,143.48001,143.49652,143.58243,143.67221,143.70798,143.73618,143.76839,143.78601,143.81358,143.85536,143.87172,143.87172,143.88004,143.89676,144.0147,144.40562,144.02614,144.02551,143.99022,143.91241,143.91241,143.74507,143.74487,143.58154,144.01279,144.05573,144.10022,144.26308,144.24817,144.2275,144.16154,144.29965,144.42607,144.6372,144.73546,144.74748,145.27052,144.74683,144.74658,144.74643,144.74615,144.74614,144.74614,142.9309,142.78726,142.7521,142.71436,142.73071,142.73071,142.64302,142.61389,142.4828,142.48277,142.48271,142.48265,142.48251,142.44766,142.44756,142.44728,142.35503,143.74246,143.74748,144.32025,144.21094,144.38507,143.77948,143.59949,143.54034,143.51237,143.4582,143.5838,144.60402,144.16179,143.2582,145.92107,143.48558,143.46968,143.82262,143.82158,142.77971,142.81276,143.5878,143.41293,143.56131,143.56306,143.55664,143.49965,143.44432,143.94792,144.04541,144.09222,146.45511,146.44388,146.43443,146.43217,146.39717,146.39923,146.41779,146.4347,146.39784,146.36276,142.31796,143.48477,143.48448,143.38316,143.4555,143.35968,143.14333,143.12585,143.04611,142.8186,143.14333,141.87964,141.87012,141.86858,141.86417,141.86412,142.69756,141.86412,142.3579,143.45795,145.92915,146.43889,143.39127,144.87918,146.43889,144.02333,144.02136,142.3183
64800,146.2161,145.82939,145.36545,145.36493,145.36493,145.22183,145.04155,144.7728,144.70197,144.49348,144.38684,144.58116,144.49532,144.40964,144.36224,144.29097,144.30292,144.30347,146.87943,143.98724,143.98723,143.73344,144.1057,143.9173,143.78824,143.4489,143.41803,143.49878,143.33014,143.30786,143.26697,143.26543,143.16977,143.13867,143.2922,143.2389,143.24858,143.29881,143.29814,143.24374,143.22632,143.22632,143.25702,143.15372,143.27101,143.30696,143.27097,143.30249,143.31262,143.35005,143.38457,143.43433,143.35461,143.3497,143.3497,143.34747,143.3782,143.39938,143.39938,143.47348,143.59149,143.91196,144.19585,144.24004,143.71191,143.40707,143.37338,143.37338,143.3758,143.40324,143.2784,143.27525,143.27168,143.27509,143.40536,143.4504,143.5591,143.55444,143.55334,143.55241,143.55197,144.55928,144.5606,144.56117,144.57051,144.60034,143.36693,144.64471,144.70795,144.71693,144.68192,144.61502,144.6148,144.61493,144.61986,144.62717,144.65607,144.52528,144.53542,144.58005,144.49263,144.53139,144.5572,144.54335,144.3587,144.51813,144.51904,143.78143,143.30359,143.19936,142.50383,143.25716,143.30139,143.3583,143.46048,143.79625,143.85898,143.95793,143.9734,144.02061,144.19768,144.33614,143.58844,143.42769,143.13315,143.10912,143.85522,143.85706,144.82353,144.82301,144.95251,145.36696,145.36676,145.48123,146.29453,147.12785,147.50354,147.5672,147.56815,147.5033,147.24124,146.3635,146.36348,146.38339,146.41516,146.43008,146.4298,146.44647,146.55922,146.54478,146.3841,146.37608,146.36156,146.24452,146.05994,145.78648,145.55106,145.98476,145.97346,145.94608,145.91148,145.92172,145.92712,145.93008,145.94466,145.92834,145.9736,145.81512,145.76234,143.02823,143.02823,142.98416,142.87457,142.6987,142.97209,142.97545,142.97562,142.97308,142.96803,143.2635,142.94643,142.96869,143.00525,143.04527,143.05223,143.0114,143.0527,143.04823,143.07625,143.07025,143.06236,143.06146,142.99806,142.99796,142.98729,142.9863,142.98628,142.98563,142.98561,142.98532,143.68483,142.9687,142.9868,142.98666,142.9777,142.98613,143.00592,143.01479,143.03075,143.02316,143.02455,143.03441,143.1109,143.18636,143.21565,143.24301,143.27199,143.28795,143.31454,143.35527,143.37126,143.37126,143.37944,143.39597,143.5131,143.90402,143.51889,143.5182,143.4842,143.41145,143.41145,143.25581,143.25557,143.11148,143.5047,143.54713,143.59059,143.75024,143.73535,143.71507,143.65062,143.78648,143.91197,144.12172,144.21942,144.23138,144.75443,144.23059,144.2303,144.2301,144.22981,144.22978,144.22978,142.6368,142.46527,142.42328,142.37819,142.39774,142.39774,142.45634,142.43854,142.35858,142.35855,142.35847,142.35841,142.35825,142.33762,142.3375,142.33716,142.28754,143.2534,143.25842,144.21748,144.1005,144.28772,143.39192,143.19975,143.13687,143.10889,143.05527,143.22113,144.52777,144.04906,142.90572,145.94511,143.02135,143.01303,143.32365,143.32242,142.52089,142.56036,143.24399,143.0234,143.26341,143.20279,143.19844,143.15274,143.10988,143.572,143.66623,143.71155,146.54541,146.53258,146.5218,146.51926,146.47852,146.48067,146.50209,146.52171,146.47894,146.43716,142.26462,143.02037,143.02003,142.97012,143.05257,142.94621,142.68782,142.66696,142.57172,142.30002,142.68782,141.17863,141.16727,141.16542,141.16016,141.1601,142.2963,141.1601,142.2904,143.1158,145.95398,146.52692,142.98898,144.82301,146.52692,144.02748,144.03229,142.26544
66600,146.16864,145.78194,145.31798,145.31744,145.31744,145.17436,144.99408,144.72534,144.65448,144.446,144.33934,144.5337,144.44786,144.36218,144.31479,144.24353,144.2554,144.25594,146.83188,143.93936,143.93933,143.68527,144.05797,143.87033,143.74142,143.40248,143.37175,143.45238,143.28404,143.2614,143.21976,143.21805,143.12126,143.09016,143.24586,143.19315,143.20334,143.25443,143.254,143.19875,143.18138,143.18138,143.2131,143.10739,143.2276,143.26353,143.2273,143.2589,143.26962,143.30931,143.34425,143.39403,143.31464,143.30974,143.30974,143.30751,143.33992,143.36185,143.36185,143.43799,143.55872,143.88374,144.17142,144.21617,143.68045,143.36969,143.33345,143.33345,143.33595,143.36462,143.23535,143.23213,143.22847,143.23189,143.3669,143.41338,143.5263,143.52167,143.52057,143.51964,143.51918,144.53629,144.53761,144.5382,144.5475,144.57733,143.32745,144.62169,144.68492,144.69391,144.65889,144.59201,144.5918,144.59192,144.59688,144.6042,144.6332,144.50244,144.51254,144.55708,144.46922,144.50793,144.53372,144.51973,144.33452,144.49406,144.49493,143.75491,143.27365,143.16808,142.46814,143.22539,143.26929,143.32584,143.42743,143.77028,143.83476,143.93643,143.95232,144.00081,144.17625,144.3135,143.55673,143.39172,143.08705,143.0623,143.8309,143.83278,144.80048,144.79996,144.92943,145.34381,145.3436,145.45807,146.27126,147.1046,147.48027,147.54393,147.54489,147.48003,147.21799,146.34021,146.34021,146.3601,146.39188,146.40678,146.40651,146.42317,146.53592,146.52148,146.36078,146.35277,146.33824,146.22118,146.03659,145.76321,145.52786,145.96136,145.95007,145.92268,145.88806,145.8983,145.90372,145.90668,145.92125,145.90492,145.95018,145.79166,145.73885,142.97928,142.97928,142.934,142.82408,142.64821,142.9216,142.92374,142.92384,142.92105,142.91545,143.21094,142.89293,142.9152,142.95366,142.99547,143.00287,142.96077,143.00304,142.99857,143.02676,143.0203,143.01224,143.01134,142.94574,142.94563,142.93446,142.93333,142.93332,142.93254,142.93253,142.93214,143.63167,142.91519,142.934,142.9339,142.92497,142.93341,142.9532,142.96207,142.97801,142.97044,142.97183,142.98169,143.05817,143.13364,143.16293,143.19029,143.21927,143.23523,143.26183,143.30255,143.31854,143.31854,143.32672,143.34325,143.46037,143.8513,143.46617,143.46548,143.43149,143.35873,143.35873,143.20308,143.20285,143.05876,143.45197,143.4944,143.53786,143.69753,143.68263,143.66235,143.5979,143.73376,143.85925,144.069,144.1667,144.17867,144.7017,144.17787,144.17758,144.17738,144.1771,144.17706,144.17706,142.57286,142.40134,142.35934,142.31425,142.3338,142.33379,142.38133,142.36238,142.27727,142.27722,142.27715,142.27707,142.27692,142.25488,142.25475,142.25443,142.20084,143.20068,143.2057,144.19315,144.07587,144.26366,143.34334,143.1495,143.08606,143.0577,143.00323,143.17398,144.50397,144.02425,142.8506,145.9217,142.96863,142.96031,143.27094,143.2697,142.45253,142.492,143.19896,142.97214,143.22095,143.15567,143.1514,143.1058,143.06302,143.5255,143.61958,143.66484,146.5221,146.50926,146.4985,146.49594,146.4552,146.45737,146.47879,146.49841,146.45564,146.41386,142.17657,142.96765,142.96732,142.9174,143.00055,142.89351,142.63512,142.61426,142.51903,142.24733,142.63512,141.12595,141.11456,141.11272,141.10747,141.1074,142.26234,141.1074,142.20372,143.06856,145.93059,146.5036,142.93633,144.79996,146.5036,144.0089,144.01456,142.17732
68400,145.54463,145.15794,144.69398,144.69333,144.69333,144.55173,144.37314,144.10693,144.03687,143.8314,143.7266,143.91733,143.83264,143.74873,143.70248,143.633,143.6445,143.64513,146.22107,143.33261,143.33258,143.08388,143.44756,143.2704,143.146,142.82419,142.7955,142.86894,142.71533,142.6908,142.64609,142.6426,142.54218,142.50359,142.67674,142.63109,142.64581,142.70107,142.70242,142.64388,142.63187,142.63187,142.67839,142.56757,142.70018,142.73613,142.69218,142.71393,142.72958,142.78105,142.82408,142.87386,142.78877,142.78268,142.78268,142.77992,142.82248,142.85043,142.85043,142.94704,143.09966,143.50772,143.86862,143.92473,143.25998,142.86386,142.81953,142.82133,142.83496,142.88622,142.71323,142.71002,142.70642,142.70984,142.88866,142.94264,143.05943,143.05367,143.0523,143.05116,143.05058,144.17567,144.1773,144.17769,144.18732,144.21536,142.81198,144.26173,144.33102,144.34108,144.3123,144.2577,144.25763,144.25803,144.2664,144.27776,144.32043,144.19652,144.20316,144.23286,144.11835,144.15236,144.17778,144.15677,143.95453,144.1141,144.11412,143.38754,142.79599,142.66844,141.79535,142.7449,142.80287,142.87697,143.00938,143.46802,143.61148,143.77034,143.79514,143.8706,143.96811,144.04642,143.19707,142.9582,142.55415,142.5258,143.60608,143.60872,144.43152,144.4309,144.54381,144.92006,144.9198,145.02582,145.78978,146.61009,146.97984,147.04291,147.04384,146.97954,146.72348,145.85051,145.85051,145.8681,145.89626,145.90948,145.90915,145.9243,146.03265,146.0177,145.8595,145.85152,145.83742,145.72345,145.54413,145.298,145.08769,145.46794,145.45648,145.42894,145.39583,145.40527,145.41035,145.41286,145.42749,145.41176,145.45702,145.30519,145.2569,142.43509,142.43509,142.38577,142.25128,142.033,142.37231,142.38477,142.3854,142.38379,142.38062,142.67609,142.36253,142.36732,142.4008,142.43918,142.45746,142.41887,142.44089,142.43535,142.45891,142.44235,142.43372,142.43259,142.37,142.36987,142.36035,142.36252,142.36249,142.36472,142.36469,142.36852,143.06804,142.36156,142.35112,142.34657,142.30293,142.30545,142.31136,142.31401,142.32193,142.31721,142.31735,142.32071,142.38353,142.44159,142.46326,142.48958,142.51448,142.52829,142.55357,142.5929,142.60843,142.60843,142.61641,142.63268,142.74869,143.13962,142.74644,142.74567,142.71329,142.64697,142.64697,142.50629,142.506,142.38556,142.73111,142.77286,142.81494,142.97032,142.95546,142.9357,142.87326,143.00612,143.13034,143.33823,143.43517,143.44705,143.9701,143.44608,143.44571,143.44547,143.4451,143.44505,143.44505,142.1673,141.9544,141.90228,141.84633,141.87059,141.87057,142.12444,142.12073,142.10432,142.10428,142.10419,142.1041,142.1039,142.10051,142.10036,142.09993,142.09604,142.50418,142.50922,143.8197,143.70708,143.89375,142.75146,142.54996,142.48447,142.45818,142.40898,142.60757,144.13269,143.66032,142.33159,145.42773,142.3045,142.30281,142.56253,142.561,142.09734,142.14632,142.64355,142.39389,142.70815,142.59216,142.58954,142.55666,142.52596,142.9388,143.02888,143.07233,146.01846,146.00565,145.99495,145.99242,145.9514,145.9535,145.97467,145.99442,145.95198,145.91412,142.0908,142.30328,142.30286,142.30167,142.40628,142.28056,141.95987,141.93399,141.81578,141.47856,141.95987,140.08678,140.07266,140.07036,140.06386,140.06377,141.5402,140.06377,142.09892,142.52718,145.43703,146.00002,142.34639,144.4309,146.00002,143.94385,143.9952,142.09299
70200,145.43024,145.04353,144.57957,144.57892,144.57892,144.43732,144.25874,143.99252,143.92245,143.71698,143.61215,143.80293,143.71825,143.63435,143.5881,143.51863,143.53004,143.53064,146.10658,143.21762,143.21758,142.96846,143.33276,143.1567,143.03253,142.71129,142.6828,142.75606,142.60287,142.57777,142.532,142.5281,142.42606,142.38747,142.56386,142.51877,142.53423,142.59029,142.59224,142.53261,142.52072,142.52072,142.56892,142.45486,142.59149,142.62743,142.58305,142.60489,142.62149,142.67668,142.72037,142.77014,142.68579,142.6797,142.6797,142.67693,142.72234,142.75148,142.75148,142.85138,143.00839,143.42381,143.79074,143.84776,143.17065,142.76498,142.71617,142.71803,142.73186,142.78513,142.60547,142.60217,142.59848,142.6019,142.78781,142.8442,142.96819,142.96242,142.96104,142.9599,142.95934,144.10007,144.1017,144.1021,144.1117,144.13974,142.7094,144.18608,144.25534,144.2654,144.23663,144.18207,144.182,144.1824,144.19083,144.20224,144.24503,144.12115,144.12775,144.15732,144.04181,144.07576,144.10117,144.0798,143.87627,144.03609,144.0361,143.30492,142.7082,142.57866,141.69868,142.6544,142.71191,142.78549,142.91707,143.38647,143.53285,143.69598,143.72144,143.7989,143.89455,143.9714,143.10684,142.86119,142.44157,142.41222,143.52728,143.53,144.3558,144.35516,144.46803,144.84413,144.84387,144.94984,145.71362,146.53394,146.90367,146.96674,146.96768,146.90338,146.64732,145.7743,145.7743,145.7919,145.82002,145.83325,145.8329,145.84805,145.95639,145.94142,145.78322,145.77522,145.76111,145.64713,145.46774,145.2218,145.01167,145.3915,145.38002,145.35245,145.3193,145.32875,145.33385,145.33636,145.351,145.33524,145.3805,145.22856,145.18022,142.31892,142.31892,142.26816,142.13326,141.915,142.2543,142.26408,142.26459,142.26268,142.25894,142.55441,142.23973,142.24474,142.28062,142.3213,142.3403,142.2998,142.32318,142.31763,142.3415,142.32413,142.31526,142.31415,142.2486,142.24846,142.23827,142.24019,142.24017,142.24214,142.24211,142.2456,142.94511,142.23833,142.2293,142.22487,142.18124,142.18378,142.18967,142.19232,142.20024,142.19553,142.19566,142.19902,142.26186,142.3199,142.34157,142.36789,142.39279,142.4066,142.4319,142.4712,142.48672,142.48672,142.49472,142.51097,142.62701,143.01793,142.62476,142.62398,142.5916,142.5253,142.5253,142.3846,142.38431,142.26387,142.60942,142.65117,142.69325,142.84863,142.83377,142.81401,142.75157,142.88443,143.00865,143.21654,143.31348,143.32536,143.84842,143.32439,143.32402,143.32378,143.32341,143.32338,143.32338,142.03322,141.82034,141.76822,141.71227,141.73651,141.73651,141.98264,141.97818,141.95837,141.95831,141.95824,141.95815,141.95795,141.95367,141.9535,141.9531,141.94737,142.3825,142.38753,143.74117,143.62794,143.81583,142.63545,142.43158,142.3653,142.33849,142.28818,142.49356,144.0553,143.58089,142.20686,145.35126,142.18282,142.18112,142.44086,142.43933,141.95996,142.00896,142.53218,142.27388,142.60072,142.47818,142.47566,142.443,142.41234,142.82578,142.91566,142.95901,145.9422,145.92937,145.91869,145.91615,145.87512,145.87724,145.89839,145.91814,145.87572,145.83788,141.94118,142.1816,142.18117,142.17996,142.28548,142.15889,141.8382,141.8123,141.69409,141.35689,141.8382,139.9651,139.95099,139.94868,139.94217,139.9421,141.44623,139.9421,141.95026,142.41327,145.36053,145.92375,142.22472,144.35516,145.92375,143.87688,143.93152,141.94325
72000,145.87566,145.48895,145.025,145.02446,145.02446,144.88152,144.70137,144.43286,144.36208,144.15387,144.04736,144.24141,144.15567,144.07014,144.02287,143.95177,143.9636,143.96416,146.56337,143.64554,143.64551,143.38991,143.76476,143.57964,143.45119,143.11371,143.08347,143.16338,142.99663,142.97247,142.928,142.92548,142.82439,142.79265,142.95746,142.90678,142.91907,142.97346,142.97348,142.91537,142.8986,142.8986,142.93484,142.82071,142.95152,142.98746,142.94986,142.98085,142.99399,143.04231,143.07948,143.12926,143.05061,143.04561,143.04561,143.04333,143.08228,143.10706,143.10706,143.19151,143.32365,143.67027,143.97617,144.02367,143.45273,143.1158,143.07056,143.07059,143.07416,143.1088,142.96101,142.95755,142.95358,142.957,143.11156,143.16345,143.29059,143.28584,143.28471,143.28378,143.28331,144.3397,144.34105,144.34161,144.3509,144.3804,143.0658,144.4248,144.4884,144.49747,144.46312,144.39758,144.39742,144.39757,144.40297,144.4108,144.44128,144.31137,144.32106,144.36383,144.27242,144.31053,144.33621,144.3212,144.13301,144.29291,144.29353,143.54935,143.04713,142.9352,142.2054,142.99254,143.0366,143.09348,143.19577,143.57143,143.64839,143.764,143.78207,143.8371,143.99954,144.12694,143.33406,143.1487,142.80156,142.77411,143.64403,143.64616,144.60225,144.60173,144.72935,145.13931,145.13911,145.25256,146.05952,146.88757,147.26047,147.32372,147.32466,147.26024,147.00096,146.12784,146.12784,146.14757,146.17905,146.19383,146.19356,146.21011,146.32251,146.30804,146.14761,146.13962,146.12515,146.00847,145.82451,145.55414,145.3215,145.74924,145.73793,145.71053,145.67606,145.68622,145.6916,145.69452,145.70909,145.69283,145.7381,145.58022,145.52783,142.68286,142.68286,142.63303,142.51984,142.34036,142.61935,142.61946,142.61948,142.61583,142.60852,142.904,142.58322,142.60368,142.64827,142.69592,142.70567,142.6598,142.70335,142.69879,142.72719,142.71829,142.70964,142.70872,142.63559,142.63548,142.6226,142.62141,142.62138,142.62057,142.62056,142.62015,143.31966,142.60307,142.622,142.62181,142.61006,142.61784,142.63611,142.64429,142.65941,142.6521,142.65334,142.66249,142.73781,142.81161,142.84016,142.86743,142.89604,142.9118,142.93828,142.97888,142.99484,142.99484,143.00299,143.0195,143.13652,143.52745,143.14162,143.14095,143.10709,143.03491,143.03491,142.88065,142.8804,142.73854,143.12732,143.1697,143.21303,143.3723,143.3574,143.33717,143.2729,143.40851,143.53389,143.74345,143.8411,143.85304,144.3761,143.85225,143.85194,143.85175,143.85144,143.85141,143.85141,142.2396,142.06454,142.02168,141.97568,141.99562,141.99562,142.02702,142.0059,141.91106,141.91101,141.91093,141.91087,141.9107,141.88603,141.88591,141.88557,141.8247,142.87827,142.8833,143.99188,143.87424,144.06348,143.04607,142.84543,142.77972,142.75009,142.69305,142.88278,144.30421,143.82265,142.53645,145.70953,142.64915,142.6416,142.94739,142.94614,142.10999,142.15025,142.91542,142.66548,142.94955,142.86469,142.86084,142.8164,142.77464,143.23618,143.32983,143.37491,146.30867,146.29584,146.2851,146.28253,146.24176,146.24391,146.26532,146.28496,146.2422,146.20076,141.79797,142.64816,142.64781,142.60324,142.69037,142.57957,142.31587,142.29459,142.1974,141.92012,142.31587,140.77571,140.76411,140.76222,140.75687,140.75679,142.00128,140.75679,141.82759,142.77867,145.71844,146.29019,142.62419,144.60173,146.29019,143.8539,143.86568,141.79852
73800,145.82933,145.44263,144.97865,144.97813,144.97813,144.83517,144.65504,144.38652,144.31573,144.10753,144.001,144.19508,144.10934,144.02382,143.97655,143.90544,143.91722,143.9178,146.517,143.59897,143.59892,143.34317,143.71828,143.53358,143.40523,143.06798,143.03783,143.11765,142.95107,142.9267,142.88179,142.87915,142.77745,142.74571,142.91176,142.86133,142.8739,142.92876,142.92882,142.87032,142.85358,142.85358,142.89041,142.77493,142.90736,142.9433,142.90556,142.93657,142.95007,142.99977,143.0372,143.08696,143.0086,143.00362,143.00362,143.00134,143.04132,143.06654,143.06654,143.15219,143.2859,143.63515,143.94318,143.991,143.41568,143.07532,143.02846,143.02849,143.0321,143.06749,142.91713,142.91364,142.90962,142.91304,143.07034,143.1231,143.25284,143.2481,143.24696,143.24603,143.24556,144.30753,144.30887,144.30943,144.31873,144.34822,143.02394,144.39261,144.45619,144.46526,144.43092,144.36539,144.36523,144.36539,144.3708,144.37865,144.40918,144.27927,144.28896,144.33168,144.23997,144.27806,144.30373,144.28862,144.10008,144.26006,144.26065,143.51498,143.01077,142.89809,142.16562,142.95517,142.99907,143.05576,143.15776,143.53741,143.6154,143.73259,143.7509,143.80667,143.96823,144.09497,143.29675,143.10889,142.75581,142.72797,143.61098,143.61314,144.57004,144.56952,144.69713,145.10704,145.10684,145.22028,146.02718,146.85522,147.22813,147.29137,147.29231,147.22789,146.96861,146.09549,146.09549,146.1152,146.1467,146.16147,146.1612,146.17773,146.29015,146.27567,146.11523,146.10724,146.09277,145.97607,145.79211,145.52177,145.2892,145.71681,145.70549,145.67809,145.6436,145.65378,145.65916,145.66208,145.67667,145.66039,145.70564,145.54774,145.49533,142.63535,142.63535,142.58475,142.47136,142.29187,142.57088,142.57088,142.57088,142.56706,142.5594,142.85489,142.53354,142.55405,142.59969,142.64828,142.65828,142.61179,142.65579,142.65123,142.67973,142.67055,142.66182,142.66089,142.58653,142.58641,142.57323,142.57196,142.57195,142.57106,142.57104,142.57059,143.2701,142.55331,142.57266,142.5725,142.56076,142.56854,142.58679,142.59497,142.6101,142.60278,142.60402,142.61317,142.68849,142.76231,142.79086,142.81812,142.84674,142.86249,142.88898,142.92957,142.94553,142.94553,142.95369,142.97018,143.08722,143.47813,143.09232,143.09163,143.05779,142.98561,142.98561,142.83133,142.8311,142.68922,143.07802,143.12039,143.16371,143.323,143.3081,143.28787,143.22359,143.35919,143.48457,143.69415,143.7918,143.80374,144.32678,143.80293,143.80264,143.80244,143.80214,143.80211,143.80211,142.18393,142.0089,141.96605,141.92003,141.93997,141.93996,141.96487,141.9431,141.84523,141.84517,141.84511,141.84503,141.84486,141.81937,141.81924,141.81891,141.75569,142.82896,142.83398,143.95886,143.84103,144.03064,142.9991,142.79753,142.73149,142.70166,142.64413,142.83658,144.27151,143.78935,142.48584,145.6771,142.59985,142.5923,142.89809,142.89682,142.05174,142.09203,142.87035,142.617,142.90588,142.8185,142.81468,142.77028,142.72845,143.19038,143.28398,143.32901,146.2763,146.26346,146.25272,146.25015,146.2094,146.21155,146.23294,146.25258,146.20982,146.16838,141.72818,142.59885,142.59851,142.55394,142.64145,142.53027,142.26659,142.2453,142.1481,141.87083,142.26659,140.72643,140.71481,140.71294,140.70757,140.7075,141.96252,140.7075,141.75856,142.73238,145.686,146.25781,142.57492,144.56952,146.25781,143.82446,143.83693,141.72868
75600,147.32034,146.79262,146.15944,146.15904,146.15904,145.95946,145.70842,145.33418,145.23521,144.9404,144.787,145.0675,144.94754,144.82594,144.75821,144.65651,144.66512,144.66391,147.21669,144.27243,144.27242,143.95367,144.42482,144.18036,144.01405,143.56454,143.52281,143.63687,143.39944,143.37556,143.33156,143.33145,143.22191,143.19794,143.35223,143.26694,143.27022,143.31754,143.30182,143.25253,143.22179,143.22179,143.23807,143.1188,143.24666,143.2826,143.25328,143.30159,143.3047,143.31432,143.34538,143.39516,143.31245,143.30867,143.30867,143.30695,143.31392,143.32114,143.32114,143.35172,143.4065,143.58984,143.75586,143.78206,143.48096,143.32458,143.32979,143.32948,143.33002,143.34132,143.25348,143.25,143.24594,143.24934,143.34146,143.357,143.3815,143.37791,143.37706,143.37636,143.376,143.9201,143.92113,143.92464,143.94305,143.99878,143.31615,144.06183,144.13962,144.14993,144.10835,144.02849,143.99335,143.96928,143.94098,143.92435,143.91331,143.9123,143.92583,143.98488,143.9561,143.99823,144.0236,144.0236,143.91481,144.0361,144.05568,143.54727,143.1882,143.11261,142.57764,143.16283,143.20062,143.24864,143.33414,143.5708,143.62964,143.70398,143.7156,143.75108,143.79964,143.839,143.44502,143.32002,143.0756,143.05185,143.62675,143.62816,144.27553,144.27513,144.42401,144.88258,144.88243,145.0067,145.87411,146.70741,147.08185,147.1449,147.14583,147.08165,146.8208,145.9542,145.95418,145.97719,146.01387,146.03104,146.03084,146.04959,146.16786,146.15402,145.99135,145.98354,145.96892,145.85,145.66216,145.35393,145.0866,145.59021,145.57939,145.55296,145.51799,145.52881,145.53438,145.53769,145.55173,145.53566,145.58093,145.41887,145.36307,142.95668,142.95668,142.90437,142.81471,142.67908,142.88994,142.87157,142.87062,142.8617,142.84348,142.84348,142.82904,142.90599,142.95403,143.00323,142.99974,142.93166,143.04329,143.03984,143.09267,143.09737,143.08955,143.08885,143.01445,143.01437,142.99994,142.9837,142.98369,142.9702,142.9702,142.95642,143.65593,142.92029,143.00687,143.01135,143.031,143.04895,143.09105,143.10992,143.13696,143.12646,143.13039,143.15022,143.24004,143.33635,143.37512,143.40372,143.43735,143.45572,143.48373,143.52597,143.54248,143.54248,143.55084,143.56766,143.68596,144.07689,143.69974,143.69914,143.66327,143.58322,143.58322,143.41066,143.41049,143.23839,143.68677,143.72993,143.77487,143.93912,143.9242,143.90337,143.83675,143.97583,144.10266,144.31439,144.4129,144.42494,144.94798,144.42433,144.4241,144.42397,144.42372,144.42369,144.42369,142.43054,142.29823,142.26585,142.23106,142.24614,142.24614,142.0744,142.03807,141.87436,141.87431,141.87427,141.87422,141.87408,141.83015,141.83005,141.8298,141.70973,143.40797,143.41301,143.80766,143.73407,143.84251,143.51952,143.29968,143.22679,143.18753,143.10872,143.26,144.02374,143.70314,142.79471,145.55223,143.14014,143.12029,143.49266,143.49171,142.25562,142.28606,143.25783,143.0463,143.20308,143.23138,143.22153,143.13585,143.05441,143.73283,143.85579,143.91472,146.1545,146.14171,146.13094,146.12837,146.0879,146.09006,146.11172,146.13123,146.08807,146.0415,141.66379,143.13939,143.13913,143.0118,143.10602,142.99202,142.79272,142.77664,142.70319,142.4936,142.79272,141.62866,141.61989,141.61845,141.61441,141.61436,142.41563,141.61436,141.7126,143.07425,145.56056,146.13605,143.02335,144.27513,146.13605,143.78413,143.80728,141.66092
77400,147.35265,146.82492,146.19174,146.19135,146.19135,145.99178,145.74072,145.36649,145.26753,144.97272,144.81935,145.09981,144.97983,144.85822,144.79048,144.68877,144.69751,144.69635,147.24913,144.30579,144.30576,143.9878,144.45776,144.2114,144.04465,143.59407,143.552,143.66643,143.42816,143.40517,143.36302,143.363,143.25662,143.23265,143.38116,143.29315,143.29543,143.33998,143.32108,143.2757,143.24527,143.24527,143.2596,143.14769,143.2675,143.30344,143.27354,143.3203,143.32246,143.32861,143.35872,143.4085,143.32478,143.321,143.321,143.31927,143.32509,143.33095,143.33095,143.35728,143.40608,143.57819,143.7348,143.7596,143.47638,143.33331,143.34206,143.3417,143.3421,143.35118,143.27353,143.27023,143.26637,143.26978,143.35123,143.36417,143.38109,143.37752,143.37665,143.37595,143.3756,143.8953,143.8963,143.89984,143.9183,143.97417,143.32693,144.03731,144.11522,144.12553,144.08394,144.00406,143.96878,143.9446,143.91615,143.89944,143.8883,143.88725,143.90088,143.96024,143.9322,143.97432,143.9997,143.99971,143.8926,144.01328,144.03357,143.53171,143.18016,143.10747,142.5822,143.15897,143.19757,143.24652,143.33351,143.55396,143.60881,143.67711,143.6878,143.72046,143.77191,143.81354,143.44037,143.32423,143.10327,143.08144,143.60616,143.60745,144.25117,144.25078,144.39972,144.85844,144.85829,144.9826,145.8502,146.6835,147.05794,147.12099,147.12192,147.05775,146.79689,145.93031,145.93031,145.95334,145.99004,146.00722,146.007,146.02577,146.14404,146.1302,145.96756,145.95975,145.94514,145.82628,145.63846,145.33003,145.06255,145.56657,145.55576,145.52937,145.49443,145.50523,145.51079,145.5141,145.52812,145.5121,145.55736,145.3954,145.33965,142.99226,142.99226,142.9433,142.8546,142.71893,142.92981,142.91843,142.91785,142.91017,142.8945,142.8945,142.88213,142.9564,142.99863,143.04253,143.03806,142.97461,143.08173,143.07828,143.13043,143.13637,143.12895,143.12827,143.06012,143.06004,143.04716,143.0322,143.0322,143.01979,143.01979,143.0072,143.70671,142.9723,143.05374,143.058,143.0776,143.09555,143.13765,143.15651,143.18355,143.17305,143.17697,143.19681,143.28664,143.38295,143.4217,143.45032,143.48395,143.50232,143.53032,143.57256,143.58907,143.58907,143.59744,143.61424,143.73254,144.12347,143.74634,143.74573,143.70987,143.62984,143.62984,143.45726,143.45708,143.28499,143.73335,143.77654,143.82147,143.9857,143.97078,143.94997,143.88335,144.02243,144.14926,144.361,144.45949,144.47153,144.99457,144.47092,144.4707,144.47055,144.47032,144.4703,144.4703,142.51482,142.38252,142.35013,142.31535,142.33041,142.33041,142.19843,142.16623,142.02132,142.02127,142.02122,142.02118,142.02106,141.9823,141.9822,141.98193,141.87729,143.45456,143.4596,143.7861,143.71344,143.82025,143.5547,143.33916,143.26772,143.22957,143.15314,143.2911,143.99992,143.68298,142.85197,145.52863,143.18674,143.16689,143.53925,143.5383,142.35545,142.3859,143.28188,143.08891,143.22081,143.26234,143.25204,143.16618,143.08424,143.76263,143.88596,143.94504,146.13069,146.1179,146.10713,146.10457,146.0641,146.06625,146.08792,146.1074,146.06427,146.01768,141.83626,143.18597,143.18571,143.05838,143.15045,143.03844,142.83913,142.82304,142.74957,142.54001,142.83913,141.67505,141.66629,141.66486,141.66081,141.66077,142.41634,141.66077,141.88017,143.106,145.53696,146.11224,143.0695,144.25078,146.11224,143.74715,143.76585,141.8337
79200,149.81227,148.97061,147.96078,147.96042,147.96042,147.6374,147.23145,146.62628,146.46591,145.98386,145.72986,146.19543,146.00111,145.80205,145.69067,145.52371,145.52675,145.51103,148.02924,144.96774,144.96773,144.52126,145.19286,144.85498,144.61975,143.97278,143.91225,144.08266,143.72865,143.69826,143.64206,143.64206,143.49776,143.47528,143.66243,143.52644,143.52646,143.5711,143.52237,143.48337,143.43935,143.43935,143.44522,143.32387,143.45038,143.48631,143.45818,143.51329,143.51328,143.51332,143.53828,143.58806,143.49934,143.4958,143.4958,143.49419,143.49648,143.49864,143.49864,143.51224,143.54163,143.67036,143.7898,143.80893,143.59424,143.49821,143.51491,143.51346,143.51324,143.5134,143.45459,143.45084,143.4464,143.4498,143.51328,143.51929,143.5182,143.51485,143.51405,143.51338,143.51305,143.94572,143.94667,143.95084,143.97076,144.02986,143.49635,144.09464,144.1731,144.1834,144.14021,144.0572,144.02081,143.99564,143.96524,143.94699,143.93285,143.93155,143.94627,144.01033,143.98651,144.02954,144.05487,144.05511,143.95404,144.07329,144.0962,143.60037,143.28249,143.21912,142.73859,143.27078,143.30917,143.35747,143.44296,143.61028,143.6442,143.6904,143.69766,143.7199,143.79274,143.8507,143.53937,143.44205,143.259,143.23872,143.64214,143.64314,144.3133,144.31293,144.46614,144.93434,144.93419,145.06056,145.93999,146.77534,147.15063,147.21373,147.21466,147.15045,146.88873,146.02231,146.0223,146.04594,146.0836,146.10123,146.10104,146.12021,146.23958,146.22586,146.06256,146.05475,146.04004,145.92041,145.73131,145.41618,145.14247,145.65956,145.64879,145.6224,145.58705,145.59807,145.60371,145.60715,145.62115,145.60497,145.65022,145.48647,145.4295,143.14821,143.14821,143.09846,143.01422,142.8871,143.08472,143.06577,143.0648,143.05531,143.03593,143.03593,143.02055,143.08478,143.14702,143.20872,143.20247,143.12997,143.26224,143.259,143.32079,143.32349,143.31194,143.31128,143.17287,143.17279,143.14137,143.13242,143.13242,143.12509,143.12508,143.11794,143.81744,143.08923,143.1415,143.14163,143.10089,143.10208,143.10489,143.10614,143.11034,143.09491,143.09286,143.0896,143.10728,143.1188,143.10764,143.10791,143.09879,143.09427,143.09312,143.09222,143.09196,143.09196,143.09189,143.09181,143.09161,143.09161,143.48189,143.4821,143.45436,143.38794,143.38794,143.24506,143.24489,143.15788,143.4759,143.51573,143.56071,143.72498,143.70993,143.68883,143.6212,143.7618,143.88893,144.10112,144.1998,144.21185,144.73491,144.21129,144.21109,144.21095,144.21072,144.21071,144.21071,142.65825,142.53426,142.5039,142.47131,142.48543,142.48543,142.34505,142.31314,142.16945,142.1694,142.16936,142.16931,142.16919,142.1307,142.13062,142.13037,142.02585,143.233,143.23804,143.84766,143.77571,143.88025,143.90639,143.591,143.4852,143.41913,143.28152,143.53868,144.05591,143.74516,142.98561,145.6217,143.08015,143.09085,143.2226,143.22171,142.50235,142.53088,143.50026,143.23694,143.36815,143.49733,143.48145,143.3583,143.24326,144.21974,144.395,144.4788,146.2263,146.21352,146.20273,146.20015,146.15977,146.16193,146.18365,146.20311,146.1599,146.1123,141.99791,143.07944,143.0792,143.10254,143.27884,143.09825,142.91148,142.89641,142.82756,142.63116,142.91148,141.82059,141.81236,141.81104,141.80724,141.80719,142.57803,141.80719,142.02585,143.27841,145.62997,146.20784,143.15483,144.31293,146.20784,143.72522,143.72894,141.99612
81000,149.84106,148.9994,147.98958,147.98921,147.98921,147.66621,147.26024,146.65509,146.4947,146.01266,145.75868,146.22423,146.02989,145.83084,145.71947,145.55247,145.5556,145.53996,148.05817,144.99747,144.99744,144.55162,145.22218,144.8827,144.64711,143.99919,143.93839,144.10912,143.75441,143.72467,143.66994,143.66997,143.52821,143.50574,143.68811,143.54916,143.5491,143.59126,143.53867,143.50322,143.45982,143.45982,143.46469,143.34967,143.46948,143.50542,143.47649,143.52782,143.52762,143.52759,143.55219,143.60196,143.51112,143.50758,143.50758,143.50598,143.50693,143.50862,143.50862,143.5204,143.54697,143.66972,143.78412,143.80247,143.59828,143.5085,143.52827,143.5269,143.52673,143.52669,143.47266,143.4691,143.46494,143.46835,143.52646,143.53108,143.52354,143.52019,143.5194,143.51872,143.5184,143.93797,143.93893,143.94312,143.96309,144.02226,143.5077,144.0871,144.16565,144.17595,144.13275,144.04973,144.01326,143.988,143.95753,143.93922,143.92502,143.92369,143.93846,144.00273,143.97934,144.02232,144.04762,144.04791,143.94795,144.06688,144.09026,143.59833,143.2854,143.22398,142.74919,143.27687,143.31604,143.36522,143.45213,143.60751,143.63872,143.6809,143.68755,143.70789,143.78291,143.84258,143.5448,143.45207,143.28409,143.26524,143.63681,143.63774,144.30588,144.3055,144.45876,144.92705,144.92691,145.0533,145.93285,146.76822,147.1435,147.2066,147.20753,147.14333,146.8816,146.0152,146.0152,146.03885,146.07652,146.09415,146.09396,146.11313,146.23251,146.2188,146.05551,146.04771,146.033,145.91339,145.72432,145.40907,145.13525,145.65262,145.64185,145.61548,145.58014,145.59116,145.5968,145.60022,145.61424,145.59805,145.64331,145.47963,145.4227,143.17944,143.17944,143.13231,143.04881,142.92169,143.11931,143.10619,143.10551,143.09705,143.07977,143.07977,143.06609,143.12897,143.1861,143.24318,143.23596,143.16722,143.29597,143.29276,143.35399,143.35748,143.3463,143.34564,143.21344,143.21338,143.18361,143.1754,143.17538,143.16867,143.16866,143.16219,143.8617,143.13432,143.18369,143.1838,143.1428,143.14404,143.14694,143.14824,143.15245,143.13684,143.1348,143.13153,143.14923,143.16077,143.14958,143.14986,143.14073,143.13622,143.13509,143.13417,143.13391,143.13391,143.13383,143.13376,143.13356,143.13356,143.52388,143.5241,143.49637,143.42995,143.42995,143.2871,143.28693,143.19998,143.5179,143.55772,143.60272,143.76695,143.75192,143.73082,143.6632,143.80379,143.93092,144.14311,144.2418,144.25386,144.7769,144.2533,144.25308,144.25294,144.25272,144.2527,144.2527,142.72723,142.60326,142.5729,142.5403,142.55443,142.55443,142.44342,142.4146,142.28477,142.28474,142.28468,142.28464,142.28452,142.24986,142.24977,142.24953,142.15636,143.27501,143.28004,143.84195,143.77055,143.8741,143.93764,143.62624,143.5218,143.45682,143.32162,143.56606,144.04881,143.74031,143.03445,145.61478,143.12209,143.1328,143.26457,143.26367,142.58286,142.61139,143.52142,143.27437,143.3859,143.5245,143.50815,143.385,143.26997,144.24644,144.42201,144.50594,146.21924,146.20647,146.19568,146.19308,146.15271,146.15486,146.17659,146.19606,146.15283,146.10524,142.13147,143.12138,143.12112,143.14447,143.31892,143.14012,142.95335,142.93828,142.86942,142.67303,142.95335,141.86246,141.85423,141.85289,141.8491,141.84906,142.58621,141.84906,142.15636,143.30667,145.62303,146.20078,143.19656,144.3055,146.20078,143.71117,143.71349,142.12987
82800,150.45148,149.62097,148.62454,148.6243,148.6243,148.30293,147.8992,147.29735,147.13766,146.65636,146.4022,146.86844,146.67453,146.47475,146.36267,146.19447,146.19829,146.18323,148.68996,145.64343,145.6434,145.19638,145.87004,145.50879,145.26617,144.58945,144.52501,144.70891,144.32726,144.3018,144.25671,144.2597,144.13715,144.12215,144.25629,144.07721,144.0692,144.09618,143.99858,143.98009,143.92238,143.92238,143.91718,143.83527,143.9172,143.95314,143.92165,143.96606,143.95949,143.95135,143.96619,144.01596,143.91882,143.91646,143.91646,143.91539,143.90045,143.90039,143.90039,143.90135,143.90688,143.95877,144.0095,144.01787,143.92053,143.89822,143.92195,143.91313,143.90106,143.87704,143.8908,143.89058,143.8904,143.89381,143.87682,143.8793,143.89125,143.889,143.88847,143.88803,143.8878,144.17294,144.17357,144.17957,144.2018,144.26573,143.90024,144.32861,144.39973,144.40872,144.36359,144.27643,144.24121,144.21596,144.18233,144.16078,144.13611,144.13383,144.15077,144.2241,144.21034,144.25322,144.2761,144.27708,144.19032,144.29832,144.321,143.82555,143.63425,143.59947,143.30963,143.63646,143.66367,143.6977,143.75761,143.79898,143.79646,143.79706,143.79716,143.79755,143.93237,144.03668,143.7968,143.77606,143.73764,143.73134,143.7961,143.79626,144.54222,144.54198,144.6965,145.1542,145.15411,145.2757,146.11784,146.96007,147.33752,147.40047,147.4014,147.3374,147.07346,146.19104,146.19104,146.21202,146.24539,146.261,146.26086,146.27763,146.38193,146.3703,146.22592,146.21864,146.20483,146.09581,145.92313,145.62006,145.35538,145.85976,145.85019,145.82657,145.79332,145.80437,145.80989,145.81339,145.82582,145.81186,145.85712,145.6963,145.63956,143.6825,143.6825,143.65576,143.60136,143.51654,143.6484,143.64693,143.64685,143.64095,143.62889,143.62889,143.61934,143.71533,143.75638,143.7971,143.76065,143.70085,143.87881,143.87665,143.9503,143.98376,143.97568,143.97523,143.8764,143.87636,143.85365,143.82938,143.82938,143.80888,143.80888,143.78685,144.48636,143.74272,143.86327,143.86923,143.86673,143.87143,143.88249,143.88744,143.896,143.87355,143.87349,143.87361,143.90074,143.9245,143.91823,143.91856,143.91246,143.90945,143.90869,143.9081,143.90791,143.90791,143.90787,143.9078,143.90768,143.90768,144.329,144.32938,144.30022,144.2263,144.2263,144.06586,144.06573,143.95891,144.3254,144.36578,144.41264,144.58263,144.56755,144.54572,144.47525,144.62007,144.7489,144.9636,145.0633,145.07547,145.59851,145.07509,145.07494,145.07484,145.0747,145.07469,145.07469,143.22336,143.14062,143.12038,143.09863,143.10805,143.10805,142.77788,142.73172,142.52344,142.5234,142.52338,142.52335,142.52327,142.46645,142.4664,142.46623,142.30226,144.05153,144.05656,144.08847,144.01671,144.11903,144.57718,144.30252,144.20984,144.14763,144.01694,144.13017,144.27905,143.98366,143.59302,145.82611,143.86731,143.87314,144.04788,144.0473,143.02736,143.04639,144.02069,143.92244,143.77298,144.07954,144.05373,143.88995,143.7397,144.85155,145.03355,145.12039,146.3706,146.35942,146.34991,146.34761,146.31314,146.3152,146.3342,146.35088,146.31345,146.27066,142.25836,143.86684,143.86667,143.86546,144.01424,143.86105,143.73643,143.72638,143.68044,143.5494,143.73643,143.00853,143.00304,143.00215,142.99962,142.99959,143.19019,142.99959,142.30226,143.80457,145.8335,146.35442,143.89442,144.54198,146.35442,143.74112,143.70155,142.25555
84600,150.53452,149.70401,148.7076,148.70734,148.70734,148.38599,147.98225,147.3804,147.2207,146.73941,146.48526,146.95148,146.75758,146.55779,146.44571,146.2775,146.28136,146.26634,148.77309,145.7269,145.72688,145.28017,145.95332,145.59132,145.34854,144.67134,144.6068,144.79086,144.40886,144.38365,144.3391,144.34229,144.22093,144.20593,144.3378,144.15735,144.14876,144.17513,144.07559,144.05789,144.00009,144.00009,143.99403,143.91507,143.99403,144.02997,143.99821,144.04199,144.03497,144.02576,144.04024,144.09001,143.99155,143.98918,143.98918,143.98811,143.97182,143.9717,143.9717,143.97243,143.97731,144.02734,144.07645,144.08458,143.99022,143.96953,143.99513,143.9862,143.97395,143.94893,143.96585,143.96568,143.96556,143.96898,143.94867,143.95085,143.96169,143.95944,143.95892,143.95847,143.95825,144.23912,144.23976,144.24574,144.26797,144.33192,143.97229,144.39479,144.46591,144.47491,144.42978,144.34262,144.3074,144.28215,144.2485,144.22696,144.2023,144.20001,144.21695,144.29028,144.2765,144.3194,144.34229,144.34328,144.25644,144.36453,144.38724,143.89194,143.70215,143.66791,143.38066,143.70491,143.73215,143.76619,143.82616,143.86446,143.86143,143.86163,143.86168,143.86183,143.99774,144.10287,143.86281,143.84686,143.8156,143.81027,143.86113,143.86128,144.60841,144.60817,144.7627,145.2204,145.2203,145.34189,146.18405,147.02626,147.40372,147.46666,147.46759,147.4036,147.13965,146.25725,146.25725,146.27821,146.31158,146.3272,146.32707,146.34383,146.44812,146.43651,146.29213,146.28484,146.27104,146.16202,145.98933,145.68626,145.42157,145.92595,145.91638,145.89278,145.85953,145.87057,145.87608,145.8796,145.89201,145.87807,145.92332,145.76251,145.70576,143.76547,143.76547,143.74098,143.68723,143.6024,143.73427,143.7342,143.73419,143.72906,143.71857,143.71857,143.71027,143.80531,143.84367,143.882,143.84407,143.78632,143.96333,143.96117,144.03456,144.06926,144.06134,144.0609,143.96481,143.96477,143.94281,143.9191,143.9191,143.89911,143.8991,143.87761,144.57712,143.834,143.95227,143.95816,143.95558,143.96028,143.97133,143.97627,143.98485,143.9624,143.96233,143.96245,143.9896,144.01335,144.00708,144.0074,144.00131,143.99829,143.99754,143.99693,143.99677,143.99677,143.9967,143.99666,143.99652,143.99652,144.41783,144.41823,144.38905,144.31516,144.31516,144.1547,144.15459,144.04776,144.41425,144.45462,144.5015,144.67148,144.65639,144.63455,144.5641,144.70891,144.83775,145.05243,145.15215,145.1643,145.68736,145.16393,145.16379,145.1637,145.16354,145.16354,145.16354,143.33356,143.25084,143.23058,143.20883,143.21826,143.21826,142.91518,142.87187,142.6765,142.67647,142.67644,142.6764,142.67633,142.62311,142.62305,142.62288,142.46988,144.14037,144.1454,144.15448,144.08264,144.18509,144.66139,144.3884,144.29628,144.23456,144.10492,144.21199,144.34525,144.04953,143.68658,145.8923,143.95616,143.96199,144.13673,144.13614,143.14806,143.1671,144.09937,144.00946,143.8457,144.16115,144.13495,143.97028,143.81888,144.93361,145.11574,145.20264,146.4368,146.42563,146.41612,146.41382,146.37933,146.38141,146.40039,146.41707,146.37965,146.33685,142.42892,143.95567,143.95552,143.9543,144.10222,143.94986,143.82523,143.81517,143.76924,143.6382,143.82523,143.09734,143.09184,143.09096,143.08842,143.0884,143.2602,143.0884,142.46988,143.88551,145.89969,146.42062,143.98311,144.60817,146.42062,143.80011,143.75685,142.4263
86400,151.10178,150.29968,149.33734,149.33717,149.33717,149.0248,148.63243,148.04752,147.89218,147.42299,147.17487,147.63036,147.4414,147.24582,147.13588,146.97076,146.97525,146.96138,149.43384,146.43391,146.43391,145.99445,146.65738,146.2867,146.04353,145.35767,145.29202,145.48265,145.08755,145.0644,145.02454,145.03185,144.92293,144.91307,145.01328,144.8078,144.79297,144.81567,144.69131,144.67596,144.60371,144.60371,144.58644,144.50214,144.58533,144.62126,144.5907,144.64551,144.63478,144.6207,144.63216,144.68193,144.581,144.57942,144.57942,144.57872,144.55315,144.55196,144.55196,144.5515,144.55173,144.57198,144.59317,144.59682,144.54556,144.54456,144.57666,144.56184,144.5367,144.49246,144.53885,144.53882,144.53882,144.54224,144.4925,144.4981,144.54144,144.53996,144.53961,144.53932,144.53917,144.81625,144.81668,144.824,144.8473,144.92198,144.55408,144.98824,145.05803,145.0665,145.01399,144.9122,144.87541,144.84811,144.80585,144.77713,144.73683,144.73311,144.75467,144.84741,144.83992,144.88898,144.91241,144.91475,144.82898,144.94174,144.9667,144.411,144.26906,144.23726,144.05415,144.24825,144.25739,144.26988,144.29315,144.29614,144.24901,144.22722,144.22394,144.21428,144.43636,144.60559,144.30923,144.31876,144.34552,144.34508,144.24939,144.24918,145.21906,145.21889,145.39221,145.88953,145.88947,146.01941,146.90912,147.75168,148.12804,148.19038,148.19131,148.12796,147.86507,146.99205,146.99205,147.01573,147.05334,147.07092,147.07083,147.08936,147.19832,147.18716,147.03998,147.03267,147.01842,146.90591,146.72736,146.39728,146.10724,146.664,146.65445,146.63063,146.5951,146.60725,146.6132,146.61737,146.62991,146.6148,146.66006,146.48993,146.42688,144.32704,144.32704,144.31729,144.28369,144.22784,144.31465,144.32626,144.32686,144.32356,144.31683,144.31683,144.31152,144.44128,144.47675,144.51111,144.43855,144.38005,144.62401,144.62259,144.70949,144.78143,144.77528,144.775,144.69557,144.69554,144.6767,144.63287,144.63287,144.59546,144.59546,144.55379,145.2533,144.49323,144.70407,144.72032,144.73938,144.75002,144.775,144.78618,144.80128,144.77728,144.7779,144.78183,144.82056,144.85733,144.85443,144.85484,144.85083,144.84885,144.84836,144.84795,144.84784,144.84784,144.84781,144.84778,144.84769,144.84769,145.29538,145.29591,145.26538,145.18477,145.18477,145.00848,145.00842,144.88055,145.29378,145.33467,145.3831,145.55792,145.54279,145.52036,145.44751,145.59586,145.7261,145.94289,146.04344,146.0557,146.57874,146.05544,146.05534,146.0553,146.05519,146.05518,146.05518,143.8789,143.82445,143.81113,143.7968,143.80301,143.80301,143.29588,143.23482,142.95909,142.95908,142.95905,142.95903,142.95898,142.883,142.88295,142.88286,142.6556,144.99287,144.9979,144.71542,144.63106,144.74933,145.38297,145.13936,145.05669,144.9974,144.87186,144.87778,144.9186,144.58865,144.2922,146.63033,144.77768,144.7775,144.99648,144.99608,143.63812,143.65065,144.73204,144.73317,144.34872,144.81908,144.78505,144.5753,144.35934,145.62653,145.80981,145.89714,147.18736,147.17615,147.16656,147.16423,147.13008,147.13222,147.15146,147.168,147.13026,147.08316,142.59467,144.77737,144.77727,144.73091,144.86916,144.72867,144.64664,144.64001,144.60979,144.52351,144.64664,144.16748,144.16388,144.16328,144.16162,144.16159,143.97594,144.16159,142.6556,144.47008,146.63748,147.1711,144.75243,145.21889,147.1711,143.97948,143.8149,142.59076
